type	latitude	longitude	altitude (m)	name
T	34.023403168	-118.274238586	61.2	gps7
T	34.023403168	-118.274238586	61.2	
T	34.023365021	-118.274253845	61.2	
T	34.023319244	-118.274284363	61.1	
T	34.023277283	-118.274314880	61.1	
T	34.023220062	-118.274360657	61.0	
T	34.023151398	-118.274414062	61.0	
T	34.023071289	-118.274467468	60.9	
T	34.022979736	-118.274528503	60.9	
T	34.022869110	-118.274589539	60.8	
T	34.022758484	-118.274658203	60.9	
T	34.022644043	-118.274726868	60.9	
T	34.022521973	-118.274787903	60.8	
T	34.022396088	-118.274864197	60.7	
T	34.022270203	-118.274932861	60.8	
T	34.022140503	-118.275001526	60.9	
T	34.022018433	-118.275070190	60.9	
T	34.021900177	-118.275138855	60.8	
T	34.021789551	-118.275199890	60.7	
T	34.021678925	-118.275260925	60.6	
T	34.021568298	-118.275329590	60.6	
T	34.021461487	-118.275390625	60.5	
T	34.021354675	-118.275451660	60.5	
T	34.021251678	-118.275520325	60.4	
T	34.021144867	-118.275581360	60.3	
T	34.021041870	-118.275650024	60.2	
T	34.020938873	-118.275718689	60.1	
T	34.020843506	-118.275779724	60.0	
T	34.020744324	-118.275840759	59.9	
T	34.020656586	-118.275894165	59.9	
T	34.020576477	-118.275947571	59.8	
T	34.020503998	-118.275993347	59.8	
T	34.020442963	-118.276031494	59.8	
T	34.020385742	-118.276062012	59.8	
T	34.020339966	-118.276092529	59.8	
T	34.020294189	-118.276115417	59.8	
T	34.020256042	-118.276123047	59.8	
T	34.020214081	-118.276123047	59.8	
T	34.020172119	-118.276107788	59.8	
T	34.020126343	-118.276077271	59.8	
T	34.020092010	-118.276008606	59.8	
T	34.020057678	-118.275939941	59.8	
T	34.020023346	-118.275863647	59.9	
T	34.019985199	-118.275779724	59.9	
T	34.019935608	-118.275672913	59.9	
T	34.019889832	-118.275573730	60.0	
T	34.019840240	-118.275474548	60.1	
T	34.019798279	-118.275382996	60.1	
T	34.019729614	-118.275306702	60.2	
T	34.019691467	-118.275230408	60.3	
T	34.019657135	-118.275154114	60.4	
T	34.019660950	-118.275085449	60.5	
T	34.019641876	-118.275039673	60.5	
T	34.019626617	-118.275009155	60.5	
T	34.019615173	-118.274986267	60.6	
T	34.019615173	-118.274978638	60.6	
T	34.019611359	-118.274971008	60.6	
T	34.019607544	-118.274955750	60.6	
T	34.019603729	-118.274948120	60.6	
T	34.019596100	-118.274940491	60.6	
T	34.019580841	-118.274932861	60.6	
T	34.019557953	-118.274932861	60.6	
T	34.019531250	-118.274986267	60.6	
T	34.019489288	-118.275024414	60.5	
T	34.019439697	-118.275070190	60.5	
T	34.019378662	-118.275115967	60.4	
T	34.019309998	-118.275169373	60.4	
T	34.019226074	-118.275230408	60.3	
T	34.019134521	-118.275291443	60.2	
T	34.019035339	-118.275352478	60.1	
T	34.018932343	-118.275413513	60.0	
T	34.018821716	-118.275474548	60.0	
T	34.018714905	-118.275543213	59.9	
T	34.018608093	-118.275611877	59.8	
T	34.018493652	-118.275672913	59.6	
T	34.018379211	-118.275741577	59.6	
T	34.018257141	-118.275810242	59.5	
T	34.018142700	-118.275878906	59.4	
T	34.018024445	-118.275947571	59.4	
T	34.017906189	-118.276016235	59.3	
T	34.017791748	-118.276084900	59.2	
T	34.017684937	-118.276145935	59.2	
T	34.017574310	-118.276214600	59.1	
T	34.017459869	-118.276283264	58.9	
T	34.017356873	-118.276336670	58.8	
T	34.017250061	-118.276397705	58.8	
T	34.017147064	-118.276466370	58.7	
T	34.017047882	-118.276535034	58.7	
T	34.016956329	-118.276603699	58.7	
T	34.016868591	-118.276672363	58.7	
T	34.016792297	-118.276733398	58.7	
T	34.016712189	-118.276794434	58.7	
T	34.016643524	-118.276847839	58.7	
T	34.016578674	-118.276901245	58.7	
T	34.016525269	-118.276954651	58.7	
T	34.016487122	-118.276985168	58.7	
T	34.016456604	-118.277000427	58.7	
T	34.016429901	-118.277015686	58.7	
T	34.016410828	-118.277038574	58.7	
T	34.016403198	-118.277053833	58.7	
T	34.016403198	-118.277061462	58.7	
T	34.016407013	-118.277061462	58.7	
T	34.016407013	-118.277061462	58.7	
T	34.016387939	-118.277122498	58.6	
T	34.016380310	-118.277130127	58.6	
T	34.016384125	-118.277160645	58.6	
T	34.016387939	-118.277191162	58.6	
T	34.016391754	-118.277221680	58.7	
T	34.016391754	-118.277259827	58.7	
T	34.016418457	-118.277313232	58.7	
T	34.016448975	-118.277381897	58.7	
T	34.016471863	-118.277450562	58.7	
T	34.016498566	-118.277519226	58.7	
T	34.016521454	-118.277587891	58.7	
T	34.016548157	-118.277641296	58.7	
T	34.016574860	-118.277687073	58.7	
T	34.016597748	-118.277725220	58.7	
T	34.016624451	-118.277755737	58.7	
T	34.016643524	-118.277793884	58.8	
T	34.016670227	-118.277824402	58.8	
T	34.016689301	-118.277854919	58.7	
T	34.016704559	-118.277877808	58.7	
T	34.016712189	-118.277900696	58.7	
T	34.016719818	-118.277923584	58.7	
T	34.016735077	-118.277938843	58.7	
T	34.016746521	-118.277946472	58.7	
T	34.016765594	-118.277961731	58.7	
T	34.016769409	-118.277969360	58.8	
T	34.016765594	-118.277976990	58.8	
T	34.016765594	-118.277984619	58.8	
T	34.016765594	-118.277984619	58.8	
T	34.016773224	-118.277999878	58.8	
T	34.016773224	-118.277992249	58.8	
T	34.016773224	-118.277984619	58.8	
T	34.016777039	-118.277976990	58.8	
T	34.016777039	-118.277969360	58.7	
T	34.016780853	-118.277961731	58.7	
T	34.016784668	-118.277961731	58.7	
T	34.016784668	-118.277954102	58.7	
T	34.016788483	-118.277946472	58.7	
T	34.016792297	-118.277938843	58.7	
T	34.016792297	-118.277931213	58.7	
T	34.016788483	-118.277931213	58.7	
T	34.016788483	-118.277923584	58.7	
T	34.016784668	-118.277915955	58.7	
T	34.016780853	-118.277915955	58.7	
T	34.016777039	-118.277923584	58.7	
T	34.016773224	-118.277931213	58.7	
T	34.016773224	-118.277938843	58.7	
T	34.016773224	-118.277938843	58.7	
T	34.016773224	-118.277938843	58.7	
T	34.016754150	-118.278045654	58.8	
T	34.016754150	-118.278053284	58.8	
T	34.016757965	-118.278053284	58.8	
T	34.016757965	-118.278060913	58.8	
T	34.016754150	-118.278068542	58.8	
T	34.016757965	-118.278068542	58.8	
T	34.016757965	-118.278076172	58.8	
T	34.016761780	-118.278106689	58.9	
T	34.016757965	-118.278121948	58.9	
T	34.016754150	-118.278121948	58.9	
T	34.016754150	-118.278129578	58.9	
T	34.016750336	-118.278137207	58.9	
T	34.016750336	-118.278144836	58.9	
T	34.016750336	-118.278152466	58.9	
T	34.016746521	-118.278160095	58.9	
T	34.016746521	-118.278175354	58.9	
T	34.016746521	-118.278167725	58.9	
T	34.016750336	-118.278167725	58.9	
T	34.016746521	-118.278175354	58.9	
T	34.016750336	-118.278167725	58.9	
T	34.016750336	-118.278175354	58.9	
T	34.016746521	-118.278190613	58.9	
T	34.016746521	-118.278175354	58.9	
T	34.016742706	-118.278167725	58.9	
T	34.016738892	-118.278160095	58.9	
T	34.016738892	-118.278160095	58.9	
T	34.016738892	-118.278152466	58.9	
T	34.016735077	-118.278152466	58.9	
T	34.016735077	-118.278160095	58.9	
T	34.016735077	-118.278167725	58.9	
T	34.016735077	-118.278175354	58.9	
T	34.016731262	-118.278182983	58.9	
T	34.016727448	-118.278182983	58.9	
T	34.016723633	-118.278182983	58.9	
T	34.016719818	-118.278182983	58.9	
T	34.016719818	-118.278190613	58.9	
T	34.016719818	-118.278198242	58.9	
T	34.016719818	-118.278190613	58.9	
T	34.016723633	-118.278182983	58.9	
T	34.016723633	-118.278175354	58.9	
T	34.016723633	-118.278175354	58.9	
T	34.016731262	-118.278190613	58.9	
T	34.016735077	-118.278198242	58.9	
T	34.016738892	-118.278198242	58.9	
T	34.016746521	-118.278205872	58.9	
T	34.016746521	-118.278213501	58.9	
T	34.016750336	-118.278213501	58.9	
T	34.016754150	-118.278213501	58.9	
T	34.016754150	-118.278213501	58.9	
T	34.016754150	-118.278213501	58.9	
T	34.016735077	-118.278091431	58.9	
T	34.016742706	-118.278091431	58.8	
T	34.016742706	-118.278091431	58.8	
T	34.016658783	-118.278137207	58.9	
T	34.016658783	-118.278144836	58.9	
T	34.016662598	-118.278137207	58.9	
T	34.016662598	-118.278137207	58.9	
T	34.016708374	-118.278045654	58.8	
T	34.016704559	-118.278038025	58.8	
T	34.016704559	-118.278030396	58.8	
T	34.016693115	-118.278030396	58.8	
T	34.016693115	-118.278030396	58.8	
T	34.016693115	-118.278030396	58.8	
T	34.016780853	-118.278060913	58.8	
T	34.016784668	-118.278053284	58.8	
T	34.016784668	-118.278045654	58.8	
T	34.016784668	-118.278045654	58.8	
T	34.016784668	-118.278045654	58.8	
T	34.016864777	-118.277999878	58.8	
T	34.016864777	-118.277992249	58.8	
T	34.016860962	-118.277999878	58.8	
T	34.016860962	-118.277999878	58.8	
T	34.016803741	-118.278091431	58.8	
T	34.016792297	-118.278106689	58.8	
T	34.016784668	-118.278121948	58.9	
T	34.016780853	-118.278121948	58.9	
T	34.016780853	-118.278121948	58.9	
T	34.016754150	-118.278060913	58.8	
T	34.016746521	-118.278045654	58.8	
T	34.016738892	-118.278030396	58.8	
T	34.016735077	-118.278022766	58.8	
T	34.016735077	-118.278015137	58.8	
T	34.016731262	-118.278007507	58.8	
T	34.016727448	-118.277999878	58.8	
T	34.016727448	-118.277992249	58.8	
T	34.016723633	-118.277992249	58.8	
T	34.016719818	-118.277984619	58.8	
T	34.016723633	-118.277984619	58.8	
T	34.016723633	-118.277984619	58.8	
T	34.016723633	-118.277984619	58.8	
T	34.016754150	-118.278091431	58.8	
T	34.016750336	-118.278083801	58.8	
T	34.016754150	-118.278083801	58.8	
T	34.016754150	-118.278083801	58.8	
T	34.016754150	-118.278083801	58.8	
T	34.016746521	-118.277999878	58.8	
T	34.016750336	-118.277999878	58.8	
T	34.016746521	-118.277992249	58.8	
T	34.016742706	-118.277984619	58.8	
T	34.016738892	-118.277976990	58.8	
T	34.016738892	-118.277969360	58.8	
T	34.016735077	-118.277961731	58.8	
T	34.016727448	-118.277954102	58.8	
T	34.016727448	-118.277946472	58.8	
T	34.016723633	-118.277931213	58.7	
T	34.016719818	-118.277923584	58.7	
T	34.016712189	-118.277915955	58.7	
T	34.016708374	-118.277931213	58.7	
T	34.016704559	-118.277931213	58.7	
T	34.016700745	-118.277931213	58.7	
T	34.016704559	-118.277931213	58.7	
T	34.016704559	-118.277923584	58.7	
T	34.016708374	-118.277923584	58.7	
T	34.016716003	-118.277931213	58.7	
T	34.016731262	-118.277931213	58.7	
T	34.016735077	-118.277931213	58.7	
T	34.016738892	-118.277923584	58.7	
T	34.016738892	-118.277931213	58.7	
T	34.016742706	-118.277931213	58.7	
T	34.016742706	-118.277931213	58.7	
T	34.016731262	-118.278045654	58.8	
T	34.016727448	-118.278045654	58.8	
T	34.016731262	-118.278053284	58.8	
T	34.016731262	-118.278053284	58.8	
T	34.016788483	-118.277946472	58.7	
T	34.016796112	-118.277938843	58.7	
T	34.016803741	-118.277931213	58.7	
T	34.016807556	-118.277931213	58.7	
T	34.016807556	-118.277931213	58.7	
T	34.016796112	-118.277908325	58.7	
T	34.016796112	-118.277915955	58.7	
T	34.016796112	-118.277923584	58.7	
T	34.016796112	-118.277938843	58.7	
T	34.016792297	-118.277954102	58.7	
T	34.016788483	-118.277961731	58.7	
T	34.016784668	-118.277976990	58.8	
T	34.016780853	-118.277984619	58.8	
T	34.016773224	-118.277999878	58.8	
T	34.016765594	-118.278030396	58.8	
T	34.016757965	-118.278060913	58.8	
T	34.016754150	-118.278076172	58.8	
T	34.016750336	-118.278091431	58.8	
T	34.016746521	-118.278106689	58.9	
T	34.016746521	-118.278114319	58.9	
T	34.016742706	-118.278121948	58.9	
T	34.016742706	-118.278114319	58.9	
T	34.016746521	-118.278106689	58.9	
T	34.016746521	-118.278099060	58.9	
T	34.016754150	-118.278091431	58.8	
T	34.016757965	-118.278076172	58.8	
T	34.016761780	-118.278068542	58.8	
T	34.016769409	-118.278053284	58.8	
T	34.016773224	-118.278045654	58.8	
T	34.016773224	-118.278045654	58.8	
T	34.016769409	-118.278030396	58.8	
T	34.016773224	-118.278053284	58.8	
T	34.016765594	-118.278114319	58.9	
T	34.016765594	-118.278152466	58.9	
T	34.016777039	-118.278198242	58.9	
T	34.016784668	-118.278213501	58.9	
T	34.016792297	-118.278228760	58.9	
T	34.016796112	-118.278259277	59.0	
T	34.016792297	-118.278289795	59.0	
T	34.016777039	-118.278327942	59.0	
T	34.016761780	-118.278358459	59.1	
T	34.016735077	-118.278388977	59.1	
T	34.016696930	-118.278411865	59.1	
T	34.016654968	-118.278434753	59.2	
T	34.016601562	-118.278465271	59.2	
T	34.016540527	-118.278495789	59.2	
T	34.016475677	-118.278533936	59.3	
T	34.016407013	-118.278572083	59.5	
T	34.016338348	-118.278617859	59.6	
T	34.016262054	-118.278663635	59.7	
T	34.016185760	-118.278717041	59.7	
T	34.016105652	-118.278762817	59.8	
T	34.016021729	-118.278816223	59.9	
T	34.015933990	-118.278862000	59.9	
T	34.015850067	-118.278915405	60.0	
T	34.015762329	-118.278961182	60.1	
T	34.015674591	-118.279014587	60.1	
T	34.015586853	-118.279067993	60.1	
T	34.015502930	-118.279129028	60.1	
T	34.015415192	-118.279182434	60.1	
T	34.015331268	-118.279235840	60.1	
T	34.015247345	-118.279289246	60.1	
T	34.015163422	-118.279342651	60.0	
T	34.015071869	-118.279396057	60.0	
T	34.014984131	-118.279441833	59.9	
T	34.014896393	-118.279495239	59.9	
T	34.014804840	-118.279541016	59.7	
T	34.014713287	-118.279594421	59.5	
T	34.014621735	-118.279655457	59.4	
T	34.014533997	-118.279708862	59.2	
T	34.014446259	-118.279769897	58.9	
T	34.014366150	-118.279815674	58.7	
T	34.014286041	-118.279869080	58.4	
T	34.014213562	-118.279922485	58.0	
T	34.014133453	-118.279968262	57.5	
T	34.014060974	-118.280006409	57.0	
T	34.013992310	-118.280044556	56.6	
T	34.013927460	-118.280075073	56.4	
T	34.013877869	-118.280097961	56.2	
T	34.013839722	-118.280128479	56.0	
T	34.013805389	-118.280151367	55.9	
T	34.013782501	-118.280181885	55.8	
T	34.013767242	-118.280189514	55.7	
T	34.013759613	-118.280204773	55.7	
T	34.013755798	-118.280212402	55.7	
T	34.013748169	-118.280220032	55.6	
T	34.013740540	-118.280227661	55.6	
T	34.013729095	-118.280235291	55.6	
T	34.013710022	-118.280242920	55.6	
T	34.013687134	-118.280242920	55.6	
T	34.013656616	-118.280235291	55.6	
T	34.013626099	-118.280227661	55.6	
T	34.013595581	-118.280204773	55.7	
T	34.013568878	-118.280174255	55.7	
T	34.013553619	-118.280120850	55.7	
T	34.013534546	-118.280075073	55.8	
T	34.013519287	-118.280029297	55.9	
T	34.013500214	-118.279983521	56.0	
T	34.013481140	-118.279937744	56.1	
T	34.013458252	-118.279884338	56.2	
T	34.013439178	-118.279830933	56.2	
T	34.013408661	-118.279777527	56.3	
T	34.013381958	-118.279724121	56.4	
T	34.013351440	-118.279663086	56.4	
T	34.013320923	-118.279602051	56.5	
T	34.013290405	-118.279541016	56.4	
T	34.013259888	-118.279479980	56.2	
T	34.013229370	-118.279426575	56.1	
T	34.013195038	-118.279373169	55.9	
T	34.013168335	-118.279327393	55.8	
T	34.013145447	-118.279296875	55.8	
T	34.013134003	-118.279266357	55.7	
T	34.013118744	-118.279251099	55.7	
T	34.013111115	-118.279243469	55.7	
T	34.013099670	-118.279235840	55.7	
T	34.013084412	-118.279228210	55.7	
T	34.013076782	-118.279220581	55.7	
T	34.013069153	-118.279212952	55.7	
T	34.013061523	-118.279205322	55.7	
T	34.013042450	-118.279190063	55.7	
T	34.013023376	-118.279190063	55.7	
T	34.013000488	-118.279197693	55.7	
T	34.012977600	-118.279197693	55.7	
T	34.012935638	-118.279205322	55.6	
T	34.012893677	-118.279220581	55.6	
T	34.012851715	-118.279235840	55.6	
T	34.012809753	-118.279258728	55.6	
T	34.012763977	-118.279289246	55.6	
T	34.012706757	-118.279327393	55.6	
T	34.012641907	-118.279365540	55.6	
T	34.012565613	-118.279411316	55.6	
T	34.012489319	-118.279457092	55.6	
T	34.012409210	-118.279502869	55.6	
T	34.012329102	-118.279556274	55.6	
T	34.012245178	-118.279609680	55.6	
T	34.012161255	-118.279663086	55.6	
T	34.012081146	-118.279708862	55.6	
T	34.012008667	-118.279754639	55.5	
T	34.011940002	-118.279800415	55.5	
T	34.011886597	-118.279823303	55.5	
T	34.011817932	-118.279861450	55.4	
T	34.011745453	-118.279914856	55.4	
T	34.011676788	-118.279945374	55.3	
T	34.011611938	-118.279975891	55.3	
T	34.011547089	-118.279983521	55.3	
T	34.011493683	-118.279983521	55.2	
T	34.011447906	-118.279975891	55.2	
T	34.011413574	-118.279975891	55.2	
T	34.011386871	-118.279975891	55.2	
T	34.011360168	-118.279968262	55.2	
T	34.011341095	-118.279968262	55.2	
T	34.011329651	-118.279960632	55.2	
T	34.011318207	-118.279953003	55.2	
T	34.011314392	-118.279945374	55.2	
T	34.011310577	-118.279945374	55.2	
T	34.011306763	-118.279937744	55.2	
T	34.011302948	-118.279937744	55.2	
T	34.011295319	-118.279930115	55.2	
T	34.011280060	-118.279922485	55.2	
T	34.011260986	-118.279914856	55.2	
T	34.011234283	-118.279907227	55.2	
T	34.011196136	-118.279899597	55.2	
T	34.011150360	-118.279884338	55.2	
T	34.011108398	-118.279861450	55.1	
T	34.011074066	-118.279830933	55.1	
T	34.011043549	-118.279777527	55.1	
T	34.011020660	-118.279716492	55.1	
T	34.011020660	-118.279640198	55.1	
T	34.011020660	-118.279571533	55.1	
T	34.011020660	-118.279487610	55.1	
T	34.011028290	-118.279403687	55.1	
T	34.011035919	-118.279335022	55.1	
T	34.011035919	-118.279266357	55.1	
T	34.011035919	-118.279205322	55.1	
T	34.011035919	-118.279144287	55.2	
T	34.011035919	-118.279090881	55.2	
T	34.011032104	-118.279045105	55.2	
T	34.011028290	-118.279006958	55.2	
T	34.011024475	-118.278976440	55.2	
T	34.011020660	-118.278938293	55.2	
T	34.011016846	-118.278915405	55.2	
T	34.011013031	-118.278884888	55.2	
T	34.011009216	-118.278862000	55.2	
T	34.011009216	-118.278854370	55.2	
T	34.011009216	-118.278846741	55.2	
T	34.011005402	-118.278839111	55.2	
T	34.011001587	-118.278839111	55.2	
T	34.011005402	-118.278846741	55.2	
T	34.011005402	-118.278846741	55.2	
T	34.011005402	-118.278846741	55.2	
T	34.011039734	-118.278808594	55.2	
T	34.011043549	-118.278793335	55.2	
T	34.011054993	-118.278762817	55.2	
T	34.011054993	-118.278724670	55.2	
T	34.011058807	-118.278694153	55.2	
T	34.011062622	-118.278671265	55.2	
T	34.011054993	-118.278663635	55.2	
T	34.011043549	-118.278656006	55.2	
T	34.011039734	-118.278656006	55.2	
T	34.011035919	-118.278663635	55.2	
T	34.011039734	-118.278656006	55.2	
T	34.011043549	-118.278656006	55.2	
T	34.011043549	-118.278648376	55.2	
T	34.011043549	-118.278648376	55.2	
T	34.011043549	-118.278610229	55.2	
T	34.011043549	-118.278579712	55.2	
T	34.011047363	-118.278533936	55.3	
T	34.011051178	-118.278472900	55.3	
T	34.011051178	-118.278411865	55.3	
T	34.011054993	-118.278327942	55.4	
T	34.011054993	-118.278251648	55.4	
T	34.011054993	-118.278167725	55.4	
T	34.011054993	-118.278076172	55.4	
T	34.011054993	-118.277976990	55.5	
T	34.011039734	-118.277877808	55.4	
T	34.011032104	-118.277778625	55.4	
T	34.011028290	-118.277671814	55.4	
T	34.011024475	-118.277572632	55.4	
T	34.011016846	-118.277458191	55.4	
T	34.011013031	-118.277359009	55.4	
T	34.011013031	-118.277244568	55.5	
T	34.011013031	-118.277137756	55.5	
T	34.011016846	-118.277030945	55.5	
T	34.011016846	-118.276916504	55.5	
T	34.011020660	-118.276809692	55.5	
T	34.011028290	-118.276695251	55.6	
T	34.011032104	-118.276580811	55.6	
T	34.011035919	-118.276466370	55.6	
T	34.011039734	-118.276351929	55.7	
T	34.011043549	-118.276237488	55.7	
T	34.011043549	-118.276123047	55.8	
T	34.011047363	-118.276008606	55.9	
T	34.011047363	-118.275894165	56.0	
T	34.011047363	-118.275779724	56.0	
T	34.011047363	-118.275672913	56.1	
T	34.011051178	-118.275573730	56.1	
T	34.011051178	-118.275482178	56.2	
T	34.011051178	-118.275390625	56.3	
T	34.011051178	-118.275314331	56.3	
T	34.011047363	-118.275230408	56.3	
T	34.011043549	-118.275146484	56.3	
T	34.011039734	-118.275062561	56.4	
T	34.011039734	-118.274978638	56.5	
T	34.011039734	-118.274894714	56.5	
T	34.011039734	-118.274810791	56.5	
T	34.011043549	-118.274726868	56.6	
T	34.011051178	-118.274642944	56.6	
T	34.011043549	-118.274543762	56.7	
T	34.011043549	-118.274444580	56.7	
T	34.011043549	-118.274353027	56.7	
T	34.011039734	-118.274261475	56.7	
T	34.011035919	-118.274162292	56.8	
T	34.011035919	-118.274070740	56.8	
T	34.011035919	-118.273986816	56.9	
T	34.011028290	-118.273918152	56.9	
T	34.011024475	-118.273849487	56.9	
T	34.011024475	-118.273788452	56.9	
T	34.011024475	-118.273735046	56.9	
T	34.011024475	-118.273689270	56.9	
T	34.011024475	-118.273643494	57.0	
T	34.011024475	-118.273605347	57.0	
T	34.011024475	-118.273567200	57.0	
T	34.011028290	-118.273544312	57.0	
T	34.011028290	-118.273529053	57.0	
T	34.011032104	-118.273529053	57.0	
T	34.011032104	-118.273521423	57.0	
T	34.011032104	-118.273513794	57.0	
T	34.011028290	-118.273521423	57.0	
T	34.011024475	-118.273521423	57.0	
T	34.011020660	-118.273521423	57.0	
T	34.011016846	-118.273521423	57.0	
T	34.011013031	-118.273521423	57.0	
T	34.011005402	-118.273529053	57.0	
T	34.011005402	-118.273536682	57.0	
T	34.011001587	-118.273544312	57.0	
T	34.011001587	-118.273551941	57.0	
T	34.010997772	-118.273559570	57.0	
T	34.010993958	-118.273559570	57.0	
T	34.010986328	-118.273559570	57.0	
T	34.010978699	-118.273559570	57.0	
T	34.010974884	-118.273551941	57.0	
T	34.010978699	-118.273529053	57.0	
T	34.010982513	-118.273498535	57.0	
T	34.010982513	-118.273452759	57.0	
T	34.010986328	-118.273399353	57.0	
T	34.010986328	-118.273338318	57.1	
T	34.010990143	-118.273269653	57.1	
T	34.010990143	-118.273208618	57.1	
T	34.010986328	-118.273132324	57.2	
T	34.010986328	-118.273056030	57.2	
T	34.010986328	-118.272994995	57.2	
T	34.010986328	-118.272941589	57.3	
T	34.010978699	-118.272895813	57.3	
T	34.010978699	-118.272842407	57.3	
T	34.010978699	-118.272789001	57.3	
T	34.010974884	-118.272735596	57.3	
T	34.010974884	-118.272682190	57.3	
T	34.010974884	-118.272651672	57.3	
T	34.010967255	-118.272628784	57.3	
T	34.010967255	-118.272605896	57.3	
T	34.010967255	-118.272560120	57.3	
T	34.010967255	-118.272529602	57.3	
T	34.010974884	-118.272483826	57.4	
T	34.010986328	-118.272430420	57.4	
T	34.010997772	-118.272361755	57.4	
T	34.011013031	-118.272293091	57.4	
T	34.011028290	-118.272224426	57.5	
T	34.011039734	-118.272140503	57.5	
T	34.011051178	-118.272041321	57.5	
T	34.011066437	-118.271942139	57.6	
T	34.011066437	-118.271865845	57.6	
T	34.011081696	-118.271781921	57.7	
T	34.011089325	-118.271728516	57.7	
T	34.011096954	-118.271690369	57.7	
T	34.011108398	-118.271652222	57.7	
T	34.011116028	-118.271614075	57.8	
T	34.011116028	-118.271568298	57.8	
T	34.011112213	-118.271530151	57.8	
T	34.011104584	-118.271484375	57.8	
T	34.011100769	-118.271446228	57.8	
T	34.011096954	-118.271423340	57.8	
T	34.011093140	-118.271392822	57.8	
T	34.011093140	-118.271362305	57.9	
T	34.011089325	-118.271347046	57.9	
T	34.011085510	-118.271331787	57.9	
T	34.011081696	-118.271308899	57.9	
T	34.011081696	-118.271293640	57.9	
T	34.011077881	-118.271286011	57.9	
T	34.011077881	-118.271278381	57.9	
T	34.011074066	-118.271270752	57.9	
T	34.011070251	-118.271270752	57.9	
T	34.011070251	-118.271270752	57.9	
T	34.011096954	-118.271224976	57.9	
T	34.011100769	-118.271217346	57.9	
T	34.011100769	-118.271209717	57.9	
T	34.011104584	-118.271209717	57.9	
T	34.011108398	-118.271202087	57.9	
T	34.011104584	-118.271202087	57.9	
T	34.011108398	-118.271202087	57.9	
T	34.011112213	-118.271202087	57.9	
T	34.011119843	-118.271202087	57.9	
T	34.011127472	-118.271202087	57.9	
T	34.011131287	-118.271202087	57.9	
T	34.011138916	-118.271194458	57.9	
T	34.011146545	-118.271194458	57.9	
T	34.011157990	-118.271186829	57.9	
T	34.011161804	-118.271186829	57.9	
T	34.011161804	-118.271179199	57.9	
T	34.011157990	-118.271171570	57.9	
T	34.011154175	-118.271156311	58.0	
T	34.011161804	-118.271141052	58.0	
T	34.011157990	-118.271118164	58.0	
T	34.011157990	-118.271080017	58.0	
T	34.011169434	-118.271026611	58.0	
T	34.011173248	-118.270973206	58.1	
T	34.011169434	-118.270912170	58.1	
T	34.011169434	-118.270851135	58.2	
T	34.011169434	-118.270790100	58.2	
T	34.011165619	-118.270744324	58.2	
T	34.011161804	-118.270698547	58.3	
T	34.011161804	-118.270645142	58.3	
T	34.011161804	-118.270584106	58.3	
T	34.011157990	-118.270515442	58.3	
T	34.011157990	-118.270446777	58.4	
T	34.011161804	-118.270362854	58.4	
T	34.011161804	-118.270278931	58.5	
T	34.011165619	-118.270187378	58.5	
T	34.011165619	-118.270095825	58.6	
T	34.011169434	-118.269996643	58.6	
T	34.011173248	-118.269882202	58.7	
T	34.011173248	-118.269775391	58.7	
T	34.011173248	-118.269676208	58.8	
T	34.011177063	-118.269569397	58.8	
T	34.011173248	-118.269462585	58.8	
T	34.011173248	-118.269371033	58.9	
T	34.011173248	-118.269271851	58.9	
T	34.011169434	-118.269187927	58.9	
T	34.011165619	-118.269111633	58.9	
T	34.011161804	-118.269035339	59.0	
T	34.011161804	-118.268966675	59.0	
T	34.011161804	-118.268913269	59.0	
T	34.011161804	-118.268867493	59.0	
T	34.011146545	-118.268836975	59.0	
T	34.011146545	-118.268806458	59.0	
T	34.011150360	-118.268775940	59.0	
T	34.011157990	-118.268753052	59.0	
T	34.011154175	-118.268737793	59.0	
T	34.011146545	-118.268730164	59.0	
T	34.011146545	-118.268722534	59.0	
T	34.011146545	-118.268730164	59.0	
T	34.011150360	-118.268730164	59.0	
T	34.011146545	-118.268722534	59.0	
T	34.011146545	-118.268714905	59.0	
T	34.011150360	-118.268707275	59.0	
T	34.011150360	-118.268699646	59.0	
T	34.011146545	-118.268699646	59.0	
T	34.011142731	-118.268699646	59.0	
T	34.011138916	-118.268707275	59.0	
T	34.011138916	-118.268707275	59.0	
T	34.011127472	-118.268684387	59.0	
T	34.011131287	-118.268661499	59.0	
T	34.011142731	-118.268623352	59.1	
T	34.011146545	-118.268577576	59.1	
T	34.011146545	-118.268524170	59.1	
T	34.011142731	-118.268470764	59.1	
T	34.011135101	-118.268424988	59.1	
T	34.011131287	-118.268386841	59.1	
T	34.011127472	-118.268348694	59.2	
T	34.011127472	-118.268325806	59.2	
T	34.011127472	-118.268310547	59.2	
T	34.011131287	-118.268302917	59.2	
T	34.011131287	-118.268295288	59.2	
T	34.011127472	-118.268287659	59.2	
T	34.011127472	-118.268287659	59.2	
T	34.011108398	-118.268264771	59.2	
T	34.011112213	-118.268249512	59.2	
T	34.011112213	-118.268241882	59.2	
T	34.011119843	-118.268241882	59.2	
T	34.011123657	-118.268234253	59.2	
T	34.011127472	-118.268234253	59.2	
T	34.011127472	-118.268234253	59.2	
T	34.011108398	-118.268211365	59.2	
T	34.011108398	-118.268180847	59.2	
T	34.011112213	-118.268127441	59.2	
T	34.011112213	-118.268074036	59.2	
T	34.011108398	-118.268005371	59.3	
T	34.011108398	-118.267944336	59.3	
T	34.011108398	-118.267868042	59.3	
T	34.011104584	-118.267791748	59.3	
T	34.011096954	-118.267715454	59.3	
T	34.011093140	-118.267623901	59.3	
T	34.011089325	-118.267532349	59.4	
T	34.011085510	-118.267440796	59.4	
T	34.011081696	-118.267341614	59.4	
T	34.011081696	-118.267250061	59.4	
T	34.011077881	-118.267150879	59.4	
T	34.011074066	-118.267051697	59.4	
T	34.011074066	-118.266952515	59.5	
T	34.011070251	-118.266860962	59.5	
T	34.011066437	-118.266761780	59.5	
T	34.011062622	-118.266670227	59.5	
T	34.011058807	-118.266578674	59.5	
T	34.011051178	-118.266471863	59.6	
T	34.011043549	-118.266372681	59.6	
T	34.011039734	-118.266265869	59.6	
T	34.011039734	-118.266159058	59.6	
T	34.011035919	-118.266059875	59.6	
T	34.011039734	-118.265968323	59.6	
T	34.011043549	-118.265884399	59.7	
T	34.011047363	-118.265800476	59.7	
T	34.011051178	-118.265731812	59.7	
T	34.011051178	-118.265670776	59.8	
T	34.011054993	-118.265609741	59.8	
T	34.011054993	-118.265563965	59.8	
T	34.011039734	-118.265533447	59.7	
T	34.011032104	-118.265502930	59.7	
T	34.011028290	-118.265480042	59.7	
T	34.011028290	-118.265457153	59.7	
T	34.011028290	-118.265434265	59.7	
T	34.011028290	-118.265426636	59.7	
T	34.011028290	-118.265411377	59.7	
T	34.011032104	-118.265411377	59.7	
T	34.011039734	-118.265411377	59.8	
T	34.011039734	-118.265411377	59.8	
T	34.011035919	-118.265441895	59.7	
T	34.011043549	-118.265419006	59.8	
T	34.011043549	-118.265396118	59.8	
T	34.011054993	-118.265350342	59.8	
T	34.011066437	-118.265289307	59.8	
T	34.011066437	-118.265213013	59.8	
T	34.011062622	-118.265129089	59.9	
T	34.011054993	-118.265037537	59.9	
T	34.011054993	-118.264945984	59.9	
T	34.011054993	-118.264839172	59.9	
T	34.011051178	-118.264732361	59.9	
T	34.011051178	-118.264617920	59.9	
T	34.011043549	-118.264503479	59.9	
T	34.011043549	-118.264381409	59.9	
T	34.011047363	-118.264251709	60.0	
T	34.011047363	-118.264129639	60.0	
T	34.011051178	-118.263992310	60.1	
T	34.011051178	-118.263854980	60.1	
T	34.011054993	-118.263717651	60.1	
T	34.011054993	-118.263580322	60.1	
T	34.011058807	-118.263435364	60.2	
T	34.011062622	-118.263290405	60.2	
T	34.011058807	-118.263153076	60.2	
T	34.011054993	-118.263008118	60.2	
T	34.011054993	-118.262863159	60.3	
T	34.011054993	-118.262718201	60.3	
T	34.011047363	-118.262573242	60.4	
T	34.011043549	-118.262443542	60.4	
T	34.011043549	-118.262321472	60.4	
T	34.011035919	-118.262199402	60.4	
T	34.011028290	-118.262084961	60.4	
T	34.011020660	-118.261962891	60.5	
T	34.011009216	-118.261848450	60.5	
T	34.010997772	-118.261734009	60.5	
T	34.010986328	-118.261634827	60.5	
T	34.010971069	-118.261550903	60.5	
T	34.010971069	-118.261474609	60.5	
T	34.010967255	-118.261413574	60.5	
T	34.010959625	-118.261360168	60.6	
T	34.010951996	-118.261314392	60.6	
T	34.010944366	-118.261276245	60.6	
T	34.010940552	-118.261238098	60.6	
T	34.010940552	-118.261215210	60.6	
T	34.010944366	-118.261184692	60.6	
T	34.010940552	-118.261169434	60.6	
T	34.010944366	-118.261154175	60.6	
T	34.010944366	-118.261146545	60.6	
T	34.010940552	-118.261131287	60.6	
T	34.010936737	-118.261131287	60.6	
T	34.010936737	-118.261123657	60.6	
T	34.010944366	-118.261123657	60.6	
T	34.010948181	-118.261123657	60.6	
T	34.010963440	-118.261123657	60.6	
T	34.010967255	-118.261116028	60.6	
T	34.010948181	-118.261093140	60.6	
T	34.010940552	-118.261062622	60.6	
T	34.010932922	-118.261016846	60.6	
T	34.010925293	-118.260955811	60.6	
T	34.010913849	-118.260894775	60.6	
T	34.010902405	-118.260818481	60.6	
T	34.010898590	-118.260734558	60.7	
T	34.010894775	-118.260643005	60.7	
T	34.010890961	-118.260543823	60.7	
T	34.010890961	-118.260444641	60.7	
T	34.010883331	-118.260330200	60.7	
T	34.010879517	-118.260223389	60.7	
T	34.010875702	-118.260108948	60.8	
T	34.010875702	-118.259994507	60.8	
T	34.010871887	-118.259872437	60.8	
T	34.010875702	-118.259750366	60.8	
T	34.010871887	-118.259628296	60.9	
T	34.010871887	-118.259506226	60.9	
T	34.010868073	-118.259384155	60.9	
T	34.010868073	-118.259254456	61.0	
T	34.010864258	-118.259132385	61.0	
T	34.010868073	-118.259002686	61.0	
T	34.010864258	-118.258865356	61.0	
T	34.010864258	-118.258735657	61.1	
T	34.010868073	-118.258605957	61.1	
T	34.010868073	-118.258476257	61.1	
T	34.010860443	-118.258346558	61.2	
T	34.010856628	-118.258224487	61.2	
T	34.010852814	-118.258102417	61.2	
T	34.010856628	-118.257980347	61.2	
T	34.010856628	-118.257865906	61.3	
T	34.010860443	-118.257751465	61.3	
T	34.010864258	-118.257652283	61.4	
T	34.010856628	-118.257560730	61.4	
T	34.010856628	-118.257469177	61.4	
T	34.010848999	-118.257377625	61.4	
T	34.010841370	-118.257301331	61.4	
T	34.010837555	-118.257217407	61.4	
T	34.010829926	-118.257141113	61.4	
T	34.010841370	-118.257057190	61.5	
T	34.010845184	-118.256973267	61.5	
T	34.010845184	-118.256896973	61.5	
T	34.010845184	-118.256813049	61.6	
T	34.010845184	-118.256736755	61.6	
T	34.010848999	-118.256683350	61.6	
T	34.010852814	-118.256629944	61.6	
T	34.010864258	-118.256576538	61.6	
T	34.010887146	-118.256538391	61.6	
T	34.010913849	-118.256500244	61.7	
T	34.010944366	-118.256469727	61.7	
T	34.010982513	-118.256454468	61.7	
T	34.011024475	-118.256446838	61.7	
T	34.011074066	-118.256446838	61.7	
T	34.011131287	-118.256446838	61.8	
T	34.011199951	-118.256446838	61.8	
T	34.011268616	-118.256454468	61.8	
T	34.011341095	-118.256454468	61.9	
T	34.011413574	-118.256454468	61.9	
T	34.011493683	-118.256454468	62.0	
T	34.011573792	-118.256446838	62.1	
T	34.011653900	-118.256446838	62.1	
T	34.011737823	-118.256439209	62.2	
T	34.011821747	-118.256439209	62.2	
T	34.011901855	-118.256439209	62.3	
T	34.011985779	-118.256439209	62.4	
T	34.012069702	-118.256439209	62.4	
T	34.012153625	-118.256439209	62.5	
T	34.012237549	-118.256439209	62.5	
T	34.012310028	-118.256431580	62.6	
T	34.012371063	-118.256423950	62.6	
T	34.012432098	-118.256423950	62.7	
T	34.012477875	-118.256423950	62.7	
T	34.012508392	-118.256423950	62.7	
T	34.012531281	-118.256423950	62.8	
T	34.012546539	-118.256423950	62.8	
T	34.012557983	-118.256423950	62.8	
T	34.012554169	-118.256439209	62.8	
T	34.012561798	-118.256439209	62.8	
T	34.012561798	-118.256446838	62.8	
T	34.012554169	-118.256454468	62.8	
T	34.012550354	-118.256454468	62.8	
T	34.012550354	-118.256454468	62.8	
T	34.012550354	-118.256454468	62.8	
T	34.012592316	-118.256462097	62.8	
T	34.012615204	-118.256469727	62.8	
T	34.012645721	-118.256462097	62.8	
T	34.012691498	-118.256462097	62.9	
T	34.012748718	-118.256469727	62.9	
T	34.012817383	-118.256462097	63.0	
T	34.012889862	-118.256454468	63.0	
T	34.012969971	-118.256454468	63.1	
T	34.013046265	-118.256446838	63.1	
T	34.013130188	-118.256446838	63.2	
T	34.013210297	-118.256446838	63.2	
T	34.013282776	-118.256446838	63.3	
T	34.013347626	-118.256446838	63.4	
T	34.013401031	-118.256446838	63.5	
T	34.013450623	-118.256439209	63.5	
T	34.013492584	-118.256439209	63.5	
T	34.013526917	-118.256439209	63.6	
T	34.013557434	-118.256431580	63.6	
T	34.013580322	-118.256431580	63.6	
T	34.013595581	-118.256439209	63.6	
T	34.013610840	-118.256439209	63.6	
T	34.013626099	-118.256439209	63.6	
T	34.013633728	-118.256439209	63.6	
T	34.013641357	-118.256439209	63.7	
T	34.013641357	-118.256446838	63.7	
T	34.013641357	-118.256446838	63.7	
T	34.013641357	-118.256454468	63.6	
T	34.013656616	-118.256462097	63.7	
T	34.013683319	-118.256462097	63.7	
T	34.013721466	-118.256469727	63.7	
T	34.013771057	-118.256469727	63.7	
T	34.013828278	-118.256469727	63.8	
T	34.013893127	-118.256469727	63.9	
T	34.013961792	-118.256462097	64.0	
T	34.014034271	-118.256462097	64.0	
T	34.014102936	-118.256462097	64.1	
T	34.014179230	-118.256462097	64.1	
T	34.014255524	-118.256462097	64.2	
T	34.014331818	-118.256462097	64.2	
T	34.014411926	-118.256462097	64.3	
T	34.014488220	-118.256454468	64.4	
T	34.014572144	-118.256454468	64.4	
T	34.014652252	-118.256446838	64.5	
T	34.014732361	-118.256446838	64.5	
T	34.014816284	-118.256439209	64.6	
T	34.014896393	-118.256431580	64.7	
T	34.014976501	-118.256423950	64.7	
T	34.015060425	-118.256408691	64.8	
T	34.015136719	-118.256385803	64.8	
T	34.015209198	-118.256362915	64.9	
T	34.015270233	-118.256347656	64.9	
T	34.015323639	-118.256324768	64.9	
T	34.015373230	-118.256301880	64.9	
T	34.015407562	-118.256286621	64.9	
T	34.015441895	-118.256271362	64.9	
T	34.015468597	-118.256263733	64.9	
T	34.015487671	-118.256256104	64.9	
T	34.015502930	-118.256248474	64.9	
T	34.015510559	-118.256240845	64.9	
T	34.015499115	-118.256225586	64.9	
T	34.015495300	-118.256225586	64.9	
T	34.015506744	-118.256225586	64.9	
T	34.015522003	-118.256217957	64.9	
T	34.015548706	-118.256210327	65.0	
T	34.015586853	-118.256195068	65.0	
T	34.015628815	-118.256179810	65.0	
T	34.015678406	-118.256156921	65.0	
T	34.015724182	-118.256141663	65.0	
T	34.015777588	-118.256118774	65.1	
T	34.015834808	-118.256088257	65.1	
T	34.015895844	-118.256065369	65.1	
T	34.015956879	-118.256042480	65.2	
T	34.016025543	-118.256011963	65.2	
T	34.016098022	-118.255981445	65.2	
T	34.016159058	-118.255950928	65.3	
T	34.016227722	-118.255920410	65.3	
T	34.016300201	-118.255889893	65.3	
T	34.016361237	-118.255867004	65.3	
T	34.016422272	-118.255836487	65.3	
T	34.016483307	-118.255813599	65.4	
T	34.016540527	-118.255783081	65.4	
T	34.016597748	-118.255760193	65.4	
T	34.016658783	-118.255737305	65.4	
T	34.016723633	-118.255714417	65.5	
T	34.016784668	-118.255691528	65.5	
T	34.016845703	-118.255661011	65.5	
T	34.016906738	-118.255638123	65.5	
T	34.016960144	-118.255615234	65.5	
T	34.017024994	-118.255592346	65.5	
T	34.017082214	-118.255577087	65.4	
T	34.017158508	-118.255554199	65.5	
T	34.017208099	-118.255531311	65.5	
T	34.017253876	-118.255508423	65.5	
T	34.017288208	-118.255485535	65.5	
T	34.017330170	-118.255470276	65.5	
T	34.017356873	-118.255462646	65.5	
T	34.017383575	-118.255455017	65.5	
T	34.017417908	-118.255439758	65.5	
T	34.017448425	-118.255424500	65.5	
T	34.017486572	-118.255409241	65.5	
T	34.017532349	-118.255393982	65.5	
T	34.017578125	-118.255378723	65.4	
T	34.017623901	-118.255363464	65.4	
T	34.017673492	-118.255348206	65.4	
T	34.017726898	-118.255325317	65.5	
T	34.017784119	-118.255310059	65.5	
T	34.017837524	-118.255294800	65.5	
T	34.017890930	-118.255271912	65.5	
T	34.017948151	-118.255256653	65.5	
T	34.018001556	-118.255233765	65.5	
T	34.018054962	-118.255210876	65.5	
T	34.018100739	-118.255195618	65.5	
T	34.018119812	-118.255187988	65.5	
T	34.018142700	-118.255180359	65.5	
T	34.018173218	-118.255172729	65.5	
T	34.018199921	-118.255165100	65.5	
T	34.018230438	-118.255149841	65.5	
T	34.018272400	-118.255134583	65.5	
T	34.018325806	-118.255119324	65.5	
T	34.018386841	-118.255104065	65.5	
T	34.018447876	-118.255081177	65.5	
T	34.018501282	-118.255065918	65.6	
T	34.018558502	-118.255050659	65.6	
T	34.018604279	-118.255035400	65.7	
T	34.018630981	-118.255027771	65.7	
T	34.018642426	-118.255027771	65.7	
T	34.018653870	-118.255020142	65.7	
T	34.018657684	-118.255012512	65.7	
T	34.018650055	-118.255012512	65.7	
T	34.018646240	-118.255012512	65.7	
T	34.018634796	-118.255012512	65.7	
T	34.018634796	-118.255012512	65.7	
T	34.018634796	-118.255012512	65.7	
T	34.018676758	-118.254981995	65.8	
T	34.018692017	-118.254981995	65.8	
T	34.018703461	-118.254981995	65.8	
T	34.018714905	-118.254974365	65.8	
T	34.018726349	-118.254974365	65.8	
T	34.018730164	-118.254974365	65.8	
T	34.018730164	-118.254974365	65.8	
T	34.018749237	-118.254981995	65.8	
T	34.018768311	-118.254989624	65.8	
T	34.018795013	-118.255004883	65.8	
T	34.018821716	-118.255027771	65.8	
T	34.018848419	-118.255065918	65.8	
T	34.018867493	-118.255096436	65.8	
T	34.018882751	-118.255111694	65.8	
T	34.018909454	-118.255142212	65.8	
T	34.018928528	-118.255165100	65.8	
T	34.018939972	-118.255180359	65.8	
T	34.018943787	-118.255187988	65.8	
T	34.018947601	-118.255180359	65.8	
T	34.018951416	-118.255180359	65.8	
T	34.018951416	-118.255180359	65.8	
T	34.018962860	-118.255187988	65.8	
T	34.018966675	-118.255187988	65.8	
T	34.018978119	-118.255195618	65.8	
T	34.018978119	-118.255203247	65.8	
T	34.018981934	-118.255218506	65.8	
T	34.018985748	-118.255226135	65.8	
T	34.018989563	-118.255233765	65.8	
T	34.018989563	-118.255264282	65.7	
T	34.018997192	-118.255287170	65.7	
T	34.019004822	-118.255325317	65.7	
T	34.019020081	-118.255363464	65.7	
T	34.019039154	-118.255416870	65.6	
T	34.019058228	-118.255485535	65.6	
T	34.019084930	-118.255546570	65.5	
T	34.019100189	-118.255607605	65.5	
T	34.019130707	-118.255676270	65.5	
T	34.019161224	-118.255744934	65.4	
T	34.019191742	-118.255813599	65.4	
T	34.019222260	-118.255889893	65.4	
T	34.019252777	-118.255966187	65.4	
T	34.019283295	-118.256042480	65.3	
T	34.019313812	-118.256118774	65.3	
T	34.019348145	-118.256202698	65.3	
T	34.019378662	-118.256286621	65.3	
T	34.019409180	-118.256362915	65.3	
T	34.019439697	-118.256431580	65.3	
T	34.019474030	-118.256507874	65.3	
T	34.019504547	-118.256584167	65.3	
T	34.019538879	-118.256645203	65.3	
T	34.019565582	-118.256706238	65.3	
T	34.019584656	-118.256752014	65.3	
T	34.019599915	-118.256782532	65.3	
T	34.019615173	-118.256813049	65.3	
T	34.019626617	-118.256843567	65.3	
T	34.019630432	-118.256858826	65.3	
T	34.019638062	-118.256874084	65.3	
T	34.019649506	-118.256896973	65.3	
T	34.019653320	-118.256904602	65.3	
T	34.019657135	-118.256935120	65.3	
T	34.019672394	-118.256973267	65.3	
T	34.019695282	-118.257026672	65.3	
T	34.019718170	-118.257080078	65.3	
T	34.019752502	-118.257141113	65.3	
T	34.019767761	-118.257194519	65.3	
T	34.019802094	-118.257232666	65.3	
T	34.019824982	-118.257270813	65.3	
T	34.019836426	-118.257301331	65.3	
T	34.019855499	-118.257331848	65.3	
T	34.019889832	-118.257347107	65.3	
T	34.019916534	-118.257369995	65.3	
T	34.019924164	-118.257392883	65.3	
T	34.019950867	-118.257392883	65.4	
T	34.019969940	-118.257400513	65.4	
T	34.019989014	-118.257385254	65.4	
T	34.020008087	-118.257369995	65.4	
T	34.020027161	-118.257354736	65.4	
T	34.020046234	-118.257339478	65.4	
T	34.020061493	-118.257331848	65.5	
T	34.020080566	-118.257316589	65.5	
T	34.020099640	-118.257301331	65.5	
T	34.020122528	-118.257293701	65.5	
T	34.020149231	-118.257270813	65.5	
T	34.020183563	-118.257247925	65.6	
T	34.020229340	-118.257225037	65.6	
T	34.020278931	-118.257194519	65.7	
T	34.020328522	-118.257164001	65.7	
T	34.020378113	-118.257133484	65.8	
T	34.020431519	-118.257095337	65.8	
T	34.020484924	-118.257064819	65.9	
T	34.020530701	-118.257041931	65.9	
T	34.020565033	-118.257011414	66.0	
T	34.020595551	-118.256996155	66.0	
T	34.020622253	-118.256980896	66.0	
T	34.020645142	-118.256973267	66.1	
T	34.020660400	-118.256965637	66.1	
T	34.020671844	-118.256965637	66.1	
T	34.020679474	-118.256958008	66.1	
T	34.020683289	-118.256958008	66.1	
T	34.020690918	-118.256950378	66.1	
T	34.020698547	-118.256942749	66.1	
T	34.020713806	-118.256935120	66.1	
T	34.020732880	-118.256919861	66.1	
T	34.020755768	-118.256896973	66.2	
T	34.020793915	-118.256866455	66.2	
T	34.020835876	-118.256843567	66.2	
T	34.020885468	-118.256805420	66.3	
T	34.020938873	-118.256767273	66.4	
T	34.020999908	-118.256729126	66.5	
T	34.021060944	-118.256683350	66.5	
T	34.021121979	-118.256645203	66.6	
T	34.021183014	-118.256607056	66.7	
T	34.021236420	-118.256568909	66.8	
T	34.021278381	-118.256538391	66.8	
T	34.021316528	-118.256515503	66.8	
T	34.021350861	-118.256500244	66.8	
T	34.021373749	-118.256484985	66.9	
T	34.021389008	-118.256477356	66.9	
T	34.021408081	-118.256462097	66.9	
T	34.021427155	-118.256454468	66.9	
T	34.021442413	-118.256446838	66.9	
T	34.021453857	-118.256439209	66.9	
T	34.021469116	-118.256431580	66.9	
T	34.021488190	-118.256416321	66.9	
T	34.021514893	-118.256401062	66.9	
T	34.021541595	-118.256378174	67.0	
T	34.021583557	-118.256347656	67.0	
T	34.021648407	-118.256309509	67.0	
T	34.021713257	-118.256271362	67.1	
T	34.021778107	-118.256233215	67.1	
T	34.021842957	-118.256187439	67.1	
T	34.021907806	-118.256141663	67.2	
T	34.021965027	-118.256103516	67.2	
T	34.022022247	-118.256072998	67.2	
T	34.022068024	-118.256042480	67.3	
T	34.022102356	-118.256019592	67.3	
T	34.022125244	-118.256004333	67.3	
T	34.022144318	-118.255989075	67.3	
T	34.022163391	-118.255981445	67.3	
T	34.022186279	-118.255966187	67.3	
T	34.022201538	-118.255958557	67.3	
T	34.022220612	-118.255950928	67.4	
T	34.022239685	-118.255943298	67.4	
T	34.022251129	-118.255935669	67.4	
T	34.022262573	-118.255928040	67.4	
T	34.022277832	-118.255928040	67.4	
T	34.022281647	-118.255920410	67.4	
T	34.022285461	-118.255920410	67.4	
T	34.022289276	-118.255920410	67.4	
T	34.022293091	-118.255920410	67.4	
T	34.022293091	-118.255912781	67.4	
T	34.022296906	-118.255912781	67.4	
T	34.022300720	-118.255912781	67.4	
T	34.022304535	-118.255912781	67.4	
T	34.022308350	-118.255920410	67.4	
T	34.022312164	-118.255920410	67.4	
T	34.022315979	-118.255920410	67.4	
T	34.022315979	-118.255928040	67.4	
T	34.022319794	-118.255928040	67.4	
T	34.022308350	-118.255950928	67.4	
T	34.022304535	-118.255950928	67.4	
T	34.022296906	-118.255958557	67.4	
T	34.022293091	-118.255958557	67.4	
T	34.022285461	-118.255966187	67.4	
T	34.022281647	-118.255966187	67.4	
T	34.022281647	-118.255973816	67.4	
T	34.022277832	-118.255973816	67.4	
T	34.022277832	-118.255981445	67.4	
T	34.022274017	-118.255973816	67.4	
T	34.022277832	-118.255958557	67.4	
T	34.022289276	-118.255943298	67.4	
T	34.022300720	-118.255920410	67.4	
T	34.022331238	-118.255897522	67.4	
T	34.022380829	-118.255867004	67.4	
T	34.022438049	-118.255828857	67.5	
T	34.022491455	-118.255790710	67.5	
T	34.022552490	-118.255760193	67.5	
T	34.022609711	-118.255722046	67.6	
T	34.022670746	-118.255683899	67.6	
T	34.022731781	-118.255645752	67.7	
T	34.022796631	-118.255599976	67.7	
T	34.022861481	-118.255554199	67.7	
T	34.022930145	-118.255508423	67.8	
T	34.022998810	-118.255462646	67.8	
T	34.023067474	-118.255416870	67.9	
T	34.023139954	-118.255371094	67.9	
T	34.023216248	-118.255325317	67.9	
T	34.023292542	-118.255279541	68.0	
T	34.023368835	-118.255233765	68.0	
T	34.023441315	-118.255180359	68.1	
T	34.023513794	-118.255134583	68.1	
T	34.023586273	-118.255088806	68.2	
T	34.023654938	-118.255043030	68.2	
T	34.023723602	-118.255004883	68.2	
T	34.023788452	-118.254966736	68.3	
T	34.023845673	-118.254928589	68.3	
T	34.023891449	-118.254898071	68.3	
T	34.023933411	-118.254875183	68.4	
T	34.023963928	-118.254859924	68.4	
T	34.023986816	-118.254844666	68.4	
T	34.024009705	-118.254852295	68.4	
T	34.024017334	-118.254852295	68.4	
T	34.024028778	-118.254852295	68.4	
T	34.024036407	-118.254844666	68.4	
T	34.024032593	-118.254844666	68.4	
T	34.024036407	-118.254844666	68.4	
T	34.024044037	-118.254837036	68.4	
T	34.024066925	-118.254829407	68.4	
T	34.024085999	-118.254814148	68.4	
T	34.024120331	-118.254791260	68.5	
T	34.024177551	-118.254760742	68.5	
T	34.024234772	-118.254722595	68.5	
T	34.024303436	-118.254676819	68.5	
T	34.024368286	-118.254638672	68.5	
T	34.024433136	-118.254592896	68.5	
T	34.024505615	-118.254554749	68.6	
T	34.024578094	-118.254508972	68.6	
T	34.024650574	-118.254455566	68.7	
T	34.024723053	-118.254409790	68.7	
T	34.024795532	-118.254356384	68.8	
T	34.024868011	-118.254310608	68.8	
T	34.024936676	-118.254264832	68.8	
T	34.025009155	-118.254219055	68.9	
T	34.025081635	-118.254173279	68.9	
T	34.025154114	-118.254127502	69.0	
T	34.025226593	-118.254081726	69.0	
T	34.025287628	-118.254043579	69.0	
T	34.025348663	-118.254005432	69.1	
T	34.025402069	-118.253974915	69.1	
T	34.025455475	-118.253944397	69.1	
T	34.025505066	-118.253906250	69.2	
T	34.025554657	-118.253883362	69.2	
T	34.025596619	-118.253860474	69.2	
T	34.025630951	-118.253837585	69.2	
T	34.025653839	-118.253814697	69.3	
T	34.025672913	-118.253799438	69.3	
T	34.025684357	-118.253784180	69.3	
T	34.025695801	-118.253776550	69.3	
T	34.025703430	-118.253768921	69.3	
T	34.025714874	-118.253761292	69.3	
T	34.025718689	-118.253761292	69.3	
T	34.025718689	-118.253753662	69.3	
T	34.025718689	-118.253753662	69.3	
T	34.025749207	-118.253715515	69.3	
T	34.025756836	-118.253707886	69.3	
T	34.025764465	-118.253700256	69.3	
T	34.025779724	-118.253692627	69.4	
T	34.025787354	-118.253692627	69.4	
T	34.025794983	-118.253684998	69.4	
T	34.025798798	-118.253684998	69.4	
T	34.025806427	-118.253684998	69.4	
T	34.025806427	-118.253677368	69.4	
T	34.025810242	-118.253669739	69.4	
T	34.025810242	-118.253669739	69.4	
T	34.025810242	-118.253669739	69.4	
T	34.025810242	-118.253631592	69.4	
T	34.025817871	-118.253623962	69.4	
T	34.025829315	-118.253608704	69.4	
T	34.025844574	-118.253593445	69.4	
T	34.025863647	-118.253578186	69.4	
T	34.025894165	-118.253578186	69.4	
T	34.025936127	-118.253585815	69.4	
T	34.025970459	-118.253593445	69.5	
T	34.026000977	-118.253608704	69.5	
T	34.026020050	-118.253639221	69.5	
T	34.026027679	-118.253684998	69.4	
T	34.026050568	-118.253738403	69.4	
T	34.026077271	-118.253799438	69.4	
T	34.026111603	-118.253868103	69.4	
T	34.026142120	-118.253944397	69.4	
T	34.026172638	-118.254028320	69.4	
T	34.026214600	-118.254112244	69.4	
T	34.026256561	-118.254211426	69.3	
T	34.026302338	-118.254302979	69.3	
T	34.026351929	-118.254402161	69.3	
T	34.026405334	-118.254501343	69.3	
T	34.026454926	-118.254592896	69.3	
T	34.026504517	-118.254699707	69.2	
T	34.026550293	-118.254806519	69.2	
T	34.026599884	-118.254913330	69.2	
T	34.026649475	-118.255027771	69.2	
T	34.026706696	-118.255142212	69.2	
T	34.026760101	-118.255256653	69.1	
T	34.026805878	-118.255363464	69.1	
T	34.026859283	-118.255470276	69.1	
T	34.026908875	-118.255584717	69.1	
T	34.026958466	-118.255691528	69.1	
T	34.027011871	-118.255798340	69.0	
T	34.027061462	-118.255897522	69.0	
T	34.027114868	-118.256004333	69.0	
T	34.027160645	-118.256111145	69.0	
T	34.027210236	-118.256210327	69.0	
T	34.027248383	-118.256309509	69.0	
T	34.027294159	-118.256401062	69.0	
T	34.027332306	-118.256484985	69.0	
T	34.027366638	-118.256568909	69.0	
T	34.027397156	-118.256645203	69.0	
T	34.027412415	-118.256729126	68.9	
T	34.027431488	-118.256797791	68.9	
T	34.027454376	-118.256851196	68.9	
T	34.027473450	-118.256889343	68.9	
T	34.027488708	-118.256919861	68.9	
T	34.027503967	-118.256950378	68.9	
T	34.027515411	-118.256965637	68.9	
T	34.027523041	-118.256980896	68.9	
T	34.027530670	-118.256996155	68.9	
T	34.027538300	-118.257003784	68.9	
T	34.027542114	-118.256996155	68.9	
T	34.027542114	-118.256988525	68.9	
T	34.027538300	-118.256988525	68.9	
T	34.027534485	-118.256980896	68.9	
T	34.027530670	-118.256980896	68.9	
T	34.027526855	-118.256980896	68.9	
T	34.027523041	-118.256973267	68.9	
T	34.027519226	-118.256973267	68.9	
T	34.027515411	-118.256973267	68.9	
T	34.027511597	-118.256973267	68.9	
T	34.027507782	-118.256973267	68.9	
T	34.027507782	-118.256965637	68.9	
T	34.027511597	-118.256965637	68.9	
T	34.027511597	-118.256965637	68.9	
T	34.027534485	-118.256965637	68.9	
T	34.027534485	-118.256973267	68.9	
T	34.027538300	-118.256980896	68.9	
T	34.027538300	-118.256988525	68.9	
T	34.027542114	-118.256996155	68.9	
T	34.027545929	-118.256996155	68.9	
T	34.027561188	-118.256988525	68.9	
T	34.027576447	-118.256988525	68.9	
T	34.027580261	-118.256988525	68.9	
T	34.027591705	-118.257003784	68.9	
T	34.027595520	-118.257011414	68.9	
T	34.027606964	-118.257026672	68.9	
T	34.027614594	-118.257034302	68.9	
T	34.027618408	-118.257034302	68.9	
T	34.027622223	-118.257034302	68.9	
T	34.027622223	-118.257034302	68.9	
T	34.027618408	-118.257041931	68.9	
T	34.027614594	-118.257041931	68.9	
T	34.027610779	-118.257034302	68.9	
T	34.027606964	-118.257034302	68.9	
T	34.027610779	-118.257026672	68.9	
T	34.027610779	-118.257041931	68.9	
T	34.027614594	-118.257057190	68.9	
T	34.027629852	-118.257087708	68.9	
T	34.027637482	-118.257118225	68.9	
T	34.027660370	-118.257156372	68.9	
T	34.027683258	-118.257202148	68.9	
T	34.027702332	-118.257247925	68.9	
T	34.027717590	-118.257301331	68.8	
T	34.027721405	-118.257339478	68.8	
T	34.027713776	-118.257385254	68.8	
T	34.027694702	-118.257423401	68.8	
T	34.027656555	-118.257453918	68.8	
T	34.027618408	-118.257492065	68.7	
T	34.027584076	-118.257514954	68.7	
T	34.027549744	-118.257545471	68.7	
T	34.027519226	-118.257560730	68.7	
T	34.027492523	-118.257575989	68.7	
T	34.027473450	-118.257591248	68.7	
T	34.027458191	-118.257598877	68.6	
T	34.027446747	-118.257614136	68.6	
T	34.027442932	-118.257614136	68.6	
T	34.027431488	-118.257621765	68.6	
T	34.027427673	-118.257629395	68.6	
T	34.027423859	-118.257637024	68.6	
T	34.027423859	-118.257644653	68.6	
T	34.027423859	-118.257644653	68.6	
T	34.027423859	-118.257644653	68.6	
T	34.027393341	-118.257682800	68.6	
T	34.027381897	-118.257682800	68.6	
T	34.027366638	-118.257690430	68.6	
T	34.027339935	-118.257705688	68.6	
T	34.027301788	-118.257728577	68.5	
T	34.027248383	-118.257759094	68.5	
T	34.027168274	-118.257804871	68.5	
T	34.027111053	-118.257835388	68.4	
T	34.027042389	-118.257865906	68.4	
T	34.026977539	-118.257904053	68.4	
T	34.026908875	-118.257949829	68.3	
T	34.026844025	-118.257980347	68.3	
T	34.026779175	-118.258018494	68.3	
T	34.026714325	-118.258064270	68.2	
T	34.026649475	-118.258102417	68.2	
T	34.026588440	-118.258140564	68.2	
T	34.026531219	-118.258171082	68.1	
T	34.026477814	-118.258209229	68.1	
T	34.026428223	-118.258239746	68.1	
T	34.026378632	-118.258270264	68.0	
T	34.026336670	-118.258300781	68.0	
T	34.026290894	-118.258331299	68.0	
T	34.026252747	-118.258361816	68.0	
T	34.026214600	-118.258384705	68.0	
T	34.026184082	-118.258415222	68.0	
T	34.026157379	-118.258438110	68.0	
T	34.026130676	-118.258460999	68.0	
T	34.026111603	-118.258483887	67.9	
T	34.026092529	-118.258499146	67.9	
T	34.026073456	-118.258514404	67.9	
T	34.026062012	-118.258529663	67.9	
T	34.026050568	-118.258537292	67.9	
T	34.026042938	-118.258544922	67.9	
T	34.026035309	-118.258544922	67.9	
T	34.026035309	-118.258544922	67.9	
T	34.026012421	-118.258544922	67.9	
T	34.026004791	-118.258544922	67.9	
T	34.025997162	-118.258552551	67.9	
T	34.025989532	-118.258552551	67.9	
T	34.025981903	-118.258552551	67.9	
T	34.025970459	-118.258560181	67.9	
T	34.025962830	-118.258560181	67.9	
T	34.025955200	-118.258567810	67.9	
T	34.025947571	-118.258583069	67.9	
T	34.025939941	-118.258605957	67.8	
T	34.025943756	-118.258636475	67.8	
T	34.025951385	-118.258666992	67.8	
T	34.025966644	-118.258697510	67.8	
T	34.025981903	-118.258720398	67.8	
T	34.025997162	-118.258758545	67.8	
T	34.026016235	-118.258789062	67.8	
T	34.026031494	-118.258819580	67.8	
T	34.026046753	-118.258865356	67.8	
T	34.026065826	-118.258911133	67.8	
T	34.026088715	-118.258956909	67.8	
T	34.026111603	-118.259010315	67.8	
T	34.026134491	-118.259071350	67.7	
T	34.026161194	-118.259132385	67.7	
T	34.026191711	-118.259193420	67.7	
T	34.026218414	-118.259262085	67.7	
T	34.026248932	-118.259330750	67.7	
T	34.026275635	-118.259399414	67.7	
T	34.026302338	-118.259460449	67.7	
T	34.026332855	-118.259529114	67.7	
T	34.026359558	-118.259597778	67.7	
T	34.026386261	-118.259666443	67.7	
T	34.026416779	-118.259735107	67.7	
T	34.026443481	-118.259803772	67.7	
T	34.026477814	-118.259872437	67.7	
T	34.026512146	-118.259933472	67.7	
T	34.026542664	-118.260002136	67.7	
T	34.026573181	-118.260063171	67.6	
T	34.026599884	-118.260131836	67.6	
T	34.026630402	-118.260200500	67.6	
T	34.026657104	-118.260253906	67.6	
T	34.026679993	-118.260307312	67.6	
T	34.026706696	-118.260330200	67.6	
T	34.026718140	-118.260353088	67.6	
T	34.026721954	-118.260368347	67.6	
T	34.026729584	-118.260375977	67.6	
T	34.026733398	-118.260383606	67.6	
T	34.026741028	-118.260391235	67.6	
T	34.026744843	-118.260398865	67.6	
T	34.026744843	-118.260406494	67.6	
T	34.026744843	-118.260414124	67.6	
T	34.026752472	-118.260437012	67.6	
T	34.026760101	-118.260452271	67.6	
T	34.026763916	-118.260482788	67.6	
T	34.026763916	-118.260513306	67.6	
T	34.026748657	-118.260536194	67.6	
T	34.026725769	-118.260559082	67.6	
T	34.026699066	-118.260574341	67.6	
T	34.026664734	-118.260597229	67.5	
T	34.026626587	-118.260620117	67.5	
T	34.026588440	-118.260635376	67.5	
T	34.026550293	-118.260658264	67.5	
T	34.026508331	-118.260681152	67.5	
T	34.026462555	-118.260711670	67.5	
T	34.026424408	-118.260734558	67.4	
T	34.026390076	-118.260765076	67.4	
T	34.026367188	-118.260787964	67.4	
T	34.026348114	-118.260818481	67.4	
T	34.026332855	-118.260864258	67.4	
T	34.026313782	-118.260902405	67.3	
T	34.026294708	-118.260955811	67.3	
T	34.026264191	-118.261001587	67.3	
T	34.026229858	-118.261047363	67.3	
T	34.026187897	-118.261085510	67.2	
T	34.026138306	-118.261123657	67.2	
T	34.026084900	-118.261146545	67.2	
T	34.026031494	-118.261177063	67.2	
T	34.025974274	-118.261207581	67.2	
T	34.025917053	-118.261245728	67.2	
T	34.025856018	-118.261276245	67.1	
T	34.025794983	-118.261314392	67.1	
T	34.025733948	-118.261344910	67.1	
T	34.025669098	-118.261383057	67.0	
T	34.025608063	-118.261421204	67.0	
T	34.025543213	-118.261466980	67.0	
T	34.025478363	-118.261505127	66.9	
T	34.025413513	-118.261543274	66.9	
T	34.025356293	-118.261589050	66.9	
T	34.025310516	-118.261619568	66.9	
T	34.025272369	-118.261650085	66.8	
T	34.025241852	-118.261672974	66.8	
T	34.025211334	-118.261695862	66.8	
T	34.025184631	-118.261718750	66.8	
T	34.025165558	-118.261741638	66.8	
T	34.025146484	-118.261764526	66.8	
T	34.025135040	-118.261779785	66.8	
T	34.025119781	-118.261787415	66.8	
T	34.025108337	-118.261802673	66.8	
T	34.025096893	-118.261810303	66.8	
T	34.025089264	-118.261817932	66.8	
T	34.025081635	-118.261817932	66.8	
T	34.025081635	-118.261825562	66.8	
T	34.025081635	-118.261825562	66.8	
T	34.025058746	-118.261840820	66.8	
T	34.025051117	-118.261848450	66.8	
T	34.025043488	-118.261848450	66.8	
T	34.025039673	-118.261856079	66.7	
T	34.025035858	-118.261848450	66.7	
T	34.025039673	-118.261848450	66.7	
T	34.025039673	-118.261848450	66.7	
T	34.025032043	-118.261825562	66.8	
T	34.025020599	-118.261833191	66.7	
T	34.025016785	-118.261856079	66.7	
T	34.025028229	-118.261886597	66.7	
T	34.025035858	-118.261940002	66.7	
T	34.025047302	-118.262008667	66.7	
T	34.025077820	-118.262077332	66.7	
T	34.025108337	-118.262161255	66.7	
T	34.025146484	-118.262245178	66.6	
T	34.025192261	-118.262336731	66.6	
T	34.025238037	-118.262435913	66.6	
T	34.025279999	-118.262535095	66.7	
T	34.025321960	-118.262634277	66.7	
T	34.025360107	-118.262741089	66.6	
T	34.025405884	-118.262840271	66.6	
T	34.025447845	-118.262931824	66.6	
T	34.025489807	-118.263023376	66.6	
T	34.025527954	-118.263107300	66.6	
T	34.025562286	-118.263183594	66.6	
T	34.025596619	-118.263252258	66.6	
T	34.025627136	-118.263320923	66.5	
T	34.025653839	-118.263381958	66.5	
T	34.025680542	-118.263435364	66.5	
T	34.025703430	-118.263488770	66.5	
T	34.025722504	-118.263534546	66.5	
T	34.025741577	-118.263580322	66.5	
T	34.025756836	-118.263610840	66.5	
T	34.025768280	-118.263633728	66.5	
T	34.025775909	-118.263648987	66.5	
T	34.025783539	-118.263671875	66.5	
T	34.025794983	-118.263687134	66.5	
T	34.025802612	-118.263702393	66.5	
T	34.025810242	-118.263717651	66.5	
T	34.025829315	-118.263748169	66.5	
T	34.025840759	-118.263778687	66.5	
T	34.025852203	-118.263809204	66.5	
T	34.025871277	-118.263847351	66.5	
T	34.025886536	-118.263885498	66.5	
T	34.025905609	-118.263931274	66.5	
T	34.025924683	-118.263969421	66.5	
T	34.025943756	-118.264015198	66.5	
T	34.025959015	-118.264045715	66.5	
T	34.025974274	-118.264076233	66.5	
T	34.025981903	-118.264106750	66.5	
T	34.025993347	-118.264137268	66.5	
T	34.026004791	-118.264175415	66.5	
T	34.026023865	-118.264228821	66.4	
T	34.026042938	-118.264282227	66.4	
T	34.026073456	-118.264350891	66.4	
T	34.026100159	-118.264419556	66.4	
T	34.026134491	-118.264488220	66.4	
T	34.026172638	-118.264572144	66.4	
T	34.026210785	-118.264648438	66.4	
T	34.026245117	-118.264724731	66.3	
T	34.026287079	-118.264808655	66.3	
T	34.026325226	-118.264884949	66.3	
T	34.026363373	-118.264976501	66.3	
T	34.026405334	-118.265060425	66.3	
T	34.026447296	-118.265151978	66.3	
T	34.026496887	-118.265235901	66.3	
T	34.026535034	-118.265327454	66.2	
T	34.026576996	-118.265419006	66.2	
T	34.026618958	-118.265510559	66.2	
T	34.026664734	-118.265609741	66.1	
T	34.026710510	-118.265701294	66.1	
T	34.026756287	-118.265800476	66.1	
T	34.026798248	-118.265899658	66.0	
T	34.026847839	-118.265998840	66.0	
T	34.026889801	-118.266090393	66.0	
T	34.026935577	-118.266189575	65.9	
T	34.026977539	-118.266288757	65.9	
T	34.027023315	-118.266387939	65.8	
T	34.027065277	-118.266487122	65.7	
T	34.027107239	-118.266578674	65.7	
T	34.027145386	-118.266654968	65.7	
T	34.027183533	-118.266731262	65.7	
T	34.027214050	-118.266799927	65.7	
T	34.027233124	-118.266860962	65.6	
T	34.027252197	-118.266906738	65.6	
T	34.027267456	-118.266929626	65.5	
T	34.027275085	-118.266944885	65.5	
T	34.027275085	-118.266952515	65.5	
T	34.027278900	-118.266960144	65.5	
T	34.027282715	-118.266960144	65.5	
T	34.027282715	-118.266960144	65.5	
T	34.027282715	-118.266967773	65.5	
T	34.027286530	-118.266975403	65.5	
T	34.027290344	-118.266975403	65.5	
T	34.027286530	-118.266975403	65.5	
T	34.027286530	-118.266967773	65.5	
T	34.027294159	-118.266975403	65.5	
T	34.027305603	-118.266990662	65.5	
T	34.027328491	-118.267005920	65.5	
T	34.027359009	-118.267028809	65.5	
T	34.027400970	-118.267044067	65.5	
T	34.027442932	-118.267044067	65.5	
T	34.027484894	-118.267044067	65.5	
T	34.027534485	-118.267051697	65.5	
T	34.027576447	-118.267066956	65.5	
T	34.027626038	-118.267097473	65.5	
T	34.027671814	-118.267135620	65.5	
T	34.027706146	-118.267196655	65.4	
T	34.027736664	-118.267257690	65.4	
T	34.027763367	-118.267333984	65.3	
T	34.027797699	-118.267410278	65.3	
T	34.027828217	-118.267486572	65.2	
T	34.027862549	-118.267570496	65.1	
T	34.027900696	-118.267646790	65.1	
T	34.027935028	-118.267730713	65.0	
T	34.027973175	-118.267799377	65.0	
T	34.027999878	-118.267852783	65.0	
T	34.028018951	-118.267898560	65.0	
T	34.028038025	-118.267929077	65.0	
T	34.028057098	-118.267967224	65.0	
T	34.028079987	-118.268013000	65.0	
T	34.028106689	-118.268058777	65.0	
T	34.028133392	-118.268104553	65.0	
T	34.028160095	-118.268165588	65.0	
T	34.028186798	-118.268226624	65.0	
T	34.028217316	-118.268295288	65.0	
T	34.028251648	-118.268363953	65.0	
T	34.028285980	-118.268440247	65.0	
T	34.028320312	-118.268524170	65.0	
T	34.028347015	-118.268600464	65.0	
T	34.028369904	-118.268669128	65.0	
T	34.028392792	-118.268730164	65.0	
T	34.028411865	-118.268783569	65.0	
T	34.028430939	-118.268814087	65.0	
T	34.028446198	-118.268836975	65.0	
T	34.028453827	-118.268852234	65.0	
T	34.028461456	-118.268859863	65.0	
T	34.028461456	-118.268867493	65.0	
T	34.028469086	-118.268867493	65.0	
T	34.028472900	-118.268875122	65.0	
T	34.028476715	-118.268875122	65.0	
T	34.028476715	-118.268882751	65.0	
T	34.028476715	-118.268882751	65.0	
T	34.028476715	-118.268882751	65.0	
T	34.028507233	-118.268882751	65.0	
T	34.028522491	-118.268913269	65.0	
T	34.028545380	-118.268966675	65.0	
T	34.028564453	-118.269027710	65.0	
T	34.028591156	-118.269073486	65.0	
T	34.028610229	-118.269119263	65.0	
T	34.028633118	-118.269172668	65.0	
T	34.028659821	-118.269226074	65.0	
T	34.028686523	-118.269294739	65.0	
T	34.028717041	-118.269363403	64.9	
T	34.028747559	-118.269432068	64.9	
T	34.028781891	-118.269508362	64.8	
T	34.028812408	-118.269584656	64.8	
T	34.028842926	-118.269660950	64.8	
T	34.028873444	-118.269744873	64.7	
T	34.028911591	-118.269828796	64.7	
T	34.028942108	-118.269912720	64.7	
T	34.028976440	-118.269996643	64.7	
T	34.029014587	-118.270080566	64.6	
T	34.029048920	-118.270156860	64.6	
T	34.029079437	-118.270217896	64.6	
T	34.029098511	-118.270271301	64.7	
T	34.029109955	-118.270301819	64.7	
T	34.029117584	-118.270324707	64.7	
T	34.029125214	-118.270332336	64.7	
T	34.029125214	-118.270339966	64.7	
T	34.029125214	-118.270339966	64.7	
T	34.029117584	-118.270347595	64.6	
T	34.029109955	-118.270347595	64.6	
T	34.029106140	-118.270339966	64.6	
T	34.029098511	-118.270339966	64.6	
T	34.029090881	-118.270332336	64.6	
T	34.029083252	-118.270332336	64.6	
T	34.029079437	-118.270324707	64.6	
T	34.029083252	-118.270332336	64.6	
T	34.029098511	-118.270355225	64.6	
T	34.029109955	-118.270385742	64.6	
T	34.029125214	-118.270408630	64.6	
T	34.029144287	-118.270439148	64.6	
T	34.029174805	-118.270462036	64.6	
T	34.029201508	-118.270469666	64.6	
T	34.029212952	-118.270477295	64.6	
T	34.029224396	-118.270484924	64.6	
T	34.029243469	-118.270507812	64.6	
T	34.029254913	-118.270538330	64.6	
T	34.029270172	-118.270561218	64.6	
T	34.029277802	-118.270584106	64.6	
T	34.029281616	-118.270606995	64.6	
T	34.029289246	-118.270622253	64.6	
T	34.029296875	-118.270637512	64.6	
T	34.029308319	-118.270660400	64.6	
T	34.029319763	-118.270690918	64.6	
T	34.029335022	-118.270721436	64.6	
T	34.029342651	-118.270744324	64.6	
T	34.029350281	-118.270759583	64.6	
T	34.029350281	-118.270751953	64.6	
T	34.029354095	-118.270744324	64.6	
T	34.029354095	-118.270744324	64.6	
T	34.029354095	-118.270759583	64.6	
T	34.029357910	-118.270759583	64.6	
T	34.029357910	-118.270767212	64.6	
T	34.029357910	-118.270774841	64.6	
T	34.029361725	-118.270790100	64.6	
T	34.029361725	-118.270828247	64.5	
T	34.029373169	-118.270874023	64.5	
T	34.029384613	-118.270935059	64.5	
T	34.029399872	-118.271011353	64.4	
T	34.029415131	-118.271110535	64.4	
T	34.029426575	-118.271202087	64.3	
T	34.029441833	-118.271293640	64.3	
T	34.029460907	-118.271385193	64.2	
T	34.029487610	-118.271476746	64.2	
T	34.029510498	-118.271553040	64.2	
T	34.029541016	-118.271636963	64.1	
T	34.029579163	-118.271720886	64.1	
T	34.029613495	-118.271797180	64.1	
T	34.029647827	-118.271873474	64.1	
T	34.029685974	-118.271965027	64.0	
T	34.029720306	-118.272041321	64.0	
T	34.029758453	-118.272132874	64.0	
T	34.029792786	-118.272216797	64.0	
T	34.029823303	-118.272293091	63.9	
T	34.029861450	-118.272361755	63.9	
T	34.029888153	-118.272430420	63.9	
T	34.029914856	-118.272499084	63.8	
T	34.029937744	-118.272560120	63.8	
T	34.029956818	-118.272613525	63.7	
T	34.029972076	-118.272651672	63.7	
T	34.029991150	-118.272689819	63.7	
T	34.030010223	-118.272712708	63.7	
T	34.030025482	-118.272743225	63.7	
T	34.030036926	-118.272758484	63.7	
T	34.030044556	-118.272758484	63.7	
T	34.030048370	-118.272766113	63.7	
T	34.030048370	-118.272773743	63.7	
T	34.030048370	-118.272781372	63.7	
T	34.030044556	-118.272789001	63.7	
T	34.030044556	-118.272796631	63.7	
T	34.030040741	-118.272796631	63.7	
T	34.030044556	-118.272804260	63.7	
T	34.030040741	-118.272796631	63.7	
T	34.030044556	-118.272796631	63.7	
T	34.030044556	-118.272796631	63.7	
T	34.030044556	-118.272781372	63.7	
T	34.030044556	-118.272773743	63.7	
T	34.030036926	-118.272773743	63.7	
T	34.030033112	-118.272773743	63.7	
T	34.030036926	-118.272766113	63.7	
T	34.030040741	-118.272758484	63.7	
T	34.030044556	-118.272766113	63.7	
T	34.030056000	-118.272773743	63.7	
T	34.030063629	-118.272796631	63.7	
T	34.030078888	-118.272827148	63.7	
T	34.030117035	-118.272918701	63.7	
T	34.030139923	-118.272979736	63.6	
T	34.030174255	-118.273048401	63.6	
T	34.030208588	-118.273117065	63.6	
T	34.030235291	-118.273178101	63.6	
T	34.030265808	-118.273239136	63.5	
T	34.030296326	-118.273300171	63.5	
T	34.030326843	-118.273361206	63.4	
T	34.030353546	-118.273437500	63.3	
T	34.030391693	-118.273498535	63.3	
T	34.030426025	-118.273574829	63.2	
T	34.030460358	-118.273643494	63.1	
T	34.030498505	-118.273719788	63.0	
T	34.030532837	-118.273796082	62.9	
T	34.030563354	-118.273864746	62.7	
T	34.030593872	-118.273925781	62.6	
T	34.030620575	-118.273971558	62.5	
T	34.030643463	-118.274017334	62.4	
T	34.030658722	-118.274055481	62.3	
T	34.030670166	-118.274085999	62.2	
T	34.030681610	-118.274101257	62.1	
T	34.030689240	-118.274124146	62.1	
T	34.030696869	-118.274139404	62.0	
T	34.030696869	-118.274154663	62.0	
T	34.030700684	-118.274169922	61.9	
T	34.030704498	-118.274177551	61.9	
T	34.030708313	-118.274169922	62.0	
T	34.030704498	-118.274169922	62.0	
T	34.030704498	-118.274162292	62.0	
T	34.030704498	-118.274162292	62.0	
T	34.030700684	-118.274169922	61.9	
T	34.030704498	-118.274169922	62.0	
T	34.030708313	-118.274169922	62.0	
T	34.030712128	-118.274162292	62.0	
T	34.030715942	-118.274162292	62.0	
T	34.030715942	-118.274162292	62.0	
T	34.030719757	-118.274185181	61.9	
T	34.030723572	-118.274192810	61.9	
T	34.030731201	-118.274200439	61.9	
T	34.030742645	-118.274230957	61.8	
T	34.030757904	-118.274261475	61.7	
T	34.030769348	-118.274291992	61.6	
T	34.030773163	-118.274322510	61.5	
T	34.030773163	-118.274360657	61.5	
T	34.030761719	-118.274406433	61.6	
T	34.030735016	-118.274459839	61.6	
T	34.030696869	-118.274497986	61.6	
T	34.030647278	-118.274536133	61.6	
T	34.030578613	-118.274566650	61.6	
T	34.030509949	-118.274604797	61.7	
T	34.030433655	-118.274635315	61.8	
T	34.030353546	-118.274673462	61.8	
T	34.030277252	-118.274711609	61.8	
T	34.030197144	-118.274765015	61.8	
T	34.030113220	-118.274810791	61.8	
T	34.030033112	-118.274864197	61.8	
T	34.029953003	-118.274909973	61.9	
T	34.029865265	-118.274963379	61.9	
T	34.029777527	-118.275009155	61.9	
T	34.029689789	-118.275062561	62.0	
T	34.029598236	-118.275115967	62.0	
T	34.029506683	-118.275177002	62.0	
T	34.029415131	-118.275230408	62.0	
T	34.029327393	-118.275283813	62.0	
T	34.029243469	-118.275337219	62.0	
T	34.029159546	-118.275390625	62.1	
T	34.029079437	-118.275436401	62.1	
T	34.029003143	-118.275482178	62.1	
T	34.028934479	-118.275527954	62.2	
T	34.028865814	-118.275573730	62.2	
T	34.028804779	-118.275604248	62.2	
T	34.028743744	-118.275642395	62.2	
T	34.028686523	-118.275680542	62.2	
T	34.028633118	-118.275711060	62.2	
T	34.028587341	-118.275733948	62.2	
T	34.028553009	-118.275756836	62.2	
T	34.028518677	-118.275779724	62.1	
T	34.028488159	-118.275794983	62.1	
T	34.028461456	-118.275810242	62.1	
T	34.028438568	-118.275817871	62.1	
T	34.028419495	-118.275833130	62.1	
T	34.028404236	-118.275840759	62.2	
T	34.028392792	-118.275848389	62.2	
T	34.028385162	-118.275856018	62.2	
T	34.028385162	-118.275863647	62.2	
T	34.028385162	-118.275863647	62.2	
T	34.028369904	-118.275863647	62.2	
T	34.028369904	-118.275871277	62.2	
T	34.028366089	-118.275871277	62.2	
T	34.028369904	-118.275871277	62.2	
T	34.028369904	-118.275871277	62.2	
T	34.028373718	-118.275878906	62.2	
T	34.028369904	-118.275901794	62.2	
T	34.028358459	-118.275909424	62.2	
T	34.028331757	-118.275924683	62.2	
T	34.028278351	-118.275939941	62.2	
T	34.028232574	-118.275947571	62.2	
T	34.028186798	-118.275955200	62.2	
T	34.028141022	-118.275939941	62.2	
T	34.028095245	-118.275909424	62.1	
T	34.028057098	-118.275871277	62.1	
T	34.028026581	-118.275833130	62.1	
T	34.028003693	-118.275787354	62.1	
T	34.027980804	-118.275741577	62.1	
T	34.027957916	-118.275695801	62.1	
T	34.027938843	-118.275650024	62.1	
T	34.027919769	-118.275611877	62.1	
T	34.027908325	-118.275573730	62.1	
T	34.027893066	-118.275543213	62.0	
T	34.027881622	-118.275520325	62.0	
T	34.027877808	-118.275497437	62.0	
T	34.027870178	-118.275482178	62.0	
T	34.027870178	-118.275474548	62.0	
T	34.027866364	-118.275466919	62.0	
T	34.027862549	-118.275459290	62.0	
T	34.027862549	-118.275459290	62.0	
T	34.027828217	-118.275444031	62.0	
T	34.027816772	-118.275428772	62.0	
T	34.027797699	-118.275405884	62.0	
T	34.027778625	-118.275367737	62.0	
T	34.027774811	-118.275321960	62.0	
T	34.027763367	-118.275276184	61.9	
T	34.027744293	-118.275222778	61.9	
T	34.027725220	-118.275169373	61.9	
T	34.027702332	-118.275108337	61.9	
T	34.027675629	-118.275047302	61.8	
T	34.027645111	-118.274986267	61.8	
T	34.027618408	-118.274917603	61.7	
T	34.027580261	-118.274848938	61.6	
T	34.027542114	-118.274772644	61.5	
T	34.027507782	-118.274696350	61.4	
T	34.027473450	-118.274620056	61.2	
T	34.027435303	-118.274543762	61.2	
T	34.027393341	-118.274459839	61.4	
T	34.027355194	-118.274375916	61.5	
T	34.027309418	-118.274284363	61.7	
T	34.027267456	-118.274185181	61.8	
T	34.027225494	-118.274093628	61.9	
T	34.027183533	-118.273994446	61.9	
T	34.027145386	-118.273895264	62.0	
T	34.027107239	-118.273803711	62.1	
T	34.027069092	-118.273712158	62.1	
T	34.027027130	-118.273612976	62.2	
T	34.026985168	-118.273521423	62.2	
T	34.026939392	-118.273422241	62.3	
T	34.026897430	-118.273323059	62.4	
T	34.026855469	-118.273216248	62.5	
T	34.026809692	-118.273117065	62.5	
T	34.026767731	-118.273017883	62.5	
T	34.026721954	-118.272918701	62.5	
T	34.026679993	-118.272827148	62.6	
T	34.026638031	-118.272743225	62.6	
T	34.026599884	-118.272666931	62.7	
T	34.026573181	-118.272590637	62.7	
T	34.026538849	-118.272521973	62.7	
T	34.026504517	-118.272468567	62.8	
T	34.026477814	-118.272430420	62.8	
T	34.026470184	-118.272384644	62.8	
T	34.026470184	-118.272354126	62.8	
T	34.026454926	-118.272331238	62.8	
T	34.026435852	-118.272323608	62.9	
T	34.026405334	-118.272308350	62.9	
T	34.026374817	-118.272315979	62.9	
T	34.026340485	-118.272331238	62.9	
T	34.026298523	-118.272346497	62.9	
T	34.026248932	-118.272369385	62.9	
T	34.026191711	-118.272415161	62.9	
T	34.026123047	-118.272460938	62.9	
T	34.026046753	-118.272514343	62.8	
T	34.025962830	-118.272583008	62.8	
T	34.025875092	-118.272651672	62.8	
T	34.025783539	-118.272727966	62.8	
T	34.025669098	-118.272773743	62.8	
T	34.025573730	-118.272842407	62.8	
T	34.025474548	-118.272911072	62.7	
T	34.025379181	-118.272979736	62.7	
T	34.025279999	-118.273040771	62.7	
T	34.025184631	-118.273101807	62.6	
T	34.025081635	-118.273162842	62.6	
T	34.024978638	-118.273223877	62.5	
T	34.024875641	-118.273284912	62.5	
T	34.024772644	-118.273353577	62.4	
T	34.024673462	-118.273406982	62.4	
T	34.024570465	-118.273475647	62.3	
T	34.024471283	-118.273536682	62.2	
T	34.024379730	-118.273612976	62.2	
T	34.024288177	-118.273674011	62.1	
T	34.024211884	-118.273735046	62.1	
T	34.024135590	-118.273788452	62.0	
T	34.024070740	-118.273834229	62.0	
T	34.024009705	-118.273880005	61.9	
T	34.023944855	-118.273925781	61.9	
T	34.023880005	-118.273963928	61.9	
T	34.023811340	-118.274009705	61.8	
T	34.023738861	-118.274047852	61.8	
T	34.023666382	-118.274093628	61.6	
T	34.023593903	-118.274139404	61.5	
T	34.023513794	-118.274185181	61.3	
T	34.023433685	-118.274230957	61.2	
T	34.023353577	-118.274284363	61.1	
T	34.023273468	-118.274330139	61.1	
T	34.023185730	-118.274383545	61.0	
T	34.023101807	-118.274444580	60.9	
T	34.023014069	-118.274497986	60.9	
T	34.022918701	-118.274551392	60.8	
T	34.022823334	-118.274604797	60.9	
T	34.022727966	-118.274665833	60.9	
T	34.022624969	-118.274734497	60.9	
T	34.022521973	-118.274795532	60.8	
T	34.022422791	-118.274871826	60.7	
T	34.022319794	-118.274932861	60.7	
T	34.022220612	-118.275001526	60.8	
T	34.022121429	-118.275070190	60.8	
T	34.022018433	-118.275138855	60.8	
T	34.021915436	-118.275207520	60.7	
T	34.021812439	-118.275276184	60.6	
T	34.021709442	-118.275344849	60.5	
T	34.021602631	-118.275413513	60.5	
T	34.021499634	-118.275474548	60.5	
T	34.021396637	-118.275543213	60.4	
T	34.021293640	-118.275611877	60.3	
T	34.021190643	-118.275672913	60.2	
T	34.021091461	-118.275741577	60.1	
T	34.020996094	-118.275802612	60.0	
T	34.020900726	-118.275863647	60.0	
T	34.020812988	-118.275917053	59.9	
T	34.020729065	-118.275955200	59.8	
T	34.020645142	-118.276008606	59.8	
T	34.020576477	-118.276046753	59.8	
T	34.020511627	-118.276084900	59.8	
T	34.020454407	-118.276115417	59.8	
T	34.020408630	-118.276138306	59.8	
T	34.020370483	-118.276153564	59.8	
T	34.020336151	-118.276168823	59.8	
T	34.020298004	-118.276176453	59.8	
T	34.020259857	-118.276168823	59.8	
T	34.020221710	-118.276153564	59.8	
T	34.020187378	-118.276115417	59.8	
T	34.020153046	-118.276069641	59.8	
T	34.020122528	-118.276016235	59.8	
T	34.020092010	-118.275955200	59.8	
T	34.020053864	-118.275871277	59.9	
T	34.020019531	-118.275779724	59.9	
T	34.019985199	-118.275695801	59.9	
T	34.019947052	-118.275596619	60.0	
T	34.019905090	-118.275505066	60.1	
T	34.019859314	-118.275413513	60.1	
T	34.019824982	-118.275337219	60.2	
T	34.019790649	-118.275268555	60.3	
T	34.019760132	-118.275199890	60.4	
T	34.019741058	-118.275131226	60.5	
T	34.019721985	-118.275070190	60.5	
T	34.019699097	-118.275024414	60.5	
T	34.019676208	-118.274978638	60.6	
T	34.019645691	-118.274955750	60.6	
T	34.019611359	-118.274932861	60.6	
T	34.019557953	-118.274932861	60.6	
T	34.019515991	-118.274963379	60.6	
T	34.019462585	-118.274993896	60.5	
T	34.019397736	-118.275039673	60.5	
T	34.019325256	-118.275093079	60.4	
T	34.019241333	-118.275177002	60.3	
T	34.019149780	-118.275245667	60.2	
T	34.019054413	-118.275314331	60.1	
T	34.018955231	-118.275382996	60.0	
T	34.018856049	-118.275444031	60.0	
T	34.018760681	-118.275505066	59.9	
T	34.018661499	-118.275573730	59.8	
T	34.018562317	-118.275650024	59.7	
T	34.018455505	-118.275703430	59.6	
T	34.018344879	-118.275764465	59.6	
T	34.018238068	-118.275825500	59.5	
T	34.018123627	-118.275894165	59.4	
T	34.018016815	-118.275962830	59.3	
T	34.017910004	-118.276031494	59.3	
T	34.017799377	-118.276092529	59.2	
T	34.017696381	-118.276161194	59.2	
T	34.017589569	-118.276237488	59.1	
T	34.017482758	-118.276298523	58.9	
T	34.017379761	-118.276367188	58.8	
T	34.017276764	-118.276435852	58.8	
T	34.017177582	-118.276496887	58.7	
T	34.017086029	-118.276557922	58.7	
T	34.016998291	-118.276626587	58.7	
T	34.016918182	-118.276687622	58.7	
T	34.016841888	-118.276741028	58.7	
T	34.016769409	-118.276794434	58.7	
T	34.016708374	-118.276840210	58.7	
T	34.016654968	-118.276885986	58.7	
T	34.016601562	-118.276924133	58.7	
T	34.016555786	-118.276954651	58.7	
T	34.016513824	-118.276985168	58.7	
T	34.016475677	-118.277000427	58.7	
T	34.016437531	-118.277015686	58.7	
T	34.016403198	-118.277030945	58.7	
T	34.016380310	-118.277046204	58.7	
T	34.016365051	-118.277061462	58.6	
T	34.016353607	-118.277069092	58.6	
T	34.016342163	-118.277084351	58.6	
T	34.016338348	-118.277099609	58.6	
T	34.016338348	-118.277130127	58.6	
T	34.016338348	-118.277153015	58.6	
T	34.016345978	-118.277191162	58.6	
T	34.016361237	-118.277229309	58.6	
T	34.016376495	-118.277275085	58.6	
T	34.016399384	-118.277313232	58.7	
T	34.016422272	-118.277359009	58.7	
T	34.016448975	-118.277412415	58.7	
T	34.016483307	-118.277465820	58.7	
T	34.016521454	-118.277526855	58.7	
T	34.016551971	-118.277587891	58.7	
T	34.016582489	-118.277656555	58.7	
T	34.016609192	-118.277702332	58.7	
T	34.016628265	-118.277740479	58.7	
T	34.016643524	-118.277770996	58.8	
T	34.016658783	-118.277809143	58.8	
T	34.016674042	-118.277839661	58.7	
T	34.016685486	-118.277854919	58.7	
T	34.016696930	-118.277877808	58.7	
T	34.016708374	-118.277893066	58.7	
T	34.016716003	-118.277908325	58.7	
T	34.016719818	-118.277915955	58.7	
T	34.016727448	-118.277931213	58.7	
T	34.016735077	-118.277946472	58.7	
T	34.016746521	-118.277954102	58.7	
T	34.016750336	-118.277961731	58.8	
T	34.016746521	-118.277976990	58.8	
T	34.016746521	-118.277984619	58.8	
T	34.016746521	-118.277992249	58.8	
T	34.016746521	-118.277992249	58.8	
T	34.016727448	-118.278022766	58.8	
T	34.016727448	-118.278015137	58.8	
T	34.016719818	-118.278015137	58.8	
T	34.016712189	-118.278015137	58.8	
T	34.016708374	-118.278007507	58.8	
T	34.016704559	-118.278007507	58.8	
T	34.016704559	-118.277999878	58.8	
T	34.016700745	-118.277999878	58.8	
T	34.016696930	-118.277992249	58.8	
T	34.016693115	-118.277984619	58.8	
T	34.016689301	-118.277984619	58.8	
T	34.016693115	-118.277984619	58.8	
T	34.016689301	-118.277984619	58.8	
T	34.016689301	-118.277984619	58.8	
T	34.016689301	-118.277984619	58.8	
T	34.016674042	-118.277984619	58.8	
T	34.016670227	-118.277984619	58.8	
T	34.016674042	-118.277984619	58.8	
T	34.016674042	-118.277976990	58.8	
T	34.016670227	-118.277976990	58.8	
T	34.016670227	-118.277969360	58.8	
T	34.016658783	-118.277954102	58.8	
T	34.016654968	-118.277946472	58.8	
T	34.016662598	-118.277946472	58.8	
T	34.016662598	-118.277946472	58.8	
T	34.016666412	-118.277908325	58.8	
T	34.016666412	-118.277915955	58.8	
T	34.016666412	-118.277923584	58.8	
T	34.016670227	-118.277923584	58.8	
T	34.016670227	-118.277931213	58.8	
T	34.016670227	-118.277931213	58.8	
T	34.016670227	-118.277931213	58.8	
T	34.016708374	-118.277961731	58.8	
T	34.016700745	-118.277961731	58.8	
T	34.016693115	-118.277961731	58.8	
T	34.016685486	-118.277954102	58.8	
T	34.016681671	-118.277954102	58.8	
T	34.016681671	-118.277954102	58.8	
T	34.016723633	-118.277976990	58.8	
T	34.016727448	-118.277969360	58.8	
T	34.016731262	-118.277969360	58.8	
T	34.016735077	-118.277969360	58.8	
T	34.016735077	-118.277961731	58.8	
T	34.016731262	-118.277961731	58.8	
T	34.016723633	-118.277961731	58.8	
T	34.016723633	-118.277961731	58.8	
T	34.016723633	-118.277961731	58.8	
T	34.016693115	-118.277969360	58.8	
T	34.016689301	-118.277969360	58.8	
T	34.016689301	-118.277976990	58.8	
T	34.016693115	-118.277984619	58.8	
T	34.016704559	-118.277984619	58.8	
T	34.016704559	-118.277984619	58.8	
T	34.016735077	-118.277992249	58.8	
T	34.016742706	-118.277992249	58.8	
T	34.016746521	-118.277992249	58.8	
T	34.016742706	-118.277992249	58.8	
T	34.016742706	-118.277984619	58.8	
T	34.016750336	-118.277984619	58.8	
T	34.016750336	-118.277984619	58.8	
T	34.016750336	-118.277984619	58.8	
T	34.016761780	-118.277984619	58.8	
T	34.016765594	-118.277984619	58.8	
T	34.016769409	-118.277984619	58.8	
T	34.016769409	-118.277976990	58.8	
T	34.016773224	-118.277984619	58.8	
T	34.016773224	-118.277976990	58.8	
T	34.016777039	-118.277976990	58.8	
T	34.016780853	-118.277969360	58.7	
T	34.016784668	-118.277961731	58.7	
T	34.016788483	-118.277961731	58.7	
T	34.016788483	-118.277961731	58.7	
T	34.016834259	-118.277931213	58.7	
T	34.016834259	-118.277938843	58.7	
T	34.016834259	-118.277946472	58.7	
T	34.016830444	-118.277946472	58.7	
T	34.016834259	-118.277946472	58.7	
T	34.016834259	-118.277946472	58.7	
T	34.016834259	-118.277946472	58.7	
T	34.016742706	-118.277946472	58.7	
T	34.016735077	-118.277946472	58.7	
T	34.016727448	-118.277946472	58.8	
T	34.016727448	-118.277954102	58.8	
T	34.016727448	-118.277954102	58.8	
T	34.016727448	-118.277954102	58.8	
T	34.016761780	-118.278060913	58.8	
T	34.016769409	-118.278083801	58.8	
T	34.016773224	-118.278114319	58.9	
T	34.016780853	-118.278121948	58.9	
T	34.016792297	-118.278144836	58.9	
T	34.016803741	-118.278167725	58.9	
T	34.016807556	-118.278182983	58.9	
T	34.016811371	-118.278198242	58.9	
T	34.016811371	-118.278205872	58.9	
T	34.016811371	-118.278213501	58.9	
T	34.016807556	-118.278221130	58.9	
T	34.016803741	-118.278213501	58.9	
T	34.016799927	-118.278205872	58.9	
T	34.016792297	-118.278198242	58.9	
T	34.016788483	-118.278190613	58.9	
T	34.016788483	-118.278182983	58.9	
T	34.016792297	-118.278175354	58.9	
T	34.016792297	-118.278167725	58.9	
T	34.016792297	-118.278167725	58.9	
T	34.016815186	-118.278160095	58.9	
T	34.016822815	-118.278182983	58.9	
T	34.016830444	-118.278205872	58.9	
T	34.016830444	-118.278244019	59.0	
T	34.016819000	-118.278282166	59.0	
T	34.016799927	-118.278343201	59.1	
T	34.016765594	-118.278373718	59.1	
T	34.016716003	-118.278396606	59.1	
T	34.016654968	-118.278411865	59.1	
T	34.016597748	-118.278427124	59.2	
T	34.016529083	-118.278442383	59.2	
T	34.016460419	-118.278472900	59.2	
T	34.016391754	-118.278511047	59.4	
T	34.016315460	-118.278564453	59.5	
T	34.016231537	-118.278640747	59.6	
T	34.016147614	-118.278701782	59.7	
T	34.016056061	-118.278770447	59.8	
T	34.015964508	-118.278839111	59.9	
T	34.015869141	-118.278907776	60.0	
T	34.015773773	-118.278968811	60.1	
T	34.015678406	-118.279029846	60.2	
T	34.015583038	-118.279090881	60.1	
T	34.015487671	-118.279151917	60.1	
T	34.015388489	-118.279212952	60.2	
T	34.015293121	-118.279273987	60.1	
T	34.015201569	-118.279335022	60.1	
T	34.015110016	-118.279396057	60.1	
T	34.015029907	-118.279449463	60.0	
T	34.014957428	-118.279495239	60.0	
T	34.014888763	-118.279541016	60.0	
T	34.014820099	-118.279586792	59.9	
T	34.014751434	-118.279632568	59.8	
T	34.014675140	-118.279678345	59.6	
T	34.014598846	-118.279724121	59.5	
T	34.014522552	-118.279769897	59.2	
T	34.014438629	-118.279815674	59.0	
T	34.014354706	-118.279861450	58.7	
T	34.014266968	-118.279914856	58.4	
T	34.014179230	-118.279960632	57.9	
T	34.014087677	-118.280014038	57.2	
T	34.014007568	-118.280059814	56.7	
T	34.013935089	-118.280105591	56.4	
T	34.013874054	-118.280143738	56.2	
T	34.013835907	-118.280189514	56.0	
T	34.013801575	-118.280227661	55.9	
T	34.013782501	-118.280258179	55.8	
T	34.013771057	-118.280288696	55.7	
T	34.013763428	-118.280303955	55.7	
T	34.013763428	-118.280311584	55.7	
T	34.013759613	-118.280326843	55.6	
T	34.013751984	-118.280349731	55.6	
T	34.013740540	-118.280380249	55.5	
T	34.013729095	-118.280410767	55.5	
T	34.013721466	-118.280448914	55.6	
T	34.013725281	-118.280487061	55.7	
T	34.013729095	-118.280517578	55.8	
T	34.013729095	-118.280555725	55.9	
T	34.013732910	-118.280593872	55.9	
T	34.013740540	-118.280632019	56.0	
T	34.013748169	-118.280677795	56.1	
T	34.013828278	-118.280792236	56.8	
T	34.013877869	-118.280868530	57.1	
T	34.013908386	-118.280960083	57.1	
T	34.013935089	-118.281044006	57.2	
T	34.013961792	-118.281135559	57.0	
T	34.013992310	-118.281227112	56.2	
T	34.014015198	-118.281372070	55.5	
T	34.014015198	-118.281501770	55.4	
T	34.014026642	-118.281623840	55.3	
T	34.014038086	-118.281745911	55.2	
T	34.014060974	-118.281883240	55.2	
T	34.014072418	-118.282005310	55.2	
T	34.014080048	-118.282119751	55.2	
T	34.014080048	-118.282218933	55.3	
T	34.014080048	-118.282356262	55.3	
T	34.014076233	-118.282440186	55.2	
T	34.014072418	-118.282516479	55.1	
T	34.014068604	-118.282577515	55.0	
T	34.014072418	-118.282608032	55.0	
T	34.014072418	-118.282630920	55.0	
T	34.014072418	-118.282646179	55.0	
T	34.014076233	-118.282646179	55.0	
T	34.014072418	-118.282653809	55.0	
T	34.014072418	-118.282653809	55.0	
T	34.014102936	-118.282638550	55.1	
T	34.014106750	-118.282646179	55.1	
T	34.014110565	-118.282676697	55.0	
T	34.014118195	-118.282699585	55.0	
T	34.014133453	-118.282737732	55.0	
T	34.014163971	-118.282760620	55.0	
T	34.014213562	-118.282760620	55.1	
T	34.014270782	-118.282745361	55.2	
T	34.014339447	-118.282737732	55.3	
T	34.014419556	-118.282730103	55.4	
T	34.014518738	-118.282722473	55.4	
T	34.014617920	-118.282707214	55.5	
T	34.014720917	-118.282699585	55.5	
T	34.014823914	-118.282707214	55.5	
T	34.014934540	-118.282707214	55.6	
T	34.015037537	-118.282707214	55.6	
T	34.015129089	-118.282714844	55.5	
T	34.015216827	-118.282722473	55.5	
T	34.015293121	-118.282722473	55.6	
T	34.015361786	-118.282722473	55.6	
T	34.015422821	-118.282714844	55.6	
T	34.015476227	-118.282714844	55.7	
T	34.015518188	-118.282714844	55.7	
T	34.015548706	-118.282714844	55.8	
T	34.015575409	-118.282707214	55.8	
T	34.015594482	-118.282707214	55.8	
T	34.015605927	-118.282707214	55.9	
T	34.015617371	-118.282707214	55.9	
T	34.015628815	-118.282707214	55.9	
T	34.015636444	-118.282707214	55.9	
T	34.015625000	-118.282714844	55.9	
T	34.015625000	-118.282714844	55.9	
T	34.015598297	-118.282745361	55.8	
T	34.015590668	-118.282745361	55.8	
T	34.015594482	-118.282745361	55.8	
T	34.015602112	-118.282745361	55.9	
T	34.015625000	-118.282745361	55.9	
T	34.015651703	-118.282745361	55.9	
T	34.015689850	-118.282745361	56.0	
T	34.015743256	-118.282745361	56.2	
T	34.015800476	-118.282737732	56.3	
T	34.015857697	-118.282745361	56.5	
T	34.015922546	-118.282745361	56.7	
T	34.015995026	-118.282745361	56.9	
T	34.016067505	-118.282745361	57.1	
T	34.016151428	-118.282745361	57.2	
T	34.016231537	-118.282745361	57.4	
T	34.016311646	-118.282745361	57.5	
T	34.016391754	-118.282737732	57.6	
T	34.016475677	-118.282737732	57.7	
T	34.016559601	-118.282737732	57.8	
T	34.016639709	-118.282730103	57.9	
T	34.016719818	-118.282722473	58.0	
T	34.016799927	-118.282722473	58.1	
T	34.016880035	-118.282722473	58.2	
T	34.016963959	-118.282722473	58.2	
T	34.017047882	-118.282722473	58.3	
T	34.017131805	-118.282722473	58.3	
T	34.017215729	-118.282722473	58.3	
T	34.017303467	-118.282722473	58.3	
T	34.017383575	-118.282714844	58.3	
T	34.017467499	-118.282707214	58.3	
T	34.017547607	-118.282691956	58.4	
T	34.017627716	-118.282669067	58.4	
T	34.017711639	-118.282623291	58.5	
T	34.017803192	-118.282562256	58.6	
T	34.017887115	-118.282508850	58.7	
T	34.017974854	-118.282447815	58.8	
T	34.018066406	-118.282394409	58.9	
T	34.018154144	-118.282341003	58.9	
T	34.018249512	-118.282295227	59.0	
T	34.018337250	-118.282241821	59.0	
T	34.018424988	-118.282188416	59.1	
T	34.018505096	-118.282142639	59.1	
T	34.018596649	-118.282081604	59.2	
T	34.018684387	-118.282028198	59.4	
T	34.018772125	-118.281974792	59.5	
T	34.018859863	-118.281913757	59.5	
T	34.018955231	-118.281852722	59.6	
T	34.019046783	-118.281791687	59.6	
T	34.019138336	-118.281738281	59.6	
T	34.019229889	-118.281677246	59.7	
T	34.019321442	-118.281616211	59.8	
T	34.019416809	-118.281562805	59.8	
T	34.019508362	-118.281501770	59.8	
T	34.019611359	-118.281448364	59.8	
T	34.019695282	-118.281379700	59.8	
T	34.019786835	-118.281318665	59.8	
T	34.019874573	-118.281257629	59.8	
T	34.019962311	-118.281204224	59.8	
T	34.020053864	-118.281143188	59.7	
T	34.020153046	-118.281074524	59.6	
T	34.020256042	-118.281005859	59.6	
T	34.020362854	-118.280937195	59.5	
T	34.020462036	-118.280868530	59.5	
T	34.020553589	-118.280807495	59.5	
T	34.020645142	-118.280754089	59.5	
T	34.020740509	-118.280693054	59.5	
T	34.020835876	-118.280632019	59.4	
T	34.020935059	-118.280563354	59.3	
T	34.021034241	-118.280502319	59.1	
T	34.021129608	-118.280441284	59.0	
T	34.021224976	-118.280380249	58.9	
T	34.021316528	-118.280319214	58.9	
T	34.021415710	-118.280250549	58.8	
T	34.021514893	-118.280189514	58.8	
T	34.021610260	-118.280128479	58.7	
T	34.021709442	-118.280067444	58.7	
T	34.021808624	-118.280006409	58.6	
T	34.021926880	-118.279953003	58.6	
T	34.022018433	-118.279899597	58.7	
T	34.022106171	-118.279838562	58.7	
T	34.022193909	-118.279785156	58.7	
T	34.022285461	-118.279724121	58.7	
T	34.022380829	-118.279663086	58.7	
T	34.022468567	-118.279609680	58.7	
T	34.022541046	-118.279556274	58.7	
T	34.022613525	-118.279502869	58.7	
T	34.022682190	-118.279464722	58.7	
T	34.022727966	-118.279426575	58.7	
T	34.022792816	-118.279396057	58.7	
T	34.022850037	-118.279365540	58.7	
T	34.022903442	-118.279335022	58.7	
T	34.022945404	-118.279312134	58.7	
T	34.022987366	-118.279296875	58.7	
T	34.023017883	-118.279289246	58.8	
T	34.023036957	-118.279281616	58.8	
T	34.023052216	-118.279281616	58.8	
T	34.023063660	-118.279273987	58.8	
T	34.023075104	-118.279273987	58.8	
T	34.023078918	-118.279266357	58.8	
T	34.023075104	-118.279281616	58.8	
T	34.023078918	-118.279281616	58.8	
T	34.023090363	-118.279281616	58.8	
T	34.023105621	-118.279273987	58.8	
T	34.023109436	-118.279266357	58.8	
T	34.023120880	-118.279258728	58.8	
T	34.023139954	-118.279251099	58.8	
T	34.023162842	-118.279235840	58.8	
T	34.023193359	-118.279220581	58.8	
T	34.023239136	-118.279197693	58.8	
T	34.023288727	-118.279167175	58.9	
T	34.023342133	-118.279136658	58.9	
T	34.023399353	-118.279098511	58.9	
T	34.023456573	-118.279060364	58.9	
T	34.023517609	-118.279022217	58.9	
T	34.023574829	-118.278984070	58.8	
T	34.023632050	-118.278938293	58.8	
T	34.023696899	-118.278892517	58.7	
T	34.023777008	-118.278831482	58.7	
T	34.023845673	-118.278778076	58.7	
T	34.023906708	-118.278724670	58.7	
T	34.023971558	-118.278678894	58.6	
T	34.024036407	-118.278633118	58.5	
T	34.024093628	-118.278594971	58.5	
T	34.024143219	-118.278564453	58.4	
T	34.024185181	-118.278533936	58.3	
T	34.024230957	-118.278503418	58.3	
T	34.024276733	-118.278472900	58.2	
T	34.024322510	-118.278442383	58.1	
T	34.024372101	-118.278404236	58.1	
T	34.024429321	-118.278373718	58.0	
T	34.024490356	-118.278327942	57.9	
T	34.024551392	-118.278289795	57.8	
T	34.024616241	-118.278244019	57.8	
T	34.024684906	-118.278198242	57.7	
T	34.024757385	-118.278152466	57.7	
T	34.024829865	-118.278106689	57.6	
T	34.024898529	-118.278060913	57.6	
T	34.024974823	-118.278015137	57.6	
T	34.025051117	-118.277961731	57.6	
T	34.025127411	-118.277915955	57.6	
T	34.025199890	-118.277870178	57.7	
T	34.025276184	-118.277824402	57.8	
T	34.025344849	-118.277778625	57.9	
T	34.025421143	-118.277732849	58.0	
T	34.025493622	-118.277687073	58.1	
T	34.025569916	-118.277641296	58.3	
T	34.025638580	-118.277603149	58.4	
T	34.025695801	-118.277557373	58.5	
T	34.025756836	-118.277526855	58.6	
T	34.025802612	-118.277496338	58.7	
T	34.025840759	-118.277473450	58.8	
T	34.025867462	-118.277450562	58.9	
T	34.025890350	-118.277435303	58.9	
T	34.025905609	-118.277420044	58.9	
T	34.025920868	-118.277412415	59.0	
T	34.025932312	-118.277404785	59.0	
T	34.025936127	-118.277397156	59.0	
T	34.025943756	-118.277389526	59.0	
T	34.025947571	-118.277389526	59.0	
T	34.025943756	-118.277389526	59.0	
T	34.025943756	-118.277381897	59.0	
T	34.025939941	-118.277389526	59.0	
T	34.025939941	-118.277389526	59.0	
T	34.025920868	-118.277374268	59.0	
T	34.025939941	-118.277359009	59.0	
T	34.025966644	-118.277336121	59.1	
T	34.026035309	-118.277305603	59.3	
T	34.026084900	-118.277267456	59.4	
T	34.026145935	-118.277229309	59.6	
T	34.026203156	-118.277191162	59.7	
T	34.026271820	-118.277145386	59.9	
T	34.026340485	-118.277107239	60.1	
T	34.026412964	-118.277061462	60.3	
T	34.026485443	-118.277023315	60.6	
T	34.026561737	-118.276977539	60.8	
T	34.026634216	-118.276924133	60.9	
T	34.026706696	-118.276878357	61.0	
T	34.026779175	-118.276832581	61.2	
T	34.026851654	-118.276786804	61.3	
T	34.026931763	-118.276733398	61.4	
T	34.027011871	-118.276672363	61.5	
T	34.027088165	-118.276618958	61.7	
T	34.027156830	-118.276565552	61.7	
T	34.027221680	-118.276519775	61.8	
T	34.027290344	-118.276473999	61.8	
T	34.027355194	-118.276435852	61.8	
T	34.027416229	-118.276405334	61.9	
T	34.027473450	-118.276367188	61.9	
T	34.027523041	-118.276336670	61.9	
T	34.027568817	-118.276306152	62.0	
T	34.027610779	-118.276283264	62.0	
T	34.027645111	-118.276252747	62.0	
T	34.027671814	-118.276229858	62.0	
T	34.027694702	-118.276206970	62.0	
T	34.027717590	-118.276191711	62.0	
T	34.027736664	-118.276176453	62.0	
T	34.027748108	-118.276168823	62.0	
T	34.027748108	-118.276161194	62.0	
T	34.027751923	-118.276168823	62.0	
T	34.027748108	-118.276168823	62.0	
T	34.027751923	-118.276161194	62.0	
T	34.027748108	-118.276161194	62.0	
T	34.027751923	-118.276153564	62.0	
T	34.027763367	-118.276145935	62.0	
T	34.027763367	-118.276145935	62.0	
T	34.027820587	-118.276145935	62.1	
T	34.027816772	-118.276145935	62.1	
T	34.027812958	-118.276145935	62.1	
T	34.027809143	-118.276145935	62.1	
T	34.027809143	-118.276153564	62.1	
T	34.027812958	-118.276153564	62.1	
T	34.027816772	-118.276161194	62.1	
T	34.027816772	-118.276153564	62.1	
T	34.027809143	-118.276153564	62.1	
T	34.027809143	-118.276145935	62.1	
T	34.027809143	-118.276138306	62.1	
T	34.027797699	-118.276145935	62.1	
T	34.027793884	-118.276145935	62.1	
T	34.027790070	-118.276153564	62.1	
T	34.027786255	-118.276153564	62.1	
T	34.027790070	-118.276153564	62.1	
T	34.027790070	-118.276161194	62.1	
T	34.027793884	-118.276161194	62.1	
T	34.027793884	-118.276161194	62.1	
T	34.027790070	-118.276161194	62.1	
T	34.027790070	-118.276168823	62.1	
T	34.027793884	-118.276168823	62.1	
T	34.027793884	-118.276168823	62.1	
T	34.027835846	-118.276153564	62.1	
T	34.027851105	-118.276145935	62.1	
T	34.027866364	-118.276138306	62.1	
T	34.027896881	-118.276115417	62.1	
T	34.027927399	-118.276092529	62.1	
T	34.027961731	-118.276062012	62.1	
T	34.028003693	-118.276031494	62.1	
T	34.028034210	-118.276016235	62.1	
T	34.028053284	-118.275993347	62.1	
T	34.028060913	-118.275962830	62.1	
T	34.028064728	-118.275932312	62.1	
T	34.028060913	-118.275901794	62.1	
T	34.028045654	-118.275871277	62.1	
T	34.028018951	-118.275840759	62.1	
T	34.027996063	-118.275810242	62.1	
T	34.027976990	-118.275779724	62.1	
T	34.027957916	-118.275741577	62.1	
T	34.027935028	-118.275703430	62.1	
T	34.027915955	-118.275665283	62.1	
T	34.027896881	-118.275619507	62.1	
T	34.027870178	-118.275558472	62.1	
T	34.027839661	-118.275489807	62.0	
T	34.027812958	-118.275421143	62.0	
T	34.027782440	-118.275352478	62.0	
T	34.027755737	-118.275276184	61.9	
T	34.027725220	-118.275207520	61.9	
T	34.027694702	-118.275131226	61.9	
T	34.027660370	-118.275054932	61.8	
T	34.027629852	-118.274986267	61.8	
T	34.027599335	-118.274932861	61.7	
T	34.027568817	-118.274864197	61.7	
T	34.027538300	-118.274803162	61.5	
T	34.027511597	-118.274734497	61.4	
T	34.027492523	-118.274673462	61.3	
T	34.027473450	-118.274620056	61.2	
T	34.027454376	-118.274581909	61.2	
T	34.027439117	-118.274543762	61.2	
T	34.027431488	-118.274513245	61.3	
T	34.027423859	-118.274490356	61.3	
T	34.027420044	-118.274475098	61.3	
T	34.027412415	-118.274467468	61.3	
T	34.027412415	-118.274459839	61.4	
T	34.027412415	-118.274452209	61.4	
T	34.027416229	-118.274452209	61.4	
T	34.027412415	-118.274444580	61.4	
T	34.027397156	-118.274414062	61.5	
T	34.027385712	-118.274383545	61.5	
T	34.027370453	-118.274353027	61.6	
T	34.027351379	-118.274314880	61.7	
T	34.027328491	-118.274261475	61.7	
T	34.027305603	-118.274208069	61.8	
T	34.027278900	-118.274147034	61.8	
T	34.027248383	-118.274078369	61.9	
T	34.027221680	-118.274017334	61.9	
T	34.027194977	-118.273948669	62.0	
T	34.027172089	-118.273880005	62.0	
T	34.027149200	-118.273811340	62.1	
T	34.027126312	-118.273750305	62.1	
T	34.027103424	-118.273681641	62.1	
T	34.027076721	-118.273612976	62.2	
T	34.027053833	-118.273551941	62.2	
T	34.027023315	-118.273483276	62.2	
T	34.026985168	-118.273414612	62.3	
T	34.026943207	-118.273338318	62.3	
T	34.026905060	-118.273262024	62.4	
T	34.026863098	-118.273178101	62.5	
T	34.026824951	-118.273101807	62.5	
T	34.026782990	-118.273025513	62.5	
T	34.026744843	-118.272941589	62.5	
T	34.026702881	-118.272865295	62.6	
T	34.026664734	-118.272781372	62.6	
T	34.026626587	-118.272712708	62.7	
T	34.026599884	-118.272644043	62.7	
T	34.026573181	-118.272575378	62.7	
T	34.026546478	-118.272521973	62.7	
T	34.026531219	-118.272468567	62.8	
T	34.026512146	-118.272438049	62.8	
T	34.026500702	-118.272407532	62.8	
T	34.026496887	-118.272384644	62.8	
T	34.026481628	-118.272377014	62.8	
T	34.026477814	-118.272361755	62.8	
T	34.026470184	-118.272354126	62.8	
T	34.026466370	-118.272346497	62.8	
T	34.026462555	-118.272338867	62.8	
T	34.026451111	-118.272331238	62.8	
T	34.026435852	-118.272323608	62.9	
T	34.026416779	-118.272323608	62.9	
T	34.026393890	-118.272323608	62.9	
T	34.026359558	-118.272338867	62.9	
T	34.026317596	-118.272361755	62.9	
T	34.026264191	-118.272384644	62.9	
T	34.026187897	-118.272422791	62.9	
T	34.026107788	-118.272460938	62.9	
T	34.026020050	-118.272514343	62.8	
T	34.025932312	-118.272567749	62.8	
T	34.025836945	-118.272628784	62.8	
T	34.025749207	-118.272705078	62.8	
T	34.025657654	-118.272796631	62.8	
T	34.025558472	-118.272872925	62.8	
T	34.025455475	-118.272949219	62.7	
T	34.025344849	-118.273025513	62.7	
T	34.025238037	-118.273094177	62.6	
T	34.025127411	-118.273162842	62.6	
T	34.025012970	-118.273231506	62.5	
T	34.024898529	-118.273300171	62.5	
T	34.024784088	-118.273361206	62.4	
T	34.024673462	-118.273429871	62.3	
T	34.024566650	-118.273498535	62.3	
T	34.024463654	-118.273567200	62.2	
T	34.024364471	-118.273628235	62.2	
T	34.024269104	-118.273689270	62.1	
T	34.024185181	-118.273750305	62.1	
T	34.024101257	-118.273803711	62.0	
T	34.024021149	-118.273864746	62.0	
T	34.023948669	-118.273918152	61.9	
T	34.023876190	-118.273971558	61.9	
T	34.023811340	-118.274017334	61.8	
T	34.023754120	-118.274055481	61.8	
T	34.023700714	-118.274093628	61.7	
T	34.023654938	-118.274124146	61.6	
T	34.023620605	-118.274154663	61.5	
T	34.023593903	-118.274169922	61.5	
T	34.023574829	-118.274185181	61.4	
T	34.023555756	-118.274192810	61.4	
T	34.023548126	-118.274185181	61.4	
T	34.023544312	-118.274192810	61.4	
T	34.023540497	-118.274200439	61.4	
T	34.023536682	-118.274200439	61.4	
T	34.023536682	-118.274200439	61.4	
T	34.023509979	-118.274223328	61.3	
T	34.023464203	-118.274246216	61.2	
T	34.023403168	-118.274284363	61.1	
T	34.023326874	-118.274322510	61.1	
T	34.023242950	-118.274368286	61.0	
T	34.023155212	-118.274414062	61.0	
T	34.023063660	-118.274475098	60.9	
T	34.022968292	-118.274528503	60.9	
T	34.022872925	-118.274589539	60.8	
T	34.022769928	-118.274658203	60.9	
T	34.022670746	-118.274726868	60.9	
T	34.022571564	-118.274787903	60.8	
T	34.022468567	-118.274856567	60.7	
T	34.022361755	-118.274925232	60.7	
T	34.022254944	-118.274986267	60.8	
T	34.022148132	-118.275054932	60.8	
T	34.022045135	-118.275123596	60.8	
T	34.021942139	-118.275192261	60.7	
T	34.021835327	-118.275260925	60.6	
T	34.021728516	-118.275321960	60.6	
T	34.021621704	-118.275390625	60.5	
T	34.021518707	-118.275459290	60.5	
T	34.021419525	-118.275535583	60.4	
T	34.021316528	-118.275604248	60.3	
T	34.021217346	-118.275665283	60.2	
T	34.021118164	-118.275733948	60.1	
T	34.021018982	-118.275802612	60.0	
T	34.020915985	-118.275863647	60.0	
T	34.020816803	-118.275924683	59.9	
T	34.020725250	-118.275985718	59.8	
T	34.020637512	-118.276031494	59.8	
T	34.020557404	-118.276077271	59.8	
T	34.020484924	-118.276115417	59.8	
T	34.020420074	-118.276138306	59.8	
T	34.020370483	-118.276153564	59.8	
T	34.020328522	-118.276168823	59.8	
T	34.020286560	-118.276168823	59.8	
T	34.020248413	-118.276153564	59.8	
T	34.020206451	-118.276115417	59.8	
T	34.020164490	-118.276069641	59.8	
T	34.020133972	-118.276008606	59.8	
T	34.020099640	-118.275947571	59.8	
T	34.020057678	-118.275871277	59.9	
T	34.020015717	-118.275787354	59.9	
T	34.019969940	-118.275695801	59.9	
T	34.019927979	-118.275604248	60.0	
T	34.019882202	-118.275505066	60.0	
T	34.019840240	-118.275413513	60.1	
T	34.019802094	-118.275321960	60.2	
T	34.019771576	-118.275245667	60.3	
T	34.019744873	-118.275177002	60.4	
T	34.019725800	-118.275123596	60.5	
T	34.019706726	-118.275077820	60.5	
T	34.019691467	-118.275032043	60.5	
T	34.019668579	-118.275001526	60.6	
T	34.019641876	-118.274971008	60.6	
T	34.019611359	-118.274948120	60.6	
T	34.019557953	-118.274963379	60.6	
T	34.019512177	-118.274978638	60.6	
T	34.019462585	-118.275009155	60.5	
T	34.019409180	-118.275054932	60.5	
T	34.019348145	-118.275100708	60.4	
T	34.019271851	-118.275154114	60.4	
T	34.019191742	-118.275207520	60.3	
T	34.019107819	-118.275268555	60.2	
T	34.019020081	-118.275321960	60.1	
T	34.018924713	-118.275382996	60.0	
T	34.018821716	-118.275451660	60.0	
T	34.018718719	-118.275520325	59.9	
T	34.018611908	-118.275588989	59.8	
T	34.018505096	-118.275657654	59.7	
T	34.018394470	-118.275726318	59.6	
T	34.018283844	-118.275794983	59.5	
T	34.018177032	-118.275856018	59.5	
T	34.018074036	-118.275924683	59.4	
T	34.017967224	-118.275985718	59.3	
T	34.017871857	-118.276054382	59.3	
T	34.017772675	-118.276115417	59.2	
T	34.017677307	-118.276176453	59.2	
T	34.017581940	-118.276237488	59.1	
T	34.017486572	-118.276298523	58.9	
T	34.017383575	-118.276359558	58.8	
T	34.017288208	-118.276420593	58.8	
T	34.017196655	-118.276489258	58.7	
T	34.017105103	-118.276550293	58.7	
T	34.017017365	-118.276611328	58.7	
T	34.016937256	-118.276672363	58.7	
T	34.016864777	-118.276725769	58.7	
T	34.016796112	-118.276771545	58.7	
T	34.016738892	-118.276809692	58.7	
T	34.016693115	-118.276840210	58.7	
T	34.016654968	-118.276870728	58.7	
T	34.016624451	-118.276893616	58.7	
T	34.016601562	-118.276916504	58.7	
T	34.016582489	-118.276931763	58.7	
T	34.016563416	-118.276947021	58.7	
T	34.016548157	-118.276962280	58.7	
T	34.016536713	-118.276969910	58.7	
T	34.016521454	-118.276985168	58.7	
T	34.016502380	-118.276992798	58.7	
T	34.016479492	-118.277000427	58.7	
T	34.016456604	-118.277015686	58.7	
T	34.016433716	-118.277030945	58.7	
T	34.016414642	-118.277046204	58.7	
T	34.016403198	-118.277053833	58.7	
T	34.016391754	-118.277061462	58.7	
T	34.016384125	-118.277069092	58.7	
T	34.016376495	-118.277069092	58.6	
T	34.016372681	-118.277076721	58.6	
T	34.016365051	-118.277076721	58.6	
T	34.016365051	-118.277076721	58.6	
T	34.016345978	-118.277099609	58.6	
T	34.016342163	-118.277122498	58.6	
T	34.016342163	-118.277153015	58.6	
T	34.016349792	-118.277206421	58.6	
T	34.016365051	-118.277259827	58.6	
T	34.016384125	-118.277297974	58.6	
T	34.016407013	-118.277343750	58.7	
T	34.016437531	-118.277397156	58.7	
T	34.016468048	-118.277442932	58.7	
T	34.016502380	-118.277503967	58.7	
T	34.016536713	-118.277565002	58.7	
T	34.016574860	-118.277626038	58.7	
T	34.016605377	-118.277679443	58.7	
T	34.016628265	-118.277725220	58.7	
T	34.016654968	-118.277770996	58.8	
T	34.016674042	-118.277809143	58.7	
T	34.016693115	-118.277854919	58.7	
T	34.016712189	-118.277885437	58.7	
T	34.016723633	-118.277908325	58.7	
T	34.016731262	-118.277915955	58.7	
T	34.016735077	-118.277931213	58.7	
T	34.016738892	-118.277938843	58.7	
T	34.016746521	-118.277938843	58.7	
T	34.016746521	-118.277946472	58.7	
T	34.016750336	-118.277954102	58.7	
T	34.016754150	-118.277954102	58.7	
T	34.016757965	-118.277961731	58.8	
T	34.016773224	-118.277961731	58.7	
T	34.016773224	-118.277969360	58.8	
T	34.016777039	-118.277969360	58.7	
T	34.016784668	-118.277976990	58.8	
T	34.016788483	-118.277976990	58.8	
T	34.016792297	-118.277984619	58.8	
T	34.016796112	-118.277984619	58.8	
T	34.016803741	-118.277992249	58.8	
T	34.016811371	-118.277992249	58.8	
T	34.016819000	-118.277992249	58.8	
T	34.016826630	-118.277992249	58.8	
T	34.016830444	-118.277999878	58.8	
T	34.016834259	-118.277999878	58.8	
T	34.016838074	-118.277999878	58.8	
T	34.016845703	-118.277999878	58.8	
T	34.016849518	-118.277999878	58.8	
T	34.016845703	-118.278007507	58.8	
T	34.016853333	-118.278022766	58.8	
T	34.016849518	-118.278022766	58.8	
T	34.016853333	-118.278022766	58.8	
T	34.016857147	-118.278022766	58.8	
T	34.016857147	-118.278030396	58.8	
T	34.016853333	-118.278022766	58.8	
T	34.016849518	-118.278022766	58.8	
T	34.016849518	-118.278022766	58.8	
T	34.016849518	-118.278022766	58.8	
T	34.016761780	-118.277984619	58.8	
T	34.016754150	-118.277984619	58.8	
T	34.016746521	-118.277976990	58.8	
T	34.016742706	-118.277976990	58.8	
T	34.016746521	-118.277976990	58.8	
T	34.016746521	-118.277969360	58.8	
T	34.016742706	-118.277969360	58.8	
T	34.016738892	-118.277961731	58.8	
T	34.016735077	-118.277961731	58.8	
T	34.016731262	-118.277961731	58.8	
T	34.016727448	-118.277961731	58.8	
T	34.016723633	-118.277954102	58.8	
T	34.016719818	-118.277954102	58.8	
T	34.016719818	-118.277946472	58.8	
T	34.016727448	-118.277946472	58.8	
T	34.016731262	-118.277946472	58.7	
T	34.016731262	-118.277946472	58.7	
T	34.016719818	-118.277976990	58.8	
T	34.016723633	-118.277976990	58.8	
T	34.016727448	-118.277976990	58.8	
T	34.016731262	-118.277976990	58.8	
T	34.016735077	-118.277976990	58.8	
T	34.016735077	-118.277984619	58.8	
T	34.016735077	-118.277984619	58.8	
T	34.016765594	-118.277976990	58.8	
T	34.016769409	-118.277976990	58.8	
T	34.016773224	-118.277984619	58.8	
T	34.016773224	-118.277984619	58.8	
T	34.016757965	-118.278007507	58.8	
T	34.016754150	-118.278007507	58.8	
T	34.016750336	-118.278007507	58.8	
T	34.016750336	-118.277999878	58.8	
T	34.016750336	-118.277999878	58.8	
T	34.016696930	-118.277961731	58.8	
T	34.016696930	-118.277976990	58.8	
T	34.016700745	-118.277984619	58.8	
T	34.016700745	-118.277999878	58.8	
T	34.016704559	-118.277999878	58.8	
T	34.016704559	-118.277999878	58.8	
T	34.016750336	-118.278015137	58.8	
T	34.016754150	-118.278007507	58.8	
T	34.016761780	-118.278007507	58.8	
T	34.016765594	-118.278007507	58.8	
T	34.016769409	-118.278007507	58.8	
T	34.016773224	-118.278007507	58.8	
T	34.016784668	-118.277999878	58.8	
T	34.016792297	-118.277992249	58.8	
T	34.016799927	-118.277976990	58.7	
T	34.016807556	-118.277969360	58.7	
T	34.016811371	-118.277961731	58.7	
T	34.016807556	-118.277954102	58.7	
T	34.016803741	-118.277961731	58.7	
T	34.016799927	-118.277961731	58.7	
T	34.016784668	-118.277946472	58.7	
T	34.016780853	-118.277946472	58.7	
T	34.016788483	-118.277946472	58.7	
T	34.016788483	-118.277954102	58.7	
T	34.016784668	-118.277946472	58.7	
T	34.016780853	-118.277938843	58.7	
T	34.016773224	-118.277938843	58.7	
T	34.016769409	-118.277938843	58.7	
T	34.016761780	-118.277946472	58.7	
T	34.016761780	-118.277946472	58.7	
T	34.016746521	-118.277923584	58.7	
T	34.016746521	-118.277931213	58.7	
T	34.016750336	-118.277931213	58.7	
T	34.016757965	-118.277931213	58.7	
T	34.016761780	-118.277931213	58.7	
T	34.016757965	-118.277954102	58.7	
T	34.016754150	-118.277954102	58.7	
T	34.016750336	-118.277954102	58.7	
T	34.016754150	-118.277954102	58.7	
T	34.016750336	-118.277946472	58.7	
T	34.016750336	-118.277954102	58.7	
T	34.016750336	-118.277946472	58.7	
T	34.016746521	-118.277946472	58.7	
T	34.016750336	-118.277969360	58.8	
T	34.016761780	-118.277976990	58.8	
T	34.016765594	-118.277999878	58.8	
T	34.016773224	-118.278038025	58.8	
T	34.016780853	-118.278091431	58.8	
T	34.016788483	-118.278129578	58.9	
T	34.016799927	-118.278160095	58.9	
T	34.016803741	-118.278190613	58.9	
T	34.016799927	-118.278221130	58.9	
T	34.016792297	-118.278259277	59.0	
T	34.016773224	-118.278297424	59.0	
T	34.016750336	-118.278335571	59.1	
T	34.016716003	-118.278373718	59.1	
T	34.016670227	-118.278404236	59.1	
T	34.016609192	-118.278442383	59.2	
T	34.016544342	-118.278480530	59.2	
T	34.016471863	-118.278518677	59.3	
T	34.016391754	-118.278556824	59.4	
T	34.016315460	-118.278602600	59.6	
T	34.016231537	-118.278648376	59.6	
T	34.016151428	-118.278701782	59.7	
T	34.016063690	-118.278755188	59.8	
T	34.015975952	-118.278816223	59.9	
T	34.015884399	-118.278869629	59.9	
T	34.015789032	-118.278930664	60.0	
T	34.015697479	-118.278991699	60.1	
T	34.015605927	-118.279045105	60.1	
T	34.015514374	-118.279106140	60.1	
T	34.015426636	-118.279167175	60.1	
T	34.015335083	-118.279228210	60.1	
T	34.015239716	-118.279289246	60.1	
T	34.015144348	-118.279350281	60.0	
T	34.015045166	-118.279403687	60.0	
T	34.014945984	-118.279464722	59.9	
T	34.014846802	-118.279525757	59.9	
T	34.014751434	-118.279586792	59.7	
T	34.014656067	-118.279655457	59.5	
T	34.014560699	-118.279716492	59.3	
T	34.014469147	-118.279777527	59.0	
T	34.014385223	-118.279830933	58.8	
T	34.014297485	-118.279884338	58.5	
T	34.014213562	-118.279937744	58.1	
T	34.014137268	-118.279983521	57.6	
T	34.014064789	-118.280029297	57.1	
T	34.013992310	-118.280075073	56.6	
T	34.013927460	-118.280105591	56.4	
T	34.013881683	-118.280136108	56.2	
T	34.013843536	-118.280174255	56.1	
T	34.013809204	-118.280197144	55.9	
T	34.013790131	-118.280220032	55.8	
T	34.013774872	-118.280235291	55.8	
T	34.013767242	-118.280242920	55.7	
T	34.013755798	-118.280250549	55.6	
T	34.013744354	-118.280258179	55.6	
T	34.013736725	-118.280258179	55.6	
T	34.013725281	-118.280258179	55.6	
T	34.013717651	-118.280258179	55.6	
T	34.013710022	-118.280258179	55.6	
T	34.013690948	-118.280258179	55.6	
T	34.013660431	-118.280250549	55.6	
T	34.013622284	-118.280212402	55.7	
T	34.013591766	-118.280166626	55.7	
T	34.013561249	-118.280113220	55.7	
T	34.013526917	-118.280052185	55.9	
T	34.013496399	-118.279975891	56.0	
T	34.013462067	-118.279899597	56.1	
T	34.013423920	-118.279823303	56.3	
T	34.013381958	-118.279731750	56.4	
T	34.013339996	-118.279640198	56.4	
T	34.013301849	-118.279556274	56.4	
T	34.013263702	-118.279472351	56.2	
T	34.013229370	-118.279403687	56.0	
T	34.013202667	-118.279342651	55.9	
T	34.013179779	-118.279296875	55.8	
T	34.013160706	-118.279251099	55.7	
T	34.013145447	-118.279220581	55.7	
T	34.013137817	-118.279197693	55.7	
T	34.013130188	-118.279182434	55.7	
T	34.013122559	-118.279174805	55.7	
T	34.013118744	-118.279167175	55.7	
T	34.013114929	-118.279159546	55.7	
T	34.013107300	-118.279151917	55.7	
T	34.013099670	-118.279136658	55.7	
T	34.013088226	-118.279129028	55.7	
T	34.013076782	-118.279121399	55.7	
T	34.013057709	-118.279113770	55.7	
T	34.013034821	-118.279113770	55.7	
T	34.013008118	-118.279129028	55.7	
T	34.012977600	-118.279151917	55.7	
T	34.012950897	-118.279174805	55.7	
T	34.012916565	-118.279197693	55.6	
T	34.012874603	-118.279228210	55.6	
T	34.012825012	-118.279266357	55.6	
T	34.012767792	-118.279312134	55.6	
T	34.012702942	-118.279350281	55.6	
T	34.012630463	-118.279396057	55.6	
T	34.012561798	-118.279449463	55.7	
T	34.012489319	-118.279495239	55.6	
T	34.012413025	-118.279556274	55.6	
T	34.012332916	-118.279609680	55.6	
T	34.012252808	-118.279663086	55.6	
T	34.012168884	-118.279716492	55.6	
T	34.012088776	-118.279769897	55.5	
T	34.012012482	-118.279823303	55.5	
T	34.011936188	-118.279869080	55.4	
T	34.011859894	-118.279907227	55.4	
T	34.011787415	-118.279945374	55.4	
T	34.011711121	-118.279953003	55.4	
T	34.011631012	-118.279953003	55.3	
T	34.011562347	-118.279960632	55.3	
T	34.011497498	-118.279953003	55.3	
T	34.011436462	-118.279945374	55.2	
T	34.011379242	-118.279922485	55.2	
T	34.011337280	-118.279914856	55.2	
T	34.011306763	-118.279907227	55.2	
T	34.011287689	-118.279899597	55.2	
T	34.011280060	-118.279899597	55.2	
T	34.011280060	-118.279891968	55.2	
T	34.011276245	-118.279891968	55.2	
T	34.011276245	-118.279891968	55.2	
T	34.011203766	-118.279945374	55.2	
T	34.011173248	-118.279922485	55.2	
T	34.011142731	-118.279899597	55.2	
T	34.011093140	-118.279838562	55.1	
T	34.011054993	-118.279769897	55.1	
T	34.011028290	-118.279693604	55.1	
T	34.011016846	-118.279609680	55.1	
T	34.011016846	-118.279533386	55.0	
T	34.011020660	-118.279457092	55.1	
T	34.011024475	-118.279388428	55.1	
T	34.011020660	-118.279304504	55.1	
T	34.011016846	-118.279220581	55.1	
T	34.011013031	-118.279129028	55.2	
T	34.011013031	-118.279045105	55.2	
T	34.011013031	-118.278976440	55.2	
T	34.011009216	-118.278915405	55.2	
T	34.011005402	-118.278862000	55.2	
T	34.011001587	-118.278808594	55.1	
T	34.011001587	-118.278770447	55.1	
T	34.010997772	-118.278739929	55.1	
T	34.010997772	-118.278717041	55.1	
T	34.010993958	-118.278694153	55.2	
T	34.010997772	-118.278678894	55.2	
T	34.011001587	-118.278663635	55.2	
T	34.010997772	-118.278656006	55.2	
T	34.011001587	-118.278648376	55.2	
T	34.011001587	-118.278633118	55.2	
T	34.011001587	-118.278625488	55.2	
T	34.011009216	-118.278633118	55.2	
T	34.011009216	-118.278633118	55.2	
T	34.011028290	-118.278617859	55.2	
T	34.011032104	-118.278610229	55.2	
T	34.011032104	-118.278594971	55.2	
T	34.011035919	-118.278579712	55.2	
T	34.011039734	-118.278556824	55.3	
T	34.011032104	-118.278526306	55.3	
T	34.011039734	-118.278472900	55.3	
T	34.011043549	-118.278427124	55.3	
T	34.011043549	-118.278358459	55.4	
T	34.011054993	-118.278297424	55.4	
T	34.011054993	-118.278228760	55.4	
T	34.011054993	-118.278152466	55.4	
T	34.011054993	-118.278076172	55.4	
T	34.011054993	-118.277992249	55.5	
T	34.011058807	-118.277900696	55.5	
T	34.011054993	-118.277816772	55.4	
T	34.011058807	-118.277725220	55.4	
T	34.011062622	-118.277626038	55.4	
T	34.011070251	-118.277526855	55.4	
T	34.011074066	-118.277427673	55.5	
T	34.011077881	-118.277328491	55.5	
T	34.011077881	-118.277221680	55.5	
T	34.011081696	-118.277114868	55.6	
T	34.011085510	-118.277000427	55.6	
T	34.011089325	-118.276893616	55.6	
T	34.011089325	-118.276771545	55.6	
T	34.011093140	-118.276649475	55.6	
T	34.011093140	-118.276527405	55.6	
T	34.011096954	-118.276405334	55.7	
T	34.011100769	-118.276283264	55.7	
T	34.011100769	-118.276161194	55.8	
T	34.011100769	-118.276031494	55.9	
T	34.011104584	-118.275909424	56.0	
T	34.011104584	-118.275779724	56.0	
T	34.011104584	-118.275650024	56.1	
T	34.011100769	-118.275527954	56.2	
T	34.011104584	-118.275398254	56.3	
T	34.011104584	-118.275276184	56.3	
T	34.011104584	-118.275154114	56.4	
T	34.011104584	-118.275032043	56.5	
T	34.011104584	-118.274917603	56.5	
T	34.011104584	-118.274803162	56.6	
T	34.011104584	-118.274703979	56.6	
T	34.011108398	-118.274612427	56.7	
T	34.011108398	-118.274528503	56.7	
T	34.011116028	-118.274459839	56.7	
T	34.011108398	-118.274398804	56.7	
T	34.011100769	-118.274345398	56.7	
T	34.011093140	-118.274299622	56.7	
T	34.011085510	-118.274261475	56.8	
T	34.011077881	-118.274238586	56.8	
T	34.011074066	-118.274208069	56.8	
T	34.011074066	-118.274185181	56.8	
T	34.011074066	-118.274169922	56.8	
T	34.011070251	-118.274154663	56.8	
T	34.011074066	-118.274154663	56.8	
T	34.011070251	-118.274162292	56.8	
T	34.011070251	-118.274169922	56.8	
T	34.011066437	-118.274177551	56.8	
T	34.011066437	-118.274177551	56.8	
T	34.011066437	-118.274177551	56.8	
T	34.011058807	-118.274169922	56.8	
T	34.011066437	-118.274139404	56.8	
T	34.011074066	-118.274108887	56.8	
T	34.011077881	-118.274063110	56.9	
T	34.011081696	-118.274002075	56.9	
T	34.011089325	-118.273941040	56.9	
T	34.011096954	-118.273864746	56.9	
T	34.011100769	-118.273796082	56.9	
T	34.011096954	-118.273719788	57.0	
T	34.011096954	-118.273651123	57.0	
T	34.011093140	-118.273582458	57.0	
T	34.011093140	-118.273521423	57.1	
T	34.011096954	-118.273475647	57.1	
T	34.011096954	-118.273437500	57.1	
T	34.011093140	-118.273406982	57.1	
T	34.011093140	-118.273368835	57.1	
T	34.011089325	-118.273345947	57.1	
T	34.011089325	-118.273323059	57.1	
T	34.011093140	-118.273307800	57.1	
T	34.011089325	-118.273292542	57.1	
T	34.011089325	-118.273277283	57.2	
T	34.011093140	-118.273269653	57.2	
T	34.011093140	-118.273262024	57.2	
T	34.011093140	-118.273254395	57.2	
T	34.011096954	-118.273254395	57.2	
T	34.011100769	-118.273246765	57.2	
T	34.011104584	-118.273246765	57.2	
T	34.011108398	-118.273246765	57.2	
T	34.011108398	-118.273246765	57.2	
T	34.011119843	-118.273200989	57.2	
T	34.011123657	-118.273178101	57.2	
T	34.011131287	-118.273124695	57.2	
T	34.011127472	-118.273071289	57.3	
T	34.011127472	-118.273002625	57.3	
T	34.011127472	-118.272941589	57.3	
T	34.011119843	-118.272872925	57.4	
T	34.011116028	-118.272811890	57.4	
T	34.011119843	-118.272743225	57.4	
T	34.011119843	-118.272666931	57.4	
T	34.011119843	-118.272598267	57.4	
T	34.011116028	-118.272514343	57.4	
T	34.011116028	-118.272438049	57.4	
T	34.011112213	-118.272354126	57.5	
T	34.011112213	-118.272270203	57.5	
T	34.011108398	-118.272186279	57.5	
T	34.011108398	-118.272094727	57.5	
T	34.011104584	-118.272003174	57.6	
T	34.011104584	-118.271911621	57.6	
T	34.011100769	-118.271835327	57.6	
T	34.011096954	-118.271751404	57.7	
T	34.011093140	-118.271682739	57.7	
T	34.011093140	-118.271614075	57.8	
T	34.011089325	-118.271560669	57.8	
T	34.011089325	-118.271507263	57.8	
T	34.011085510	-118.271461487	57.8	
T	34.011085510	-118.271423340	57.8	
T	34.011081696	-118.271377563	57.9	
T	34.011077881	-118.271347046	57.9	
T	34.011074066	-118.271324158	57.9	
T	34.011070251	-118.271301270	57.9	
T	34.011070251	-118.271293640	57.9	
T	34.011070251	-118.271286011	57.9	
T	34.011070251	-118.271278381	57.9	
T	34.011070251	-118.271270752	57.9	
T	34.011070251	-118.271263123	57.9	
T	34.011066437	-118.271255493	57.9	
T	34.011066437	-118.271247864	57.9	
T	34.011062622	-118.271247864	57.9	
T	34.011062622	-118.271240234	57.9	
T	34.011066437	-118.271232605	57.9	
T	34.011070251	-118.271232605	57.9	
T	34.011077881	-118.271232605	57.9	
T	34.011085510	-118.271224976	57.9	
T	34.011085510	-118.271224976	57.9	
T	34.011089325	-118.271217346	57.9	
T	34.011085510	-118.271217346	57.9	
T	34.011089325	-118.271217346	57.9	
T	34.011093140	-118.271217346	57.9	
T	34.011093140	-118.271217346	57.9	
T	34.011096954	-118.271186829	57.9	
T	34.011100769	-118.271163940	57.9	
T	34.011108398	-118.271125793	58.0	
T	34.011116028	-118.271072388	58.0	
T	34.011123657	-118.271011353	58.0	
T	34.011131287	-118.270942688	58.1	
T	34.011135101	-118.270866394	58.1	
T	34.011135101	-118.270790100	58.2	
T	34.011135101	-118.270713806	58.2	
T	34.011135101	-118.270629883	58.3	
T	34.011135101	-118.270545959	58.3	
T	34.011135101	-118.270462036	58.3	
T	34.011131287	-118.270378113	58.4	
T	34.011135101	-118.270286560	58.5	
T	34.011131287	-118.270195007	58.5	
T	34.011127472	-118.270103455	58.6	
T	34.011123657	-118.270011902	58.6	
T	34.011123657	-118.269912720	58.6	
T	34.011123657	-118.269813538	58.7	
T	34.011116028	-118.269714355	58.7	
T	34.011108398	-118.269615173	58.8	
T	34.011108398	-118.269508362	58.8	
T	34.011108398	-118.269401550	58.8	
T	34.011108398	-118.269294739	58.9	
T	34.011100769	-118.269195557	58.9	
T	34.011093140	-118.269096375	58.9	
T	34.011093140	-118.269004822	58.9	
T	34.011089325	-118.268928528	59.0	
T	34.011081696	-118.268852234	59.0	
T	34.011074066	-118.268791199	59.0	
T	34.011070251	-118.268730164	59.0	
T	34.011066437	-118.268684387	59.0	
T	34.011062622	-118.268646240	59.0	
T	34.011054993	-118.268608093	59.0	
T	34.011043549	-118.268585205	59.0	
T	34.011035919	-118.268569946	59.0	
T	34.011028290	-118.268554688	59.0	
T	34.011024475	-118.268539429	59.0	
T	34.011020660	-118.268531799	59.0	
T	34.011016846	-118.268516541	59.0	
T	34.011013031	-118.268501282	59.0	
T	34.011028290	-118.268501282	59.0	
T	34.011024475	-118.268508911	59.0	
T	34.011032104	-118.268508911	59.0	
T	34.011032104	-118.268516541	59.0	
T	34.011032104	-118.268516541	59.0	
T	34.011039734	-118.268478394	59.0	
T	34.011043549	-118.268440247	59.1	
T	34.011043549	-118.268386841	59.1	
T	34.011043549	-118.268333435	59.1	
T	34.011039734	-118.268264771	59.1	
T	34.011035919	-118.268188477	59.1	
T	34.011039734	-118.268104553	59.2	
T	34.011054993	-118.268020630	59.2	
T	34.011062622	-118.267929077	59.3	
T	34.011066437	-118.267837524	59.3	
T	34.011066437	-118.267738342	59.3	
T	34.011066437	-118.267631531	59.3	
T	34.011066437	-118.267524719	59.3	
T	34.011066437	-118.267417908	59.4	
T	34.011066437	-118.267311096	59.4	
T	34.011062622	-118.267204285	59.4	
T	34.011062622	-118.267097473	59.4	
T	34.011054993	-118.266990662	59.4	
T	34.011054993	-118.266883850	59.5	
T	34.011047363	-118.266784668	59.5	
T	34.011043549	-118.266685486	59.5	
T	34.011039734	-118.266586304	59.5	
T	34.011035919	-118.266494751	59.6	
T	34.011028290	-118.266395569	59.6	
T	34.011028290	-118.266296387	59.6	
T	34.011028290	-118.266204834	59.6	
T	34.011020660	-118.266136169	59.6	
T	34.011016846	-118.266067505	59.6	
T	34.011013031	-118.266014099	59.6	
T	34.011013031	-118.265975952	59.6	
T	34.011013031	-118.265937805	59.6	
T	34.011016846	-118.265899658	59.7	
T	34.011020660	-118.265869141	59.7	
T	34.011016846	-118.265823364	59.7	
T	34.011013031	-118.265785217	59.7	
T	34.011013031	-118.265747070	59.7	
T	34.011005402	-118.265708923	59.7	
T	34.011001587	-118.265670776	59.7	
T	34.010986328	-118.265625000	59.7	
T	34.010971069	-118.265586853	59.7	
T	34.010963440	-118.265548706	59.7	
T	34.010963440	-118.265518188	59.7	
T	34.010959625	-118.265495300	59.7	
T	34.010959625	-118.265480042	59.7	
T	34.010959625	-118.265464783	59.7	
T	34.010955811	-118.265464783	59.7	
T	34.010951996	-118.265464783	59.7	
T	34.010951996	-118.265464783	59.7	
T	34.010951996	-118.265464783	59.7	
T	34.010990143	-118.265441895	59.7	
T	34.010993958	-118.265411377	59.7	
T	34.011009216	-118.265380859	59.7	
T	34.011016846	-118.265327454	59.8	
T	34.011020660	-118.265266418	59.8	
T	34.011028290	-118.265205383	59.8	
T	34.011032104	-118.265136719	59.8	
T	34.011039734	-118.265060425	59.8	
T	34.011039734	-118.264976501	59.8	
T	34.011039734	-118.264892578	59.8	
T	34.011043549	-118.264785767	59.9	
T	34.011043549	-118.264671326	59.9	
T	34.011043549	-118.264541626	59.9	
T	34.011043549	-118.264404297	59.9	
T	34.011043549	-118.264266968	60.0	
T	34.011039734	-118.264129639	60.0	
T	34.011039734	-118.263984680	60.1	
T	34.011039734	-118.263839722	60.1	
T	34.011035919	-118.263694763	60.1	
T	34.011035919	-118.263549805	60.1	
T	34.011043549	-118.263412476	60.2	
T	34.011047363	-118.263267517	60.2	
T	34.011051178	-118.263122559	60.2	
T	34.011054993	-118.262985229	60.3	
T	34.011054993	-118.262847900	60.3	
T	34.011054993	-118.262718201	60.3	
T	34.011047363	-118.262588501	60.3	
T	34.011039734	-118.262466431	60.4	
T	34.011032104	-118.262344360	60.4	
T	34.011024475	-118.262222290	60.4	
T	34.011016846	-118.262100220	60.4	
T	34.011009216	-118.261978149	60.5	
T	34.010997772	-118.261871338	60.5	
T	34.010986328	-118.261764526	60.5	
T	34.010974884	-118.261657715	60.5	
T	34.010963440	-118.261573792	60.5	
T	34.010959625	-118.261489868	60.5	
T	34.010940552	-118.261428833	60.5	
T	34.010929108	-118.261352539	60.5	
T	34.010925293	-118.261299133	60.6	
T	34.010925293	-118.261245728	60.6	
T	34.010925293	-118.261207581	60.6	
T	34.010925293	-118.261177063	60.6	
T	34.010925293	-118.261146545	60.6	
T	34.010925293	-118.261123657	60.6	
T	34.010921478	-118.261100769	60.6	
T	34.010921478	-118.261077881	60.6	
T	34.010917664	-118.261054993	60.6	
T	34.010913849	-118.261016846	60.6	
T	34.010910034	-118.260978699	60.6	
T	34.010906219	-118.260925293	60.6	
T	34.010898590	-118.260864258	60.6	
T	34.010894775	-118.260795593	60.6	
T	34.010883331	-118.260726929	60.7	
T	34.010875702	-118.260643005	60.7	
T	34.010868073	-118.260551453	60.7	
T	34.010856628	-118.260459900	60.7	
T	34.010852814	-118.260353088	60.7	
T	34.010856628	-118.260246277	60.7	
T	34.010856628	-118.260139465	60.8	
T	34.010856628	-118.260032654	60.8	
T	34.010852814	-118.259918213	60.8	
T	34.010852814	-118.259803772	60.8	
T	34.010848999	-118.259681702	60.8	
T	34.010848999	-118.259567261	60.9	
T	34.010845184	-118.259452820	60.9	
T	34.010848999	-118.259338379	60.9	
T	34.010845184	-118.259223938	61.0	
T	34.010845184	-118.259101868	61.0	
T	34.010845184	-118.258979797	61.0	
T	34.010841370	-118.258857727	61.0	
T	34.010837555	-118.258735657	61.1	
T	34.010833740	-118.258613586	61.1	
T	34.010833740	-118.258483887	61.1	
T	34.010833740	-118.258354187	61.1	
T	34.010833740	-118.258232117	61.2	
T	34.010829926	-118.258102417	61.2	
T	34.010829926	-118.257987976	61.2	
T	34.010829926	-118.257873535	61.3	
T	34.010833740	-118.257759094	61.3	
T	34.010833740	-118.257652283	61.3	
T	34.010837555	-118.257553101	61.4	
T	34.010841370	-118.257453918	61.4	
T	34.010841370	-118.257369995	61.4	
T	34.010845184	-118.257301331	61.4	
T	34.010848999	-118.257232666	61.4	
T	34.010852814	-118.257171631	61.4	
T	34.010845184	-118.257110596	61.5	
T	34.010845184	-118.257064819	61.5	
T	34.010845184	-118.257019043	61.5	
T	34.010841370	-118.256988525	61.5	
T	34.010845184	-118.256958008	61.5	
T	34.010841370	-118.256935120	61.5	
T	34.010837555	-118.256919861	61.5	
T	34.010833740	-118.256904602	61.5	
T	34.010837555	-118.256904602	61.5	
T	34.010845184	-118.256904602	61.5	
T	34.010848999	-118.256904602	61.5	
T	34.010848999	-118.256904602	61.5	
T	34.010829926	-118.256927490	61.5	
T	34.010826111	-118.256927490	61.5	
T	34.010829926	-118.256927490	61.5	
T	34.010829926	-118.256927490	61.5	
T	34.010864258	-118.256935120	61.5	
T	34.010860443	-118.256935120	61.5	
T	34.010856628	-118.256935120	61.5	
T	34.010852814	-118.256935120	61.5	
T	34.010848999	-118.256935120	61.5	
T	34.010845184	-118.256935120	61.5	
T	34.010848999	-118.256935120	61.5	
T	34.010845184	-118.256942749	61.5	
T	34.010848999	-118.256942749	61.5	
T	34.010852814	-118.256942749	61.5	
T	34.010856628	-118.256942749	61.5	
T	34.010868073	-118.256942749	61.5	
T	34.010871887	-118.256942749	61.5	
T	34.010875702	-118.256942749	61.5	
T	34.010879517	-118.256935120	61.5	
T	34.010890961	-118.256935120	61.5	
T	34.010898590	-118.256935120	61.5	
T	34.010902405	-118.256935120	61.5	
T	34.010906219	-118.256927490	61.5	
T	34.010910034	-118.256927490	61.5	
T	34.010910034	-118.256919861	61.5	
T	34.010910034	-118.256927490	61.5	
T	34.010906219	-118.256919861	61.5	
T	34.010902405	-118.256919861	61.5	
T	34.010894775	-118.256919861	61.5	
T	34.010898590	-118.256912231	61.5	
T	34.010898590	-118.256904602	61.5	
T	34.010906219	-118.256896973	61.5	
T	34.010910034	-118.256896973	61.5	
T	34.010910034	-118.256881714	61.5	
T	34.010913849	-118.256866455	61.6	
T	34.010921478	-118.256851196	61.6	
T	34.010936737	-118.256813049	61.6	
T	34.010929108	-118.256767273	61.6	
T	34.010917664	-118.256706238	61.6	
T	34.010910034	-118.256645203	61.6	
T	34.010910034	-118.256591797	61.6	
T	34.010910034	-118.256553650	61.6	
T	34.010913849	-118.256507874	61.7	
T	34.010932922	-118.256477356	61.7	
T	34.010955811	-118.256454468	61.7	
T	34.010990143	-118.256439209	61.7	
T	34.011024475	-118.256431580	61.7	
T	34.011066437	-118.256423950	61.7	
T	34.011108398	-118.256416321	61.8	
T	34.011154175	-118.256408691	61.8	
T	34.011199951	-118.256408691	61.8	
T	34.011249542	-118.256408691	61.8	
T	34.011306763	-118.256408691	61.9	
T	34.011367798	-118.256408691	61.9	
T	34.011425018	-118.256408691	62.0	
T	34.011478424	-118.256416321	62.0	
T	34.011524200	-118.256408691	62.0	
T	34.011562347	-118.256408691	62.1	
T	34.011589050	-118.256408691	62.1	
T	34.011604309	-118.256408691	62.1	
T	34.011611938	-118.256416321	62.1	
T	34.011615753	-118.256416321	62.1	
T	34.011604309	-118.256408691	62.1	
T	34.011596680	-118.256408691	62.1	
T	34.011589050	-118.256401062	62.1	
T	34.011581421	-118.256393433	62.1	
T	34.011577606	-118.256393433	62.1	
T	34.011569977	-118.256393433	62.1	
T	34.011566162	-118.256393433	62.1	
T	34.011558533	-118.256385803	62.1	
T	34.011554718	-118.256385803	62.1	
T	34.011547089	-118.256378174	62.1	
T	34.011539459	-118.256378174	62.1	
T	34.011531830	-118.256370544	62.1	
T	34.011528015	-118.256370544	62.1	
T	34.011543274	-118.256370544	62.1	
T	34.011558533	-118.256370544	62.1	
T	34.011585236	-118.256370544	62.1	
T	34.011615753	-118.256378174	62.1	
T	34.011661530	-118.256378174	62.1	
T	34.011714935	-118.256385803	62.2	
T	34.011768341	-118.256385803	62.2	
T	34.011829376	-118.256393433	62.3	
T	34.011894226	-118.256393433	62.3	
T	34.011959076	-118.256385803	62.4	
T	34.012035370	-118.256393433	62.4	
T	34.012111664	-118.256393433	62.5	
T	34.012191772	-118.256401062	62.5	
T	34.012275696	-118.256401062	62.6	
T	34.012351990	-118.256408691	62.6	
T	34.012432098	-118.256408691	62.7	
T	34.012512207	-118.256408691	62.8	
T	34.012596130	-118.256408691	62.8	
T	34.012680054	-118.256408691	62.9	
T	34.012763977	-118.256416321	62.9	
T	34.012851715	-118.256416321	63.0	
T	34.012939453	-118.256416321	63.1	
T	34.013023376	-118.256416321	63.1	
T	34.013099670	-118.256408691	63.2	
T	34.013168335	-118.256408691	63.2	
T	34.013221741	-118.256416321	63.3	
T	34.013271332	-118.256416321	63.3	
T	34.013313293	-118.256416321	63.4	
T	34.013339996	-118.256416321	63.4	
T	34.013359070	-118.256416321	63.4	
T	34.013378143	-118.256408691	63.4	
T	34.013401031	-118.256416321	63.5	
T	34.013420105	-118.256416321	63.5	
T	34.013431549	-118.256431580	63.5	
T	34.013446808	-118.256439209	63.5	
T	34.013465881	-118.256446838	63.5	
T	34.013481140	-118.256462097	63.5	
T	34.013519287	-118.256469727	63.6	
T	34.013572693	-118.256477356	63.6	
T	34.013637543	-118.256484985	63.6	
T	34.013706207	-118.256477356	63.7	
T	34.013778687	-118.256477356	63.7	
T	34.013851166	-118.256477356	63.8	
T	34.013923645	-118.256484985	63.9	
T	34.013999939	-118.256484985	64.0	
T	34.014072418	-118.256484985	64.0	
T	34.014141083	-118.256477356	64.1	
T	34.014217377	-118.256477356	64.2	
T	34.014293671	-118.256469727	64.2	
T	34.014381409	-118.256469727	64.3	
T	34.014465332	-118.256469727	64.3	
T	34.014553070	-118.256469727	64.4	
T	34.014640808	-118.256469727	64.5	
T	34.014724731	-118.256469727	64.5	
T	34.014804840	-118.256462097	64.6	
T	34.014884949	-118.256446838	64.6	
T	34.014965057	-118.256423950	64.7	
T	34.015048981	-118.256393433	64.8	
T	34.015129089	-118.256362915	64.9	
T	34.015209198	-118.256332397	64.9	
T	34.015281677	-118.256301880	64.9	
T	34.015357971	-118.256271362	64.9	
T	34.015434265	-118.256240845	64.9	
T	34.015510559	-118.256210327	64.9	
T	34.015583038	-118.256179810	65.0	
T	34.015663147	-118.256156921	65.0	
T	34.015739441	-118.256118774	65.1	
T	34.015823364	-118.256088257	65.1	
T	34.015903473	-118.256057739	65.1	
T	34.015983582	-118.256019592	65.2	
T	34.016067505	-118.255989075	65.2	
T	34.016143799	-118.255950928	65.3	
T	34.016220093	-118.255912781	65.3	
T	34.016284943	-118.255889893	65.3	
T	34.016342163	-118.255859375	65.3	
T	34.016407013	-118.255821228	65.4	
T	34.016471863	-118.255798340	65.4	
T	34.016536713	-118.255767822	65.4	
T	34.016605377	-118.255729675	65.4	
T	34.016681671	-118.255706787	65.4	
T	34.016754150	-118.255676270	65.5	
T	34.016822815	-118.255653381	65.5	
T	34.016891479	-118.255630493	65.5	
T	34.016956329	-118.255599976	65.5	
T	34.017024994	-118.255577087	65.5	
T	34.017089844	-118.255546570	65.5	
T	34.017147064	-118.255531311	65.5	
T	34.017204285	-118.255508423	65.5	
T	34.017250061	-118.255493164	65.5	
T	34.017292023	-118.255485535	65.5	
T	34.017330170	-118.255470276	65.5	
T	34.017360687	-118.255462646	65.5	
T	34.017383575	-118.255455017	65.5	
T	34.017398834	-118.255447388	65.5	
T	34.017414093	-118.255447388	65.5	
T	34.017425537	-118.255447388	65.5	
T	34.017433167	-118.255439758	65.5	
T	34.017444611	-118.255439758	65.5	
T	34.017456055	-118.255432129	65.5	
T	34.017475128	-118.255424500	65.5	
T	34.017505646	-118.255416870	65.4	
T	34.017547607	-118.255393982	65.4	
T	34.017601013	-118.255378723	65.4	
T	34.017658234	-118.255355835	65.4	
T	34.017715454	-118.255325317	65.5	
T	34.017784119	-118.255302429	65.5	
T	34.017848969	-118.255271912	65.5	
T	34.017913818	-118.255249023	65.5	
T	34.017978668	-118.255218506	65.5	
T	34.018039703	-118.255195618	65.5	
T	34.018093109	-118.255172729	65.5	
T	34.018146515	-118.255149841	65.5	
T	34.018188477	-118.255126953	65.5	
T	34.018230438	-118.255104065	65.5	
T	34.018268585	-118.255088806	65.5	
T	34.018306732	-118.255073547	65.5	
T	34.018344879	-118.255058289	65.6	
T	34.018379211	-118.255050659	65.6	
T	34.018413544	-118.255050659	65.6	
T	34.018444061	-118.255043030	65.6	
T	34.018478394	-118.255035400	65.6	
T	34.018512726	-118.255035400	65.6	
T	34.018547058	-118.255020142	65.6	
T	34.018577576	-118.255012512	65.7	
T	34.018600464	-118.255004883	65.7	
T	34.018627167	-118.254997253	65.7	
T	34.018646240	-118.254989624	65.7	
T	34.018661499	-118.254989624	65.7	
T	34.018669128	-118.254989624	65.7	
T	34.018676758	-118.254989624	65.8	
T	34.018680573	-118.254989624	65.8	
T	34.018688202	-118.254981995	65.8	
T	34.018699646	-118.254989624	65.8	
T	34.018703461	-118.254981995	65.8	
T	34.018711090	-118.254981995	65.8	
T	34.018714905	-118.254981995	65.8	
T	34.018718719	-118.254981995	65.8	
T	34.018714905	-118.254974365	65.8	
T	34.018711090	-118.254966736	65.8	
T	34.018714905	-118.254966736	65.8	
T	34.018730164	-118.254974365	65.8	
T	34.018733978	-118.254974365	65.8	
T	34.018745422	-118.254966736	65.8	
T	34.018760681	-118.254966736	65.8	
T	34.018783569	-118.254974365	65.8	
T	34.018810272	-118.254989624	65.9	
T	34.018836975	-118.255020142	65.8	
T	34.018859863	-118.255043030	65.8	
T	34.018875122	-118.255073547	65.8	
T	34.018882751	-118.255096436	65.8	
T	34.018898010	-118.255126953	65.8	
T	34.018920898	-118.255172729	65.8	
T	34.018939972	-118.255218506	65.8	
T	34.018955231	-118.255279541	65.7	
T	34.018970490	-118.255340576	65.6	
T	34.018997192	-118.255401611	65.6	
T	34.019031525	-118.255477905	65.6	
T	34.019073486	-118.255554199	65.5	
T	34.019111633	-118.255645752	65.5	
T	34.019157410	-118.255737305	65.4	
T	34.019207001	-118.255836487	65.4	
T	34.019256592	-118.255943298	65.4	
T	34.019306183	-118.256042480	65.3	
T	34.019348145	-118.256149292	65.3	
T	34.019393921	-118.256256104	65.3	
T	34.019447327	-118.256355286	65.3	
T	34.019500732	-118.256469727	65.4	
T	34.019550323	-118.256576538	65.4	
T	34.019596100	-118.256683350	65.4	
T	34.019641876	-118.256790161	65.3	
T	34.019683838	-118.256889343	65.3	
T	34.019721985	-118.256973267	65.3	
T	34.019760132	-118.257049561	65.3	
T	34.019790649	-118.257118225	65.3	
T	34.019821167	-118.257179260	65.3	
T	34.019844055	-118.257232666	65.3	
T	34.019859314	-118.257270813	65.3	
T	34.019866943	-118.257293701	65.3	
T	34.019870758	-118.257308960	65.3	
T	34.019878387	-118.257324219	65.3	
T	34.019882202	-118.257331848	65.3	
T	34.019886017	-118.257339478	65.3	
T	34.019882202	-118.257339478	65.3	
T	34.019878387	-118.257339478	65.3	
T	34.019874573	-118.257339478	65.3	
T	34.019874573	-118.257339478	65.3	
T	34.019859314	-118.257362366	65.3	
T	34.019855499	-118.257369995	65.3	
T	34.019863129	-118.257392883	65.3	
T	34.019878387	-118.257415771	65.3	
T	34.019905090	-118.257431030	65.3	
T	34.019931793	-118.257438660	65.3	
T	34.019966125	-118.257438660	65.4	
T	34.019996643	-118.257423401	65.4	
T	34.020023346	-118.257392883	65.4	
T	34.020057678	-118.257362366	65.4	
T	34.020092010	-118.257339478	65.5	
T	34.020133972	-118.257316589	65.5	
T	34.020183563	-118.257286072	65.6	
T	34.020240784	-118.257247925	65.6	
T	34.020301819	-118.257217407	65.7	
T	34.020359039	-118.257186890	65.7	
T	34.020404816	-118.257156372	65.8	
T	34.020450592	-118.257125854	65.8	
T	34.020488739	-118.257095337	65.9	
T	34.020511627	-118.257080078	65.9	
T	34.020534515	-118.257057190	65.9	
T	34.020549774	-118.257034302	66.0	
T	34.020561218	-118.257026672	66.0	
T	34.020572662	-118.257011414	66.0	
T	34.020591736	-118.256996155	66.0	
T	34.020610809	-118.256980896	66.0	
T	34.020645142	-118.256958008	66.1	
T	34.020683289	-118.256942749	66.1	
T	34.020736694	-118.256919861	66.1	
T	34.020790100	-118.256889343	66.2	
T	34.020843506	-118.256858826	66.3	
T	34.020900726	-118.256820679	66.3	
T	34.020961761	-118.256790161	66.4	
T	34.021026611	-118.256744385	66.5	
T	34.021083832	-118.256706238	66.6	
T	34.021141052	-118.256660461	66.6	
T	34.021190643	-118.256629944	66.7	
T	34.021236420	-118.256591797	66.8	
T	34.021266937	-118.256553650	66.8	
T	34.021301270	-118.256523132	66.8	
T	34.021324158	-118.256500244	66.8	
T	34.021343231	-118.256469727	66.8	
T	34.021350861	-118.256454468	66.8	
T	34.021350861	-118.256446838	66.8	
T	34.021354675	-118.256439209	66.8	
T	34.021373749	-118.256423950	66.9	
T	34.021396637	-118.256408691	66.9	
T	34.021427155	-118.256385803	66.9	
T	34.021465302	-118.256362915	66.9	
T	34.021503448	-118.256340027	67.0	
T	34.021545410	-118.256317139	67.0	
T	34.021598816	-118.256286621	67.0	
T	34.021659851	-118.256248474	67.0	
T	34.021732330	-118.256217957	67.1	
T	34.021800995	-118.256179810	67.1	
T	34.021858215	-118.256141663	67.2	
T	34.021900177	-118.256118774	67.2	
T	34.021938324	-118.256088257	67.2	
T	34.021976471	-118.256065369	67.2	
T	34.022006989	-118.256050110	67.2	
T	34.022029877	-118.256027222	67.3	
T	34.022048950	-118.256004333	67.3	
T	34.022071838	-118.255989075	67.3	
T	34.022094727	-118.255973816	67.3	
T	34.022102356	-118.255966187	67.3	
T	34.022117615	-118.255958557	67.3	
T	34.022129059	-118.255958557	67.3	
T	34.022140503	-118.255950928	67.3	
T	34.022151947	-118.255943298	67.3	
T	34.022163391	-118.255935669	67.3	
T	34.022178650	-118.255920410	67.4	
T	34.022201538	-118.255905151	67.4	
T	34.022235870	-118.255889893	67.4	
T	34.022289276	-118.255874634	67.4	
T	34.022346497	-118.255851746	67.4	
T	34.022403717	-118.255821228	67.5	
T	34.022464752	-118.255790710	67.5	
T	34.022529602	-118.255760193	67.5	
T	34.022598267	-118.255714417	67.6	
T	34.022670746	-118.255668640	67.6	
T	34.022743225	-118.255622864	67.7	
T	34.022808075	-118.255577087	67.7	
T	34.022876740	-118.255538940	67.7	
T	34.022949219	-118.255485535	67.8	
T	34.023021698	-118.255432129	67.8	
T	34.023101807	-118.255386353	67.9	
T	34.023185730	-118.255340576	67.9	
T	34.023265839	-118.255287170	68.0	
T	34.023349762	-118.255233765	68.0	
T	34.023429871	-118.255180359	68.1	
T	34.023509979	-118.255134583	68.1	
T	34.023590088	-118.255088806	68.2	
T	34.023658752	-118.255043030	68.2	
T	34.023723602	-118.254997253	68.2	
T	34.023780823	-118.254951477	68.3	
T	34.023838043	-118.254920959	68.3	
T	34.023887634	-118.254898071	68.3	
T	34.023929596	-118.254859924	68.4	
T	34.023956299	-118.254844666	68.4	
T	34.023971558	-118.254837036	68.4	
T	34.023994446	-118.254829407	68.4	
T	34.024002075	-118.254821777	68.4	
T	34.024013519	-118.254814148	68.4	
T	34.024040222	-118.254806519	68.4	
T	34.024078369	-118.254783630	68.4	
T	34.024139404	-118.254753113	68.5	
T	34.024215698	-118.254707336	68.5	
T	34.024291992	-118.254669189	68.5	
T	34.024368286	-118.254623413	68.5	
T	34.024452209	-118.254570007	68.6	
T	34.024543762	-118.254508972	68.6	
T	34.024639130	-118.254447937	68.7	
T	34.024738312	-118.254379272	68.7	
T	34.024829865	-118.254310608	68.8	
T	34.024921417	-118.254249573	68.8	
T	34.025005341	-118.254188538	68.9	
T	34.025077820	-118.254142761	68.9	
T	34.025146484	-118.254081726	69.0	
T	34.025211334	-118.254035950	69.0	
T	34.025268555	-118.253990173	69.1	
T	34.025325775	-118.253944397	69.1	
T	34.025382996	-118.253906250	69.1	
T	34.025428772	-118.253883362	69.2	
T	34.025463104	-118.253868103	69.2	
T	34.025489807	-118.253852844	69.2	
T	34.025508881	-118.253837585	69.2	
T	34.025520325	-118.253829956	69.2	
T	34.025535583	-118.253814697	69.2	
T	34.025543213	-118.253807068	69.2	
T	34.025558472	-118.253791809	69.2	
T	34.025573730	-118.253784180	69.2	
T	34.025596619	-118.253776550	69.3	
T	34.025615692	-118.253768921	69.3	
T	34.025630951	-118.253761292	69.3	
T	34.025638580	-118.253753662	69.3	
T	34.025650024	-118.253753662	69.3	
T	34.025653839	-118.253746033	69.3	
T	34.025661469	-118.253738403	69.3	
T	34.025672913	-118.253730774	69.3	
T	34.025676727	-118.253723145	69.3	
T	34.025684357	-118.253723145	69.3	
T	34.025691986	-118.253723145	69.3	
T	34.025695801	-118.253723145	69.3	
T	34.025699615	-118.253723145	69.3	
T	34.025699615	-118.253715515	69.3	
T	34.025703430	-118.253715515	69.3	
T	34.025699615	-118.253715515	69.3	
T	34.025699615	-118.253723145	69.3	
T	34.025695801	-118.253723145	69.3	
T	34.025695801	-118.253723145	69.3	
T	34.025695801	-118.253723145	69.3	
T	34.025711060	-118.253768921	69.3	
T	34.025718689	-118.253768921	69.3	
T	34.025726318	-118.253768921	69.3	
T	34.025733948	-118.253761292	69.3	
T	34.025737762	-118.253761292	69.3	
T	34.025741577	-118.253753662	69.3	
T	34.025741577	-118.253746033	69.3	
T	34.025745392	-118.253738403	69.3	
T	34.025749207	-118.253730774	69.3	
T	34.025756836	-118.253723145	69.3	
T	34.025760651	-118.253715515	69.3	
T	34.025772095	-118.253700256	69.3	
T	34.025794983	-118.253684998	69.4	
T	34.025821686	-118.253677368	69.4	
T	34.025836945	-118.253669739	69.4	
T	34.025844574	-118.253669739	69.4	
T	34.025852203	-118.253662109	69.4	
T	34.025859833	-118.253662109	69.4	
T	34.025867462	-118.253662109	69.4	
T	34.025890350	-118.253654480	69.4	
T	34.025875092	-118.253646851	69.4	
T	34.025867462	-118.253646851	69.4	
T	34.025859833	-118.253639221	69.4	
T	34.025848389	-118.253631592	69.4	
T	34.025840759	-118.253623962	69.4	
T	34.025833130	-118.253616333	69.4	
T	34.025821686	-118.253616333	69.4	
T	34.025817871	-118.253616333	69.4	
T	34.025814056	-118.253608704	69.4	
T	34.025802612	-118.253608704	69.4	
T	34.025814056	-118.253593445	69.4	
T	34.025833130	-118.253562927	69.4	
T	34.025859833	-118.253547668	69.4	
T	34.025894165	-118.253540039	69.4	
T	34.025932312	-118.253547668	69.5	
T	34.025966644	-118.253578186	69.5	
T	34.025993347	-118.253616333	69.5	
T	34.026027679	-118.253677368	69.4	
T	34.026062012	-118.253753662	69.4	
T	34.026111603	-118.253852844	69.4	
T	34.026176453	-118.253974915	69.4	
T	34.026241302	-118.254112244	69.4	
T	34.026290894	-118.254241943	69.3	
T	34.026344299	-118.254364014	69.3	
T	34.026393890	-118.254493713	69.3	
T	34.026451111	-118.254615784	69.3	
T	34.026508331	-118.254737854	69.2	
T	34.026565552	-118.254859924	69.2	
T	34.026622772	-118.254981995	69.2	
T	34.026679993	-118.255104065	69.2	
T	34.026737213	-118.255218506	69.2	
T	34.026790619	-118.255332947	69.1	
T	34.026844025	-118.255447388	69.1	
T	34.026893616	-118.255569458	69.1	
T	34.026939392	-118.255676270	69.1	
T	34.026985168	-118.255790710	69.0	
T	34.027030945	-118.255897522	69.0	
T	34.027080536	-118.256004333	69.0	
T	34.027130127	-118.256111145	69.0	
T	34.027175903	-118.256217957	68.9	
T	34.027221680	-118.256317139	69.0	
T	34.027259827	-118.256401062	69.0	
T	34.027301788	-118.256484985	69.0	
T	34.027332306	-118.256568909	69.0	
T	34.027362823	-118.256645203	69.0	
T	34.027389526	-118.256706238	68.9	
T	34.027404785	-118.256767273	68.9	
T	34.027423859	-118.256813049	68.9	
T	34.027439117	-118.256843567	68.9	
T	34.027446747	-118.256866455	68.9	
T	34.027454376	-118.256889343	68.9	
T	34.027450562	-118.256896973	68.9	
T	34.027462006	-118.256896973	68.9	
T	34.027473450	-118.256896973	68.9	
T	34.027481079	-118.256889343	68.9	
T	34.027484894	-118.256881714	68.9	
T	34.027481079	-118.256904602	68.9	
T	34.027484894	-118.256912231	68.9	
T	34.027484894	-118.256919861	68.9	
T	34.027481079	-118.256919861	68.9	
T	34.027477264	-118.256927490	68.9	
T	34.027473450	-118.256919861	68.9	
T	34.027484894	-118.256935120	68.9	
T	34.027488708	-118.256935120	68.9	
T	34.027492523	-118.256942749	68.9	
T	34.027496338	-118.256942749	68.9	
T	34.027492523	-118.256942749	68.9	
T	34.027488708	-118.256935120	68.9	
T	34.027484894	-118.256935120	68.9	
T	34.027481079	-118.256935120	68.9	
T	34.027481079	-118.256935120	68.9	
T	34.027465820	-118.256904602	68.9	
T	34.027469635	-118.256904602	68.9	
T	34.027473450	-118.256912231	68.9	
T	34.027484894	-118.256927490	68.9	
T	34.027500153	-118.256958008	68.9	
T	34.027519226	-118.257003784	68.9	
T	34.027542114	-118.257049561	68.9	
T	34.027561188	-118.257110596	68.9	
T	34.027591705	-118.257179260	68.8	
T	34.027618408	-118.257240295	68.8	
T	34.027645111	-118.257293701	68.8	
T	34.027656555	-118.257354736	68.8	
T	34.027656555	-118.257408142	68.8	
T	34.027656555	-118.257461548	68.8	
T	34.027648926	-118.257507324	68.8	
T	34.027622223	-118.257545471	68.7	
T	34.027603149	-118.257575989	68.7	
T	34.027576447	-118.257614136	68.7	
T	34.027553558	-118.257644653	68.7	
T	34.027526855	-118.257652283	68.7	
T	34.027507782	-118.257667542	68.6	
T	34.027492523	-118.257675171	68.6	
T	34.027481079	-118.257675171	68.6	
T	34.027469635	-118.257682800	68.6	
T	34.027462006	-118.257690430	68.6	
T	34.027458191	-118.257690430	68.6	
T	34.027450562	-118.257690430	68.6	
T	34.027446747	-118.257690430	68.6	
T	34.027446747	-118.257698059	68.6	
T	34.027439117	-118.257698059	68.6	
T	34.027435303	-118.257705688	68.6	
T	34.027427673	-118.257705688	68.6	
T	34.027420044	-118.257705688	68.6	
T	34.027404785	-118.257713318	68.6	
T	34.027381897	-118.257728577	68.6	
T	34.027351379	-118.257751465	68.6	
T	34.027309418	-118.257774353	68.5	
T	34.027259827	-118.257797241	68.5	
T	34.027206421	-118.257827759	68.5	
T	34.027145386	-118.257858276	68.4	
T	34.027084351	-118.257888794	68.4	
T	34.027019501	-118.257919312	68.4	
T	34.026954651	-118.257957458	68.3	
T	34.026885986	-118.258003235	68.3	
T	34.026809692	-118.258049011	68.3	
T	34.026733398	-118.258102417	68.2	
T	34.026653290	-118.258148193	68.2	
T	34.026576996	-118.258201599	68.1	
T	34.026508331	-118.258239746	68.1	
T	34.026443481	-118.258277893	68.1	
T	34.026390076	-118.258308411	68.0	
T	34.026348114	-118.258331299	68.0	
T	34.026302338	-118.258361816	68.0	
T	34.026245117	-118.258384705	68.0	
T	34.026203156	-118.258415222	68.0	
T	34.026165009	-118.258438110	68.0	
T	34.026134491	-118.258460999	68.0	
T	34.026100159	-118.258483887	67.9	
T	34.026062012	-118.258506775	67.9	
T	34.026023865	-118.258529663	67.9	
T	34.025993347	-118.258544922	67.9	
T	34.025970459	-118.258560181	67.9	
T	34.025959015	-118.258583069	67.9	
T	34.025947571	-118.258605957	67.8	
T	34.025943756	-118.258628845	67.8	
T	34.025939941	-118.258659363	67.8	
T	34.025939941	-118.258697510	67.8	
T	34.025951385	-118.258728027	67.8	
T	34.025951385	-118.258766174	67.8	
T	34.025959015	-118.258796692	67.8	
T	34.025970459	-118.258827209	67.8	
T	34.025981903	-118.258865356	67.8	
T	34.025993347	-118.258888245	67.8	
T	34.026000977	-118.258926392	67.7	
T	34.026008606	-118.258964539	67.7	
T	34.026016235	-118.258995056	67.7	
T	34.026020050	-118.259025574	67.7	
T	34.026035309	-118.259063721	67.7	
T	34.026050568	-118.259101868	67.7	
T	34.026065826	-118.259140015	67.7	
T	34.026077271	-118.259185791	67.7	
T	34.026088715	-118.259223938	67.7	
T	34.026100159	-118.259277344	67.7	
T	34.026115417	-118.259323120	67.6	
T	34.026130676	-118.259376526	67.6	
T	34.026153564	-118.259429932	67.6	
T	34.026172638	-118.259475708	67.6	
T	34.026195526	-118.259521484	67.6	
T	34.026214600	-118.259559631	67.6	
T	34.026229858	-118.259590149	67.6	
T	34.026256561	-118.259628296	67.6	
T	34.026290894	-118.259666443	67.6	
T	34.026325226	-118.259704590	67.6	
T	34.026348114	-118.259735107	67.7	
T	34.026371002	-118.259773254	67.7	
T	34.026397705	-118.259803772	67.7	
T	34.026420593	-118.259849548	67.7	
T	34.026443481	-118.259895325	67.7	
T	34.026462555	-118.259948730	67.6	
T	34.026481628	-118.260002136	67.6	
T	34.026504517	-118.260063171	67.6	
T	34.026527405	-118.260131836	67.6	
T	34.026550293	-118.260192871	67.6	
T	34.026576996	-118.260261536	67.6	
T	34.026599884	-118.260322571	67.6	
T	34.026615143	-118.260360718	67.6	
T	34.026626587	-118.260391235	67.5	
T	34.026634216	-118.260421753	67.5	
T	34.026638031	-118.260437012	67.5	
T	34.026641846	-118.260444641	67.5	
T	34.026641846	-118.260437012	67.5	
T	34.026645660	-118.260444641	67.5	
T	34.026649475	-118.260459900	67.5	
T	34.026653290	-118.260475159	67.5	
T	34.026645660	-118.260505676	67.5	
T	34.026638031	-118.260536194	67.5	
T	34.026626587	-118.260574341	67.5	
T	34.026607513	-118.260604858	67.5	
T	34.026576996	-118.260643005	67.5	
T	34.026542664	-118.260673523	67.5	
T	34.026508331	-118.260711670	67.5	
T	34.026466370	-118.260742188	67.5	
T	34.026428223	-118.260780334	67.4	
T	34.026390076	-118.260826111	67.4	
T	34.026351929	-118.260871887	67.4	
T	34.026325226	-118.260925293	67.3	
T	34.026290894	-118.260986328	67.3	
T	34.026248932	-118.261039734	67.3	
T	34.026203156	-118.261093140	67.2	
T	34.026149750	-118.261138916	67.2	
T	34.026088715	-118.261184692	67.2	
T	34.026023865	-118.261230469	67.2	
T	34.025955200	-118.261276245	67.2	
T	34.025901794	-118.261337280	67.1	
T	34.025833130	-118.261383057	67.1	
T	34.025756836	-118.261436462	67.1	
T	34.025676727	-118.261489868	67.0	
T	34.025596619	-118.261535645	67.0	
T	34.025520325	-118.261581421	66.9	
T	34.025447845	-118.261627197	66.9	
T	34.025382996	-118.261665344	66.9	
T	34.025318146	-118.261711121	66.9	
T	34.025264740	-118.261741638	66.8	
T	34.025215149	-118.261772156	66.8	
T	34.025169373	-118.261802673	66.8	
T	34.025127411	-118.261825562	66.8	
T	34.025096893	-118.261833191	66.8	
T	34.025074005	-118.261848450	66.8	
T	34.025054932	-118.261856079	66.8	
T	34.025039673	-118.261856079	66.7	
T	34.025024414	-118.261856079	66.7	
T	34.025012970	-118.261863708	66.7	
T	34.025001526	-118.261863708	66.7	
T	34.024990082	-118.261871338	66.7	
T	34.024993896	-118.261871338	66.7	
T	34.024990082	-118.261886597	66.7	
T	34.024986267	-118.261901855	66.7	
T	34.024986267	-118.261917114	66.7	
T	34.024990082	-118.261932373	66.7	
T	34.024993896	-118.261955261	66.7	
T	34.025001526	-118.261978149	66.7	
T	34.025016785	-118.262001038	66.7	
T	34.025043488	-118.262039185	66.7	
T	34.025066376	-118.262077332	66.7	
T	34.025085449	-118.262115479	66.7	
T	34.025108337	-118.262145996	66.7	
T	34.025135040	-118.262191772	66.7	
T	34.025157928	-118.262245178	66.6	
T	34.025173187	-118.262298584	66.6	
T	34.025196075	-118.262359619	66.6	
T	34.025222778	-118.262413025	66.6	
T	34.025257111	-118.262474060	66.6	
T	34.025291443	-118.262542725	66.7	
T	34.025329590	-118.262611389	66.7	
T	34.025363922	-118.262695312	66.7	
T	34.025394440	-118.262771606	66.6	
T	34.025424957	-118.262863159	66.6	
T	34.025463104	-118.262947083	66.6	
T	34.025501251	-118.263038635	66.6	
T	34.025539398	-118.263130188	66.6	
T	34.025577545	-118.263221741	66.6	
T	34.025611877	-118.263313293	66.5	
T	34.025638580	-118.263397217	66.5	
T	34.025669098	-118.263481140	66.5	
T	34.025699615	-118.263565063	66.5	
T	34.025733948	-118.263641357	66.5	
T	34.025768280	-118.263725281	66.5	
T	34.025802612	-118.263801575	66.5	
T	34.025833130	-118.263870239	66.5	
T	34.025871277	-118.263931274	66.5	
T	34.025901794	-118.263992310	66.5	
T	34.025928497	-118.264068604	66.5	
T	34.025955200	-118.264129639	66.5	
T	34.025978088	-118.264198303	66.4	
T	34.026004791	-118.264274597	66.4	
T	34.026035309	-118.264343262	66.4	
T	34.026069641	-118.264419556	66.4	
T	34.026111603	-118.264488220	66.4	
T	34.026149750	-118.264579773	66.4	
T	34.026191711	-118.264663696	66.3	
T	34.026233673	-118.264755249	66.3	
T	34.026279449	-118.264846802	66.3	
T	34.026325226	-118.264938354	66.3	
T	34.026367188	-118.265037537	66.3	
T	34.026416779	-118.265129089	66.3	
T	34.026466370	-118.265235901	66.2	
T	34.026508331	-118.265335083	66.2	
T	34.026557922	-118.265441895	66.2	
T	34.026607513	-118.265548706	66.2	
T	34.026657104	-118.265655518	66.1	
T	34.026710510	-118.265762329	66.1	
T	34.026760101	-118.265861511	66.0	
T	34.026809692	-118.265968323	66.0	
T	34.026859283	-118.266067505	66.0	
T	34.026905060	-118.266174316	65.9	
T	34.026950836	-118.266281128	65.9	
T	34.026992798	-118.266380310	65.8	
T	34.027034760	-118.266479492	65.7	
T	34.027076721	-118.266578674	65.7	
T	34.027114868	-118.266654968	65.7	
T	34.027149200	-118.266731262	65.7	
T	34.027179718	-118.266784668	65.6	
T	34.027210236	-118.266830444	65.6	
T	34.027229309	-118.266876221	65.6	
T	34.027244568	-118.266914368	65.6	
T	34.027256012	-118.266944885	65.5	
T	34.027271271	-118.266967773	65.5	
T	34.027275085	-118.266990662	65.5	
T	34.027275085	-118.266998291	65.5	
T	34.027275085	-118.267005920	65.5	
T	34.027275085	-118.267013550	65.5	
T	34.027271271	-118.267013550	65.5	
T	34.027271271	-118.267028809	65.5	
T	34.027275085	-118.267036438	65.4	
T	34.027271271	-118.267036438	65.4	
T	34.027278900	-118.267066956	65.4	
T	34.027282715	-118.267082214	65.4	
T	34.027294159	-118.267097473	65.4	
T	34.027309418	-118.267112732	65.4	
T	34.027324677	-118.267120361	65.4	
T	34.027339935	-118.267127991	65.4	
T	34.027370453	-118.267112732	65.4	
T	34.027400970	-118.267089844	65.4	
T	34.027427673	-118.267074585	65.4	
T	34.027473450	-118.267051697	65.5	
T	34.027503967	-118.267044067	65.5	
T	34.027526855	-118.267051697	65.5	
T	34.027545929	-118.267066956	65.5	
T	34.027572632	-118.267105103	65.5	
T	34.027591705	-118.267150879	65.4	
T	34.027610779	-118.267204285	65.4	
T	34.027633667	-118.267265320	65.4	
T	34.027645111	-118.267341614	65.3	
T	34.027664185	-118.267410278	65.2	
T	34.027687073	-118.267486572	65.2	
T	34.027755737	-118.267570496	65.1	
T	34.027812958	-118.267654419	65.1	
T	34.027854919	-118.267738342	65.0	
T	34.027889252	-118.267814636	65.0	
T	34.027942657	-118.267875671	64.9	
T	34.027973175	-118.267921448	64.9	
T	34.027988434	-118.267959595	64.9	
T	34.028003693	-118.267997742	64.9	
T	34.028022766	-118.268035889	64.9	
T	34.028045654	-118.268074036	64.9	
T	34.028064728	-118.268119812	64.9	
T	34.028087616	-118.268157959	64.9	
T	34.028102875	-118.268203735	64.9	
T	34.028125763	-118.268249512	64.9	
T	34.028144836	-118.268287659	64.9	
T	34.028163910	-118.268333435	64.9	
T	34.028186798	-118.268379211	64.9	
T	34.028209686	-118.268432617	64.9	
T	34.028240204	-118.268486023	64.9	
T	34.028266907	-118.268547058	65.0	
T	34.028285980	-118.268623352	65.0	
T	34.028324127	-118.268692017	65.0	
T	34.028358459	-118.268753052	65.0	
T	34.028385162	-118.268814087	65.0	
T	34.028404236	-118.268859863	65.0	
T	34.028423309	-118.268898010	65.0	
T	34.028434753	-118.268928528	65.0	
T	34.028446198	-118.268943787	64.9	
T	34.028453827	-118.268951416	64.9	
T	34.028457642	-118.268959045	64.9	
T	34.028461456	-118.268951416	65.0	
T	34.028469086	-118.268951416	65.0	
T	34.028476715	-118.268974304	64.9	
T	34.028484344	-118.269004822	64.9	
T	34.028503418	-118.269050598	64.9	
T	34.028526306	-118.269104004	64.9	
T	34.028553009	-118.269165039	64.9	
T	34.028583527	-118.269233704	64.9	
T	34.028621674	-118.269302368	64.9	
T	34.028656006	-118.269378662	64.9	
T	34.028690338	-118.269454956	64.8	
T	34.028728485	-118.269538879	64.7	
T	34.028766632	-118.269622803	64.7	
T	34.028804779	-118.269706726	64.7	
T	34.028846741	-118.269798279	64.7	
T	34.028884888	-118.269874573	64.7	
T	34.028919220	-118.269958496	64.7	
T	34.028949738	-118.270027161	64.6	
T	34.028987885	-118.270095825	64.6	
T	34.029018402	-118.270156860	64.6	
T	34.029045105	-118.270217896	64.6	
T	34.029067993	-118.270263672	64.6	
T	34.029090881	-118.270309448	64.6	
T	34.029106140	-118.270339966	64.6	
T	34.029113770	-118.270355225	64.6	
T	34.029125214	-118.270378113	64.6	
T	34.029132843	-118.270393372	64.6	
T	34.029136658	-118.270416260	64.6	
T	34.029148102	-118.270446777	64.6	
T	34.029159546	-118.270469666	64.6	
T	34.029170990	-118.270492554	64.6	
T	34.029178619	-118.270507812	64.6	
T	34.029186249	-118.270523071	64.6	
T	34.029193878	-118.270545959	64.6	
T	34.029205322	-118.270568848	64.6	
T	34.029209137	-118.270591736	64.6	
T	34.029220581	-118.270606995	64.6	
T	34.029224396	-118.270622253	64.6	
T	34.029232025	-118.270637512	64.6	
T	34.029243469	-118.270660400	64.6	
T	34.029262543	-118.270698547	64.6	
T	34.029281616	-118.270736694	64.6	
T	34.029300690	-118.270790100	64.5	
T	34.029319763	-118.270866394	64.5	
T	34.029335022	-118.270957947	64.4	
T	34.029357910	-118.271057129	64.4	
T	34.029388428	-118.271163940	64.3	
T	34.029415131	-118.271278381	64.3	
T	34.029449463	-118.271385193	64.2	
T	34.029487610	-118.271492004	64.2	
T	34.029533386	-118.271598816	64.2	
T	34.029575348	-118.271697998	64.1	
T	34.029617310	-118.271797180	64.1	
T	34.029666901	-118.271881104	64.1	
T	34.029705048	-118.271972656	64.0	
T	34.029743195	-118.272056580	64.0	
T	34.029781342	-118.272132874	64.0	
T	34.029815674	-118.272201538	64.0	
T	34.029850006	-118.272270203	64.0	
T	34.029891968	-118.272323608	64.0	
T	34.029926300	-118.272369385	64.0	
T	34.029941559	-118.272415161	63.9	
T	34.029960632	-118.272445679	63.9	
T	34.029972076	-118.272453308	63.9	
T	34.029972076	-118.272468567	63.9	
T	34.029975891	-118.272476196	63.9	
T	34.029979706	-118.272483826	63.9	
T	34.029983521	-118.272483826	63.9	
T	34.029979706	-118.272483826	63.9	
T	34.029983521	-118.272476196	63.9	
T	34.029983521	-118.272468567	63.9	
T	34.029987335	-118.272460938	63.9	
T	34.029987335	-118.272460938	63.9	
T	34.029941559	-118.272483826	63.9	
T	34.029933929	-118.272483826	63.8	
T	34.029933929	-118.272491455	63.8	
T	34.029930115	-118.272491455	63.8	
T	34.029930115	-118.272491455	63.8	
T	34.029926300	-118.272506714	63.8	
T	34.029930115	-118.272514343	63.8	
T	34.029933929	-118.272514343	63.8	
T	34.029937744	-118.272521973	63.8	
T	34.029937744	-118.272521973	63.8	
T	34.029964447	-118.272529602	63.8	
T	34.029968262	-118.272529602	63.8	
T	34.029968262	-118.272537231	63.8	
T	34.029972076	-118.272537231	63.8	
T	34.029975891	-118.272537231	63.8	
T	34.029972076	-118.272529602	63.8	
T	34.029975891	-118.272537231	63.8	
T	34.029979706	-118.272529602	63.8	
T	34.029983521	-118.272537231	63.8	
T	34.029987335	-118.272537231	63.8	
T	34.029968262	-118.272521973	63.8	
T	34.029979706	-118.272537231	63.8	
T	34.029987335	-118.272560120	63.8	
T	34.030002594	-118.272575378	63.8	
T	34.030017853	-118.272590637	63.8	
T	34.030029297	-118.272613525	63.8	
T	34.030044556	-118.272636414	63.8	
T	34.030063629	-118.272659302	63.8	
T	34.030086517	-118.272689819	63.8	
T	34.030101776	-118.272720337	63.8	
T	34.030117035	-118.272758484	63.8	
T	34.030132294	-118.272796631	63.8	
T	34.030147552	-118.272834778	63.8	
T	34.030162811	-118.272880554	63.8	
T	34.030181885	-118.272933960	63.8	
T	34.030197144	-118.272987366	63.7	
T	34.030216217	-118.273056030	63.7	
T	34.030239105	-118.273124695	63.6	
T	34.030258179	-118.273193359	63.6	
T	34.030284882	-118.273269653	63.5	
T	34.030311584	-118.273345947	63.4	
T	34.030345917	-118.273429871	63.3	
T	34.030380249	-118.273513794	63.2	
T	34.030418396	-118.273590088	63.1	
T	34.030445099	-118.273666382	63.0	
T	34.030475616	-118.273727417	62.9	
T	34.030502319	-118.273788452	62.8	
T	34.030525208	-118.273841858	62.7	
T	34.030544281	-118.273880005	62.6	
T	34.030559540	-118.273910522	62.6	
T	34.030567169	-118.273933411	62.5	
T	34.030574799	-118.273956299	62.5	
T	34.030582428	-118.273963928	62.4	
T	34.030593872	-118.273971558	62.4	
T	34.030597687	-118.273986816	62.4	
T	34.030597687	-118.273994446	62.4	
T	34.030601501	-118.274002075	62.3	
T	34.030597687	-118.274009705	62.3	
T	34.030593872	-118.274009705	62.3	
T	34.030590057	-118.274009705	62.3	
T	34.030590057	-118.274017334	62.3	
T	34.030593872	-118.274009705	62.3	
T	34.030597687	-118.274009705	62.3	
T	34.030601501	-118.274017334	62.3	
T	34.030605316	-118.274009705	62.3	
T	34.030609131	-118.274009705	62.3	
T	34.030612946	-118.274009705	62.3	
T	34.030612946	-118.274017334	62.3	
T	34.030609131	-118.274017334	62.3	
T	34.030609131	-118.274024963	62.3	
T	34.030609131	-118.274032593	62.3	
T	34.030612946	-118.274040222	62.2	
T	34.030612946	-118.274047852	62.2	
T	34.030616760	-118.274055481	62.2	
T	34.030620575	-118.274070740	62.2	
T	34.030624390	-118.274070740	62.2	
T	34.030620575	-118.274070740	62.2	
T	34.030612946	-118.274070740	62.2	
T	34.030616760	-118.274070740	62.2	
T	34.030616760	-118.274063110	62.2	
T	34.030620575	-118.274063110	62.2	
T	34.030616760	-118.274070740	62.2	
T	34.030620575	-118.274070740	62.2	
T	34.030624390	-118.274070740	62.2	
T	34.030628204	-118.274078369	62.2	
T	34.030632019	-118.274078369	62.2	
T	34.030635834	-118.274085999	62.1	
T	34.030639648	-118.274101257	62.1	
T	34.030643463	-118.274116516	62.1	
T	34.030654907	-118.274147034	62.0	
T	34.030670166	-118.274177551	61.9	
T	34.030681610	-118.274208069	61.8	
T	34.030693054	-118.274230957	61.7	
T	34.030700684	-118.274261475	61.6	
T	34.030712128	-118.274299622	61.5	
T	34.030723572	-118.274337769	61.5	
T	34.030735016	-118.274391174	61.5	
T	34.030735016	-118.274436951	61.6	
T	34.030735016	-118.274482727	61.6	
T	34.030712128	-118.274536133	61.6	
T	34.030689240	-118.274581909	61.6	
T	34.030666351	-118.274612427	61.7	
T	34.030643463	-118.274635315	61.7	
T	34.030624390	-118.274650574	61.7	
T	34.030612946	-118.274658203	61.7	
T	34.030582428	-118.274635315	61.7	
T	34.030548096	-118.274627686	61.7	
T	34.030525208	-118.274627686	61.7	
T	34.030513763	-118.274612427	61.7	
T	34.030498505	-118.274612427	61.7	
T	34.030494690	-118.274604797	61.7	
T	34.030483246	-118.274581909	61.7	
T	34.030479431	-118.274574280	61.7	
T	34.030475616	-118.274574280	61.7	
T	34.030464172	-118.274574280	61.7	
T	34.030445099	-118.274581909	61.7	
T	34.030410767	-118.274597168	61.7	
T	34.030372620	-118.274612427	61.7	
T	34.030323029	-118.274635315	61.7	
T	34.030261993	-118.274665833	61.8	
T	34.030193329	-118.274711609	61.8	
T	34.030120850	-118.274757385	61.8	
T	34.030048370	-118.274803162	61.8	
T	34.029968262	-118.274864197	61.8	
T	34.029876709	-118.274909973	61.9	
T	34.029788971	-118.274963379	61.9	
T	34.029685974	-118.275024414	61.9	
T	34.029582977	-118.275093079	62.0	
T	34.029491425	-118.275154114	62.0	
T	34.029399872	-118.275207520	62.0	
T	34.029312134	-118.275253296	62.0	
T	34.029228210	-118.275306702	62.0	
T	34.029151917	-118.275360107	62.1	
T	34.029075623	-118.275398254	62.1	
T	34.029003143	-118.275436401	62.1	
T	34.028926849	-118.275482178	62.1	
T	34.028858185	-118.275520325	62.2	
T	34.028800964	-118.275550842	62.2	
T	34.028739929	-118.275588989	62.2	
T	34.028675079	-118.275627136	62.2	
T	34.028606415	-118.275672913	62.1	
T	34.028545380	-118.275711060	62.1	
T	34.028503418	-118.275733948	62.1	
T	34.028472900	-118.275756836	62.1	
T	34.028446198	-118.275772095	62.1	
T	34.028415680	-118.275779724	62.1	
T	34.028385162	-118.275787354	62.1	
T	34.028362274	-118.275794983	62.1	
T	34.028347015	-118.275794983	62.1	
T	34.028335571	-118.275802612	62.1	
T	34.028324127	-118.275802612	62.1	
T	34.028316498	-118.275802612	62.1	
T	34.028312683	-118.275802612	62.1	
T	34.028305054	-118.275810242	62.1	
T	34.028301239	-118.275810242	62.1	
T	34.028293610	-118.275817871	62.1	
T	34.028289795	-118.275817871	62.1	
T	34.028282166	-118.275817871	62.1	
T	34.028270721	-118.275817871	62.1	
T	34.028251648	-118.275833130	62.1	
T	34.028232574	-118.275840759	62.2	
T	34.028213501	-118.275856018	62.2	
T	34.028198242	-118.275863647	62.2	
T	34.028186798	-118.275878906	62.2	
T	34.028182983	-118.275886536	62.2	
T	34.028182983	-118.275894165	62.2	
T	34.028186798	-118.275901794	62.2	
T	34.028198242	-118.275901794	62.2	
T	34.028213501	-118.275909424	62.2	
T	34.028221130	-118.275917053	62.2	
T	34.028221130	-118.275917053	62.2	
T	34.028308868	-118.275939941	62.2	
T	34.028312683	-118.275939941	62.2	
T	34.028320312	-118.275939941	62.2	
T	34.028324127	-118.275939941	62.2	
T	34.028324127	-118.275939941	62.2	
T	34.028324127	-118.275939941	62.2	
T	34.028316498	-118.275886536	62.2	
T	34.028308868	-118.275886536	62.2	
T	34.028312683	-118.275878906	62.2	
T	34.028316498	-118.275878906	62.2	
T	34.028320312	-118.275871277	62.2	
T	34.028320312	-118.275871277	62.2	
T	34.028305054	-118.275878906	62.2	
T	34.028301239	-118.275878906	62.2	
T	34.028297424	-118.275878906	62.2	
T	34.028293610	-118.275878906	62.2	
T	34.028289795	-118.275878906	62.2	
T	34.028289795	-118.275886536	62.2	
T	34.028289795	-118.275886536	62.2	
T	34.028259277	-118.275894165	62.2	
T	34.028255463	-118.275894165	62.2	
T	34.028251648	-118.275894165	62.2	
T	34.028247833	-118.275894165	62.2	
T	34.028247833	-118.275894165	62.2	
T	34.028236389	-118.275901794	62.2	
T	34.028232574	-118.275901794	62.2	
T	34.028236389	-118.275901794	62.2	
T	34.028236389	-118.275901794	62.2	
T	34.028270721	-118.275917053	62.2	
T	34.028244019	-118.275924683	62.2	
T	34.028217316	-118.275924683	62.2	
T	34.028182983	-118.275917053	62.2	
T	34.028133392	-118.275878906	62.2	
T	34.028087616	-118.275848389	62.1	
T	34.028057098	-118.275802612	62.1	
T	34.028026581	-118.275749207	62.1	
T	34.027992249	-118.275688171	62.1	
T	34.027957916	-118.275634766	62.1	
T	34.027915955	-118.275581360	62.1	
T	34.027877808	-118.275543213	62.0	
T	34.027843475	-118.275497437	62.0	
T	34.027824402	-118.275459290	62.0	
T	34.027812958	-118.275428772	62.0	
T	34.027801514	-118.275398254	62.0	
T	34.027786255	-118.275382996	62.0	
T	34.027778625	-118.275360107	62.0	
T	34.027767181	-118.275344849	62.0	
T	34.027759552	-118.275329590	62.0	
T	34.027751923	-118.275329590	62.0	
T	34.027748108	-118.275321960	62.0	
T	34.027740479	-118.275321960	62.0	
T	34.027736664	-118.275321960	62.0	
T	34.027732849	-118.275321960	62.0	
T	34.027729034	-118.275321960	62.0	
T	34.027725220	-118.275321960	62.0	
T	34.027721405	-118.275321960	62.0	
T	34.027721405	-118.275321960	62.0	
T	34.027748108	-118.275283813	62.0	
T	34.027740479	-118.275260925	61.9	
T	34.027732849	-118.275230408	61.9	
T	34.027721405	-118.275177002	61.9	
T	34.027698517	-118.275123596	61.9	
T	34.027671814	-118.275077820	61.9	
T	34.027648926	-118.275016785	61.8	
T	34.027618408	-118.274963379	61.8	
T	34.027599335	-118.274902344	61.7	
T	34.027576447	-118.274864197	61.7	
T	34.027553558	-118.274826050	61.6	
T	34.027526855	-118.274787903	61.5	
T	34.027500153	-118.274742126	61.4	
T	34.027473450	-118.274703979	61.4	
T	34.027450562	-118.274665833	61.3	
T	34.027431488	-118.274627686	61.2	
T	34.027404785	-118.274589539	61.1	
T	34.027381897	-118.274543762	61.2	
T	34.027366638	-118.274505615	61.3	
T	34.027351379	-118.274467468	61.3	
T	34.027339935	-118.274429321	61.4	
T	34.027328491	-118.274383545	61.5	
T	34.027313232	-118.274345398	61.6	
T	34.027301788	-118.274322510	61.7	
T	34.027286530	-118.274291992	61.7	
T	34.027271271	-118.274253845	61.7	
T	34.027256012	-118.274223328	61.8	
T	34.027244568	-118.274185181	61.8	
T	34.027217865	-118.274139404	61.8	
T	34.027194977	-118.274093628	61.9	
T	34.027187347	-118.274040222	61.9	
T	34.027191162	-118.273994446	61.9	
T	34.027183533	-118.273941040	62.0	
T	34.027172089	-118.273887634	62.0	
T	34.027156830	-118.273834229	62.0	
T	34.027141571	-118.273773193	62.1	
T	34.027114868	-118.273719788	62.1	
T	34.027088165	-118.273658752	62.1	
T	34.027061462	-118.273605347	62.2	
T	34.027038574	-118.273544312	62.2	
T	34.027008057	-118.273483276	62.2	
T	34.026977539	-118.273422241	62.3	
T	34.026943207	-118.273353577	62.3	
T	34.026912689	-118.273284912	62.4	
T	34.026878357	-118.273223877	62.5	
T	34.026851654	-118.273155212	62.5	
T	34.026824951	-118.273101807	62.5	
T	34.026798248	-118.273040771	62.5	
T	34.026771545	-118.272979736	62.5	
T	34.026744843	-118.272933960	62.5	
T	34.026718140	-118.272880554	62.6	
T	34.026695251	-118.272842407	62.6	
T	34.026672363	-118.272796631	62.6	
T	34.026653290	-118.272758484	62.6	
T	34.026638031	-118.272712708	62.7	
T	34.026618958	-118.272674561	62.7	
T	34.026599884	-118.272628784	62.7	
T	34.026573181	-118.272583008	62.7	
T	34.026542664	-118.272529602	62.7	
T	34.026519775	-118.272491455	62.8	
T	34.026500702	-118.272468567	62.8	
T	34.026485443	-118.272445679	62.8	
T	34.026466370	-118.272422791	62.8	
T	34.026454926	-118.272399902	62.8	
T	34.026454926	-118.272407532	62.8	
T	34.026447296	-118.272407532	62.8	
T	34.026443481	-118.272407532	62.8	
T	34.026439667	-118.272407532	62.8	
T	34.026424408	-118.272392273	62.8	
T	34.026405334	-118.272384644	62.8	
T	34.026390076	-118.272377014	62.8	
T	34.026371002	-118.272384644	62.8	
T	34.026348114	-118.272399902	62.9	
T	34.026332855	-118.272422791	62.8	
T	34.026321411	-118.272438049	62.8	
T	34.026309967	-118.272453308	62.8	
T	34.026298523	-118.272460938	62.8	
T	34.026287079	-118.272468567	62.8	
T	34.026275635	-118.272476196	62.8	
T	34.026283264	-118.272499084	62.8	
T	34.026279449	-118.272506714	62.8	
T	34.026268005	-118.272521973	62.8	
T	34.026264191	-118.272529602	62.8	
T	34.026256561	-118.272537231	62.8	
T	34.026245117	-118.272552490	62.8	
T	34.026191711	-118.272605896	62.8	
T	34.026191711	-118.272613525	62.8	
T	34.026187897	-118.272621155	62.8	
T	34.026180267	-118.272628784	62.8	
T	34.026165009	-118.272682190	62.8	
T	34.026168823	-118.272689819	62.8	
T	34.026161194	-118.272697449	62.8	
T	34.026157379	-118.272697449	62.8	
T	34.026157379	-118.272697449	62.8	
T	34.026111603	-118.272697449	62.8	
T	34.026111603	-118.272689819	62.8	
T	34.026115417	-118.272682190	62.8	
T	34.026115417	-118.272674561	62.8	
T	34.026119232	-118.272666931	62.8	
T	34.026119232	-118.272659302	62.8	
T	34.026119232	-118.272651672	62.8	
T	34.026115417	-118.272651672	62.8	
T	34.026119232	-118.272651672	62.8	
T	34.026119232	-118.272651672	62.8	
T	34.026031494	-118.272697449	62.8	
T	34.026031494	-118.272705078	62.8	
T	34.026031494	-118.272705078	62.8	
T	34.026031494	-118.272743225	62.7	
T	34.026027679	-118.272743225	62.7	
T	34.026023865	-118.272743225	62.7	
T	34.026027679	-118.272743225	62.7	
T	34.026027679	-118.272743225	62.7	
T	34.026107788	-118.272796631	62.7	
T	34.026111603	-118.272796631	62.7	
T	34.026111603	-118.272789001	62.7	
T	34.026111603	-118.272781372	62.7	
T	34.026111603	-118.272781372	62.7	
T	34.026119232	-118.272758484	62.7	
T	34.026119232	-118.272766113	62.7	
T	34.026123047	-118.272766113	62.7	
T	34.026123047	-118.272766113	62.7	
T	34.026153564	-118.272727966	62.7	
T	34.026157379	-118.272720337	62.7	
T	34.026161194	-118.272720337	62.7	
T	34.026153564	-118.272720337	62.7	
T	34.026153564	-118.272720337	62.7	
T	34.026153564	-118.272720337	62.7	
T	34.026107788	-118.272766113	62.7	
T	34.026088715	-118.272766113	62.7	
T	34.026073456	-118.272750854	62.7	
T	34.026050568	-118.272743225	62.7	
T	34.026046753	-118.272743225	62.7	
T	34.026039124	-118.272735596	62.7	
T	34.026035309	-118.272727966	62.7	
T	34.026039124	-118.272727966	62.7	
T	34.026042938	-118.272735596	62.7	
T	34.026039124	-118.272735596	62.7	
T	34.026042938	-118.272735596	62.7	
T	34.026050568	-118.272735596	62.7	
T	34.026058197	-118.272743225	62.7	
T	34.026073456	-118.272743225	62.7	
T	34.026073456	-118.272743225	62.7	
T	34.026123047	-118.272712708	62.7	
T	34.026134491	-118.272705078	62.8	
T	34.026138306	-118.272697449	62.8	
T	34.026138306	-118.272705078	62.8	
T	34.026138306	-118.272712708	62.7	
T	34.026134491	-118.272720337	62.7	
T	34.026138306	-118.272727966	62.7	
T	34.026111603	-118.272727966	62.7	
T	34.026088715	-118.272727966	62.7	
T	34.026077271	-118.272720337	62.7	
T	34.026062012	-118.272720337	62.7	
T	34.026020050	-118.272705078	62.8	
T	34.026008606	-118.272705078	62.8	
T	34.026004791	-118.272705078	62.8	
T	34.026000977	-118.272697449	62.8	
T	34.025993347	-118.272697449	62.8	
T	34.025985718	-118.272697449	62.8	
T	34.025981903	-118.272697449	62.8	
T	34.025978088	-118.272697449	62.8	
T	34.025981903	-118.272705078	62.8	
T	34.025989532	-118.272697449	62.8	
T	34.025993347	-118.272705078	62.8	
T	34.026039124	-118.272727966	62.7	
T	34.026058197	-118.272727966	62.7	
T	34.026062012	-118.272720337	62.7	
T	34.026081085	-118.272720337	62.7	
T	34.026100159	-118.272720337	62.7	
T	34.026107788	-118.272712708	62.7	
T	34.026115417	-118.272712708	62.7	
T	34.026130676	-118.272712708	62.7	
T	34.026145935	-118.272720337	62.7	
T	34.026161194	-118.272720337	62.7	
T	34.026176453	-118.272727966	62.7	
T	34.026184082	-118.272727966	62.7	
T	34.026195526	-118.272735596	62.7	
T	34.026203156	-118.272727966	62.7	
T	34.026206970	-118.272720337	62.7	
T	34.026203156	-118.272720337	62.7	
T	34.026203156	-118.272712708	62.7	
T	34.026203156	-118.272712708	62.7	
T	34.026199341	-118.272705078	62.8	
T	34.026206970	-118.272705078	62.8	
T	34.026214600	-118.272705078	62.8	
T	34.026226044	-118.272689819	62.8	
T	34.026218414	-118.272697449	62.8	
T	34.026218414	-118.272705078	62.8	
T	34.026218414	-118.272712708	62.7	
T	34.026218414	-118.272712708	62.7	
T	34.026218414	-118.272712708	62.7	
T	34.026184082	-118.272758484	62.7	
T	34.026165009	-118.272743225	62.7	
T	34.026168823	-118.272750854	62.7	
T	34.026172638	-118.272758484	62.7	
T	34.026161194	-118.272773743	62.7	
T	34.026138306	-118.272766113	62.7	
T	34.026119232	-118.272758484	62.7	
T	34.026092529	-118.272758484	62.7	
T	34.026058197	-118.272766113	62.7	
T	34.026020050	-118.272758484	62.7	
T	34.025981903	-118.272766113	62.7	
T	34.025936127	-118.272781372	62.7	
T	34.025890350	-118.272804260	62.7	
T	34.025836945	-118.272834778	62.7	
T	34.025779724	-118.272857666	62.8	
T	34.025714874	-118.272895813	62.8	
T	34.025650024	-118.272933960	62.8	
T	34.025585175	-118.272972107	62.7	
T	34.025516510	-118.273017883	62.7	
T	34.025444031	-118.273071289	62.6	
T	34.025367737	-118.273117065	62.6	
T	34.025283813	-118.273170471	62.6	
T	34.025199890	-118.273216248	62.6	
T	34.025112152	-118.273262024	62.6	
T	34.025024414	-118.273315430	62.5	
T	34.024932861	-118.273361206	62.5	
T	34.024837494	-118.273406982	62.4	
T	34.024742126	-118.273460388	62.4	
T	34.024642944	-118.273513794	62.3	
T	34.024539948	-118.273567200	62.2	
T	34.024433136	-118.273628235	62.2	
T	34.024330139	-118.273681641	62.1	
T	34.024227142	-118.273742676	62.1	
T	34.024116516	-118.273803711	62.0	
T	34.024002075	-118.273864746	61.9	
T	34.023891449	-118.273925781	61.9	
T	34.023777008	-118.273994446	61.8	
T	34.023670197	-118.274055481	61.7	
T	34.023563385	-118.274116516	61.5	
T	34.023445129	-118.274177551	61.3	
T	34.023330688	-118.274246216	61.2	
T	34.023147583	-118.274353027	61.0	
T	34.023014069	-118.274429321	61.0	
T	34.022903442	-118.274505615	60.9	
T	34.022792816	-118.274581909	60.9	
T	34.022686005	-118.274658203	60.9	
T	34.022583008	-118.274726868	60.9	
T	34.022476196	-118.274803162	60.8	
T	34.022369385	-118.274871826	60.7	
T	34.022254944	-118.274948120	60.8	
T	34.022113800	-118.275039673	60.9	
T	34.021987915	-118.275131226	60.8	
T	34.021873474	-118.275207520	60.7	
T	34.021759033	-118.275283813	60.6	
T	34.021640778	-118.275367737	60.5	
T	34.021530151	-118.275444031	60.5	
T	34.021419525	-118.275512695	60.4	
T	34.021308899	-118.275581360	60.3	
T	34.021198273	-118.275650024	60.2	
T	34.021087646	-118.275711060	60.1	
T	34.020984650	-118.275772095	60.0	
T	34.020885468	-118.275833130	60.0	
T	34.020790100	-118.275894165	59.9	
T	34.020694733	-118.275955200	59.8	
T	34.020606995	-118.276008606	59.8	
T	34.020526886	-118.276054382	59.8	
T	34.020462036	-118.276100159	59.8	
T	34.020401001	-118.276153564	59.8	
T	34.020347595	-118.276176453	59.8	
T	34.020278931	-118.276229858	59.8	
T	34.020221710	-118.276237488	59.7	
T	34.020168304	-118.276222229	59.7	
T	34.020153046	-118.276138306	59.7	
T	34.020111084	-118.276084900	59.8	
T	34.020072937	-118.276023865	59.8	
T	34.020034790	-118.275947571	59.8	
T	34.019996643	-118.275863647	59.9	
T	34.019958496	-118.275779724	59.9	
T	34.019916534	-118.275695801	59.9	
T	34.019878387	-118.275604248	60.0	
T	34.019840240	-118.275520325	60.0	
T	34.019809723	-118.275436401	60.1	
T	34.019779205	-118.275367737	60.2	
T	34.019744873	-118.275306702	60.2	
T	34.019714355	-118.275253296	60.3	
T	34.019683838	-118.275199890	60.4	
T	34.019660950	-118.275169373	60.4	
T	34.019645691	-118.275146484	60.4	
T	34.019618988	-118.275123596	60.4	
T	34.019588470	-118.275123596	60.4	
T	34.019557953	-118.275131226	60.4	
T	34.019519806	-118.275146484	60.4	
T	34.019474030	-118.275177002	60.4	
T	34.019424438	-118.275207520	60.3	
T	34.019359589	-118.275245667	60.3	
T	34.019290924	-118.275283813	60.2	
T	34.019207001	-118.275337219	60.1	
T	34.019115448	-118.275390625	60.1	
T	34.019008636	-118.275451660	60.0	
T	34.018890381	-118.275520325	59.9	
T	34.018775940	-118.275581360	59.9	
T	34.018661499	-118.275650024	59.8	
T	34.018550873	-118.275711060	59.6	
T	34.018440247	-118.275779724	59.6	
T	34.018337250	-118.275840759	59.5	
T	34.018234253	-118.275894165	59.5	
T	34.018131256	-118.275947571	59.4	
T	34.018028259	-118.276000977	59.3	
T	34.017932892	-118.276054382	59.3	
T	34.017833710	-118.276107788	59.2	
T	34.017734528	-118.276161194	59.2	
T	34.017620087	-118.276222229	59.1	
T	34.017494202	-118.276298523	59.0	
T	34.017395020	-118.276367188	58.8	
T	34.017303467	-118.276420593	58.8	
T	34.017219543	-118.276481628	58.7	
T	34.017139435	-118.276535034	58.7	
T	34.017059326	-118.276603699	58.7	
T	34.016986847	-118.276672363	58.7	
T	34.016918182	-118.276733398	58.7	
T	34.016853333	-118.276794434	58.7	
T	34.016796112	-118.276847839	58.7	
T	34.016746521	-118.276901245	58.7	
T	34.016704559	-118.276939392	58.7	
T	34.016674042	-118.276969910	58.7	
T	34.016651154	-118.277000427	58.7	
T	34.016628265	-118.277023315	58.7	
T	34.016616821	-118.277046204	58.7	
T	34.016613007	-118.277061462	58.7	
T	34.016605377	-118.277084351	58.7	
T	34.016597748	-118.277099609	58.7	
T	34.016593933	-118.277107239	58.7	
T	34.016590118	-118.277122498	58.7	
T	34.016593933	-118.277160645	58.7	
T	34.016605377	-118.277198792	58.7	
T	34.016551971	-118.277221680	58.7	
T	34.016571045	-118.277252197	58.7	
T	34.016548157	-118.277328491	58.7	
T	34.016521454	-118.277412415	58.7	
T	34.016521454	-118.277488708	58.7	
T	34.016548157	-118.277542114	58.7	
T	34.016563416	-118.277618408	58.7	
T	34.016582489	-118.277656555	58.7	
T	34.016590118	-118.277709961	58.7	
T	34.016590118	-118.277732849	58.7	
T	34.016601562	-118.277763367	58.7	
T	34.016613007	-118.277778625	58.8	
T	34.016609192	-118.277801514	58.8	
T	34.016613007	-118.277816772	58.8	
T	34.016609192	-118.277816772	58.8	
T	34.016613007	-118.277824402	58.8	
T	34.016609192	-118.277839661	58.8	
T	34.016609192	-118.277847290	58.8	
T	34.016609192	-118.277854919	58.8	
T	34.016613007	-118.277854919	58.8	
T	34.016613007	-118.277847290	58.8	
T	34.016601562	-118.277839661	58.8	
T	34.016593933	-118.277832031	58.8	
T	34.016586304	-118.277832031	58.8	
T	34.016578674	-118.277824402	58.8	
T	34.016574860	-118.277816772	58.8	
T	34.016571045	-118.277809143	58.8	
T	34.016567230	-118.277809143	58.8	
T	34.016563416	-118.277801514	58.8	
T	34.016567230	-118.277809143	58.8	
T	34.016571045	-118.277809143	58.8	
T	34.016571045	-118.277809143	58.8	
T	34.016601562	-118.277816772	58.8	
T	34.016605377	-118.277824402	58.8	
T	34.016609192	-118.277824402	58.8	
T	34.016613007	-118.277824402	58.8	
T	34.016616821	-118.277832031	58.8	
T	34.016620636	-118.277832031	58.8	
T	34.016616821	-118.277824402	58.8	
T	34.016609192	-118.277816772	58.8	
T	34.016601562	-118.277809143	58.8	
T	34.016605377	-118.277809143	58.8	
T	34.016609192	-118.277809143	58.8	
T	34.016609192	-118.277816772	58.8	
T	34.016616821	-118.277816772	58.8	
T	34.016613007	-118.277816772	58.8	
T	34.016613007	-118.277816772	58.8	
T	34.016628265	-118.277786255	58.8	
T	34.016632080	-118.277786255	58.8	
T	34.016632080	-118.277778625	58.8	
T	34.016639709	-118.277778625	58.8	
T	34.016643524	-118.277778625	58.8	
T	34.016651154	-118.277770996	58.8	
T	34.016643524	-118.277770996	58.8	
T	34.016647339	-118.277763367	58.7	
T	34.016643524	-118.277755737	58.7	
T	34.016643524	-118.277748108	58.7	
T	34.016639709	-118.277748108	58.7	
T	34.016643524	-118.277748108	58.7	
T	34.016647339	-118.277748108	58.7	
T	34.016651154	-118.277748108	58.7	
T	34.016654968	-118.277748108	58.7	
T	34.016674042	-118.277740479	58.8	
T	34.016670227	-118.277740479	58.8	
T	34.016670227	-118.277732849	58.8	
T	34.016658783	-118.277725220	58.7	
T	34.016654968	-118.277725220	58.7	
T	34.016647339	-118.277717590	58.7	
T	34.016639709	-118.277717590	58.7	
T	34.016628265	-118.277717590	58.7	
T	34.016628265	-118.277709961	58.7	
T	34.016635895	-118.277717590	58.7	
T	34.016639709	-118.277717590	58.7	
T	34.016643524	-118.277725220	58.7	
T	34.016643524	-118.277725220	58.7	
T	34.016639709	-118.277770996	58.8	
T	34.016643524	-118.277770996	58.8	
T	34.016643524	-118.277770996	58.8	
T	34.016643524	-118.277770996	58.8	
T	34.016643524	-118.277763367	58.7	
T	34.016643524	-118.277755737	58.7	
T	34.016639709	-118.277748108	58.7	
T	34.016639709	-118.277740479	58.7	
T	34.016643524	-118.277740479	58.7	
T	34.016639709	-118.277732849	58.7	
T	34.016635895	-118.277732849	58.7	
T	34.016639709	-118.277732849	58.7	
T	34.016643524	-118.277725220	58.7	
T	34.016639709	-118.277725220	58.7	
T	34.016632080	-118.277725220	58.7	
T	34.016632080	-118.277732849	58.7	
T	34.016628265	-118.277732849	58.7	
T	34.016624451	-118.277740479	58.7	
T	34.016616821	-118.277732849	58.7	
T	34.016609192	-118.277725220	58.7	
T	34.016613007	-118.277725220	58.7	
T	34.016616821	-118.277725220	58.7	
T	34.016620636	-118.277725220	58.7	
T	34.016628265	-118.277748108	58.7	
T	34.016628265	-118.277748108	58.7	
T	34.016628265	-118.277748108	58.7	
T	34.016654968	-118.277847290	58.8	
T	34.016654968	-118.277854919	58.8	
T	34.016654968	-118.277854919	58.8	
T	34.016654968	-118.277854919	58.8	
T	34.016704559	-118.277877808	58.7	
T	34.016708374	-118.277885437	58.7	
T	34.016708374	-118.277893066	58.7	
T	34.016708374	-118.277900696	58.7	
T	34.016712189	-118.277915955	58.7	
T	34.016712189	-118.277923584	58.7	
T	34.016716003	-118.277931213	58.7	
T	34.016708374	-118.277931213	58.7	
T	34.016708374	-118.277938843	58.8	
T	34.016700745	-118.277938843	58.8	
T	34.016712189	-118.277946472	58.8	
T	34.016716003	-118.277946472	58.8	
T	34.016712189	-118.277954102	58.8	
T	34.016712189	-118.277961731	58.8	
T	34.016716003	-118.277969360	58.8	
T	34.016719818	-118.277976990	58.8	
T	34.016719818	-118.277969360	58.8	
T	34.016727448	-118.277969360	58.8	
T	34.016731262	-118.277976990	58.8	
T	34.016742706	-118.277984619	58.8	
T	34.016746521	-118.277984619	58.8	
T	34.016750336	-118.277984619	58.8	
T	34.016757965	-118.277992249	58.8	
T	34.016750336	-118.277999878	58.8	
T	34.016754150	-118.278022766	58.8	
T	34.016750336	-118.278053284	58.8	
T	34.016777039	-118.278099060	58.8	
T	34.016803741	-118.278129578	58.9	
T	34.016815186	-118.278160095	58.9	
T	34.016819000	-118.278175354	58.9	
T	34.016822815	-118.278198242	58.9	
T	34.016819000	-118.278228760	58.9	
T	34.016811371	-118.278266907	59.0	
T	34.016792297	-118.278305054	59.0	
T	34.016765594	-118.278343201	59.1	
T	34.016738892	-118.278373718	59.1	
T	34.016700745	-118.278411865	59.1	
T	34.016654968	-118.278434753	59.2	
T	34.016601562	-118.278472900	59.2	
T	34.016548157	-118.278503418	59.3	
T	34.016487122	-118.278541565	59.4	
T	34.016422272	-118.278587341	59.5	
T	34.016357422	-118.278625488	59.6	
T	34.016284943	-118.278671265	59.7	
T	34.016216278	-118.278709412	59.7	
T	34.016139984	-118.278755188	59.8	
T	34.016067505	-118.278800964	59.9	
T	34.015991211	-118.278846741	59.9	
T	34.015911102	-118.278900146	60.0	
T	34.015838623	-118.278953552	60.1	
T	34.015773773	-118.278999329	60.1	
T	34.015701294	-118.279037476	60.2	
T	34.015640259	-118.279075623	60.2	
T	34.015583038	-118.279113770	60.2	
T	34.015525818	-118.279144287	60.2	
T	34.015480042	-118.279167175	60.2	
T	34.015434265	-118.279190063	60.2	
T	34.015388489	-118.279220581	60.2	
T	34.015342712	-118.279243469	60.2	
T	34.015300751	-118.279273987	60.1	
T	34.015254974	-118.279304504	60.1	
T	34.015209198	-118.279342651	60.1	
T	34.015159607	-118.279380798	60.1	
T	34.015113831	-118.279426575	60.1	
T	34.015048981	-118.279457092	60.1	
T	34.014980316	-118.279495239	60.0	
T	34.014915466	-118.279541016	60.0	
T	34.014850616	-118.279579163	60.0	
T	34.014785767	-118.279624939	59.8	
T	34.014720917	-118.279678345	59.8	
T	34.014644623	-118.279724121	59.6	
T	34.014568329	-118.279777527	59.5	
T	34.014492035	-118.279823303	59.2	
T	34.014423370	-118.279869080	59.0	
T	34.014362335	-118.279914856	58.9	
T	34.014312744	-118.279945374	58.7	
T	34.014259338	-118.279975891	58.4	
T	34.014221191	-118.279991150	58.2	
T	34.014167786	-118.280014038	57.8	
T	34.014106750	-118.280044556	57.4	
T	34.014026642	-118.280075073	56.7	
T	34.013957977	-118.280105591	56.5	
T	34.013889313	-118.280136108	56.2	
T	34.013832092	-118.280151367	56.0	
T	34.013790131	-118.280174255	55.8	
T	34.013755798	-118.280189514	55.7	
T	34.013732910	-118.280197144	55.7	
T	34.013721466	-118.280197144	55.7	
T	34.013710022	-118.280197144	55.7	
T	34.013694763	-118.280204773	55.7	
T	34.013683319	-118.280212402	55.7	
T	34.013664246	-118.280220032	55.7	
T	34.013645172	-118.280227661	55.6	
T	34.013622284	-118.280227661	55.7	
T	34.013595581	-118.280212402	55.7	
T	34.013568878	-118.280197144	55.7	
T	34.013542175	-118.280166626	55.7	
T	34.013519287	-118.280128479	55.7	
T	34.013492584	-118.280090332	55.8	
T	34.013469696	-118.280029297	55.9	
T	34.013442993	-118.279975891	56.0	
T	34.013420105	-118.279907227	56.1	
T	34.013393402	-118.279846191	56.2	
T	34.013362885	-118.279777527	56.3	
T	34.013336182	-118.279708862	56.4	
T	34.013305664	-118.279640198	56.4	
T	34.013275146	-118.279571533	56.4	
T	34.013248444	-118.279510498	56.3	
T	34.013221741	-118.279457092	56.1	
T	34.013191223	-118.279403687	56.0	
T	34.013168335	-118.279357910	55.9	
T	34.013141632	-118.279327393	55.8	
T	34.013130188	-118.279304504	55.8	
T	34.013137817	-118.279296875	55.8	
T	34.013134003	-118.279281616	55.7	
T	34.013126373	-118.279273987	55.7	
T	34.013118744	-118.279273987	55.7	
T	34.013130188	-118.279281616	55.7	
T	34.013134003	-118.279273987	55.7	
T	34.013153076	-118.279281616	55.8	
T	34.013149261	-118.279273987	55.8	
T	34.013149261	-118.279266357	55.7	
T	34.013137817	-118.279251099	55.7	
T	34.013122559	-118.279228210	55.7	
T	34.013099670	-118.279212952	55.7	
T	34.013069153	-118.279197693	55.7	
T	34.013031006	-118.279212952	55.7	
T	34.012989044	-118.279235840	55.7	
T	34.012950897	-118.279258728	55.6	
T	34.012905121	-118.279281616	55.6	
T	34.012851715	-118.279319763	55.6	
T	34.012790680	-118.279357910	55.6	
T	34.012706757	-118.279403687	55.7	
T	34.012634277	-118.279457092	55.7	
T	34.012554169	-118.279502869	55.7	
T	34.012462616	-118.279548645	55.6	
T	34.012371063	-118.279602051	55.6	
T	34.012283325	-118.279655457	55.6	
T	34.012195587	-118.279716492	55.6	
T	34.012104034	-118.279769897	55.5	
T	34.012020111	-118.279823303	55.5	
T	34.011940002	-118.279876709	55.4	
T	34.011859894	-118.279922485	55.4	
T	34.011783600	-118.279960632	55.4	
T	34.011711121	-118.279991150	55.4	
T	34.011642456	-118.279998779	55.3	
T	34.011577606	-118.280014038	55.3	
T	34.011516571	-118.280021667	55.2	
T	34.011463165	-118.280029297	55.2	
T	34.011428833	-118.280021667	55.2	
T	34.011390686	-118.280021667	55.2	
T	34.011348724	-118.280014038	55.2	
T	34.011318207	-118.280006409	55.2	
T	34.011291504	-118.279998779	55.2	
T	34.011268616	-118.279991150	55.2	
T	34.011253357	-118.279983521	55.2	
T	34.011245728	-118.279983521	55.2	
T	34.011241913	-118.279983521	55.2	
T	34.011238098	-118.279983521	55.2	
T	34.011238098	-118.279983521	55.2	
T	34.011180878	-118.279968262	55.1	
T	34.011161804	-118.279968262	55.1	
T	34.011131287	-118.279953003	55.1	
T	34.011108398	-118.279930115	55.1	
T	34.011089325	-118.279891968	55.1	
T	34.011074066	-118.279846191	55.1	
T	34.011066437	-118.279777527	55.1	
T	34.011054993	-118.279693604	55.1	
T	34.011043549	-118.279594421	55.1	
T	34.011035919	-118.279495239	55.1	
T	34.011032104	-118.279403687	55.1	
T	34.011024475	-118.279304504	55.1	
T	34.011028290	-118.279212952	55.1	
T	34.011028290	-118.279121399	55.2	
T	34.011028290	-118.279037476	55.2	
T	34.011035919	-118.278976440	55.2	
T	34.011039734	-118.278923035	55.2	
T	34.011039734	-118.278869629	55.2	
T	34.011043549	-118.278831482	55.2	
T	34.011051178	-118.278800964	55.2	
T	34.011051178	-118.278770447	55.2	
T	34.011054993	-118.278747559	55.2	
T	34.011058807	-118.278732300	55.2	
T	34.011066437	-118.278717041	55.2	
T	34.011066437	-118.278709412	55.2	
T	34.011070251	-118.278709412	55.2	
T	34.011066437	-118.278701782	55.2	
T	34.011066437	-118.278701782	55.2	
T	34.011085510	-118.278701782	55.2	
T	34.011085510	-118.278709412	55.2	
T	34.011066437	-118.278701782	55.2	
T	34.011062622	-118.278678894	55.2	
T	34.011066437	-118.278648376	55.2	
T	34.011066437	-118.278610229	55.2	
T	34.011070251	-118.278556824	55.3	
T	34.011054993	-118.278480530	55.3	
T	34.011054993	-118.278396606	55.3	
T	34.011047363	-118.278312683	55.4	
T	34.011043549	-118.278228760	55.4	
T	34.011039734	-118.278129578	55.4	
T	34.011032104	-118.278030396	55.4	
T	34.011028290	-118.277931213	55.4	
T	34.011024475	-118.277824402	55.4	
T	34.011020660	-118.277709961	55.4	
T	34.011013031	-118.277603149	55.4	
T	34.011013031	-118.277496338	55.4	
T	34.011009216	-118.277381897	55.4	
T	34.011005402	-118.277275085	55.5	
T	34.011005402	-118.277153015	55.5	
T	34.011001587	-118.277038574	55.5	
T	34.011005402	-118.276916504	55.5	
T	34.011005402	-118.276802063	55.5	
T	34.011005402	-118.276679993	55.6	
T	34.011009216	-118.276557922	55.6	
T	34.011009216	-118.276428223	55.6	
T	34.011016846	-118.276298523	55.7	
T	34.011020660	-118.276168823	55.8	
T	34.011024475	-118.276031494	55.9	
T	34.011028290	-118.275901794	56.0	
T	34.011032104	-118.275756836	56.0	
T	34.011032104	-118.275619507	56.1	
T	34.011032104	-118.275489807	56.2	
T	34.011035919	-118.275360107	56.3	
T	34.011035919	-118.275238037	56.3	
T	34.011035919	-118.275123596	56.4	
T	34.011032104	-118.275024414	56.4	
T	34.011028290	-118.274932861	56.5	
T	34.011039734	-118.274856567	56.5	
T	34.011043549	-118.274787903	56.6	
T	34.011043549	-118.274734497	56.6	
T	34.011043549	-118.274688721	56.6	
T	34.011043549	-118.274650574	56.6	
T	34.011043549	-118.274604797	56.6	
T	34.011043549	-118.274559021	56.7	
T	34.011043549	-118.274528503	56.7	
T	34.011043549	-118.274497986	56.7	
T	34.011043549	-118.274482727	56.7	
T	34.011043549	-118.274475098	56.7	
T	34.011043549	-118.274467468	56.7	
T	34.011043549	-118.274459839	56.7	
T	34.011047363	-118.274452209	56.7	
T	34.011051178	-118.274452209	56.7	
T	34.011051178	-118.274452209	56.7	
T	34.011028290	-118.274429321	56.7	
T	34.011032104	-118.274398804	56.7	
T	34.011032104	-118.274360657	56.7	
T	34.011032104	-118.274307251	56.7	
T	34.011032104	-118.274253845	56.7	
T	34.011032104	-118.274185181	56.8	
T	34.011032104	-118.274116516	56.8	
T	34.011032104	-118.274032593	56.8	
T	34.011032104	-118.273948669	56.9	
T	34.011028290	-118.273864746	56.9	
T	34.011024475	-118.273780823	56.9	
T	34.011016846	-118.273696899	56.9	
T	34.011013031	-118.273612976	57.0	
T	34.011009216	-118.273529053	57.0	
T	34.011009216	-118.273445129	57.0	
T	34.011009216	-118.273361206	57.1	
T	34.011009216	-118.273277283	57.1	
T	34.011013031	-118.273193359	57.1	
T	34.011016846	-118.273117065	57.2	
T	34.011020660	-118.273025513	57.2	
T	34.011020660	-118.272941589	57.3	
T	34.011028290	-118.272850037	57.3	
T	34.011032104	-118.272758484	57.3	
T	34.011039734	-118.272659302	57.3	
T	34.011039734	-118.272560120	57.4	
T	34.011043549	-118.272453308	57.4	
T	34.011043549	-118.272346497	57.4	
T	34.011047363	-118.272232056	57.5	
T	34.011051178	-118.272125244	57.5	
T	34.011054993	-118.272010803	57.6	
T	34.011058807	-118.271896362	57.6	
T	34.011066437	-118.271789551	57.6	
T	34.011066437	-118.271675110	57.7	
T	34.011074066	-118.271560669	57.8	
T	34.011081696	-118.271446228	57.8	
T	34.011081696	-118.271331787	57.9	
T	34.011081696	-118.271217346	57.9	
T	34.011085510	-118.271102905	58.0	
T	34.011089325	-118.270988464	58.0	
T	34.011089325	-118.270881653	58.1	
T	34.011089325	-118.270774841	58.2	
T	34.011085510	-118.270660400	58.3	
T	34.011089325	-118.270561218	58.3	
T	34.011093140	-118.270462036	58.3	
T	34.011093140	-118.270355225	58.4	
T	34.011096954	-118.270256042	58.5	
T	34.011096954	-118.270156860	58.5	
T	34.011093140	-118.270050049	58.6	
T	34.011093140	-118.269950867	58.6	
T	34.011093140	-118.269844055	58.7	
T	34.011093140	-118.269744873	58.7	
T	34.011093140	-118.269630432	58.8	
T	34.011093140	-118.269515991	58.8	
T	34.011089325	-118.269393921	58.8	
T	34.011085510	-118.269271851	58.9	
T	34.011089325	-118.269157410	58.9	
T	34.011089325	-118.269042969	58.9	
T	34.011093140	-118.268936157	59.0	
T	34.011089325	-118.268844604	59.0	
T	34.011089325	-118.268760681	59.0	
T	34.011104584	-118.268699646	59.0	
T	34.011112213	-118.268646240	59.0	
T	34.011112213	-118.268600464	59.1	
T	34.011112213	-118.268562317	59.1	
T	34.011112213	-118.268524170	59.1	
T	34.011112213	-118.268501282	59.1	
T	34.011112213	-118.268478394	59.1	
T	34.011116028	-118.268463135	59.1	
T	34.011119843	-118.268455505	59.1	
T	34.011119843	-118.268447876	59.1	
T	34.011119843	-118.268440247	59.1	
T	34.011112213	-118.268432617	59.1	
T	34.011112213	-118.268432617	59.1	
T	34.011112213	-118.268424988	59.1	
T	34.011116028	-118.268402100	59.1	
T	34.011116028	-118.268356323	59.1	
T	34.011104584	-118.268302917	59.2	
T	34.011081696	-118.268249512	59.2	
T	34.011058807	-118.268173218	59.2	
T	34.011054993	-118.268089294	59.2	
T	34.011047363	-118.268005371	59.2	
T	34.011043549	-118.267921448	59.2	
T	34.011043549	-118.267829895	59.3	
T	34.011043549	-118.267738342	59.3	
T	34.011043549	-118.267631531	59.3	
T	34.011035919	-118.267524719	59.3	
T	34.011028290	-118.267417908	59.3	
T	34.011024475	-118.267311096	59.4	
T	34.011020660	-118.267196655	59.4	
T	34.011016846	-118.267082214	59.4	
T	34.011016846	-118.266975403	59.4	
T	34.011013031	-118.266860962	59.4	
T	34.011009216	-118.266746521	59.4	
T	34.011005402	-118.266632080	59.5	
T	34.011001587	-118.266525269	59.5	
T	34.010993958	-118.266410828	59.6	
T	34.010990143	-118.266296387	59.6	
T	34.010986328	-118.266181946	59.6	
T	34.010990143	-118.266067505	59.6	
T	34.010990143	-118.265968323	59.6	
T	34.010990143	-118.265884399	59.6	
T	34.010990143	-118.265800476	59.7	
T	34.010990143	-118.265731812	59.7	
T	34.010993958	-118.265686035	59.7	
T	34.011001587	-118.265640259	59.7	
T	34.010997772	-118.265594482	59.7	
T	34.010982513	-118.265571594	59.7	
T	34.010974884	-118.265533447	59.7	
T	34.010982513	-118.265510559	59.7	
T	34.010990143	-118.265487671	59.7	
T	34.010990143	-118.265480042	59.7	
T	34.011005402	-118.265464783	59.7	
T	34.011009216	-118.265464783	59.7	
T	34.011016846	-118.265457153	59.7	
T	34.011016846	-118.265449524	59.7	
T	34.011016846	-118.265449524	59.7	
T	34.010997772	-118.265411377	59.7	
T	34.011001587	-118.265388489	59.7	
T	34.011009216	-118.265335083	59.8	
T	34.011013031	-118.265274048	59.8	
T	34.011016846	-118.265205383	59.8	
T	34.011016846	-118.265121460	59.8	
T	34.011016846	-118.265029907	59.8	
T	34.011016846	-118.264938354	59.8	
T	34.011009216	-118.264839172	59.8	
T	34.011009216	-118.264739990	59.8	
T	34.011005402	-118.264633179	59.8	
T	34.011001587	-118.264518738	59.9	
T	34.011001587	-118.264404297	59.9	
T	34.010997772	-118.264289856	59.9	
T	34.010997772	-118.264167786	60.0	
T	34.010997772	-118.264045715	60.0	
T	34.010997772	-118.263923645	60.1	
T	34.010993958	-118.263793945	60.1	
T	34.010993958	-118.263656616	60.1	
T	34.010990143	-118.263526917	60.1	
T	34.010986328	-118.263389587	60.1	
T	34.010986328	-118.263252258	60.2	
T	34.010986328	-118.263122559	60.2	
T	34.010986328	-118.262985229	60.2	
T	34.010986328	-118.262847900	60.2	
T	34.010986328	-118.262718201	60.3	
T	34.010986328	-118.262588501	60.3	
T	34.010986328	-118.262466431	60.4	
T	34.010986328	-118.262344360	60.4	
T	34.010982513	-118.262229919	60.4	
T	34.010974884	-118.262115479	60.4	
T	34.010963440	-118.262008667	60.4	
T	34.010951996	-118.261901855	60.5	
T	34.010948181	-118.261795044	60.5	
T	34.010936737	-118.261695862	60.5	
T	34.010932922	-118.261604309	60.5	
T	34.010921478	-118.261520386	60.5	
T	34.010917664	-118.261436462	60.5	
T	34.010913849	-118.261367798	60.5	
T	34.010910034	-118.261306763	60.5	
T	34.010910034	-118.261253357	60.6	
T	34.010902405	-118.261199951	60.6	
T	34.010898590	-118.261161804	60.6	
T	34.010890961	-118.261131287	60.6	
T	34.010883331	-118.261100769	60.6	
T	34.010879517	-118.261077881	60.6	
T	34.010875702	-118.261062622	60.6	
T	34.010871887	-118.261047363	60.6	
T	34.010868073	-118.261032104	60.6	
T	34.010871887	-118.261024475	60.6	
T	34.010875702	-118.261024475	60.6	
T	34.010879517	-118.261032104	60.6	
T	34.010875702	-118.261032104	60.6	
T	34.010875702	-118.261039734	60.6	
T	34.010875702	-118.261039734	60.6	
T	34.010860443	-118.261039734	60.5	
T	34.010864258	-118.261009216	60.6	
T	34.010864258	-118.260963440	60.6	
T	34.010860443	-118.260902405	60.6	
T	34.010868073	-118.260856628	60.6	
T	34.010871887	-118.260787964	60.6	
T	34.010879517	-118.260711670	60.7	
T	34.010879517	-118.260635376	60.7	
T	34.010879517	-118.260543823	60.7	
T	34.010883331	-118.260452271	60.7	
T	34.010887146	-118.260353088	60.7	
T	34.010890961	-118.260246277	60.7	
T	34.010894775	-118.260139465	60.8	
T	34.010887146	-118.260032654	60.8	
T	34.010879517	-118.259910583	60.8	
T	34.010871887	-118.259796143	60.8	
T	34.010864258	-118.259674072	60.8	
T	34.010860443	-118.259552002	60.9	
T	34.010860443	-118.259437561	60.9	
T	34.010868073	-118.259315491	61.0	
T	34.010871887	-118.259193420	61.0	
T	34.010879517	-118.259071350	61.0	
T	34.010883331	-118.258949280	61.0	
T	34.010883331	-118.258827209	61.0	
T	34.010887146	-118.258705139	61.1	
T	34.010887146	-118.258583069	61.1	
T	34.010887146	-118.258460999	61.1	
T	34.010890961	-118.258331299	61.2	
T	34.010894775	-118.258209229	61.2	
T	34.010898590	-118.258087158	61.3	
T	34.010902405	-118.257965088	61.3	
T	34.010902405	-118.257835388	61.3	
T	34.010898590	-118.257713318	61.3	
T	34.010898590	-118.257598877	61.4	
T	34.010894775	-118.257492065	61.4	
T	34.010890961	-118.257385254	61.4	
T	34.010887146	-118.257293701	61.4	
T	34.010887146	-118.257202148	61.5	
T	34.010887146	-118.257141113	61.5	
T	34.010894775	-118.257064819	61.5	
T	34.010898590	-118.257003784	61.5	
T	34.010898590	-118.256942749	61.5	
T	34.010898590	-118.256889343	61.5	
T	34.010898590	-118.256843567	61.6	
T	34.010902405	-118.256820679	61.6	
T	34.010902405	-118.256805420	61.6	
T	34.010902405	-118.256797791	61.6	
T	34.010902405	-118.256790161	61.6	
T	34.010898590	-118.256790161	61.6	
T	34.010894775	-118.256790161	61.6	
T	34.010894775	-118.256790161	61.6	
T	34.010936737	-118.256752014	61.6	
T	34.010940552	-118.256736755	61.6	
T	34.010944366	-118.256706238	61.6	
T	34.010940552	-118.256660461	61.6	
T	34.010936737	-118.256607056	61.6	
T	34.010940552	-118.256568909	61.7	
T	34.010948181	-118.256530762	61.7	
T	34.010963440	-118.256507874	61.7	
T	34.010978699	-118.256492615	61.7	
T	34.011001587	-118.256484985	61.7	
T	34.011028290	-118.256477356	61.7	
T	34.011062622	-118.256469727	61.7	
T	34.011108398	-118.256477356	61.8	
T	34.011150360	-118.256484985	61.8	
T	34.011196136	-118.256484985	61.8	
T	34.011245728	-118.256484985	61.8	
T	34.011295319	-118.256484985	61.8	
T	34.011348724	-118.256492615	61.9	
T	34.011402130	-118.256492615	61.9	
T	34.011463165	-118.256492615	62.0	
T	34.011531830	-118.256484985	62.0	
T	34.011596680	-118.256484985	62.1	
T	34.011661530	-118.256484985	62.1	
T	34.011730194	-118.256484985	62.2	
T	34.011798859	-118.256484985	62.2	
T	34.011875153	-118.256484985	62.3	
T	34.011947632	-118.256477356	62.3	
T	34.012020111	-118.256477356	62.4	
T	34.012092590	-118.256477356	62.4	
T	34.012161255	-118.256484985	62.5	
T	34.012233734	-118.256484985	62.5	
T	34.012313843	-118.256484985	62.6	
T	34.012393951	-118.256484985	62.6	
T	34.012485504	-118.256484985	62.7	
T	34.012557983	-118.256492615	62.8	
T	34.012634277	-118.256500244	62.8	
T	34.012714386	-118.256507874	62.9	
T	34.012786865	-118.256507874	62.9	
T	34.012859344	-118.256507874	63.0	
T	34.012931824	-118.256507874	63.0	
T	34.012996674	-118.256507874	63.1	
T	34.013057709	-118.256507874	63.1	
T	34.013111115	-118.256507874	63.1	
T	34.013156891	-118.256507874	63.2	
T	34.013198853	-118.256507874	63.2	
T	34.013229370	-118.256500244	63.2	
T	34.013259888	-118.256500244	63.3	
T	34.013278961	-118.256500244	63.3	
T	34.013294220	-118.256500244	63.3	
T	34.013305664	-118.256500244	63.3	
T	34.013309479	-118.256492615	63.3	
T	34.013313293	-118.256492615	63.3	
T	34.013324738	-118.256492615	63.4	
T	34.013332367	-118.256484985	63.4	
T	34.013328552	-118.256484985	63.4	
T	34.013324738	-118.256484985	63.4	
T	34.013320923	-118.256492615	63.3	
T	34.013324738	-118.256492615	63.4	
T	34.013336182	-118.256484985	63.4	
T	34.013355255	-118.256484985	63.4	
T	34.013378143	-118.256484985	63.4	
T	34.013408661	-118.256484985	63.4	
T	34.013446808	-118.256492615	63.5	
T	34.013477325	-118.256469727	63.5	
T	34.013534546	-118.256477356	63.6	
T	34.013591766	-118.256477356	63.6	
T	34.013648987	-118.256477356	63.6	
T	34.013706207	-118.256484985	63.7	
T	34.013767242	-118.256484985	63.7	
T	34.013832092	-118.256492615	63.8	
T	34.013900757	-118.256500244	63.9	
T	34.013973236	-118.256500244	64.0	
T	34.014049530	-118.256507874	64.0	
T	34.014122009	-118.256507874	64.1	
T	34.014198303	-118.256507874	64.1	
T	34.014278412	-118.256507874	64.2	
T	34.014354706	-118.256500244	64.2	
T	34.014434814	-118.256500244	64.3	
T	34.014518738	-118.256500244	64.4	
T	34.014602661	-118.256500244	64.4	
T	34.014686584	-118.256500244	64.5	
T	34.014774323	-118.256492615	64.5	
T	34.014862061	-118.256477356	64.6	
T	34.014942169	-118.256462097	64.7	
T	34.015029907	-118.256431580	64.8	
T	34.015110016	-118.256401062	64.8	
T	34.015190125	-118.256378174	64.9	
T	34.015262604	-118.256347656	64.9	
T	34.015327454	-118.256324768	64.9	
T	34.015384674	-118.256301880	64.9	
T	34.015430450	-118.256286621	64.9	
T	34.015472412	-118.256271362	64.9	
T	34.015506744	-118.256256104	64.9	
T	34.015529633	-118.256248474	64.9	
T	34.015541077	-118.256233215	65.0	
T	34.015552521	-118.256225586	65.0	
T	34.015560150	-118.256217957	65.0	
T	34.015560150	-118.256225586	65.0	
T	34.015563965	-118.256225586	65.0	
T	34.015567780	-118.256233215	65.0	
T	34.015567780	-118.256233215	65.0	
T	34.015583038	-118.256233215	65.0	
T	34.015613556	-118.256217957	65.0	
T	34.015655518	-118.256202698	65.0	
T	34.015705109	-118.256187439	65.0	
T	34.015758514	-118.256164551	65.1	
T	34.015819550	-118.256134033	65.1	
T	34.015884399	-118.256111145	65.1	
T	34.015953064	-118.256080627	65.2	
T	34.016029358	-118.256050110	65.2	
T	34.016109467	-118.256019592	65.2	
T	34.016193390	-118.255981445	65.3	
T	34.016269684	-118.255943298	65.3	
T	34.016353607	-118.255905151	65.3	
T	34.016445160	-118.255867004	65.3	
T	34.016532898	-118.255828857	65.4	
T	34.016620636	-118.255790710	65.4	
T	34.016712189	-118.255760193	65.4	
T	34.016799927	-118.255722046	65.5	
T	34.016891479	-118.255683899	65.5	
T	34.016975403	-118.255653381	65.5	
T	34.017055511	-118.255622864	65.4	
T	34.017135620	-118.255592346	65.4	
T	34.017219543	-118.255554199	65.5	
T	34.017288208	-118.255523682	65.5	
T	34.017345428	-118.255500793	65.5	
T	34.017395020	-118.255485535	65.5	
T	34.017433167	-118.255477905	65.5	
T	34.017471313	-118.255462646	65.4	
T	34.017513275	-118.255447388	65.4	
T	34.017555237	-118.255432129	65.4	
T	34.017608643	-118.255416870	65.4	
T	34.017662048	-118.255401611	65.4	
T	34.017723083	-118.255378723	65.4	
T	34.017787933	-118.255348206	65.4	
T	34.017848969	-118.255317688	65.5	
T	34.017913818	-118.255287170	65.5	
T	34.017986298	-118.255256653	65.5	
T	34.018054962	-118.255233765	65.5	
T	34.018127441	-118.255203247	65.5	
T	34.018192291	-118.255180359	65.5	
T	34.018253326	-118.255157471	65.5	
T	34.018310547	-118.255142212	65.5	
T	34.018367767	-118.255126953	65.5	
T	34.018417358	-118.255119324	65.5	
T	34.018463135	-118.255104065	65.5	
T	34.018501282	-118.255096436	65.6	
T	34.018531799	-118.255088806	65.6	
T	34.018558502	-118.255081177	65.6	
T	34.018581390	-118.255073547	65.6	
T	34.018596649	-118.255073547	65.6	
T	34.018600464	-118.255065918	65.6	
T	34.018604279	-118.255065918	65.6	
T	34.018611908	-118.255058289	65.7	
T	34.018600464	-118.255050659	65.7	
T	34.018604279	-118.255050659	65.7	
T	34.018608093	-118.255050659	65.7	
T	34.018604279	-118.255050659	65.7	
T	34.018604279	-118.255050659	65.7	
T	34.018634796	-118.255035400	65.7	
T	34.018638611	-118.255035400	65.7	
T	34.018646240	-118.255035400	65.7	
T	34.018650055	-118.255027771	65.7	
T	34.018661499	-118.255020142	65.7	
T	34.018669128	-118.255012512	65.7	
T	34.018684387	-118.255004883	65.7	
T	34.018711090	-118.254989624	65.8	
T	34.018741608	-118.254974365	65.8	
T	34.018772125	-118.254974365	65.8	
T	34.018806458	-118.254981995	65.9	
T	34.018840790	-118.255004883	65.9	
T	34.018867493	-118.255035400	65.9	
T	34.018886566	-118.255073547	65.8	
T	34.018901825	-118.255104065	65.8	
T	34.018913269	-118.255134583	65.8	
T	34.018928528	-118.255165100	65.8	
T	34.018939972	-118.255180359	65.8	
T	34.018951416	-118.255195618	65.8	
T	34.018951416	-118.255187988	65.8	
T	34.018955231	-118.255187988	65.8	
T	34.018955231	-118.255187988	65.8	
T	34.018962860	-118.255218506	65.8	
T	34.018978119	-118.255256653	65.7	
T	34.018993378	-118.255310059	65.7	
T	34.019016266	-118.255371094	65.6	
T	34.019046783	-118.255439758	65.6	
T	34.019084930	-118.255516052	65.6	
T	34.019126892	-118.255592346	65.5	
T	34.019168854	-118.255676270	65.5	
T	34.019214630	-118.255775452	65.4	
T	34.019260406	-118.255874634	65.4	
T	34.019306183	-118.255981445	65.4	
T	34.019351959	-118.256088257	65.4	
T	34.019401550	-118.256202698	65.3	
T	34.019443512	-118.256309509	65.3	
T	34.019489288	-118.256408691	65.4	
T	34.019523621	-118.256507874	65.4	
T	34.019557953	-118.256599426	65.4	
T	34.019588470	-118.256690979	65.3	
T	34.019618988	-118.256767273	65.3	
T	34.019634247	-118.256843567	65.3	
T	34.019660950	-118.256912231	65.3	
T	34.019691467	-118.256973267	65.3	
T	34.019721985	-118.257034302	65.3	
T	34.019744873	-118.257087708	65.3	
T	34.019771576	-118.257125854	65.3	
T	34.019790649	-118.257164001	65.3	
T	34.019805908	-118.257194519	65.3	
T	34.019817352	-118.257217407	65.3	
T	34.019824982	-118.257232666	65.3	
T	34.019824982	-118.257240295	65.3	
T	34.019828796	-118.257247925	65.3	
T	34.019832611	-118.257255554	65.3	
T	34.019832611	-118.257255554	65.3	
T	34.019840240	-118.257263184	65.3	
T	34.019847870	-118.257270813	65.3	
T	34.019859314	-118.257278442	65.3	
T	34.019863129	-118.257293701	65.3	
T	34.019870758	-118.257301331	65.3	
T	34.019870758	-118.257308960	65.3	
T	34.019878387	-118.257316589	65.3	
T	34.019882202	-118.257324219	65.3	
T	34.019878387	-118.257331848	65.3	
T	34.019878387	-118.257339478	65.3	
T	34.019878387	-118.257339478	65.3	
T	34.019893646	-118.257369995	65.3	
T	34.019897461	-118.257385254	65.3	
T	34.019897461	-118.257400513	65.3	
T	34.019920349	-118.257423401	65.3	
T	34.019920349	-118.257446289	65.3	
T	34.019931793	-118.257461548	65.3	
T	34.019947052	-118.257469177	65.3	
T	34.019969940	-118.257476807	65.4	
T	34.019996643	-118.257476807	65.4	
T	34.020023346	-118.257461548	65.4	
T	34.020050049	-118.257446289	65.4	
T	34.020080566	-118.257408142	65.4	
T	34.020114899	-118.257369995	65.5	
T	34.020156860	-118.257331848	65.5	
T	34.020206451	-118.257293701	65.6	
T	34.020259857	-118.257247925	65.6	
T	34.020317078	-118.257202148	65.7	
T	34.020378113	-118.257156372	65.7	
T	34.020431519	-118.257118225	65.8	
T	34.020481110	-118.257095337	65.9	
T	34.020519257	-118.257072449	65.9	
T	34.020542145	-118.257049561	65.9	
T	34.020565033	-118.257041931	66.0	
T	34.020584106	-118.257034302	66.0	
T	34.020603180	-118.257026672	66.0	
T	34.020614624	-118.257026672	66.0	
T	34.020629883	-118.257011414	66.0	
T	34.020645142	-118.257011414	66.1	
T	34.020656586	-118.257003784	66.1	
T	34.020664215	-118.257003784	66.1	
T	34.020679474	-118.256988525	66.1	
T	34.020702362	-118.256973267	66.1	
T	34.020732880	-118.256950378	66.1	
T	34.020774841	-118.256919861	66.2	
T	34.020812988	-118.256889343	66.2	
T	34.020854950	-118.256851196	66.3	
T	34.020904541	-118.256820679	66.3	
T	34.020961761	-118.256782532	66.4	
T	34.021026611	-118.256736755	66.5	
T	34.021095276	-118.256698608	66.6	
T	34.021163940	-118.256652832	66.7	
T	34.021232605	-118.256614685	66.8	
T	34.021293640	-118.256576538	66.8	
T	34.021343231	-118.256553650	66.8	
T	34.021385193	-118.256523132	66.8	
T	34.021408081	-118.256507874	66.9	
T	34.021423340	-118.256492615	66.9	
T	34.021438599	-118.256477356	66.9	
T	34.021446228	-118.256469727	66.9	
T	34.021453857	-118.256462097	66.9	
T	34.021469116	-118.256462097	66.9	
T	34.021484375	-118.256454468	66.9	
T	34.021503448	-118.256439209	66.9	
T	34.021533966	-118.256423950	66.9	
T	34.021568298	-118.256401062	67.0	
T	34.021617889	-118.256370544	67.0	
T	34.021675110	-118.256347656	67.0	
T	34.021736145	-118.256317139	67.1	
T	34.021800995	-118.256271362	67.1	
T	34.021865845	-118.256233215	67.1	
T	34.021930695	-118.256195068	67.2	
T	34.021999359	-118.256149292	67.2	
T	34.022071838	-118.256103516	67.2	
T	34.022144318	-118.256057739	67.3	
T	34.022220612	-118.256011963	67.3	
T	34.022296906	-118.255966187	67.4	
T	34.022373199	-118.255912781	67.4	
T	34.022453308	-118.255867004	67.5	
T	34.022529602	-118.255813599	67.5	
T	34.022609711	-118.255760193	67.6	
T	34.022689819	-118.255706787	67.6	
T	34.022769928	-118.255653381	67.7	
T	34.022850037	-118.255599976	67.7	
T	34.022930145	-118.255546570	67.8	
T	34.023010254	-118.255493164	67.8	
T	34.023086548	-118.255447388	67.8	
T	34.023162842	-118.255393982	67.9	
T	34.023239136	-118.255340576	67.9	
T	34.023319244	-118.255294800	68.0	
T	34.023391724	-118.255241394	68.0	
T	34.023460388	-118.255203247	68.0	
T	34.023525238	-118.255157471	68.1	
T	34.023593903	-118.255111694	68.2	
T	34.023666382	-118.255073547	68.2	
T	34.023735046	-118.255035400	68.2	
T	34.023792267	-118.255004883	68.3	
T	34.023849487	-118.254966736	68.3	
T	34.023891449	-118.254943848	68.3	
T	34.023933411	-118.254920959	68.3	
T	34.023963928	-118.254905701	68.3	
T	34.023994446	-118.254890442	68.4	
T	34.024017334	-118.254875183	68.4	
T	34.024036407	-118.254859924	68.4	
T	34.024051666	-118.254852295	68.4	
T	34.024063110	-118.254852295	68.4	
T	34.024078369	-118.254844666	68.4	
T	34.024101257	-118.254829407	68.4	
T	34.024124146	-118.254806519	68.4	
T	34.024162292	-118.254783630	68.5	
T	34.024204254	-118.254753113	68.5	
T	34.024253845	-118.254714966	68.5	
T	34.024314880	-118.254684448	68.5	
T	34.024375916	-118.254646301	68.5	
T	34.024436951	-118.254600525	68.5	
T	34.024509430	-118.254554749	68.6	
T	34.024578094	-118.254516602	68.6	
T	34.024650574	-118.254463196	68.7	
T	34.024730682	-118.254417419	68.7	
T	34.024810791	-118.254364014	68.8	
T	34.024890900	-118.254318237	68.8	
T	34.024971008	-118.254264832	68.9	
T	34.025047302	-118.254219055	68.9	
T	34.025127411	-118.254173279	68.9	
T	34.025203705	-118.254119873	69.0	
T	34.025279999	-118.254074097	69.0	
T	34.025356293	-118.254028320	69.1	
T	34.025421143	-118.253990173	69.1	
T	34.025482178	-118.253952026	69.2	
T	34.025535583	-118.253921509	69.2	
T	34.025585175	-118.253883362	69.2	
T	34.025630951	-118.253845215	69.2	
T	34.025665283	-118.253822327	69.3	
T	34.025695801	-118.253807068	69.3	
T	34.025718689	-118.253791809	69.3	
T	34.025730133	-118.253784180	69.3	
T	34.025745392	-118.253776550	69.3	
T	34.025760651	-118.253776550	69.3	
T	34.025768280	-118.253768921	69.3	
T	34.025775909	-118.253761292	69.3	
T	34.025779724	-118.253761292	69.3	
T	34.025783539	-118.253761292	69.3	
T	34.025787354	-118.253761292	69.3	
T	34.025787354	-118.253753662	69.3	
T	34.025787354	-118.253746033	69.3	
T	34.025787354	-118.253753662	69.3	
T	34.025791168	-118.253753662	69.3	
T	34.025787354	-118.253753662	69.3	
T	34.025783539	-118.253753662	69.3	
T	34.025783539	-118.253753662	69.3	
T	34.025783539	-118.253768921	69.3	
T	34.025787354	-118.253768921	69.3	
T	34.025783539	-118.253768921	69.3	
T	34.025783539	-118.253776550	69.3	
T	34.025779724	-118.253784180	69.3	
T	34.025775909	-118.253791809	69.3	
T	34.025775909	-118.253799438	69.3	
T	34.025772095	-118.253807068	69.3	
T	34.025775909	-118.253807068	69.3	
T	34.025779724	-118.253814697	69.3	
T	34.025783539	-118.253807068	69.3	
T	34.025775909	-118.253807068	69.3	
T	34.025775909	-118.253814697	69.3	
T	34.025779724	-118.253807068	69.3	
T	34.025783539	-118.253814697	69.3	
T	34.025779724	-118.253814697	69.3	
T	34.025779724	-118.253807068	69.3	
T	34.025779724	-118.253814697	69.3	
T	34.025775909	-118.253814697	69.3	
T	34.025772095	-118.253822327	69.3	
T	34.025775909	-118.253829956	69.3	
T	34.025772095	-118.253829956	69.3	
T	34.025768280	-118.253829956	69.3	
T	34.025756836	-118.253807068	69.3	
T	34.025768280	-118.253799438	69.3	
T	34.025760651	-118.253768921	69.3	
T	34.025775909	-118.253738403	69.3	
T	34.025806427	-118.253715515	69.4	
T	34.025825500	-118.253692627	69.4	
T	34.025833130	-118.253677368	69.4	
T	34.025833130	-118.253662109	69.4	
T	34.025844574	-118.253639221	69.4	
T	34.025863647	-118.253616333	69.4	
T	34.025886536	-118.253601074	69.4	
T	34.025920868	-118.253601074	69.4	
T	34.025955200	-118.253616333	69.4	
T	34.025997162	-118.253654480	69.4	
T	34.026031494	-118.253707886	69.4	
T	34.026065826	-118.253768921	69.4	
T	34.026100159	-118.253845215	69.4	
T	34.026142120	-118.253936768	69.4	
T	34.026187897	-118.254028320	69.4	
T	34.026233673	-118.254127502	69.4	
T	34.026283264	-118.254234314	69.3	
T	34.026332855	-118.254341125	69.3	
T	34.026386261	-118.254447937	69.3	
T	34.026443481	-118.254562378	69.3	
T	34.026496887	-118.254676819	69.3	
T	34.026550293	-118.254791260	69.2	
T	34.026603699	-118.254905701	69.2	
T	34.026657104	-118.255012512	69.2	
T	34.026706696	-118.255126953	69.2	
T	34.026760101	-118.255233765	69.2	
T	34.026809692	-118.255325317	69.1	
T	34.026851654	-118.255424500	69.1	
T	34.026897430	-118.255508423	69.1	
T	34.026943207	-118.255592346	69.1	
T	34.026985168	-118.255676270	69.1	
T	34.027019501	-118.255760193	69.1	
T	34.027053833	-118.255836487	69.0	
T	34.027084351	-118.255905151	69.0	
T	34.027118683	-118.255973816	69.0	
T	34.027145386	-118.256042480	69.0	
T	34.027168274	-118.256103516	69.0	
T	34.027187347	-118.256156921	69.0	
T	34.027206421	-118.256202698	69.0	
T	34.027217865	-118.256248474	68.9	
T	34.027225494	-118.256278992	69.0	
T	34.027233124	-118.256301880	69.0	
T	34.027240753	-118.256324768	69.0	
T	34.027248383	-118.256347656	69.0	
T	34.027259827	-118.256378174	69.0	
T	34.027278900	-118.256408691	69.0	
T	34.027297974	-118.256446838	69.0	
T	34.027324677	-118.256484985	69.0	
T	34.027351379	-118.256538391	69.0	
T	34.027378082	-118.256591797	69.0	
T	34.027400970	-118.256637573	69.0	
T	34.027420044	-118.256683350	69.0	
T	34.027435303	-118.256721497	68.9	
T	34.027450562	-118.256759644	68.9	
T	34.027458191	-118.256790161	68.9	
T	34.027469635	-118.256828308	68.9	
T	34.027477264	-118.256851196	68.9	
T	34.027484894	-118.256874084	68.9	
T	34.027492523	-118.256896973	68.9	
T	34.027496338	-118.256904602	68.9	
T	34.027500153	-118.256919861	68.9	
T	34.027500153	-118.256927490	68.9	
T	34.027496338	-118.256935120	68.9	
T	34.027492523	-118.256942749	68.9	
T	34.027492523	-118.256950378	68.9	
T	34.027492523	-118.256950378	68.9	
T	34.027503967	-118.256950378	68.9	
T	34.027507782	-118.256950378	68.9	
T	34.027507782	-118.256942749	68.9	
T	34.027507782	-118.256942749	68.9	
T	34.027507782	-118.256919861	68.9	
T	34.027507782	-118.256912231	68.9	
T	34.027507782	-118.256904602	68.9	
T	34.027511597	-118.256904602	68.9	
T	34.027515411	-118.256919861	68.9	
T	34.027515411	-118.256927490	68.9	
T	34.027515411	-118.256927490	68.9	
T	34.027515411	-118.256927490	68.9	
T	34.027511597	-118.257011414	68.9	
T	34.027545929	-118.257034302	68.9	
T	34.027561188	-118.257064819	68.9	
T	34.027576447	-118.257102966	68.9	
T	34.027603149	-118.257148743	68.9	
T	34.027626038	-118.257202148	68.9	
T	34.027648926	-118.257247925	68.8	
T	34.027667999	-118.257293701	68.8	
T	34.027679443	-118.257339478	68.8	
T	34.027679443	-118.257377625	68.8	
T	34.027675629	-118.257423401	68.8	
T	34.027660370	-118.257476807	68.8	
T	34.027637482	-118.257522583	68.7	
T	34.027610779	-118.257568359	68.7	
T	34.027580261	-118.257606506	68.7	
T	34.027538300	-118.257637024	68.7	
T	34.027511597	-118.257659912	68.6	
T	34.027484894	-118.257675171	68.6	
T	34.027458191	-118.257690430	68.6	
T	34.027442932	-118.257698059	68.6	
T	34.027431488	-118.257705688	68.6	
T	34.027427673	-118.257713318	68.6	
T	34.027423859	-118.257713318	68.6	
T	34.027427673	-118.257713318	68.6	
T	34.027439117	-118.257705688	68.6	
T	34.027439117	-118.257698059	68.6	
T	34.027435303	-118.257698059	68.6	
T	34.027393341	-118.257705688	68.6	
T	34.027370453	-118.257713318	68.6	
T	34.027332306	-118.257720947	68.6	
T	34.027290344	-118.257743835	68.5	
T	34.027244568	-118.257774353	68.5	
T	34.027191162	-118.257804871	68.5	
T	34.027137756	-118.257835388	68.4	
T	34.027080536	-118.257873535	68.4	
T	34.027019501	-118.257911682	68.4	
T	34.026958466	-118.257949829	68.3	
T	34.026889801	-118.257995605	68.3	
T	34.026817322	-118.258033752	68.3	
T	34.026744843	-118.258079529	68.2	
T	34.026672363	-118.258125305	68.2	
T	34.026599884	-118.258178711	68.1	
T	34.026531219	-118.258216858	68.1	
T	34.026470184	-118.258255005	68.1	
T	34.026412964	-118.258293152	68.1	
T	34.026363373	-118.258323669	68.0	
T	34.026317596	-118.258354187	68.0	
T	34.026271820	-118.258384705	68.0	
T	34.026222229	-118.258415222	68.0	
T	34.026176453	-118.258445740	68.0	
T	34.026134491	-118.258476257	68.0	
T	34.026096344	-118.258499146	67.9	
T	34.026058197	-118.258522034	67.9	
T	34.026035309	-118.258544922	67.9	
T	34.026020050	-118.258560181	67.9	
T	34.026012421	-118.258567810	67.9	
T	34.026008606	-118.258567810	67.9	
T	34.026004791	-118.258575439	67.9	
T	34.026008606	-118.258575439	67.9	
T	34.026004791	-118.258575439	67.9	
T	34.026004791	-118.258583069	67.9	
T	34.026000977	-118.258575439	67.9	
T	34.025978088	-118.258583069	67.9	
T	34.025966644	-118.258598328	67.9	
T	34.025962830	-118.258605957	67.8	
T	34.025955200	-118.258621216	67.8	
T	34.025955200	-118.258651733	67.8	
T	34.025966644	-118.258689880	67.8	
T	34.025981903	-118.258728027	67.8	
T	34.026000977	-118.258766174	67.8	
T	34.026016235	-118.258804321	67.8	
T	34.026035309	-118.258850098	67.8	
T	34.026062012	-118.258903503	67.8	
T	34.026084900	-118.258964539	67.8	
T	34.026119232	-118.259025574	67.8	
T	34.026149750	-118.259101868	67.7	
T	34.026180267	-118.259170532	67.7	
T	34.026210785	-118.259246826	67.7	
T	34.026245117	-118.259323120	67.7	
T	34.026279449	-118.259399414	67.7	
T	34.026313782	-118.259475708	67.7	
T	34.026344299	-118.259544373	67.7	
T	34.026374817	-118.259620667	67.7	
T	34.026409149	-118.259689331	67.7	
T	34.026443481	-118.259765625	67.7	
T	34.026473999	-118.259834290	67.7	
T	34.026504517	-118.259902954	67.7	
T	34.026531219	-118.259971619	67.7	
T	34.026557922	-118.260040283	67.6	
T	34.026584625	-118.260108948	67.6	
T	34.026611328	-118.260169983	67.6	
T	34.026634216	-118.260238647	67.6	
T	34.026657104	-118.260292053	67.6	
T	34.026676178	-118.260345459	67.6	
T	34.026695251	-118.260391235	67.6	
T	34.026714325	-118.260414124	67.6	
T	34.026725769	-118.260429382	67.6	
T	34.026725769	-118.260437012	67.6	
T	34.026729584	-118.260444641	67.6	
T	34.026733398	-118.260452271	67.6	
T	34.026733398	-118.260459900	67.6	
T	34.026737213	-118.260475159	67.6	
T	34.026744843	-118.260498047	67.6	
T	34.026744843	-118.260528564	67.6	
T	34.026744843	-118.260559082	67.6	
T	34.026733398	-118.260589600	67.6	
T	34.026710510	-118.260612488	67.6	
T	34.026679993	-118.260627747	67.6	
T	34.026641846	-118.260650635	67.5	
T	34.026603699	-118.260673523	67.5	
T	34.026557922	-118.260696411	67.5	
T	34.026508331	-118.260719299	67.5	
T	34.026462555	-118.260749817	67.5	
T	34.026420593	-118.260787964	67.4	
T	34.026382446	-118.260833740	67.4	
T	34.026351929	-118.260879517	67.4	
T	34.026332855	-118.260932922	67.3	
T	34.026302338	-118.260986328	67.3	
T	34.026260376	-118.261032104	67.3	
T	34.026214600	-118.261077881	67.3	
T	34.026161194	-118.261123657	67.2	
T	34.026103973	-118.261154175	67.2	
T	34.026039124	-118.261184692	67.2	
T	34.025970459	-118.261222839	67.2	
T	34.025901794	-118.261260986	67.2	
T	34.025829315	-118.261306763	67.1	
T	34.025749207	-118.261360168	67.1	
T	34.025672913	-118.261413574	67.0	
T	34.025596619	-118.261459351	67.0	
T	34.025520325	-118.261512756	66.9	
T	34.025444031	-118.261558533	66.9	
T	34.025371552	-118.261596680	66.9	
T	34.025299072	-118.261642456	66.9	
T	34.025230408	-118.261680603	66.8	
T	34.025165558	-118.261718750	66.8	
T	34.025112152	-118.261749268	66.8	
T	34.025070190	-118.261772156	66.8	
T	34.025035858	-118.261795044	66.8	
T	34.025024414	-118.261810303	66.8	
T	34.025012970	-118.261817932	66.8	
T	34.025009155	-118.261825562	66.7	
T	34.025005341	-118.261833191	66.7	
T	34.025001526	-118.261833191	66.7	
T	34.024990082	-118.261840820	66.7	
T	34.024986267	-118.261856079	66.7	
T	34.024974823	-118.261871338	66.7	
T	34.024971008	-118.261894226	66.7	
T	34.024974823	-118.261932373	66.7	
T	34.024982452	-118.261970520	66.7	
T	34.024990082	-118.262008667	66.7	
T	34.025005341	-118.262062073	66.7	
T	34.025032043	-118.262107849	66.7	
T	34.025054932	-118.262153625	66.7	
T	34.025085449	-118.262207031	66.6	
T	34.025112152	-118.262260437	66.6	
T	34.025146484	-118.262321472	66.6	
T	34.025173187	-118.262390137	66.6	
T	34.025207520	-118.262466431	66.6	
T	34.025245667	-118.262542725	66.6	
T	34.025279999	-118.262619019	66.7	
T	34.025314331	-118.262695312	66.6	
T	34.025344849	-118.262779236	66.6	
T	34.025379181	-118.262863159	66.6	
T	34.025417328	-118.262947083	66.6	
T	34.025470734	-118.263031006	66.6	
T	34.025516510	-118.263130188	66.6	
T	34.025566101	-118.263221741	66.5	
T	34.025611877	-118.263313293	66.5	
T	34.025653839	-118.263420105	66.5	
T	34.025695801	-118.263519287	66.5	
T	34.025737762	-118.263618469	66.5	
T	34.025772095	-118.263702393	66.5	
T	34.025798798	-118.263771057	66.5	
T	34.025821686	-118.263832092	66.5	
T	34.025844574	-118.263885498	66.5	
T	34.025863647	-118.263938904	66.5	
T	34.025886536	-118.263984680	66.5	
T	34.025909424	-118.264038086	66.5	
T	34.025928497	-118.264083862	66.5	
T	34.025947571	-118.264129639	66.5	
T	34.025962830	-118.264160156	66.4	
T	34.025974274	-118.264190674	66.4	
T	34.025981903	-118.264221191	66.4	
T	34.025989532	-118.264236450	66.4	
T	34.025993347	-118.264251709	66.4	
T	34.025993347	-118.264266968	66.4	
T	34.025989532	-118.264266968	66.4	
T	34.025985718	-118.264274597	66.4	
T	34.025985718	-118.264274597	66.4	
T	34.025997162	-118.264259338	66.4	
T	34.025997162	-118.264282227	66.4	
T	34.025993347	-118.264289856	66.4	
T	34.026008606	-118.264305115	66.4	
T	34.026023865	-118.264320374	66.4	
T	34.026039124	-118.264350891	66.4	
T	34.026062012	-118.264381409	66.4	
T	34.026092529	-118.264434814	66.4	
T	34.026130676	-118.264495850	66.4	
T	34.026172638	-118.264564514	66.4	
T	34.026210785	-118.264640808	66.4	
T	34.026248932	-118.264717102	66.4	
T	34.026287079	-118.264801025	66.3	
T	34.026325226	-118.264877319	66.3	
T	34.026363373	-118.264953613	66.3	
T	34.026397705	-118.265029907	66.3	
T	34.026432037	-118.265106201	66.3	
T	34.026462555	-118.265182495	66.3	
T	34.026493073	-118.265258789	66.2	
T	34.026527405	-118.265342712	66.2	
T	34.026565552	-118.265426636	66.2	
T	34.026603699	-118.265510559	66.2	
T	34.026641846	-118.265594482	66.2	
T	34.026679993	-118.265670776	66.1	
T	34.026718140	-118.265754700	66.1	
T	34.026756287	-118.265838623	66.0	
T	34.026794434	-118.265922546	66.0	
T	34.026828766	-118.266006470	66.0	
T	34.026866913	-118.266098022	66.0	
T	34.026908875	-118.266181946	65.9	
T	34.026943207	-118.266273499	65.9	
T	34.026981354	-118.266365051	65.8	
T	34.027015686	-118.266448975	65.8	
T	34.027046204	-118.266532898	65.7	
T	34.027080536	-118.266609192	65.7	
T	34.027114868	-118.266685486	65.7	
T	34.027153015	-118.266746521	65.7	
T	34.027191162	-118.266799927	65.6	
T	34.027217865	-118.266853333	65.6	
T	34.027240753	-118.266899109	65.6	
T	34.027259827	-118.266937256	65.5	
T	34.027278900	-118.266967773	65.5	
T	34.027294159	-118.267005920	65.5	
T	34.027313232	-118.267036438	65.4	
T	34.027332306	-118.267066956	65.4	
T	34.027362823	-118.267074585	65.4	
T	34.027393341	-118.267082214	65.4	
T	34.027427673	-118.267074585	65.4	
T	34.027458191	-118.267036438	65.5	
T	34.027477264	-118.267028809	65.5	
T	34.027481079	-118.267013550	65.5	
T	34.027484894	-118.267005920	65.5	
T	34.027481079	-118.267005920	65.5	
T	34.027477264	-118.267005920	65.5	
T	34.027473450	-118.267005920	65.5	
T	34.027473450	-118.267005920	65.5	
T	34.027454376	-118.267021179	65.5	
T	34.027458191	-118.267021179	65.5	
T	34.027454376	-118.267021179	65.5	
T	34.027454376	-118.267021179	65.5	
T	34.027534485	-118.266967773	65.6	
T	34.027553558	-118.266975403	65.6	
T	34.027572632	-118.266983032	65.6	
T	34.027580261	-118.266990662	65.6	
T	34.027610779	-118.267036438	65.5	
T	34.027633667	-118.267074585	65.5	
T	34.027656555	-118.267127991	65.5	
T	34.027652740	-118.267181396	65.4	
T	34.027671814	-118.267234802	65.4	
T	34.027709961	-118.267295837	65.4	
T	34.027744293	-118.267364502	65.3	
T	34.027774811	-118.267433167	65.2	
T	34.027812958	-118.267501831	65.2	
T	34.027847290	-118.267562866	65.1	
T	34.027877808	-118.267623901	65.1	
T	34.027904510	-118.267677307	65.1	
T	34.027919769	-118.267723083	65.0	
T	34.027931213	-118.267753601	65.0	
T	34.027938843	-118.267776489	65.0	
T	34.027946472	-118.267791748	65.0	
T	34.027946472	-118.267799377	65.0	
T	34.027946472	-118.267807007	65.0	
T	34.027946472	-118.267807007	65.0	
T	34.027946472	-118.267807007	65.0	
T	34.027973175	-118.267814636	65.0	
T	34.027984619	-118.267837524	65.0	
T	34.027996063	-118.267852783	65.0	
T	34.028015137	-118.267883301	65.0	
T	34.028041840	-118.267913818	65.0	
T	34.028057098	-118.267959595	65.0	
T	34.028076172	-118.268005371	65.0	
T	34.028095245	-118.268051147	65.0	
T	34.028118134	-118.268096924	65.0	
T	34.028144836	-118.268150330	65.0	
T	34.028179169	-118.268218994	65.0	
T	34.028213501	-118.268302917	65.0	
T	34.028251648	-118.268386841	65.0	
T	34.028293610	-118.268478394	65.0	
T	34.028335571	-118.268569946	65.0	
T	34.028377533	-118.268661499	65.1	
T	34.028419495	-118.268745422	65.1	
T	34.028450012	-118.268814087	65.0	
T	34.028476715	-118.268882751	65.0	
T	34.028499603	-118.268936157	65.0	
T	34.028511047	-118.268981934	65.0	
T	34.028522491	-118.269004822	65.0	
T	34.028537750	-118.269042969	64.9	
T	34.028560638	-118.269081116	64.9	
T	34.028583527	-118.269142151	64.9	
T	34.028614044	-118.269210815	64.9	
T	34.028648376	-118.269302368	64.9	
T	34.028686523	-118.269393921	64.9	
T	34.028728485	-118.269493103	64.8	
T	34.028774261	-118.269607544	64.7	
T	34.028820038	-118.269721985	64.7	
T	34.028865814	-118.269836426	64.7	
T	34.028911591	-118.269943237	64.7	
T	34.028953552	-118.270042419	64.6	
T	34.028984070	-118.270126343	64.6	
T	34.029014587	-118.270202637	64.6	
T	34.029041290	-118.270256042	64.6	
T	34.029045105	-118.270294189	64.6	
T	34.029045105	-118.270301819	64.6	
T	34.029056549	-118.270309448	64.6	
T	34.029071808	-118.270324707	64.6	
T	34.029094696	-118.270347595	64.6	
T	34.029106140	-118.270378113	64.6	
T	34.029113770	-118.270393372	64.6	
T	34.029117584	-118.270416260	64.6	
T	34.029117584	-118.270431519	64.6	
T	34.029117584	-118.270439148	64.6	
T	34.029121399	-118.270439148	64.6	
T	34.029125214	-118.270439148	64.6	
T	34.029129028	-118.270439148	64.6	
T	34.029136658	-118.270439148	64.6	
T	34.029132843	-118.270431519	64.6	
T	34.029132843	-118.270431519	64.6	
T	34.029170990	-118.270446777	64.6	
T	34.029190063	-118.270469666	64.6	
T	34.029201508	-118.270500183	64.6	
T	34.029220581	-118.270523071	64.6	
T	34.029232025	-118.270545959	64.6	
T	34.029247284	-118.270576477	64.6	
T	34.029258728	-118.270606995	64.6	
T	34.029262543	-118.270629883	64.6	
T	34.029262543	-118.270645142	64.6	
T	34.029270172	-118.270660400	64.6	
T	34.029277802	-118.270683289	64.6	
T	34.029304504	-118.270713806	64.6	
T	34.029327393	-118.270751953	64.6	
T	34.029350281	-118.270790100	64.6	
T	34.029369354	-118.270828247	64.5	
T	34.029384613	-118.270858765	64.5	
T	34.029396057	-118.270889282	64.5	
T	34.029403687	-118.270935059	64.5	
T	34.029415131	-118.270988464	64.4	
T	34.029430389	-118.271049500	64.4	
T	34.029445648	-118.271110535	64.4	
T	34.029468536	-118.271179199	64.3	
T	34.029487610	-118.271240234	64.3	
T	34.029506683	-118.271301270	64.3	
T	34.029518127	-118.271354675	64.3	
T	34.029533386	-118.271400452	64.2	
T	34.029541016	-118.271430969	64.2	
T	34.029548645	-118.271453857	64.2	
T	34.029552460	-118.271476746	64.2	
T	34.029560089	-118.271492004	64.2	
T	34.029579163	-118.271514893	64.2	
T	34.029602051	-118.271545410	64.2	
T	34.029617310	-118.271591187	64.2	
T	34.029644012	-118.271636963	64.2	
T	34.029678345	-118.271690369	64.2	
T	34.029697418	-118.271751404	64.2	
T	34.029720306	-118.271827698	64.1	
T	34.029739380	-118.271903992	64.1	
T	34.029750824	-118.272018433	64.1	
T	34.029773712	-118.272102356	64.0	
T	34.029800415	-118.272186279	64.0	
T	34.029827118	-118.272270203	63.9	
T	34.029857635	-118.272338867	63.9	
T	34.029888153	-118.272407532	63.9	
T	34.029914856	-118.272468567	63.8	
T	34.029933929	-118.272514343	63.8	
T	34.029953003	-118.272552490	63.8	
T	34.029968262	-118.272590637	63.8	
T	34.029983521	-118.272628784	63.7	
T	34.029994965	-118.272651672	63.7	
T	34.029994965	-118.272674561	63.7	
T	34.030006409	-118.272689819	63.7	
T	34.030014038	-118.272712708	63.7	
T	34.030025482	-118.272727966	63.7	
T	34.030033112	-118.272735596	63.7	
T	34.030029297	-118.272743225	63.7	
T	34.030025482	-118.272743225	63.7	
T	34.030025482	-118.272750854	63.7	
T	34.030025482	-118.272750854	63.7	
T	34.029998779	-118.272750854	63.6	
T	34.030002594	-118.272750854	63.7	
T	34.030006409	-118.272750854	63.7	
T	34.030006409	-118.272758484	63.6	
T	34.030010223	-118.272758484	63.7	
T	34.030010223	-118.272758484	63.7	
T	34.030075073	-118.272773743	63.7	
T	34.030082703	-118.272796631	63.7	
T	34.030090332	-118.272827148	63.7	
T	34.030109406	-118.272857666	63.7	
T	34.030132294	-118.272903442	63.7	
T	34.030155182	-118.272956848	63.7	
T	34.030170441	-118.273017883	63.6	
T	34.030197144	-118.273086548	63.6	
T	34.030231476	-118.273162842	63.6	
T	34.030265808	-118.273239136	63.5	
T	34.030300140	-118.273315430	63.4	
T	34.030334473	-118.273399353	63.4	
T	34.030372620	-118.273483276	63.3	
T	34.030410767	-118.273567200	63.1	
T	34.030452728	-118.273643494	63.1	
T	34.030487061	-118.273712158	63.0	
T	34.030517578	-118.273780823	62.9	
T	34.030548096	-118.273841858	62.8	
T	34.030574799	-118.273895264	62.6	
T	34.030597687	-118.273941040	62.5	
T	34.030612946	-118.273979187	62.4	
T	34.030624390	-118.274002075	62.4	
T	34.030632019	-118.274017334	62.3	
T	34.030643463	-118.274024963	62.3	
T	34.030643463	-118.274040222	62.3	
T	34.030654907	-118.274040222	62.3	
T	34.030662537	-118.274040222	62.3	
T	34.030666351	-118.274032593	62.3	
T	34.030670166	-118.274032593	62.4	
T	34.030677795	-118.274032593	62.4	
T	34.030685425	-118.274032593	62.4	
T	34.030689240	-118.274024963	62.4	
T	34.030696869	-118.274024963	62.4	
T	34.030704498	-118.274024963	62.4	
T	34.030704498	-118.274017334	62.5	
T	34.030708313	-118.274017334	62.5	
T	34.030712128	-118.274009705	62.5	
T	34.030712128	-118.274017334	62.5	
T	34.030715942	-118.274017334	62.5	
T	34.030715942	-118.274017334	62.5	
T	34.030715942	-118.274017334	62.5	
T	34.030715942	-118.274063110	62.3	
T	34.030719757	-118.274070740	62.3	
T	34.030727386	-118.274108887	62.2	
T	34.030731201	-118.274147034	62.1	
T	34.030742645	-118.274185181	61.9	
T	34.030754089	-118.274215698	61.8	
T	34.030769348	-118.274238586	61.8	
T	34.030780792	-118.274276733	61.6	
T	34.030784607	-118.274314880	61.5	
T	34.030773163	-118.274368286	61.5	
T	34.030757904	-118.274421692	61.6	
T	34.030731201	-118.274475098	61.6	
T	34.030696869	-118.274520874	61.6	
T	34.030643463	-118.274566650	61.6	
T	34.030586243	-118.274604797	61.7	
T	34.030517578	-118.274642944	61.7	
T	34.030445099	-118.274688721	61.8	
T	34.030357361	-118.274726868	61.8	
T	34.030269623	-118.274780273	61.8	
T	34.030178070	-118.274826050	61.8	
T	34.030086517	-118.274871826	61.8	
T	34.029991150	-118.274925232	61.9	
T	34.029895782	-118.274978638	61.9	
T	34.029804230	-118.275032043	62.0	
T	34.029716492	-118.275085449	62.0	
T	34.029632568	-118.275131226	62.0	
T	34.029556274	-118.275169373	62.0	
T	34.029491425	-118.275207520	62.0	
T	34.029430389	-118.275238037	62.0	
T	34.029373169	-118.275268555	62.0	
T	34.029323578	-118.275291443	62.0	
T	34.029281616	-118.275321960	62.0	
T	34.029251099	-118.275337219	62.0	
T	34.029224396	-118.275352478	62.1	
T	34.029209137	-118.275367737	62.1	
T	34.029197693	-118.275375366	62.1	
T	34.029190063	-118.275382996	62.1	
T	34.029186249	-118.275382996	62.1	
T	34.029186249	-118.275390625	62.1	
T	34.029182434	-118.275390625	62.1	
T	34.029178619	-118.275390625	62.1	
T	34.029174805	-118.275390625	62.1	
T	34.029174805	-118.275390625	62.1	
T	34.029140472	-118.275405884	62.1	
T	34.029129028	-118.275421143	62.1	
T	34.029113770	-118.275428772	62.1	
T	34.029071808	-118.275451660	62.1	
T	34.029018402	-118.275474548	62.1	
T	34.028957367	-118.275497437	62.2	
T	34.028896332	-118.275527954	62.2	
T	34.028823853	-118.275558472	62.2	
T	34.028755188	-118.275588989	62.2	
T	34.028686523	-118.275627136	62.2	
T	34.028621674	-118.275657654	62.1	
T	34.028564453	-118.275688171	62.1	
T	34.028514862	-118.275718689	62.1	
T	34.028472900	-118.275749207	62.1	
T	34.028430939	-118.275772095	62.1	
T	34.028385162	-118.275802612	62.1	
T	34.028339386	-118.275833130	62.1	
T	34.028297424	-118.275856018	62.2	
T	34.028263092	-118.275878906	62.2	
T	34.028240204	-118.275901794	62.2	
T	34.028224945	-118.275909424	62.2	
T	34.028213501	-118.275909424	62.2	
T	34.028221130	-118.275917053	62.2	
T	34.028224945	-118.275917053	62.2	
T	34.028232574	-118.275917053	62.2	
T	34.028236389	-118.275917053	62.2	
T	34.028240204	-118.275917053	62.2	
T	34.028244019	-118.275917053	62.2	
T	34.028244019	-118.275917053	62.2	
T	34.028244019	-118.275917053	62.2	
T	34.028213501	-118.275932312	62.2	
T	34.028194427	-118.275947571	62.2	
T	34.028160095	-118.275955200	62.2	
T	34.028125763	-118.275962830	62.2	
T	34.028091431	-118.275955200	62.2	
T	34.028053284	-118.275932312	62.1	
T	34.028018951	-118.275894165	62.1	
T	34.027992249	-118.275856018	62.1	
T	34.027965546	-118.275802612	62.1	
T	34.027942657	-118.275741577	62.1	
T	34.027915955	-118.275688171	62.1	
T	34.027885437	-118.275619507	62.1	
T	34.027858734	-118.275558472	62.1	
T	34.027828217	-118.275497437	62.0	
T	34.027812958	-118.275451660	62.0	
T	34.027790070	-118.275413513	62.0	
T	34.027774811	-118.275375366	62.0	
T	34.027763367	-118.275344849	62.0	
T	34.027751923	-118.275321960	62.0	
T	34.027744293	-118.275306702	62.0	
T	34.027736664	-118.275291443	62.0	
T	34.027732849	-118.275276184	61.9	
T	34.027729034	-118.275268555	61.9	
T	34.027725220	-118.275268555	61.9	
T	34.027725220	-118.275260925	61.9	
T	34.027725220	-118.275260925	61.9	
T	34.027675629	-118.275169373	61.9	
T	34.027667999	-118.275154114	61.9	
T	34.027660370	-118.275131226	61.9	
T	34.027648926	-118.275100708	61.9	
T	34.027633667	-118.275039673	61.8	
T	34.027610779	-118.274993896	61.8	
T	34.027587891	-118.274940491	61.7	
T	34.027565002	-118.274887085	61.7	
T	34.027538300	-118.274833679	61.6	
T	34.027519226	-118.274787903	61.5	
T	34.027492523	-118.274757385	61.4	
T	34.027465820	-118.274711609	61.4	
T	34.027446747	-118.274665833	61.3	
T	34.027431488	-118.274635315	61.2	
T	34.027416229	-118.274604797	61.2	
T	34.027404785	-118.274581909	61.1	
T	34.027393341	-118.274559021	61.2	
T	34.027385712	-118.274543762	61.2	
T	34.027381897	-118.274528503	61.2	
T	34.027381897	-118.274513245	61.3	
T	34.027381897	-118.274505615	61.3	
T	34.027381897	-118.274505615	61.3	
T	34.027381897	-118.274505615	61.3	
T	34.027362823	-118.274467468	61.4	
T	34.027355194	-118.274436951	61.4	
T	34.027351379	-118.274398804	61.5	
T	34.027332306	-118.274345398	61.6	
T	34.027305603	-118.274291992	61.7	
T	34.027278900	-118.274230957	61.8	
T	34.027248383	-118.274162292	61.8	
T	34.027210236	-118.274085999	61.9	
T	34.027175903	-118.274002075	61.9	
T	34.027145386	-118.273933411	62.0	
T	34.027114868	-118.273864746	62.0	
T	34.027088165	-118.273796082	62.1	
T	34.027065277	-118.273735046	62.1	
T	34.027038574	-118.273681641	62.1	
T	34.027011871	-118.273620605	62.2	
T	34.026985168	-118.273551941	62.2	
T	34.026950836	-118.273483276	62.2	
T	34.026920319	-118.273414612	62.3	
T	34.026889801	-118.273345947	62.4	
T	34.026855469	-118.273277283	62.4	
T	34.026821136	-118.273200989	62.5	
T	34.026786804	-118.273132324	62.5	
T	34.026744843	-118.273056030	62.5	
T	34.026710510	-118.272979736	62.5	
T	34.026672363	-118.272903442	62.6	
T	34.026638031	-118.272827148	62.6	
T	34.026599884	-118.272750854	62.6	
T	34.026569366	-118.272674561	62.7	
T	34.026538849	-118.272613525	62.7	
T	34.026512146	-118.272560120	62.7	
T	34.026493073	-118.272506714	62.8	
T	34.026481628	-118.272468567	62.8	
T	34.026470184	-118.272438049	62.8	
T	34.026458740	-118.272430420	62.8	
T	34.026447296	-118.272399902	62.8	
T	34.026435852	-118.272377014	62.8	
T	34.026420593	-118.272361755	62.8	
T	34.026397705	-118.272361755	62.8	
T	34.026371002	-118.272361755	62.9	
T	34.026348114	-118.272377014	62.9	
T	34.026325226	-118.272377014	62.9	
T	34.026290894	-118.272377014	62.9	
T	34.026245117	-118.272399902	62.9	
T	34.026172638	-118.272392273	62.9	
T	34.026096344	-118.272430420	62.9	
T	34.026016235	-118.272499084	62.9	
T	34.025917053	-118.272583008	62.8	
T	34.025814056	-118.272651672	62.8	
T	34.025691986	-118.272766113	62.8	
T	34.025577545	-118.272857666	62.8	
T	34.025466919	-118.272941589	62.7	
T	34.025360107	-118.273017883	62.7	
T	34.025253296	-118.273086548	62.6	
T	34.025146484	-118.273170471	62.6	
T	34.025035858	-118.273231506	62.5	
T	34.024925232	-118.273300171	62.5	
T	34.024818420	-118.273361206	62.4	
T	34.024703979	-118.273429871	62.4	
T	34.024593353	-118.273498535	62.3	
T	34.024482727	-118.273567200	62.2	
T	34.024379730	-118.273635864	62.2	
T	34.024280548	-118.273696899	62.1	
T	34.024192810	-118.273750305	62.1	
T	34.024105072	-118.273803711	62.0	
T	34.024024963	-118.273857117	62.0	
T	34.023952484	-118.273902893	61.9	
T	34.023883820	-118.273948669	61.9	
T	34.023807526	-118.273994446	61.8	
T	34.023746490	-118.274024963	61.8	
T	34.023685455	-118.274055481	61.7	
T	34.023632050	-118.274085999	61.6	
T	34.023586273	-118.274108887	61.5	
T	34.023548126	-118.274139404	61.4	
T	34.023513794	-118.274154663	61.4	
T	34.023490906	-118.274169922	61.3	
T	34.023471832	-118.274185181	61.3	
T	34.023452759	-118.274192810	61.3	
T	34.023429871	-118.274208069	61.2	
T	34.023399353	-118.274230957	61.2	
T	34.023353577	-118.274261475	61.2	
T	34.023296356	-118.274299622	61.1	
T	34.023227692	-118.274345398	61.0	
T	34.023147583	-118.274406433	61.0	
T	34.023059845	-118.274459839	60.9	
T	34.022968292	-118.274520874	60.9	
T	34.022869110	-118.274581909	60.8	
T	34.022769928	-118.274642944	60.9	
T	34.022670746	-118.274703979	60.9	
T	34.022567749	-118.274772644	60.9	
T	34.022468567	-118.274833679	60.8	
T	34.022373199	-118.274894714	60.7	
T	34.022270203	-118.274963379	60.8	
T	34.022167206	-118.275024414	60.8	
T	34.022068024	-118.275085449	60.9	
T	34.021968842	-118.275146484	60.8	
T	34.021869659	-118.275199890	60.7	
T	34.021770477	-118.275260925	60.6	
T	34.021675110	-118.275321960	60.6	
T	34.021579742	-118.275382996	60.5	
T	34.021484375	-118.275451660	60.5	
T	34.021392822	-118.275512695	60.4	
T	34.021301270	-118.275573730	60.3	
T	34.021213531	-118.275634766	60.3	
T	34.021121979	-118.275688171	60.2	
T	34.021038055	-118.275741577	60.1	
T	34.020957947	-118.275787354	60.0	
T	34.020877838	-118.275840759	60.0	
T	34.020797729	-118.275886536	59.9	
T	34.020721436	-118.275932312	59.8	
T	34.020648956	-118.275970459	59.8	
T	34.020576477	-118.276000977	59.8	
T	34.020515442	-118.276039124	59.8	
T	34.020450592	-118.276069641	59.8	
T	34.020393372	-118.276100159	59.8	
T	34.020355225	-118.276123047	59.8	
T	34.020324707	-118.276145935	59.8	
T	34.020298004	-118.276161194	59.8	
T	34.020275116	-118.276176453	59.8	
T	34.020256042	-118.276191711	59.8	
T	34.020229340	-118.276191711	59.7	
T	34.020198822	-118.276184082	59.7	
T	34.020168304	-118.276168823	59.7	
T	34.020141602	-118.276130676	59.7	
T	34.020118713	-118.276092529	59.8	
T	34.020095825	-118.276039124	59.8	
T	34.020065308	-118.275978088	59.8	
T	34.020038605	-118.275917053	59.8	
T	34.020011902	-118.275856018	59.9	
T	34.019985199	-118.275779724	59.9	
T	34.019954681	-118.275703430	59.9	
T	34.019920349	-118.275634766	60.0	
T	34.019889832	-118.275581360	60.0	
T	34.019859314	-118.275543213	60.0	
T	34.019836426	-118.275512695	60.0	
T	34.019813538	-118.275482178	60.0	
T	34.019805908	-118.275466919	60.1	
T	34.019798279	-118.275459290	60.1	
T	34.019798279	-118.275451660	60.1	
T	34.019794464	-118.275451660	60.1	
T	34.019794464	-118.275451660	60.1	
T	34.019794464	-118.275444031	60.1	
T	34.019790649	-118.275421143	60.1	
T	34.019783020	-118.275382996	60.1	
T	34.019771576	-118.275337219	60.2	
T	34.019744873	-118.275283813	60.3	
T	34.019706726	-118.275222778	60.3	
T	34.019668579	-118.275161743	60.4	
T	34.019618988	-118.275108337	60.4	
T	34.019599915	-118.275054932	60.5	
T	34.019577026	-118.275016785	60.5	
T	34.019554138	-118.274986267	60.6	
T	34.019535065	-118.274978638	60.6	
T	34.019512177	-118.274986267	60.6	
T	34.019489288	-118.274986267	60.5	
T	34.019458771	-118.275001526	60.5	
T	34.019416809	-118.275039673	60.5	
T	34.019359589	-118.275070190	60.5	
T	34.019290924	-118.275115967	60.4	
T	34.019210815	-118.275177002	60.3	
T	34.019126892	-118.275238037	60.2	
T	34.019031525	-118.275306702	60.1	
T	34.018936157	-118.275367737	60.1	
T	34.018829346	-118.275436401	60.0	
T	34.018718719	-118.275505066	59.9	
T	34.018604279	-118.275573730	59.8	
T	34.018482208	-118.275642395	59.7	
T	34.018360138	-118.275711060	59.6	
T	34.018238068	-118.275787354	59.5	
T	34.018119812	-118.275863647	59.4	
T	34.017997742	-118.275932312	59.3	
T	34.017879486	-118.276008606	59.3	
T	34.017765045	-118.276084900	59.2	
T	34.017642975	-118.276153564	59.2	
T	34.017524719	-118.276214600	59.0	
T	34.017406464	-118.276290894	58.9	
T	34.017299652	-118.276359558	58.8	
T	34.017189026	-118.276428223	58.7	
T	34.017082214	-118.276504517	58.7	
T	34.016986847	-118.276565552	58.7	
T	34.016899109	-118.276634216	58.7	
T	34.016819000	-118.276695251	58.7	
T	34.016742706	-118.276756287	58.7	
T	34.016674042	-118.276809692	58.7	
T	34.016605377	-118.276855469	58.7	
T	34.016540527	-118.276901245	58.7	
T	34.016490936	-118.276939392	58.7	
T	34.016437531	-118.276969910	58.7	
T	34.016395569	-118.277000427	58.7	
T	34.016365051	-118.277023315	58.7	
T	34.016345978	-118.277030945	58.6	
T	34.016338348	-118.277038574	58.6	
T	34.016334534	-118.277038574	58.6	
T	34.016326904	-118.277046204	58.6	
T	34.016311646	-118.277053833	58.6	
T	34.016300201	-118.277069092	58.6	
T	34.016284943	-118.277091980	58.6	
T	34.016277313	-118.277122498	58.6	
T	34.016273499	-118.277160645	58.6	
T	34.016284943	-118.277198792	58.6	
T	34.016300201	-118.277252197	58.6	
T	34.016326904	-118.277305603	58.6	
T	34.016349792	-118.277366638	58.6	
T	34.016387939	-118.277435303	58.6	
T	34.016426086	-118.277511597	58.7	
T	34.016464233	-118.277580261	58.7	
T	34.016502380	-118.277656555	58.7	
T	34.016536713	-118.277717590	58.7	
T	34.016567230	-118.277770996	58.7	
T	34.016590118	-118.277809143	58.8	
T	34.016613007	-118.277847290	58.8	
T	34.016632080	-118.277877808	58.8	
T	34.016651154	-118.277908325	58.8	
T	34.016666412	-118.277938843	58.8	
T	34.016681671	-118.277961731	58.8	
T	34.016693115	-118.277976990	58.8	
T	34.016712189	-118.278015137	58.8	
T	34.016742706	-118.278030396	58.8	
T	34.016754150	-118.278045654	58.8	
T	34.016761780	-118.278053284	58.8	
T	34.016769409	-118.278060913	58.8	
T	34.016773224	-118.278060913	58.8	
T	34.016769409	-118.278068542	58.8	
T	34.016769409	-118.278068542	58.8	
T	34.016769409	-118.278068542	58.8	
T	34.016788483	-118.278053284	58.8	
T	34.016792297	-118.278045654	58.8	
T	34.016796112	-118.278030396	58.8	
T	34.016799927	-118.278022766	58.8	
T	34.016799927	-118.278015137	58.8	
T	34.016799927	-118.278007507	58.8	
T	34.016803741	-118.277999878	58.8	
T	34.016807556	-118.277999878	58.8	
T	34.016811371	-118.277992249	58.8	
T	34.016815186	-118.277984619	58.8	
T	34.016815186	-118.277984619	58.8	
T	34.016799927	-118.278022766	58.8	
T	34.016796112	-118.278022766	58.8	
T	34.016796112	-118.278030396	58.8	
T	34.016799927	-118.278030396	58.8	
T	34.016796112	-118.278038025	58.8	
T	34.016792297	-118.278038025	58.8	
T	34.016788483	-118.278045654	58.8	
T	34.016788483	-118.278045654	58.8	
T	34.016815186	-118.278045654	58.8	
T	34.016819000	-118.278038025	58.8	
T	34.016822815	-118.278038025	58.8	
T	34.016822815	-118.278030396	58.8	
T	34.016826630	-118.278030396	58.8	
T	34.016826630	-118.278030396	58.8	
T	34.016841888	-118.277999878	58.8	
T	34.016841888	-118.277992249	58.8	
T	34.016845703	-118.277984619	58.8	
T	34.016841888	-118.277984619	58.8	
T	34.016841888	-118.277976990	58.7	
T	34.016845703	-118.277969360	58.7	
T	34.016849518	-118.277961731	58.7	
T	34.016849518	-118.277961731	58.7	
T	34.016780853	-118.278030396	58.8	
T	34.016777039	-118.278038025	58.8	
T	34.016773224	-118.278038025	58.8	
T	34.016773224	-118.278045654	58.8	
T	34.016761780	-118.278068542	58.8	
T	34.016757965	-118.278076172	58.8	
T	34.016761780	-118.278068542	58.8	
T	34.016761780	-118.278068542	58.8	
T	34.016799927	-118.278060913	58.8	
T	34.016799927	-118.278053284	58.8	
T	34.016807556	-118.278053284	58.8	
T	34.016815186	-118.278053284	58.8	
T	34.016815186	-118.278053284	58.8	
T	34.016834259	-118.278076172	58.8	
T	34.016838074	-118.278083801	58.8	
T	34.016841888	-118.278091431	58.8	
T	34.016841888	-118.278106689	58.8	
T	34.016841888	-118.278114319	58.9	
T	34.016845703	-118.278121948	58.9	
T	34.016841888	-118.278121948	58.9	
T	34.016845703	-118.278129578	58.9	
T	34.016853333	-118.278144836	58.9	
T	34.016853333	-118.278160095	58.9	
T	34.016838074	-118.278205872	58.9	
T	34.016822815	-118.278236389	59.0	
T	34.016803741	-118.278266907	59.0	
T	34.016777039	-118.278297424	59.0	
T	34.016746521	-118.278327942	59.1	
T	34.016708374	-118.278358459	59.1	
T	34.016662598	-118.278396606	59.1	
T	34.016609192	-118.278434753	59.2	
T	34.016551971	-118.278480530	59.2	
T	34.016490936	-118.278526306	59.3	
T	34.016422272	-118.278572083	59.4	
T	34.016349792	-118.278617859	59.6	
T	34.016277313	-118.278671265	59.7	
T	34.016201019	-118.278717041	59.7	
T	34.016120911	-118.278762817	59.8	
T	34.016040802	-118.278816223	59.9	
T	34.015956879	-118.278854370	59.9	
T	34.015869141	-118.278900146	60.0	
T	34.015785217	-118.278945923	60.0	
T	34.015705109	-118.278991699	60.1	
T	34.015628815	-118.279045105	60.1	
T	34.015552521	-118.279090881	60.1	
T	34.015472412	-118.279144287	60.1	
T	34.015388489	-118.279190063	60.1	
T	34.015312195	-118.279243469	60.1	
T	34.015232086	-118.279289246	60.0	
T	34.015159607	-118.279342651	60.0	
T	34.015079498	-118.279396057	60.0	
T	34.015003204	-118.279441833	60.0	
T	34.014923096	-118.279495239	59.9	
T	34.014842987	-118.279548645	59.9	
T	34.014755249	-118.279594421	59.7	
T	34.014671326	-118.279647827	59.5	
T	34.014587402	-118.279693604	59.4	
T	34.014503479	-118.279747009	59.1	
T	34.014415741	-118.279800415	58.9	
T	34.014331818	-118.279853821	58.6	
T	34.014251709	-118.279907227	58.3	
T	34.014175415	-118.279960632	57.8	
T	34.014102936	-118.279998779	57.3	
T	34.014030457	-118.280021667	56.8	
T	34.013965607	-118.280044556	56.6	
T	34.013916016	-118.280059814	56.4	
T	34.013877869	-118.280075073	56.2	
T	34.013847351	-118.280097961	56.1	
T	34.013832092	-118.280113220	56.0	
T	34.013809204	-118.280136108	55.9	
T	34.013805389	-118.280151367	55.9	
T	34.013790131	-118.280158997	55.8	
T	34.013778687	-118.280166626	55.8	
T	34.013767242	-118.280174255	55.7	
T	34.013751984	-118.280174255	55.7	
T	34.013736725	-118.280174255	55.7	
T	34.013713837	-118.280158997	55.7	
T	34.013690948	-118.280143738	55.7	
T	34.013664246	-118.280120850	55.7	
T	34.013637543	-118.280090332	55.8	
T	34.013603210	-118.280075073	55.8	
T	34.013565063	-118.280059814	55.8	
T	34.013538361	-118.280044556	55.9	
T	34.013523102	-118.280036926	55.9	
T	34.013511658	-118.280029297	55.9	
T	34.013507843	-118.280021667	55.9	
T	34.013500214	-118.280036926	55.9	
T	34.013492584	-118.280044556	55.9	
T	34.013488770	-118.280059814	55.8	
T	34.013481140	-118.280075073	55.8	
T	34.013484955	-118.280082703	55.8	
T	34.013481140	-118.280090332	55.8	
T	34.013481140	-118.280090332	55.8	
T	34.013481140	-118.280090332	55.8	
T	34.013473511	-118.280052185	55.9	
T	34.013469696	-118.280029297	55.9	
T	34.013446808	-118.279998779	56.0	
T	34.013427734	-118.279960632	56.0	
T	34.013408661	-118.279907227	56.1	
T	34.013378143	-118.279846191	56.2	
T	34.013324738	-118.279785156	56.3	
T	34.013286591	-118.279701233	56.3	
T	34.013252258	-118.279632568	56.4	
T	34.013221741	-118.279563904	56.3	
T	34.013195038	-118.279502869	56.2	
T	34.013179779	-118.279441833	56.0	
T	34.013160706	-118.279403687	55.9	
T	34.013141632	-118.279373169	55.9	
T	34.013130188	-118.279350281	55.8	
T	34.013126373	-118.279342651	55.8	
T	34.013122559	-118.279335022	55.8	
T	34.013118744	-118.279335022	55.8	
T	34.013114929	-118.279327393	55.8	
T	34.013114929	-118.279319763	55.8	
T	34.013111115	-118.279312134	55.8	
T	34.013107300	-118.279312134	55.7	
T	34.013111115	-118.279319763	55.8	
T	34.013111115	-118.279312134	55.8	
T	34.013103485	-118.279304504	55.7	
T	34.013099670	-118.279296875	55.7	
T	34.013092041	-118.279289246	55.7	
T	34.013072968	-118.279281616	55.7	
T	34.013038635	-118.279258728	55.7	
T	34.013000488	-118.279258728	55.7	
T	34.012958527	-118.279273987	55.6	
T	34.012908936	-118.279296875	55.6	
T	34.012851715	-118.279319763	55.6	
T	34.012786865	-118.279350281	55.6	
T	34.012718201	-118.279380798	55.6	
T	34.012649536	-118.279426575	55.6	
T	34.012573242	-118.279479980	55.7	
T	34.012493134	-118.279533386	55.6	
T	34.012413025	-118.279586792	55.6	
T	34.012325287	-118.279632568	55.6	
T	34.012245178	-118.279685974	55.6	
T	34.012157440	-118.279739380	55.6	
T	34.012081146	-118.279792786	55.5	
T	34.012001038	-118.279838562	55.5	
T	34.011920929	-118.279891968	55.4	
T	34.011844635	-118.279930115	55.4	
T	34.011764526	-118.279968262	55.4	
T	34.011692047	-118.279991150	55.3	
T	34.011619568	-118.280006409	55.3	
T	34.011543274	-118.280006409	55.3	
T	34.011478424	-118.280014038	55.2	
T	34.011413574	-118.280021667	55.2	
T	34.011360168	-118.280021667	55.2	
T	34.011314392	-118.280029297	55.2	
T	34.011287689	-118.280021667	55.2	
T	34.011260986	-118.280029297	55.1	
T	34.011241913	-118.280029297	55.1	
T	34.011226654	-118.280029297	55.1	
T	34.011215210	-118.280029297	55.1	
T	34.011199951	-118.280021667	55.1	
T	34.011192322	-118.280014038	55.1	
T	34.011188507	-118.280006409	55.1	
T	34.011184692	-118.280006409	55.1	
T	34.011184692	-118.279998779	55.1	
T	34.011188507	-118.280006409	55.1	
T	34.011188507	-118.280006409	55.1	
T	34.011188507	-118.280006409	55.1	
T	34.011165619	-118.279937744	55.1	
T	34.011154175	-118.279930115	55.1	
T	34.011131287	-118.279914856	55.1	
T	34.011100769	-118.279876709	55.1	
T	34.011070251	-118.279838562	55.1	
T	34.011051178	-118.279785156	55.1	
T	34.011035919	-118.279731750	55.1	
T	34.011020660	-118.279647827	55.1	
T	34.011009216	-118.279586792	55.0	
T	34.011001587	-118.279518127	55.0	
T	34.011001587	-118.279449463	55.0	
T	34.011001587	-118.279380798	55.0	
T	34.010993958	-118.279304504	55.0	
T	34.010993958	-118.279228210	55.1	
T	34.010990143	-118.279151917	55.1	
T	34.010990143	-118.279067993	55.2	
T	34.010986328	-118.278991699	55.2	
T	34.010982513	-118.278923035	55.2	
T	34.010974884	-118.278869629	55.1	
T	34.010971069	-118.278816223	55.1	
T	34.010959625	-118.278778076	55.1	
T	34.010940552	-118.278755188	55.1	
T	34.010932922	-118.278732300	55.1	
T	34.010921478	-118.278724670	55.1	
T	34.010913849	-118.278724670	55.1	
T	34.010913849	-118.278724670	55.1	
T	34.010913849	-118.278724670	55.1	
T	34.010921478	-118.278724670	55.1	
T	34.010925293	-118.278717041	55.1	
T	34.010925293	-118.278701782	55.1	
T	34.010925293	-118.278686523	55.1	
T	34.010925293	-118.278663635	55.1	
T	34.010929108	-118.278640747	55.2	
T	34.010936737	-118.278602600	55.2	
T	34.010940552	-118.278564453	55.2	
T	34.010948181	-118.278511047	55.3	
T	34.010955811	-118.278457642	55.3	
T	34.010963440	-118.278388977	55.3	
T	34.010967255	-118.278320312	55.4	
T	34.010967255	-118.278244019	55.4	
T	34.010971069	-118.278167725	55.4	
T	34.010974884	-118.278083801	55.4	
T	34.010974884	-118.277992249	55.4	
T	34.010974884	-118.277900696	55.4	
T	34.010974884	-118.277801514	55.4	
T	34.010974884	-118.277702332	55.3	
T	34.010971069	-118.277603149	55.3	
T	34.010967255	-118.277496338	55.3	
T	34.010963440	-118.277389526	55.4	
T	34.010955811	-118.277282715	55.4	
T	34.010955811	-118.277168274	55.5	
T	34.010963440	-118.277053833	55.5	
T	34.010963440	-118.276931763	55.5	
T	34.010967255	-118.276817322	55.5	
T	34.010971069	-118.276695251	55.5	
T	34.010978699	-118.276580811	55.6	
T	34.010986328	-118.276458740	55.6	
T	34.010997772	-118.276336670	55.7	
T	34.011009216	-118.276206970	55.7	
T	34.011013031	-118.276084900	55.8	
T	34.011016846	-118.275962830	55.9	
T	34.011016846	-118.275833130	56.0	
T	34.011016846	-118.275703430	56.0	
T	34.011016846	-118.275581360	56.1	
T	34.011020660	-118.275451660	56.2	
T	34.011020660	-118.275321960	56.3	
T	34.011020660	-118.275192261	56.3	
T	34.011024475	-118.275062561	56.4	
T	34.011024475	-118.274948120	56.5	
T	34.011028290	-118.274841309	56.5	
T	34.011028290	-118.274742126	56.6	
T	34.011032104	-118.274665833	56.6	
T	34.011032104	-118.274612427	56.6	
T	34.011039734	-118.274574280	56.7	
T	34.011032104	-118.274536133	56.7	
T	34.011035919	-118.274490356	56.7	
T	34.011039734	-118.274444580	56.7	
T	34.011039734	-118.274391174	56.7	
T	34.011039734	-118.274345398	56.7	
T	34.011035919	-118.274299622	56.7	
T	34.011035919	-118.274269104	56.7	
T	34.011032104	-118.274246216	56.7	
T	34.011028290	-118.274238586	56.7	
T	34.011032104	-118.274238586	56.8	
T	34.011039734	-118.274230957	56.8	
T	34.011039734	-118.274230957	56.8	
T	34.011039734	-118.274208069	56.8	
T	34.011039734	-118.274177551	56.8	
T	34.011039734	-118.274139404	56.8	
T	34.011043549	-118.274063110	56.8	
T	34.011047363	-118.273979187	56.9	
T	34.011051178	-118.273895264	56.9	
T	34.011054993	-118.273811340	56.9	
T	34.011047363	-118.273719788	56.9	
T	34.011047363	-118.273628235	57.0	
T	34.011047363	-118.273544312	57.0	
T	34.011047363	-118.273475647	57.1	
T	34.011039734	-118.273414612	57.1	
T	34.011028290	-118.273353577	57.1	
T	34.011024475	-118.273307800	57.1	
T	34.011016846	-118.273269653	57.1	
T	34.011013031	-118.273239136	57.1	
T	34.011009216	-118.273208618	57.1	
T	34.011009216	-118.273178101	57.1	
T	34.011009216	-118.273162842	57.1	
T	34.011009216	-118.273139954	57.2	
T	34.011009216	-118.273124695	57.2	
T	34.011009216	-118.273101807	57.2	
T	34.011005402	-118.273071289	57.2	
T	34.011013031	-118.273033142	57.2	
T	34.011016846	-118.272987366	57.3	
T	34.011016846	-118.272926331	57.3	
T	34.011020660	-118.272872925	57.3	
T	34.011024475	-118.272804260	57.3	
T	34.011028290	-118.272727966	57.3	
T	34.011028290	-118.272644043	57.3	
T	34.011028290	-118.272552490	57.4	
T	34.011032104	-118.272460938	57.4	
T	34.011039734	-118.272361755	57.4	
T	34.011039734	-118.272262573	57.5	
T	34.011032104	-118.272148132	57.5	
T	34.011024475	-118.272041321	57.5	
T	34.011016846	-118.271926880	57.6	
T	34.011016846	-118.271812439	57.6	
T	34.011020660	-118.271697998	57.7	
T	34.011024475	-118.271583557	57.8	
T	34.011028290	-118.271469116	57.8	
T	34.011032104	-118.271362305	57.9	
T	34.011035919	-118.271255493	57.9	
T	34.011039734	-118.271163940	57.9	
T	34.011043549	-118.271072388	58.0	
T	34.011054993	-118.270996094	58.0	
T	34.011058807	-118.270919800	58.1	
T	34.011058807	-118.270858765	58.1	
T	34.011054993	-118.270805359	58.1	
T	34.011051178	-118.270767212	58.2	
T	34.011043549	-118.270736694	58.2	
T	34.011039734	-118.270706177	58.2	
T	34.011028290	-118.270683289	58.2	
T	34.011024475	-118.270660400	58.2	
T	34.011020660	-118.270645142	58.2	
T	34.011016846	-118.270645142	58.2	
T	34.011016846	-118.270645142	58.2	
T	34.011047363	-118.270568848	58.3	
T	34.011051178	-118.270553589	58.3	
T	34.011058807	-118.270492554	58.3	
T	34.011070251	-118.270439148	58.3	
T	34.011077881	-118.270370483	58.4	
T	34.011081696	-118.270301819	58.4	
T	34.011085510	-118.270217896	58.5	
T	34.011081696	-118.270133972	58.5	
T	34.011081696	-118.270050049	58.6	
T	34.011081696	-118.269958496	58.6	
T	34.011074066	-118.269859314	58.6	
T	34.011070251	-118.269760132	58.7	
T	34.011070251	-118.269653320	58.8	
T	34.011070251	-118.269546509	58.8	
T	34.011074066	-118.269432068	58.8	
T	34.011074066	-118.269325256	58.8	
T	34.011074066	-118.269210815	58.9	
T	34.011074066	-118.269104004	58.9	
T	34.011070251	-118.268997192	58.9	
T	34.011070251	-118.268898010	59.0	
T	34.011066437	-118.268798828	59.0	
T	34.011062622	-118.268707275	59.0	
T	34.011062622	-118.268623352	59.0	
T	34.011066437	-118.268547058	59.0	
T	34.011066437	-118.268478394	59.1	
T	34.011066437	-118.268424988	59.1	
T	34.011070251	-118.268371582	59.1	
T	34.011077881	-118.268325806	59.1	
T	34.011081696	-118.268295288	59.1	
T	34.011081696	-118.268272400	59.2	
T	34.011081696	-118.268257141	59.2	
T	34.011081696	-118.268241882	59.2	
T	34.011089325	-118.268234253	59.2	
T	34.011089325	-118.268234253	59.2	
T	34.011093140	-118.268203735	59.2	
T	34.011093140	-118.268180847	59.2	
T	34.011096954	-118.268142700	59.2	
T	34.011100769	-118.268089294	59.2	
T	34.011104584	-118.268028259	59.3	
T	34.011108398	-118.267951965	59.3	
T	34.011108398	-118.267868042	59.3	
T	34.011108398	-118.267776489	59.3	
T	34.011108398	-118.267684937	59.3	
T	34.011104584	-118.267585754	59.4	
T	34.011093140	-118.267486572	59.4	
T	34.011089325	-118.267379761	59.4	
T	34.011081696	-118.267280579	59.4	
T	34.011070251	-118.267173767	59.4	
T	34.011070251	-118.267059326	59.4	
T	34.011058807	-118.266952515	59.4	
T	34.011051178	-118.266845703	59.5	
T	34.011043549	-118.266731262	59.5	
T	34.011035919	-118.266624451	59.5	
T	34.011024475	-118.266510010	59.5	
T	34.011016846	-118.266387939	59.6	
T	34.011013031	-118.266273499	59.6	
T	34.011009216	-118.266151428	59.6	
T	34.011005402	-118.266036987	59.6	
T	34.011001587	-118.265937805	59.6	
T	34.010993958	-118.265846252	59.7	
T	34.010990143	-118.265762329	59.7	
T	34.010990143	-118.265701294	59.7	
T	34.010982513	-118.265640259	59.7	
T	34.010986328	-118.265594482	59.7	
T	34.010982513	-118.265556335	59.7	
T	34.010982513	-118.265525818	59.7	
T	34.010982513	-118.265502930	59.7	
T	34.010974884	-118.265487671	59.7	
T	34.010974884	-118.265472412	59.7	
T	34.010974884	-118.265480042	59.7	
T	34.010978699	-118.265472412	59.7	
T	34.010978699	-118.265480042	59.7	
T	34.010978699	-118.265480042	59.7	
T	34.011001587	-118.265441895	59.7	
T	34.010997772	-118.265419006	59.7	
T	34.010997772	-118.265373230	59.7	
T	34.010997772	-118.265304565	59.8	
T	34.011001587	-118.265213013	59.8	
T	34.011001587	-118.265129089	59.8	
T	34.010997772	-118.265037537	59.8	
T	34.010997772	-118.264938354	59.8	
T	34.010997772	-118.264839172	59.8	
T	34.010997772	-118.264732361	59.8	
T	34.011001587	-118.264617920	59.8	
T	34.011005402	-118.264511108	59.9	
T	34.011009216	-118.264396667	59.9	
T	34.011013031	-118.264282227	59.9	
T	34.011013031	-118.264160156	60.0	
T	34.011009216	-118.264038086	60.0	
T	34.011009216	-118.263908386	60.1	
T	34.011005402	-118.263786316	60.1	
T	34.011001587	-118.263648987	60.1	
T	34.011001587	-118.263519287	60.1	
T	34.011001587	-118.263389587	60.1	
T	34.011001587	-118.263259888	60.2	
T	34.011001587	-118.263122559	60.2	
T	34.011001587	-118.262992859	60.2	
T	34.011001587	-118.262863159	60.2	
T	34.010997772	-118.262733459	60.3	
T	34.011001587	-118.262611389	60.3	
T	34.011005402	-118.262489319	60.4	
T	34.011005402	-118.262359619	60.4	
T	34.011001587	-118.262237549	60.4	
T	34.010993958	-118.262107849	60.4	
T	34.010982513	-118.261985779	60.4	
T	34.010971069	-118.261856079	60.5	
T	34.010959625	-118.261734009	60.5	
T	34.010948181	-118.261611938	60.5	
T	34.010940552	-118.261482239	60.5	
T	34.010925293	-118.261360168	60.5	
T	34.010913849	-118.261230469	60.6	
T	34.010902405	-118.261100769	60.6	
T	34.010890961	-118.260971069	60.6	
T	34.010883331	-118.260841370	60.6	
T	34.010875702	-118.260704041	60.7	
T	34.010875702	-118.260566711	60.7	
T	34.010879517	-118.260429382	60.7	
T	34.010879517	-118.260299683	60.7	
T	34.010879517	-118.260162354	60.8	
T	34.010879517	-118.260025024	60.8	
T	34.010879517	-118.259887695	60.8	
T	34.010875702	-118.259750366	60.8	
T	34.010871887	-118.259613037	60.9	
T	34.010871887	-118.259475708	60.9	
T	34.010871887	-118.259338379	61.0	
T	34.010871887	-118.259201050	61.0	
T	34.010871887	-118.259063721	61.0	
T	34.010871887	-118.258926392	61.0	
T	34.010871887	-118.258789062	61.0	
T	34.010871887	-118.258651733	61.1	
T	34.010875702	-118.258514404	61.1	
T	34.010875702	-118.258377075	61.2	
T	34.010875702	-118.258239746	61.2	
T	34.010875702	-118.258110046	61.2	
T	34.010875702	-118.257980347	61.3	
T	34.010871887	-118.257850647	61.3	
T	34.010868073	-118.257728577	61.3	
T	34.010864258	-118.257606506	61.4	
T	34.010864258	-118.257492065	61.4	
T	34.010864258	-118.257392883	61.4	
T	34.010864258	-118.257301331	61.4	
T	34.010868073	-118.257202148	61.4	
T	34.010871887	-118.257118225	61.5	
T	34.010864258	-118.257049561	61.5	
T	34.010860443	-118.256980896	61.5	
T	34.010864258	-118.256912231	61.5	
T	34.010864258	-118.256858826	61.5	
T	34.010860443	-118.256813049	61.6	
T	34.010856628	-118.256782532	61.6	
T	34.010852814	-118.256759644	61.6	
T	34.010852814	-118.256744385	61.6	
T	34.010848999	-118.256736755	61.6	
T	34.010852814	-118.256736755	61.6	
T	34.010852814	-118.256744385	61.6	
T	34.010852814	-118.256744385	61.6	
T	34.010883331	-118.256744385	61.6	
T	34.010883331	-118.256721497	61.6	
T	34.010883331	-118.256683350	61.6	
T	34.010887146	-118.256637573	61.6	
T	34.010894775	-118.256607056	61.6	
T	34.010910034	-118.256568909	61.6	
T	34.010932922	-118.256546021	61.7	
T	34.010948181	-118.256530762	61.7	
T	34.010982513	-118.256515503	61.7	
T	34.011028290	-118.256500244	61.7	
T	34.011070251	-118.256500244	61.7	
T	34.011127472	-118.256492615	61.8	
T	34.011192322	-118.256492615	61.8	
T	34.011272430	-118.256492615	61.8	
T	34.011348724	-118.256492615	61.9	
T	34.011425018	-118.256492615	61.9	
T	34.011493683	-118.256492615	62.0	
T	34.011566162	-118.256492615	62.0	
T	34.011631012	-118.256484985	62.1	
T	34.011676788	-118.256484985	62.1	
T	34.011714935	-118.256484985	62.1	
T	34.011737823	-118.256477356	62.2	
T	34.011756897	-118.256477356	62.2	
T	34.011768341	-118.256469727	62.2	
T	34.011772156	-118.256469727	62.2	
T	34.011775970	-118.256469727	62.2	
T	34.011779785	-118.256469727	62.2	
T	34.011779785	-118.256469727	62.2	
T	34.011787415	-118.256469727	62.2	
T	34.011791229	-118.256469727	62.2	
T	34.011787415	-118.256469727	62.2	
T	34.011791229	-118.256469727	62.2	
T	34.011795044	-118.256477356	62.2	
T	34.011795044	-118.256477356	62.2	
T	34.011886597	-118.256484985	62.3	
T	34.011917114	-118.256484985	62.3	
T	34.011959076	-118.256484985	62.3	
T	34.012004852	-118.256484985	62.4	
T	34.012058258	-118.256484985	62.4	
T	34.012107849	-118.256484985	62.4	
T	34.012149811	-118.256492615	62.5	
T	34.012191772	-118.256484985	62.5	
T	34.012226105	-118.256469727	62.5	
T	34.012252808	-118.256469727	62.5	
T	34.012271881	-118.256462097	62.6	
T	34.012290955	-118.256462097	62.6	
T	34.012306213	-118.256462097	62.6	
T	34.012317657	-118.256454468	62.6	
T	34.012336731	-118.256454468	62.6	
T	34.012348175	-118.256454468	62.6	
T	34.012363434	-118.256446838	62.6	
T	34.012386322	-118.256454468	62.6	
T	34.012405396	-118.256454468	62.7	
T	34.012435913	-118.256454468	62.7	
T	34.012466431	-118.256446838	62.7	
T	34.012504578	-118.256446838	62.7	
T	34.012546539	-118.256446838	62.8	
T	34.012592316	-118.256446838	62.8	
T	34.012645721	-118.256454468	62.8	
T	34.012702942	-118.256454468	62.9	
T	34.012760162	-118.256454468	62.9	
T	34.012825012	-118.256462097	63.0	
T	34.012886047	-118.256462097	63.0	
T	34.012954712	-118.256462097	63.1	
T	34.013019562	-118.256462097	63.1	
T	34.013084412	-118.256462097	63.1	
T	34.013156891	-118.256484985	63.2	
T	34.013221741	-118.256484985	63.2	
T	34.013286591	-118.256484985	63.3	
T	34.013343811	-118.256492615	63.4	
T	34.013389587	-118.256484985	63.4	
T	34.013423920	-118.256484985	63.5	
T	34.013454437	-118.256484985	63.5	
T	34.013473511	-118.256484985	63.5	
T	34.013484955	-118.256484985	63.5	
T	34.013488770	-118.256484985	63.5	
T	34.013492584	-118.256484985	63.5	
T	34.013492584	-118.256492615	63.5	
T	34.013492584	-118.256500244	63.5	
T	34.013488770	-118.256500244	63.5	
T	34.013484955	-118.256507874	63.5	
T	34.013484955	-118.256515503	63.5	
T	34.013481140	-118.256523132	63.5	
T	34.013477325	-118.256523132	63.5	
T	34.013473511	-118.256530762	63.5	
T	34.013469696	-118.256530762	63.5	
T	34.013465881	-118.256530762	63.5	
T	34.013465881	-118.256530762	63.5	
T	34.013511658	-118.256515503	63.5	
T	34.013538361	-118.256507874	63.6	
T	34.013591766	-118.256507874	63.6	
T	34.013652802	-118.256507874	63.6	
T	34.013717651	-118.256515503	63.7	
T	34.013797760	-118.256523132	63.8	
T	34.013870239	-118.256530762	63.8	
T	34.013946533	-118.256530762	63.9	
T	34.014019012	-118.256523132	64.0	
T	34.014091492	-118.256523132	64.0	
T	34.014167786	-118.256523132	64.1	
T	34.014251709	-118.256523132	64.2	
T	34.014339447	-118.256515503	64.2	
T	34.014423370	-118.256515503	64.3	
T	34.014511108	-118.256507874	64.4	
T	34.014598846	-118.256507874	64.4	
T	34.014686584	-118.256500244	64.5	
T	34.014778137	-118.256484985	64.6	
T	34.014865875	-118.256469727	64.6	
T	34.014957428	-118.256454468	64.7	
T	34.015045166	-118.256431580	64.8	
T	34.015136719	-118.256393433	64.8	
T	34.015224457	-118.256362915	64.9	
T	34.015312195	-118.256332397	64.9	
T	34.015399933	-118.256301880	64.9	
T	34.015483856	-118.256271362	64.9	
T	34.015571594	-118.256240845	65.0	
T	34.015655518	-118.256210327	65.0	
T	34.015731812	-118.256172180	65.0	
T	34.015796661	-118.256149292	65.1	
T	34.015865326	-118.256126404	65.1	
T	34.015933990	-118.256103516	65.1	
T	34.015998840	-118.256072998	65.2	
T	34.016071320	-118.256034851	65.2	
T	34.016143799	-118.255996704	65.2	
T	34.016220093	-118.255966187	65.3	
T	34.016288757	-118.255935669	65.3	
T	34.016349792	-118.255912781	65.3	
T	34.016407013	-118.255889893	65.3	
T	34.016456604	-118.255867004	65.3	
T	34.016498566	-118.255851746	65.3	
T	34.016525269	-118.255828857	65.4	
T	34.016551971	-118.255813599	65.4	
T	34.016571045	-118.255805969	65.4	
T	34.016586304	-118.255790710	65.4	
T	34.016590118	-118.255790710	65.4	
T	34.016582489	-118.255790710	65.4	
T	34.016578674	-118.255790710	65.4	
T	34.016563416	-118.255783081	65.4	
T	34.016559601	-118.255783081	65.4	
T	34.016555786	-118.255783081	65.4	
T	34.016551971	-118.255783081	65.4	
T	34.016571045	-118.255775452	65.4	
T	34.016586304	-118.255767822	65.4	
T	34.016601562	-118.255767822	65.4	
T	34.016628265	-118.255760193	65.4	
T	34.016662598	-118.255760193	65.4	
T	34.016708374	-118.255752563	65.4	
T	34.016761780	-118.255737305	65.5	
T	34.016841888	-118.255706787	65.5	
T	34.016906738	-118.255683899	65.5	
T	34.016986847	-118.255653381	65.5	
T	34.017063141	-118.255622864	65.4	
T	34.017135620	-118.255592346	65.4	
T	34.017215729	-118.255561829	65.4	
T	34.017299652	-118.255538940	65.5	
T	34.017375946	-118.255508423	65.5	
T	34.017456055	-118.255477905	65.4	
T	34.017532349	-118.255439758	65.4	
T	34.017612457	-118.255401611	65.4	
T	34.017692566	-118.255363464	65.4	
T	34.017776489	-118.255325317	65.5	
T	34.017868042	-118.255287170	65.5	
T	34.017959595	-118.255256653	65.5	
T	34.018058777	-118.255218506	65.5	
T	34.018150330	-118.255187988	65.5	
T	34.018226624	-118.255165100	65.5	
T	34.018302917	-118.255142212	65.5	
T	34.018360138	-118.255119324	65.5	
T	34.018413544	-118.255104065	65.5	
T	34.018455505	-118.255088806	65.5	
T	34.018486023	-118.255073547	65.6	
T	34.018512726	-118.255058289	65.6	
T	34.018531799	-118.255050659	65.6	
T	34.018547058	-118.255043030	65.6	
T	34.018554688	-118.255043030	65.6	
T	34.018558502	-118.255035400	65.6	
T	34.018562317	-118.255035400	65.6	
T	34.018569946	-118.255027771	65.7	
T	34.018577576	-118.255020142	65.7	
T	34.018581390	-118.255020142	65.7	
T	34.018585205	-118.255012512	65.7	
T	34.018592834	-118.255012512	65.7	
T	34.018596649	-118.255004883	65.7	
T	34.018596649	-118.255004883	65.7	
T	34.018585205	-118.255012512	65.7	
T	34.018589020	-118.255012512	65.7	
T	34.018585205	-118.255020142	65.7	
T	34.018581390	-118.255020142	65.7	
T	34.018585205	-118.255020142	65.7	
T	34.018611908	-118.255004883	65.7	
T	34.018630981	-118.254997253	65.7	
T	34.018642426	-118.254997253	65.7	
T	34.018661499	-118.254997253	65.7	
T	34.018672943	-118.254997253	65.7	
T	34.018688202	-118.255004883	65.8	
T	34.018692017	-118.255004883	65.8	
T	34.018699646	-118.255004883	65.8	
T	34.018703461	-118.255004883	65.8	
T	34.018707275	-118.255004883	65.8	
T	34.018760681	-118.254989624	65.8	
T	34.018764496	-118.254989624	65.8	
T	34.018768311	-118.254989624	65.8	
T	34.018775940	-118.254981995	65.8	
T	34.018783569	-118.254981995	65.8	
T	34.018795013	-118.254981995	65.8	
T	34.018806458	-118.254989624	65.8	
T	34.018821716	-118.254997253	65.9	
T	34.018833160	-118.255020142	65.8	
T	34.018840790	-118.255043030	65.8	
T	34.018856049	-118.255073547	65.8	
T	34.018875122	-118.255119324	65.8	
T	34.018894196	-118.255180359	65.8	
T	34.018920898	-118.255256653	65.7	
T	34.018943787	-118.255325317	65.6	
T	34.018970490	-118.255386353	65.6	
T	34.018993378	-118.255432129	65.6	
T	34.019016266	-118.255470276	65.6	
T	34.019035339	-118.255485535	65.6	
T	34.019046783	-118.255493164	65.6	
T	34.019042969	-118.255485535	65.6	
T	34.019042969	-118.255477905	65.6	
T	34.019046783	-118.255477905	65.6	
T	34.019050598	-118.255477905	65.6	
T	34.019081116	-118.255516052	65.6	
T	34.019092560	-118.255561829	65.5	
T	34.019123077	-118.255622864	65.5	
T	34.019149780	-118.255722046	65.4	
T	34.019203186	-118.255836487	65.4	
T	34.019260406	-118.255966187	65.4	
T	34.019317627	-118.256088257	65.3	
T	34.019371033	-118.256210327	65.3	
T	34.019424438	-118.256340027	65.3	
T	34.019477844	-118.256462097	65.3	
T	34.019527435	-118.256576538	65.3	
T	34.019577026	-118.256690979	65.3	
T	34.019626617	-118.256790161	65.3	
T	34.019672394	-118.256889343	65.3	
T	34.019714355	-118.256988525	65.3	
T	34.019756317	-118.257072449	65.3	
T	34.019798279	-118.257148743	65.3	
T	34.019832611	-118.257217407	65.3	
T	34.019859314	-118.257270813	65.3	
T	34.019886017	-118.257308960	65.3	
T	34.019897461	-118.257339478	65.3	
T	34.019905090	-118.257354736	65.3	
T	34.019901276	-118.257362366	65.3	
T	34.019897461	-118.257362366	65.3	
T	34.019889832	-118.257362366	65.3	
T	34.019889832	-118.257354736	65.3	
T	34.019889832	-118.257347107	65.3	
T	34.019889832	-118.257354736	65.3	
T	34.019893646	-118.257354736	65.3	
T	34.019893646	-118.257362366	65.3	
T	34.019897461	-118.257362366	65.3	
T	34.019901276	-118.257362366	65.3	
T	34.019905090	-118.257377625	65.3	
T	34.019916534	-118.257400513	65.3	
T	34.019920349	-118.257415771	65.3	
T	34.019931793	-118.257415771	65.3	
T	34.019931793	-118.257431030	65.3	
T	34.019935608	-118.257438660	65.3	
T	34.019943237	-118.257446289	65.3	
T	34.019954681	-118.257453918	65.4	
T	34.019966125	-118.257453918	65.4	
T	34.019973755	-118.257453918	65.4	
T	34.019981384	-118.257453918	65.4	
T	34.019992828	-118.257446289	65.4	
T	34.020008087	-118.257438660	65.4	
T	34.020023346	-118.257423401	65.4	
T	34.020038605	-118.257415771	65.4	
T	34.020061493	-118.257400513	65.4	
T	34.020088196	-118.257377625	65.5	
T	34.020137787	-118.257347107	65.5	
T	34.020191193	-118.257316589	65.6	
T	34.020248413	-118.257278442	65.6	
T	34.020313263	-118.257232666	65.7	
T	34.020378113	-118.257186890	65.7	
T	34.020446777	-118.257141113	65.8	
T	34.020507812	-118.257102966	65.9	
T	34.020553589	-118.257072449	66.0	
T	34.020580292	-118.257049561	66.0	
T	34.020606995	-118.257041931	66.0	
T	34.020629883	-118.257034302	66.0	
T	34.020645142	-118.257026672	66.0	
T	34.020664215	-118.257019043	66.1	
T	34.020687103	-118.257003784	66.1	
T	34.020721436	-118.256980896	66.1	
T	34.020759583	-118.256958008	66.2	
T	34.020801544	-118.256927490	66.2	
T	34.020843506	-118.256889343	66.2	
T	34.020881653	-118.256858826	66.3	
T	34.020935059	-118.256813049	66.4	
T	34.020999908	-118.256774902	66.4	
T	34.021060944	-118.256721497	66.5	
T	34.021118164	-118.256675720	66.6	
T	34.021179199	-118.256622314	66.7	
T	34.021236420	-118.256576538	66.8	
T	34.021289825	-118.256546021	66.8	
T	34.021335602	-118.256515503	66.8	
T	34.021369934	-118.256500244	66.8	
T	34.021396637	-118.256484985	66.9	
T	34.021411896	-118.256469727	66.9	
T	34.021427155	-118.256469727	66.9	
T	34.021446228	-118.256462097	66.9	
T	34.021476746	-118.256446838	66.9	
T	34.021514893	-118.256416321	66.9	
T	34.021564484	-118.256393433	67.0	
T	34.021621704	-118.256355286	67.0	
T	34.021675110	-118.256317139	67.0	
T	34.021728516	-118.256286621	67.1	
T	34.021781921	-118.256248474	67.1	
T	34.021846771	-118.256202698	67.1	
T	34.021911621	-118.256164551	67.2	
T	34.021976471	-118.256118774	67.2	
T	34.022045135	-118.256072998	67.2	
T	34.022113800	-118.256027222	67.3	
T	34.022190094	-118.255981445	67.3	
T	34.022254944	-118.255943298	67.4	
T	34.022327423	-118.255889893	67.4	
T	34.022396088	-118.255851746	67.5	
T	34.022468567	-118.255805969	67.5	
T	34.022544861	-118.255752563	67.5	
T	34.022617340	-118.255706787	67.6	
T	34.022693634	-118.255661011	67.6	
T	34.022766113	-118.255607605	67.7	
T	34.022846222	-118.255561829	67.7	
T	34.022918701	-118.255508423	67.8	
T	34.022998810	-118.255462646	67.8	
T	34.023078918	-118.255409241	67.9	
T	34.023162842	-118.255363464	67.9	
T	34.023242950	-118.255310059	67.9	
T	34.023323059	-118.255256653	68.0	
T	34.023403168	-118.255210876	68.0	
T	34.023483276	-118.255165100	68.1	
T	34.023563385	-118.255111694	68.1	
T	34.023635864	-118.255065918	68.2	
T	34.023708344	-118.255020142	68.2	
T	34.023773193	-118.254981995	68.3	
T	34.023826599	-118.254951477	68.3	
T	34.023868561	-118.254928589	68.3	
T	34.023906708	-118.254905701	68.3	
T	34.023944855	-118.254890442	68.4	
T	34.023983002	-118.254867554	68.4	
T	34.024013519	-118.254852295	68.4	
T	34.024036407	-118.254844666	68.4	
T	34.024051666	-118.254837036	68.4	
T	34.024066925	-118.254837036	68.4	
T	34.024085999	-118.254829407	68.4	
T	34.024112701	-118.254814148	68.4	
T	34.024158478	-118.254791260	68.5	
T	34.024211884	-118.254760742	68.5	
T	34.024272919	-118.254730225	68.5	
T	34.024345398	-118.254692078	68.5	
T	34.024410248	-118.254653931	68.5	
T	34.024478912	-118.254615784	68.6	
T	34.024547577	-118.254570007	68.6	
T	34.024620056	-118.254531860	68.6	
T	34.024696350	-118.254486084	68.7	
T	34.024776459	-118.254432678	68.7	
T	34.024856567	-118.254386902	68.8	
T	34.024932861	-118.254333496	68.8	
T	34.025005341	-118.254287720	68.9	
T	34.025074005	-118.254241943	68.9	
T	34.025142670	-118.254196167	68.9	
T	34.025215149	-118.254142761	69.0	
T	34.025283813	-118.254089355	69.0	
T	34.025356293	-118.254035950	69.1	
T	34.025428772	-118.253982544	69.1	
T	34.025497437	-118.253936768	69.2	
T	34.025566101	-118.253890991	69.2	
T	34.025623322	-118.253852844	69.2	
T	34.025676727	-118.253814697	69.3	
T	34.025718689	-118.253784180	69.3	
T	34.025756836	-118.253753662	69.3	
T	34.025794983	-118.253723145	69.3	
T	34.025825500	-118.253700256	69.4	
T	34.025856018	-118.253669739	69.4	
T	34.025878906	-118.253646851	69.4	
T	34.025905609	-118.253616333	69.4	
T	34.025936127	-118.253601074	69.4	
T	34.025966644	-118.253593445	69.5	
T	34.026000977	-118.253593445	69.5	
T	34.026031494	-118.253608704	69.5	
T	34.026069641	-118.253646851	69.5	
T	34.026103973	-118.253692627	69.5	
T	34.026138306	-118.253753662	69.5	
T	34.026172638	-118.253829956	69.4	
T	34.026203156	-118.253906250	69.4	
T	34.026229858	-118.253990173	69.4	
T	34.026268005	-118.254081726	69.4	
T	34.026306152	-118.254180908	69.4	
T	34.026348114	-118.254287720	69.3	
T	34.026390076	-118.254394531	69.3	
T	34.026443481	-118.254501343	69.3	
T	34.026493073	-118.254615784	69.3	
T	34.026546478	-118.254722595	69.3	
T	34.026596069	-118.254837036	69.2	
T	34.026649475	-118.254951477	69.2	
T	34.026702881	-118.255065918	69.2	
T	34.026760101	-118.255187988	69.2	
T	34.026809692	-118.255302429	69.1	
T	34.026863098	-118.255416870	69.1	
T	34.026916504	-118.255531311	69.1	
T	34.026969910	-118.255645752	69.1	
T	34.027027130	-118.255752563	69.1	
T	34.027080536	-118.255867004	69.0	
T	34.027126312	-118.255973816	69.0	
T	34.027168274	-118.256072998	69.0	
T	34.027217865	-118.256172180	69.0	
T	34.027259827	-118.256263733	69.0	
T	34.027301788	-118.256340027	69.0	
T	34.027336121	-118.256423950	69.0	
T	34.027374268	-118.256507874	69.0	
T	34.027408600	-118.256584167	69.0	
T	34.027442932	-118.256668091	69.0	
T	34.027473450	-118.256744385	69.0	
T	34.027507782	-118.256820679	68.9	
T	34.027530670	-118.256889343	68.9	
T	34.027557373	-118.256965637	68.9	
T	34.027587891	-118.257034302	68.9	
T	34.027610779	-118.257095337	68.9	
T	34.027641296	-118.257156372	68.9	
T	34.027656555	-118.257194519	68.9	
T	34.027671814	-118.257225037	68.9	
T	34.027683258	-118.257247925	68.9	
T	34.027687073	-118.257263184	68.9	
T	34.027694702	-118.257270813	68.9	
T	34.027694702	-118.257278442	68.8	
T	34.027698517	-118.257278442	68.9	
T	34.027706146	-118.257278442	68.9	
T	34.027709961	-118.257278442	68.9	
T	34.027709961	-118.257286072	68.9	
T	34.027706146	-118.257278442	68.9	
T	34.027706146	-118.257286072	68.9	
T	34.027702332	-118.257293701	68.8	
T	34.027698517	-118.257293701	68.8	
T	34.027694702	-118.257293701	68.8	
T	34.027690887	-118.257293701	68.8	
T	34.027687073	-118.257293701	68.8	
T	34.027687073	-118.257293701	68.8	
T	34.027687073	-118.257293701	68.8	
T	34.027675629	-118.257278442	68.8	
T	34.027671814	-118.257270813	68.8	
T	34.027667999	-118.257263184	68.8	
T	34.027671814	-118.257263184	68.8	
T	34.027667999	-118.257255554	68.8	
T	34.027664185	-118.257255554	68.8	
T	34.027664185	-118.257255554	68.8	
T	34.027656555	-118.257240295	68.8	
T	34.027660370	-118.257232666	68.9	
T	34.027656555	-118.257232666	68.9	
T	34.027656555	-118.257232666	68.9	
T	34.027656555	-118.257263184	68.8	
T	34.027656555	-118.257286072	68.8	
T	34.027660370	-118.257324219	68.8	
T	34.027660370	-118.257369995	68.8	
T	34.027652740	-118.257415771	68.8	
T	34.027629852	-118.257469177	68.8	
T	34.027595520	-118.257522583	68.7	
T	34.027561188	-118.257568359	68.7	
T	34.027526855	-118.257598877	68.7	
T	34.027496338	-118.257629395	68.7	
T	34.027465820	-118.257652283	68.6	
T	34.027431488	-118.257675171	68.6	
T	34.027389526	-118.257698059	68.6	
T	34.027336121	-118.257728577	68.6	
T	34.027275085	-118.257751465	68.5	
T	34.027210236	-118.257781982	68.5	
T	34.027141571	-118.257820129	68.5	
T	34.027061462	-118.257865906	68.4	
T	34.026981354	-118.257911682	68.4	
T	34.026885986	-118.257965088	68.3	
T	34.026790619	-118.258018494	68.3	
T	34.026695251	-118.258094788	68.2	
T	34.026599884	-118.258163452	68.1	
T	34.026512146	-118.258224487	68.1	
T	34.026428223	-118.258277893	68.1	
T	34.026348114	-118.258323669	68.0	
T	34.026279449	-118.258369446	68.0	
T	34.026218414	-118.258415222	68.0	
T	34.026161194	-118.258460999	68.0	
T	34.026111603	-118.258491516	67.9	
T	34.026073456	-118.258522034	67.9	
T	34.026046753	-118.258544922	67.9	
T	34.026027679	-118.258560181	67.9	
T	34.026031494	-118.258575439	67.9	
T	34.026020050	-118.258583069	67.9	
T	34.026012421	-118.258590698	67.9	
T	34.026004791	-118.258598328	67.9	
T	34.025993347	-118.258613586	67.9	
T	34.025978088	-118.258621216	67.8	
T	34.025966644	-118.258636475	67.8	
T	34.025955200	-118.258644104	67.8	
T	34.025951385	-118.258651733	67.8	
T	34.025943756	-118.258666992	67.8	
T	34.025943756	-118.258674622	67.8	
T	34.025943756	-118.258697510	67.8	
T	34.025947571	-118.258720398	67.8	
T	34.025955200	-118.258758545	67.8	
T	34.025962830	-118.258796692	67.8	
T	34.025974274	-118.258834839	67.8	
T	34.025993347	-118.258872986	67.8	
T	34.026008606	-118.258911133	67.8	
T	34.026031494	-118.258949280	67.8	
T	34.026046753	-118.258972168	67.7	
T	34.026054382	-118.258995056	67.7	
T	34.026062012	-118.259017944	67.7	
T	34.026073456	-118.259063721	67.7	
T	34.026092529	-118.259117126	67.7	
T	34.026119232	-118.259178162	67.7	
T	34.026149750	-118.259254456	67.7	
T	34.026184082	-118.259323120	67.7	
T	34.026218414	-118.259399414	67.7	
T	34.026248932	-118.259475708	67.6	
T	34.026283264	-118.259559631	67.6	
T	34.026325226	-118.259651184	67.6	
T	34.026363373	-118.259742737	67.7	
T	34.026401520	-118.259826660	67.7	
T	34.026443481	-118.259918213	67.6	
T	34.026485443	-118.260017395	67.6	
T	34.026531219	-118.260108948	67.6	
T	34.026569366	-118.260192871	67.6	
T	34.026599884	-118.260261536	67.6	
T	34.026630402	-118.260330200	67.6	
T	34.026653290	-118.260383606	67.6	
T	34.026672363	-118.260429382	67.6	
T	34.026691437	-118.260459900	67.6	
T	34.026699066	-118.260490417	67.6	
T	34.026706696	-118.260505676	67.6	
T	34.026710510	-118.260513306	67.6	
T	34.026714325	-118.260520935	67.6	
T	34.026714325	-118.260536194	67.6	
T	34.026710510	-118.260559082	67.6	
T	34.026706696	-118.260581970	67.6	
T	34.026691437	-118.260612488	67.6	
T	34.026672363	-118.260635376	67.6	
T	34.026649475	-118.260658264	67.5	
T	34.026622772	-118.260681152	67.5	
T	34.026592255	-118.260688782	67.5	
T	34.026565552	-118.260696411	67.5	
T	34.026535034	-118.260711670	67.5	
T	34.026500702	-118.260734558	67.5	
T	34.026462555	-118.260757446	67.5	
T	34.026424408	-118.260787964	67.4	
T	34.026390076	-118.260826111	67.4	
T	34.026359558	-118.260856628	67.4	
T	34.026325226	-118.260910034	67.3	
T	34.026298523	-118.260955811	67.3	
T	34.026271820	-118.261001587	67.3	
T	34.026229858	-118.261054993	67.3	
T	34.026176453	-118.261093140	67.2	
T	34.026123047	-118.261131287	67.2	
T	34.026065826	-118.261169434	67.2	
T	34.026008606	-118.261207581	67.2	
T	34.025947571	-118.261245728	67.2	
T	34.025882721	-118.261299133	67.2	
T	34.025806427	-118.261360168	67.1	
T	34.025737762	-118.261405945	67.1	
T	34.025669098	-118.261451721	67.0	
T	34.025596619	-118.261505127	67.0	
T	34.025527954	-118.261550903	66.9	
T	34.025459290	-118.261596680	66.9	
T	34.025394440	-118.261634827	66.9	
T	34.025333405	-118.261680603	66.9	
T	34.025279999	-118.261718750	66.9	
T	34.025234222	-118.261756897	66.8	
T	34.025192261	-118.261787415	66.8	
T	34.025161743	-118.261810303	66.8	
T	34.025135040	-118.261825562	66.8	
T	34.025115967	-118.261833191	66.8	
T	34.025100708	-118.261840820	66.8	
T	34.025089264	-118.261848450	66.8	
T	34.025077820	-118.261856079	66.8	
T	34.025066376	-118.261863708	66.8	
T	34.025054932	-118.261886597	66.7	
T	34.025043488	-118.261917114	66.7	
T	34.025043488	-118.261955261	66.7	
T	34.025035858	-118.261978149	66.7	
T	34.025047302	-118.262016296	66.7	
T	34.025077820	-118.262054443	66.7	
T	34.025089264	-118.262100220	66.7	
T	34.025104523	-118.262161255	66.7	
T	34.025119781	-118.262222290	66.6	
T	34.025138855	-118.262298584	66.6	
T	34.025161743	-118.262367249	66.6	
T	34.025188446	-118.262443542	66.6	
T	34.025226593	-118.262512207	66.6	
T	34.025260925	-118.262596130	66.6	
T	34.025299072	-118.262672424	66.6	
T	34.025344849	-118.262756348	66.6	
T	34.025379181	-118.262832642	66.6	
T	34.025421143	-118.262916565	66.6	
T	34.025463104	-118.263000488	66.6	
T	34.025501251	-118.263092041	66.6	
T	34.025543213	-118.263175964	66.6	
T	34.025581360	-118.263259888	66.5	
T	34.025619507	-118.263336182	66.5	
T	34.025653839	-118.263412476	66.5	
T	34.025688171	-118.263481140	66.5	
T	34.025718689	-118.263542175	66.5	
T	34.025749207	-118.263610840	66.5	
T	34.025783539	-118.263671875	66.5	
T	34.025810242	-118.263740540	66.5	
T	34.025844574	-118.263809204	66.5	
T	34.025871277	-118.263877869	66.5	
T	34.025901794	-118.263938904	66.5	
T	34.025928497	-118.263999939	66.5	
T	34.025951385	-118.264060974	66.5	
T	34.025974274	-118.264091492	66.5	
T	34.025993347	-118.264137268	66.5	
T	34.026004791	-118.264167786	66.5	
T	34.026023865	-118.264175415	66.5	
T	34.026027679	-118.264183044	66.5	
T	34.026027679	-118.264183044	66.5	
T	34.026035309	-118.264175415	66.5	
T	34.026039124	-118.264175415	66.5	
T	34.026039124	-118.264183044	66.5	
T	34.026035309	-118.264175415	66.5	
T	34.026031494	-118.264183044	66.5	
T	34.026031494	-118.264183044	66.5	
T	34.026020050	-118.264244080	66.4	
T	34.026023865	-118.264274597	66.4	
T	34.026027679	-118.264312744	66.4	
T	34.026039124	-118.264358521	66.4	
T	34.026050568	-118.264404297	66.4	
T	34.026069641	-118.264465332	66.4	
T	34.026100159	-118.264533997	66.4	
T	34.026134491	-118.264610291	66.3	
T	34.026172638	-118.264686584	66.3	
T	34.026222229	-118.264785767	66.3	
T	34.026271820	-118.264884949	66.3	
T	34.026317596	-118.264976501	66.3	
T	34.026363373	-118.265075684	66.3	
T	34.026409149	-118.265167236	66.2	
T	34.026458740	-118.265258789	66.2	
T	34.026508331	-118.265357971	66.2	
T	34.026554108	-118.265457153	66.2	
T	34.026599884	-118.265548706	66.2	
T	34.026641846	-118.265640259	66.1	
T	34.026683807	-118.265724182	66.1	
T	34.026718140	-118.265808105	66.1	
T	34.026756287	-118.265892029	66.0	
T	34.026794434	-118.265975952	66.0	
T	34.026836395	-118.266059875	66.0	
T	34.026874542	-118.266143799	66.0	
T	34.026912689	-118.266227722	65.9	
T	34.026947021	-118.266304016	65.9	
T	34.026981354	-118.266387939	65.8	
T	34.027011871	-118.266471863	65.7	
T	34.027046204	-118.266555786	65.7	
T	34.027080536	-118.266624451	65.7	
T	34.027114868	-118.266685486	65.7	
T	34.027141571	-118.266746521	65.6	
T	34.027164459	-118.266792297	65.6	
T	34.027183533	-118.266830444	65.6	
T	34.027202606	-118.266860962	65.6	
T	34.027214050	-118.266883850	65.6	
T	34.027217865	-118.266899109	65.6	
T	34.027217865	-118.266891479	65.6	
T	34.027221680	-118.266891479	65.6	
T	34.027225494	-118.266899109	65.6	
T	34.027225494	-118.266906738	65.6	
T	34.027225494	-118.266914368	65.6	
T	34.027229309	-118.266921997	65.5	
T	34.027233124	-118.266937256	65.5	
T	34.027236938	-118.266967773	65.5	
T	34.027248383	-118.266990662	65.5	
T	34.027267456	-118.267028809	65.5	
T	34.027282715	-118.267066956	65.4	
T	34.027301788	-118.267112732	65.4	
T	34.027320862	-118.267158508	65.3	
T	34.027351379	-118.267181396	65.3	
T	34.027381897	-118.267204285	65.3	
T	34.027420044	-118.267211914	65.3	
T	34.027454376	-118.267204285	65.3	
T	34.027481079	-118.267196655	65.4	
T	34.027500153	-118.267181396	65.4	
T	34.027515411	-118.267173767	65.4	
T	34.027534485	-118.267158508	65.4	
T	34.027542114	-118.267143250	65.4	
T	34.027538300	-118.267143250	65.4	
T	34.027545929	-118.267127991	65.4	
T	34.027542114	-118.267135620	65.4	
T	34.027538300	-118.267135620	65.4	
T	34.027534485	-118.267143250	65.4	
T	34.027530670	-118.267143250	65.4	
T	34.027526855	-118.267150879	65.4	
T	34.027523041	-118.267150879	65.4	
T	34.027530670	-118.267150879	65.4	
T	34.027545929	-118.267158508	65.4	
T	34.027568817	-118.267166138	65.4	
T	34.027591705	-118.267211914	65.4	
T	34.027618408	-118.267250061	65.4	
T	34.027645111	-118.267303467	65.3	
T	34.027671814	-118.267356873	65.3	
T	34.027690887	-118.267410278	65.2	
T	34.027702332	-118.267486572	65.2	
T	34.027732849	-118.267562866	65.1	
T	34.027774811	-118.267646790	65.0	
T	34.027812958	-118.267723083	65.0	
T	34.027854919	-118.267807007	65.0	
T	34.027893066	-118.267883301	64.9	
T	34.027919769	-118.267944336	64.9	
T	34.027961731	-118.267990112	64.9	
T	34.027984619	-118.268035889	64.9	
T	34.028003693	-118.268066406	64.9	
T	34.028026581	-118.268096924	64.9	
T	34.028045654	-118.268135071	64.9	
T	34.028068542	-118.268173218	64.9	
T	34.028087616	-118.268218994	64.9	
T	34.028110504	-118.268264771	64.9	
T	34.028137207	-118.268325806	64.9	
T	34.028163910	-118.268394470	64.9	
T	34.028198242	-118.268463135	64.9	
T	34.028236389	-118.268539429	64.9	
T	34.028274536	-118.268615723	65.0	
T	34.028316498	-118.268699646	65.0	
T	34.028350830	-118.268775940	65.0	
T	34.028385162	-118.268844604	65.0	
T	34.028419495	-118.268913269	65.0	
T	34.028453827	-118.268959045	64.9	
T	34.028480530	-118.268997192	64.9	
T	34.028495789	-118.269027710	64.9	
T	34.028514862	-118.269058228	64.9	
T	34.028533936	-118.269096375	64.9	
T	34.028553009	-118.269142151	64.9	
T	34.028575897	-118.269187927	64.9	
T	34.028602600	-118.269248962	64.9	
T	34.028625488	-118.269309998	64.9	
T	34.028648376	-118.269378662	64.9	
T	34.028682709	-118.269447327	64.8	
T	34.028713226	-118.269523621	64.8	
T	34.028743744	-118.269607544	64.7	
T	34.028781891	-118.269691467	64.7	
T	34.028820038	-118.269783020	64.7	
T	34.028858185	-118.269874573	64.7	
T	34.028900146	-118.269973755	64.6	
T	34.028938293	-118.270065308	64.6	
T	34.028968811	-118.270164490	64.6	
T	34.028995514	-118.270248413	64.6	
T	34.029010773	-118.270309448	64.6	
T	34.029018402	-118.270355225	64.6	
T	34.029029846	-118.270378113	64.6	
T	34.029045105	-118.270393372	64.6	
T	34.029048920	-118.270408630	64.6	
T	34.029064178	-118.270416260	64.6	
T	34.029075623	-118.270416260	64.6	
T	34.029083252	-118.270416260	64.6	
T	34.029094696	-118.270423889	64.6	
T	34.029094696	-118.270423889	64.6	
T	34.029094696	-118.270423889	64.6	
T	34.029163361	-118.270484924	64.6	
T	34.029174805	-118.270500183	64.6	
T	34.029178619	-118.270523071	64.6	
T	34.029190063	-118.270545959	64.6	
T	34.029201508	-118.270568848	64.6	
T	34.029212952	-118.270591736	64.6	
T	34.029224396	-118.270622253	64.6	
T	34.029239655	-118.270652771	64.6	
T	34.029251099	-118.270675659	64.6	
T	34.029258728	-118.270698547	64.6	
T	34.029270172	-118.270721436	64.6	
T	34.029277802	-118.270736694	64.6	
T	34.029289246	-118.270767212	64.5	
T	34.029300690	-118.270805359	64.5	
T	34.029312134	-118.270835876	64.5	
T	34.029323578	-118.270858765	64.5	
T	34.029331207	-118.270881653	64.5	
T	34.029335022	-118.270896912	64.5	
T	34.029342651	-118.270912170	64.5	
T	34.029342651	-118.270927429	64.4	
T	34.029338837	-118.270935059	64.4	
T	34.029338837	-118.270942688	64.4	
T	34.029338837	-118.270942688	64.4	
T	34.029335022	-118.270988464	64.4	
T	34.029342651	-118.271003723	64.4	
T	34.029354095	-118.271041870	64.4	
T	34.029357910	-118.271087646	64.4	
T	34.029365540	-118.271156311	64.3	
T	34.029380798	-118.271232605	64.3	
T	34.029396057	-118.271301270	64.3	
T	34.029411316	-118.271377563	64.2	
T	34.029430389	-118.271453857	64.2	
T	34.029453278	-118.271537781	64.1	
T	34.029479980	-118.271621704	64.1	
T	34.029510498	-118.271713257	64.1	
T	34.029533386	-118.271797180	64.1	
T	34.029563904	-118.271873474	64.0	
T	34.029594421	-118.271957397	64.0	
T	34.029628754	-118.272041321	64.0	
T	34.029663086	-118.272132874	63.9	
T	34.029697418	-118.272224426	63.9	
T	34.029739380	-118.272308350	63.9	
T	34.029773712	-118.272392273	63.8	
T	34.029808044	-118.272468567	63.7	
T	34.029846191	-118.272537231	63.7	
T	34.029876709	-118.272590637	63.7	
T	34.029907227	-118.272651672	63.6	
T	34.029933929	-118.272697449	63.6	
T	34.029960632	-118.272750854	63.6	
T	34.029983521	-118.272789001	63.6	
T	34.030006409	-118.272827148	63.6	
T	34.030021667	-118.272857666	63.6	
T	34.030044556	-118.272888184	63.6	
T	34.030067444	-118.272903442	63.6	
T	34.030086517	-118.272918701	63.6	
T	34.030090332	-118.272933960	63.6	
T	34.030090332	-118.272918701	63.6	
T	34.030090332	-118.272926331	63.6	
T	34.030094147	-118.272926331	63.6	
T	34.030097961	-118.272918701	63.6	
T	34.030101776	-118.272926331	63.6	
T	34.030097961	-118.272918701	63.6	
T	34.030101776	-118.272911072	63.7	
T	34.030101776	-118.272911072	63.7	
T	34.030109406	-118.272964478	63.6	
T	34.030117035	-118.272987366	63.6	
T	34.030124664	-118.273033142	63.5	
T	34.030139923	-118.273086548	63.5	
T	34.030166626	-118.273147583	63.4	
T	34.030189514	-118.273216248	63.4	
T	34.030216217	-118.273284912	63.3	
T	34.030246735	-118.273353577	63.2	
T	34.030281067	-118.273437500	63.1	
T	34.030315399	-118.273513794	63.1	
T	34.030349731	-118.273597717	62.9	
T	34.030384064	-118.273674011	62.8	
T	34.030418396	-118.273750305	62.7	
T	34.030445099	-118.273818970	62.6	
T	34.030471802	-118.273880005	62.5	
T	34.030509949	-118.273948669	62.4	
T	34.030540466	-118.274002075	62.3	
T	34.030563354	-118.274040222	62.2	
T	34.030586243	-118.274078369	62.1	
T	34.030612946	-118.274101257	62.1	
T	34.030628204	-118.274124146	62.0	
T	34.030643463	-118.274139404	62.0	
T	34.030658722	-118.274154663	62.0	
T	34.030670166	-118.274169922	61.9	
T	34.030677795	-118.274185181	61.9	
T	34.030681610	-118.274185181	61.9	
T	34.030685425	-118.274185181	61.9	
T	34.030681610	-118.274185181	61.9	
T	34.030681610	-118.274185181	61.9	
T	34.030685425	-118.274169922	61.9	
T	34.030689240	-118.274169922	61.9	
T	34.030696869	-118.274169922	61.9	
T	34.030696869	-118.274162292	62.0	
T	34.030693054	-118.274162292	62.0	
T	34.030696869	-118.274162292	62.0	
T	34.030693054	-118.274162292	62.0	
T	34.030693054	-118.274154663	62.0	
T	34.030696869	-118.274154663	62.0	
T	34.030696869	-118.274154663	62.0	
T	34.030696869	-118.274162292	62.0	
T	34.030696869	-118.274169922	61.9	
T	34.030704498	-118.274185181	61.9	
T	34.030712128	-118.274200439	61.9	
T	34.030723572	-118.274230957	61.8	
T	34.030731201	-118.274253845	61.7	
T	34.030738831	-118.274269104	61.6	
T	34.030746460	-118.274291992	61.6	
T	34.030750275	-118.274314880	61.5	
T	34.030757904	-118.274337769	61.5	
T	34.030769348	-118.274368286	61.5	
T	34.030773163	-118.274406433	61.6	
T	34.030769348	-118.274444580	61.6	
T	34.030754089	-118.274482727	61.6	
T	34.030727386	-118.274513245	61.6	
T	34.030696869	-118.274551392	61.6	
T	34.030662537	-118.274589539	61.6	
T	34.030620575	-118.274620056	61.7	
T	34.030574799	-118.274650574	61.7	
T	34.030517578	-118.274681091	61.8	
T	34.030460358	-118.274711609	61.8	
T	34.030406952	-118.274749756	61.9	
T	34.030345917	-118.274787903	61.9	
T	34.030281067	-118.274833679	61.9	
T	34.030220032	-118.274871826	61.9	
T	34.030151367	-118.274909973	61.9	
T	34.030075073	-118.274948120	61.9	
T	34.029991150	-118.274986267	62.0	
T	34.029914856	-118.275032043	62.0	
T	34.029838562	-118.275070190	62.0	
T	34.029762268	-118.275123596	62.0	
T	34.029685974	-118.275169373	62.1	
T	34.029613495	-118.275222778	62.1	
T	34.029541016	-118.275260925	62.1	
T	34.029472351	-118.275299072	62.1	
T	34.029392242	-118.275337219	62.1	
T	34.029319763	-118.275375366	62.1	
T	34.029247284	-118.275413513	62.1	
T	34.029190063	-118.275451660	62.1	
T	34.029129028	-118.275489807	62.2	
T	34.029071808	-118.275527954	62.2	
T	34.029029846	-118.275558472	62.2	
T	34.028991699	-118.275581360	62.2	
T	34.028953552	-118.275604248	62.2	
T	34.028926849	-118.275611877	62.2	
T	34.028903961	-118.275627136	62.2	
T	34.028881073	-118.275634766	62.2	
T	34.028862000	-118.275642395	62.2	
T	34.028846741	-118.275650024	62.2	
T	34.028831482	-118.275657654	62.2	
T	34.028804779	-118.275665283	62.2	
T	34.028781891	-118.275672913	62.2	
T	34.028755188	-118.275680542	62.2	
T	34.028717041	-118.275695801	62.2	
T	34.028682709	-118.275703430	62.2	
T	34.028640747	-118.275726318	62.2	
T	34.028587341	-118.275756836	62.2	
T	34.028537750	-118.275787354	62.2	
T	34.028480530	-118.275817871	62.1	
T	34.028423309	-118.275848389	62.2	
T	34.028358459	-118.275871277	62.2	
T	34.028301239	-118.275894165	62.2	
T	34.028244019	-118.275901794	62.2	
T	34.028190613	-118.275894165	62.2	
T	34.028141022	-118.275878906	62.2	
T	34.028076172	-118.275878906	62.1	
T	34.028018951	-118.275856018	62.1	
T	34.027973175	-118.275802612	62.1	
T	34.027935028	-118.275749207	62.1	
T	34.027904510	-118.275695801	62.1	
T	34.027873993	-118.275650024	62.1	
T	34.027847290	-118.275596619	62.1	
T	34.027828217	-118.275550842	62.0	
T	34.027812958	-118.275512695	62.0	
T	34.027801514	-118.275482178	62.0	
T	34.027793884	-118.275459290	62.0	
T	34.027790070	-118.275444031	62.0	
T	34.027786255	-118.275428772	62.0	
T	34.027778625	-118.275421143	62.0	
T	34.027774811	-118.275413513	62.0	
T	34.027770996	-118.275413513	62.0	
T	34.027770996	-118.275413513	62.0	
T	34.027770996	-118.275413513	62.0	
T	34.027759552	-118.275344849	62.0	
T	34.027751923	-118.275329590	62.0	
T	34.027748108	-118.275314331	62.0	
T	34.027736664	-118.275299072	62.0	
T	34.027725220	-118.275291443	62.0	
T	34.027725220	-118.275283813	62.0	
T	34.027721405	-118.275276184	61.9	
T	34.027717590	-118.275268555	61.9	
T	34.027717590	-118.275260925	61.9	
T	34.027713776	-118.275260925	61.9	
T	34.027709961	-118.275253296	61.9	
T	34.027709961	-118.275245667	61.9	
T	34.027702332	-118.275230408	61.9	
T	34.027698517	-118.275215149	61.9	
T	34.027690887	-118.275199890	61.9	
T	34.027679443	-118.275161743	61.9	
T	34.027664185	-118.275123596	61.9	
T	34.027637482	-118.275070190	61.9	
T	34.027610779	-118.275016785	61.8	
T	34.027576447	-118.274955750	61.7	
T	34.027542114	-118.274887085	61.7	
T	34.027511597	-118.274826050	61.6	
T	34.027484894	-118.274757385	61.4	
T	34.027454376	-118.274688721	61.3	
T	34.027431488	-118.274627686	61.2	
T	34.027408600	-118.274574280	61.2	
T	34.027393341	-118.274520874	61.2	
T	34.027378082	-118.274475098	61.3	
T	34.027366638	-118.274436951	61.4	
T	34.027359009	-118.274406433	61.5	
T	34.027355194	-118.274375916	61.5	
T	34.027347565	-118.274353027	61.6	
T	34.027343750	-118.274337769	61.6	
T	34.027339935	-118.274314880	61.7	
T	34.027336121	-118.274291992	61.7	
T	34.027339935	-118.274284363	61.7	
T	34.027339935	-118.274284363	61.7	
T	34.027339935	-118.274284363	61.7	
T	34.027301788	-118.274269104	61.7	
T	34.027278900	-118.274246216	61.7	
T	34.027256012	-118.274230957	61.8	
T	34.027221680	-118.274192810	61.8	
T	34.027194977	-118.274139404	61.8	
T	34.027164459	-118.274063110	61.9	
T	34.027130127	-118.273994446	61.9	
T	34.027095795	-118.273918152	62.0	
T	34.027061462	-118.273849487	62.0	
T	34.027023315	-118.273765564	62.1	
T	34.026992798	-118.273681641	62.1	
T	34.026958466	-118.273590088	62.2	
T	34.026924133	-118.273498535	62.2	
T	34.026885986	-118.273406982	62.3	
T	34.026847839	-118.273315430	62.4	
T	34.026813507	-118.273223877	62.5	
T	34.026779175	-118.273132324	62.5	
T	34.026741028	-118.273040771	62.5	
T	34.026702881	-118.272949219	62.5	
T	34.026660919	-118.272857666	62.6	
T	34.026622772	-118.272773743	62.6	
T	34.026588440	-118.272689819	62.7	
T	34.026554108	-118.272613525	62.7	
T	34.026523590	-118.272544861	62.7	
T	34.026493073	-118.272483826	62.8	
T	34.026470184	-118.272438049	62.8	
T	34.026454926	-118.272392273	62.8	
T	34.026439667	-118.272361755	62.8	
T	34.026424408	-118.272331238	62.9	
T	34.026401520	-118.272315979	62.9	
T	34.026367188	-118.272308350	62.9	
T	34.026325226	-118.272308350	62.9	
T	34.026275635	-118.272315979	62.9	
T	34.026226044	-118.272331238	62.9	
T	34.026145935	-118.272377014	62.9	
T	34.026065826	-118.272438049	62.9	
T	34.025978088	-118.272506714	62.8	
T	34.025878906	-118.272575378	62.8	
T	34.025772095	-118.272651672	62.8	
T	34.025669098	-118.272727966	62.8	
T	34.025558472	-118.272804260	62.8	
T	34.025440216	-118.272888184	62.7	
T	34.025325775	-118.272956848	62.7	
T	34.025211334	-118.273017883	62.7	
T	34.025093079	-118.273094177	62.6	
T	34.025001526	-118.273185730	62.6	
T	34.024898529	-118.273262024	62.5	
T	34.024795532	-118.273330688	62.4	
T	34.024700165	-118.273391724	62.4	
T	34.024604797	-118.273460388	62.3	
T	34.024520874	-118.273521423	62.3	
T	34.024440765	-118.273574829	62.2	
T	34.024364471	-118.273628235	62.2	
T	34.024291992	-118.273681641	62.1	
T	34.024215698	-118.273727417	62.1	
T	34.024143219	-118.273788452	62.0	
T	34.024066925	-118.273834229	62.0	
T	34.023990631	-118.273887634	61.9	
T	34.023921967	-118.273933411	61.9	
T	34.023857117	-118.273979187	61.9	
T	34.023799896	-118.274017334	61.8	
T	34.023742676	-118.274055481	61.8	
T	34.023693085	-118.274085999	61.7	
T	34.023643494	-118.274116516	61.6	
T	34.023605347	-118.274139404	61.5	
T	34.023574829	-118.274154663	61.5	
T	34.023548126	-118.274169922	61.4	
T	34.023525238	-118.274177551	61.4	
T	34.023502350	-118.274185181	61.3	
T	34.023483276	-118.274185181	61.3	
T	34.023471832	-118.274185181	61.3	
T	34.023460388	-118.274192810	61.3	
T	34.023445129	-118.274200439	61.3	
T	34.023426056	-118.274215698	61.2	
T	34.023391724	-118.274238586	61.2	
T	34.023342133	-118.274276733	61.1	
T	34.023284912	-118.274307251	61.1	
T	34.023220062	-118.274353027	61.0	
T	34.023139954	-118.274406433	61.0	
T	34.023048401	-118.274467468	60.9	
T	34.022956848	-118.274520874	60.9	
T	34.022861481	-118.274581909	60.8	
T	34.022762299	-118.274635315	60.9	
T	34.022663116	-118.274696350	60.9	
T	34.022563934	-118.274765015	60.9	
T	34.022464752	-118.274826050	60.8	
T	34.022361755	-118.274887085	60.7	
T	34.022258759	-118.274955750	60.8	
T	34.022155762	-118.275016785	60.9	
T	34.022060394	-118.275085449	60.9	
T	34.021965027	-118.275146484	60.8	
T	34.021873474	-118.275207520	60.7	
T	34.021781921	-118.275268555	60.6	
T	34.021690369	-118.275329590	60.6	
T	34.021602631	-118.275390625	60.5	
T	34.021514893	-118.275451660	60.5	
T	34.021430969	-118.275505066	60.4	
T	34.021343231	-118.275566101	60.4	
T	34.021255493	-118.275619507	60.3	
T	34.021167755	-118.275680542	60.2	
T	34.021076202	-118.275741577	60.1	
T	34.020988464	-118.275802612	60.0	
T	34.020896912	-118.275863647	60.0	
T	34.020812988	-118.275924683	59.9	
T	34.020725250	-118.275970459	59.8	
T	34.020641327	-118.276023865	59.8	
T	34.020565033	-118.276069641	59.8	
T	34.020500183	-118.276107788	59.8	
T	34.020439148	-118.276153564	59.8	
T	34.020381927	-118.276184082	59.8	
T	34.020332336	-118.276214600	59.8	
T	34.020282745	-118.276237488	59.8	
T	34.020233154	-118.276245117	59.7	
T	34.020183563	-118.276237488	59.7	
T	34.020141602	-118.276206970	59.7	
T	34.020103455	-118.276138306	59.7	
T	34.020080566	-118.276077271	59.8	
T	34.020061493	-118.276039124	59.8	
T	34.020050049	-118.276008606	59.8	
T	34.020034790	-118.275970459	59.8	
T	34.020019531	-118.275932312	59.8	
T	34.020004272	-118.275901794	59.8	
T	34.019996643	-118.275886536	59.8	
T	34.019989014	-118.275871277	59.9	
T	34.019985199	-118.275871277	59.9	
T	34.019985199	-118.275878906	59.8	
T	34.019981384	-118.275878906	59.8	
T	34.019981384	-118.275878906	59.8	
T	34.019973755	-118.275840759	59.9	
T	34.019958496	-118.275787354	59.9	
T	34.019935608	-118.275726318	59.9	
T	34.019916534	-118.275634766	60.0	
T	34.019878387	-118.275535583	60.0	
T	34.019828796	-118.275444031	60.1	
T	34.019783020	-118.275344849	60.2	
T	34.019741058	-118.275260925	60.3	
T	34.019706726	-118.275177002	60.4	
T	34.019676208	-118.275115967	60.5	
T	34.019657135	-118.275062561	60.5	
T	34.019638062	-118.275024414	60.5	
T	34.019615173	-118.274993896	60.6	
T	34.019580841	-118.274978638	60.6	
T	34.019542694	-118.274971008	60.6	
T	34.019500732	-118.274986267	60.5	
T	34.019454956	-118.275009155	60.5	
T	34.019405365	-118.275047302	60.5	
T	34.019348145	-118.275093079	60.4	
T	34.019279480	-118.275138855	60.4	
T	34.019199371	-118.275199890	60.3	
T	34.019111633	-118.275253296	60.2	
T	34.019020081	-118.275321960	60.1	
T	34.018917084	-118.275382996	60.0	
T	34.018817902	-118.275444031	60.0	
T	34.018714905	-118.275512695	59.9	
T	34.018608093	-118.275581360	59.8	
T	34.018501282	-118.275657654	59.7	
T	34.018386841	-118.275718689	59.6	
T	34.018272400	-118.275787354	59.5	
T	34.018150330	-118.275863647	59.5	
T	34.018028259	-118.275939941	59.4	
T	34.017898560	-118.276023865	59.3	
T	34.017768860	-118.276115417	59.2	
T	34.017642975	-118.276191711	59.1	
T	34.017520905	-118.276275635	59.0	
T	34.017402649	-118.276351929	58.9	
T	34.017284393	-118.276428223	58.8	
T	34.017177582	-118.276496887	58.7	
T	34.017074585	-118.276565552	58.7	
T	34.016983032	-118.276634216	58.7	
T	34.016895294	-118.276702881	58.7	
T	34.016815186	-118.276763916	58.7	
T	34.016738892	-118.276809692	58.7	
T	34.016670227	-118.276863098	58.7	
T	34.016613007	-118.276901245	58.7	
T	34.016555786	-118.276947021	58.7	
T	34.016506195	-118.276969910	58.7	
T	34.016468048	-118.277008057	58.7	
T	34.016422272	-118.277046204	58.7	
T	34.016391754	-118.277069092	58.7	
T	34.016357422	-118.277091980	58.6	
T	34.016326904	-118.277114868	58.6	
T	34.016307831	-118.277122498	58.6	
T	34.016288757	-118.277145386	58.6	
T	34.016273499	-118.277168274	58.6	
T	34.016262054	-118.277198792	58.6	
T	34.016262054	-118.277244568	58.6	
T	34.016273499	-118.277282715	58.6	
T	34.016284943	-118.277328491	58.6	
T	34.016307831	-118.277381897	58.6	
T	34.016338348	-118.277442932	58.6	
T	34.016372681	-118.277503967	58.6	
T	34.016395569	-118.277572632	58.7	
T	34.016422272	-118.277641296	58.7	
T	34.016452789	-118.277709961	58.7	
T	34.016487122	-118.277770996	58.7	
T	34.016521454	-118.277824402	58.8	
T	34.016555786	-118.277862549	58.8	
T	34.016582489	-118.277908325	58.8	
T	34.016605377	-118.277946472	58.8	
T	34.016628265	-118.277961731	58.8	
T	34.016647339	-118.277976990	58.8	
T	34.016658783	-118.277999878	58.8	
T	34.016666412	-118.277999878	58.8	
T	34.016670227	-118.277999878	58.8	
T	34.016670227	-118.278007507	58.8	
T	34.016677856	-118.278015137	58.8	
T	34.016681671	-118.278015137	58.8	
T	34.016685486	-118.278007507	58.8	
T	34.016689301	-118.278007507	58.8	
T	34.016689301	-118.278007507	58.8	
T	34.016689301	-118.278007507	58.8	
T	34.016685486	-118.278022766	58.8	
T	34.016681671	-118.278022766	58.8	
T	34.016681671	-118.278030396	58.8	
T	34.016677856	-118.278030396	58.8	
T	34.016674042	-118.278030396	58.8	
T	34.016674042	-118.278038025	58.8	
T	34.016677856	-118.278038025	58.8	
T	34.016674042	-118.278045654	58.8	
T	34.016677856	-118.278053284	58.8	
T	34.016674042	-118.278053284	58.8	
T	34.016674042	-118.278060913	58.9	
T	34.016670227	-118.278060913	58.9	
T	34.016670227	-118.278068542	58.9	
T	34.016670227	-118.278060913	58.9	
T	34.016670227	-118.278068542	58.9	
T	34.016674042	-118.278068542	58.9	
T	34.016674042	-118.278068542	58.9	
T	34.016674042	-118.278068542	58.9	
T	34.016731262	-118.277999878	58.8	
T	34.016738892	-118.277992249	58.8	
T	34.016742706	-118.277992249	58.8	
T	34.016746521	-118.277984619	58.8	
T	34.016746521	-118.277976990	58.8	
T	34.016750336	-118.277976990	58.8	
T	34.016754150	-118.277976990	58.8	
T	34.016757965	-118.277969360	58.8	
T	34.016750336	-118.277976990	58.8	
T	34.016746521	-118.277984619	58.8	
T	34.016750336	-118.277992249	58.8	
T	34.016746521	-118.277992249	58.8	
T	34.016750336	-118.277992249	58.8	
T	34.016750336	-118.277992249	58.8	
T	34.016735077	-118.277999878	58.8	
T	34.016731262	-118.277999878	58.8	
T	34.016727448	-118.277999878	58.8	
T	34.016719818	-118.277999878	58.8	
T	34.016719818	-118.277992249	58.8	
T	34.016712189	-118.277992249	58.8	
T	34.016708374	-118.277992249	58.8	
T	34.016708374	-118.277984619	58.8	
T	34.016704559	-118.277976990	58.8	
T	34.016700745	-118.277984619	58.8	
T	34.016696930	-118.277984619	58.8	
T	34.016693115	-118.277984619	58.8	
T	34.016693115	-118.277976990	58.8	
T	34.016696930	-118.277976990	58.8	
T	34.016700745	-118.277976990	58.8	
T	34.016704559	-118.277984619	58.8	
T	34.016708374	-118.277984619	58.8	
T	34.016704559	-118.277984619	58.8	
T	34.016708374	-118.277992249	58.8	
T	34.016708374	-118.277984619	58.8	
T	34.016704559	-118.277984619	58.8	
T	34.016696930	-118.277992249	58.8	
T	34.016693115	-118.277992249	58.8	
T	34.016696930	-118.277992249	58.8	
T	34.016700745	-118.277999878	58.8	
T	34.016712189	-118.277992249	58.8	
T	34.016719818	-118.277992249	58.8	
T	34.016727448	-118.277992249	58.8	
T	34.016731262	-118.277999878	58.8	
T	34.016735077	-118.277999878	58.8	
T	34.016738892	-118.277999878	58.8	
T	34.016742706	-118.278007507	58.8	
T	34.016746521	-118.278007507	58.8	
T	34.016746521	-118.278015137	58.8	
T	34.016750336	-118.278015137	58.8	
T	34.016754150	-118.278022766	58.8	
T	34.016757965	-118.278022766	58.8	
T	34.016757965	-118.278030396	58.8	
T	34.016761780	-118.278030396	58.8	
T	34.016769409	-118.278030396	58.8	
T	34.016773224	-118.278038025	58.8	
T	34.016777039	-118.278038025	58.8	
T	34.016780853	-118.278038025	58.8	
T	34.016784668	-118.278038025	58.8	
T	34.016784668	-118.278030396	58.8	
T	34.016788483	-118.278068542	58.8	
T	34.016788483	-118.278083801	58.8	
T	34.016788483	-118.278099060	58.8	
T	34.016796112	-118.278106689	58.8	
T	34.016796112	-118.278114319	58.8	
T	34.016799927	-118.278121948	58.9	
T	34.016796112	-118.278137207	58.9	
T	34.016788483	-118.278144836	58.9	
T	34.016784668	-118.278144836	58.9	
T	34.016784668	-118.278175354	58.9	
T	34.016788483	-118.278198242	58.9	
T	34.016792297	-118.278221130	58.9	
T	34.016792297	-118.278244019	59.0	
T	34.016792297	-118.278266907	59.0	
T	34.016780853	-118.278297424	59.0	
T	34.016761780	-118.278335571	59.1	
T	34.016735077	-118.278366089	59.1	
T	34.016696930	-118.278396606	59.1	
T	34.016651154	-118.278434753	59.2	
T	34.016590118	-118.278480530	59.2	
T	34.016521454	-118.278526306	59.3	
T	34.016437531	-118.278587341	59.5	
T	34.016342163	-118.278656006	59.6	
T	34.016239166	-118.278724670	59.8	
T	34.016132355	-118.278793335	59.9	
T	34.016025543	-118.278862000	60.0	
T	34.015914917	-118.278930664	60.0	
T	34.015808105	-118.278999329	60.1	
T	34.015708923	-118.279067993	60.2	
T	34.015609741	-118.279129028	60.2	
T	34.015514374	-118.279190063	60.2	
T	34.015422821	-118.279258728	60.3	
T	34.015331268	-118.279312134	60.3	
T	34.015235901	-118.279373169	60.2	
T	34.015136719	-118.279441833	60.2	
T	34.015037537	-118.279502869	60.2	
T	34.014938354	-118.279563904	60.1	
T	34.014839172	-118.279632568	60.0	
T	34.014743805	-118.279693604	59.9	
T	34.014648438	-118.279762268	59.7	
T	34.014549255	-118.279823303	59.5	
T	34.014450073	-118.279884338	59.2	
T	34.014354706	-118.279937744	58.9	
T	34.014259338	-118.279998779	58.5	
T	34.014171600	-118.280052185	57.9	
T	34.014087677	-118.280105591	57.2	
T	34.014011383	-118.280151367	56.7	
T	34.013938904	-118.280189514	56.5	
T	34.013877869	-118.280227661	56.2	
T	34.013828278	-118.280250549	56.0	
T	34.013782501	-118.280273438	55.8	
T	34.013740540	-118.280296326	55.6	
T	34.013710022	-118.280319214	55.6	
T	34.013683319	-118.280334473	55.6	
T	34.013660431	-118.280349731	55.6	
T	34.013641357	-118.280364990	55.6	
T	34.013629913	-118.280372620	55.6	
T	34.013622284	-118.280372620	55.6	
T	34.013618469	-118.280372620	55.6	
T	34.013614655	-118.280364990	55.6	
T	34.013610840	-118.280357361	55.6	
T	34.013618469	-118.280349731	55.6	
T	34.013629913	-118.280334473	55.6	
T	34.013629913	-118.280334473	55.6	
T	34.013633728	-118.280303955	55.6	
T	34.013618469	-118.280288696	55.6	
T	34.013599396	-118.280288696	55.6	
T	34.013572693	-118.280265808	55.6	
T	34.013542175	-118.280250549	55.6	
T	34.013515472	-118.280212402	55.7	
T	34.013488770	-118.280166626	55.7	
T	34.013462067	-118.280105591	55.8	
T	34.013431549	-118.280044556	55.9	
T	34.013404846	-118.279960632	56.0	
T	34.013370514	-118.279869080	56.2	
T	34.013324738	-118.279747009	56.3	
T	34.013282776	-118.279632568	56.4	
T	34.013248444	-118.279533386	56.3	
T	34.013206482	-118.279441833	56.1	
T	34.013168335	-118.279357910	55.9	
T	34.013137817	-118.279289246	55.8	
T	34.013103485	-118.279235840	55.7	
T	34.013080597	-118.279197693	55.7	
T	34.013065338	-118.279167175	55.7	
T	34.013061523	-118.279159546	55.7	
T	34.013053894	-118.279151917	55.7	
T	34.013046265	-118.279144287	55.7	
T	34.013034821	-118.279121399	55.7	
T	34.013019562	-118.279098511	55.7	
T	34.012996674	-118.279075623	55.7	
T	34.012962341	-118.279067993	55.7	
T	34.012928009	-118.279067993	55.7	
T	34.012889862	-118.279075623	55.7	
T	34.012836456	-118.279098511	55.7	
T	34.012779236	-118.279121399	55.7	
T	34.012710571	-118.279159546	55.7	
T	34.012641907	-118.279212952	55.6	
T	34.012569427	-118.279266357	55.6	
T	34.012493134	-118.279319763	55.7	
T	34.012416840	-118.279373169	55.7	
T	34.012336731	-118.279434204	55.7	
T	34.012248993	-118.279495239	55.6	
T	34.012161255	-118.279563904	55.6	
T	34.012077332	-118.279632568	55.6	
T	34.012001038	-118.279701233	55.5	
T	34.011928558	-118.279754639	55.5	
T	34.011859894	-118.279815674	55.4	
T	34.011798859	-118.279876709	55.4	
T	34.011760712	-118.279953003	55.4	
T	34.011722565	-118.280021667	55.4	
T	34.011665344	-118.280059814	55.3	
T	34.011615753	-118.280059814	55.3	
T	34.011566162	-118.280059814	55.3	
T	34.011528015	-118.280052185	55.2	
T	34.011493683	-118.280044556	55.2	
T	34.011466980	-118.280036926	55.2	
T	34.011447906	-118.280029297	55.2	
T	34.011425018	-118.280029297	55.2	
T	34.011398315	-118.280029297	55.2	
T	34.011375427	-118.280021667	55.2	
T	34.011352539	-118.280014038	55.2	
T	34.011318207	-118.279998779	55.2	
T	34.011280060	-118.279998779	55.2	
T	34.011238098	-118.279983521	55.2	
T	34.011196136	-118.279960632	55.2	
T	34.011150360	-118.279930115	55.1	
T	34.011116028	-118.279884338	55.1	
T	34.011081696	-118.279830933	55.1	
T	34.011062622	-118.279762268	55.1	
T	34.011058807	-118.279685974	55.1	
T	34.011054993	-118.279602051	55.1	
T	34.011047363	-118.279518127	55.1	
T	34.011039734	-118.279426575	55.1	
T	34.011039734	-118.279342651	55.1	
T	34.011039734	-118.279273987	55.1	
T	34.011039734	-118.279212952	55.1	
T	34.011039734	-118.279159546	55.2	
T	34.011039734	-118.279121399	55.2	
T	34.011039734	-118.279083252	55.2	
T	34.011043549	-118.279090881	55.2	
T	34.011047363	-118.279090881	55.2	
T	34.011051178	-118.279083252	55.2	
T	34.011047363	-118.279083252	55.2	
T	34.011043549	-118.279075623	55.2	
T	34.011043549	-118.279075623	55.2	
T	34.011035919	-118.279067993	55.2	
T	34.011035919	-118.279060364	55.2	
T	34.011032104	-118.279060364	55.2	
T	34.011028290	-118.279052734	55.2	
T	34.011028290	-118.279037476	55.2	
T	34.011024475	-118.279006958	55.2	
T	34.011020660	-118.278991699	55.2	
T	34.011016846	-118.278953552	55.2	
T	34.011013031	-118.278907776	55.2	
T	34.011013031	-118.278831482	55.2	
T	34.011013031	-118.278762817	55.1	
T	34.011013031	-118.278686523	55.2	
T	34.011016846	-118.278602600	55.2	
T	34.011020660	-118.278533936	55.3	
T	34.011028290	-118.278465271	55.3	
T	34.011028290	-118.278396606	55.3	
T	34.011028290	-118.278327942	55.4	
T	34.011028290	-118.278244019	55.4	
T	34.011028290	-118.278160095	55.4	
T	34.011028290	-118.278076172	55.4	
T	34.011028290	-118.277984619	55.4	
T	34.011032104	-118.277893066	55.4	
T	34.011035919	-118.277801514	55.4	
T	34.011039734	-118.277694702	55.4	
T	34.011043549	-118.277595520	55.4	
T	34.011043549	-118.277496338	55.4	
T	34.011047363	-118.277397156	55.4	
T	34.011047363	-118.277290344	55.5	
T	34.011043549	-118.277183533	55.5	
T	34.011043549	-118.277069092	55.6	
T	34.011043549	-118.276954651	55.6	
T	34.011043549	-118.276840210	55.6	
T	34.011043549	-118.276718140	55.6	
T	34.011043549	-118.276596069	55.6	
T	34.011043549	-118.276473999	55.6	
T	34.011047363	-118.276351929	55.7	
T	34.011054993	-118.276229858	55.7	
T	34.011054993	-118.276100159	55.8	
T	34.011054993	-118.275978088	55.9	
T	34.011058807	-118.275848389	56.0	
T	34.011062622	-118.275726318	56.0	
T	34.011062622	-118.275611877	56.1	
T	34.011058807	-118.275489807	56.2	
T	34.011058807	-118.275382996	56.3	
T	34.011058807	-118.275283813	56.3	
T	34.011054993	-118.275192261	56.3	
T	34.011054993	-118.275131226	56.4	
T	34.011054993	-118.275077820	56.4	
T	34.011054993	-118.275024414	56.4	
T	34.011054993	-118.274978638	56.5	
T	34.011058807	-118.274940491	56.5	
T	34.011066437	-118.274894714	56.5	
T	34.011070251	-118.274864197	56.5	
T	34.011074066	-118.274841309	56.5	
T	34.011074066	-118.274826050	56.6	
T	34.011077881	-118.274810791	56.6	
T	34.011081696	-118.274795532	56.6	
T	34.011081696	-118.274787903	56.6	
T	34.011081696	-118.274772644	56.6	
T	34.011081696	-118.274765015	56.6	
T	34.011085510	-118.274749756	56.6	
T	34.011085510	-118.274742126	56.6	
T	34.011081696	-118.274734497	56.6	
T	34.011081696	-118.274719238	56.6	
T	34.011077881	-118.274711609	56.6	
T	34.011074066	-118.274696350	56.6	
T	34.011070251	-118.274673462	56.6	
T	34.011066437	-118.274635315	56.6	
T	34.011066437	-118.274597168	56.7	
T	34.011062622	-118.274543762	56.7	
T	34.011054993	-118.274490356	56.7	
T	34.011051178	-118.274429321	56.7	
T	34.011047363	-118.274368286	56.7	
T	34.011043549	-118.274322510	56.7	
T	34.011043549	-118.274284363	56.7	
T	34.011043549	-118.274253845	56.7	
T	34.011043549	-118.274238586	56.8	
T	34.011035919	-118.274238586	56.8	
T	34.011028290	-118.274238586	56.7	
T	34.011016846	-118.274238586	56.7	
T	34.011016846	-118.274238586	56.7	
T	34.011016846	-118.274238586	56.7	
T	34.011005402	-118.274154663	56.8	
T	34.011009216	-118.274108887	56.8	
T	34.011016846	-118.274040222	56.8	
T	34.011028290	-118.273971558	56.9	
T	34.011039734	-118.273910522	56.9	
T	34.011043549	-118.273864746	56.9	
T	34.011054993	-118.273818970	56.9	
T	34.011058807	-118.273765564	56.9	
T	34.011062622	-118.273704529	57.0	
T	34.011058807	-118.273643494	57.0	
T	34.011058807	-118.273567200	57.0	
T	34.011058807	-118.273490906	57.1	
T	34.011062622	-118.273414612	57.1	
T	34.011058807	-118.273330688	57.1	
T	34.011062622	-118.273239136	57.1	
T	34.011066437	-118.273155212	57.2	
T	34.011070251	-118.273078918	57.2	
T	34.011070251	-118.273002625	57.3	
T	34.011074066	-118.272926331	57.3	
T	34.011074066	-118.272850037	57.3	
T	34.011074066	-118.272773743	57.3	
T	34.011074066	-118.272697449	57.3	
T	34.011074066	-118.272613525	57.3	
T	34.011077881	-118.272529602	57.4	
T	34.011077881	-118.272438049	57.4	
T	34.011077881	-118.272346497	57.4	
T	34.011081696	-118.272247314	57.5	
T	34.011081696	-118.272140503	57.5	
T	34.011081696	-118.272041321	57.6	
T	34.011081696	-118.271942139	57.6	
T	34.011081696	-118.271858215	57.6	
T	34.011081696	-118.271774292	57.7	
T	34.011081696	-118.271697998	57.7	
T	34.011077881	-118.271629333	57.7	
T	34.011077881	-118.271568298	57.8	
T	34.011074066	-118.271522522	57.8	
T	34.011074066	-118.271484375	57.8	
T	34.011074066	-118.271469116	57.8	
T	34.011074066	-118.271446228	57.8	
T	34.011074066	-118.271408081	57.8	
T	34.011077881	-118.271362305	57.9	
T	34.011077881	-118.271308899	57.9	
T	34.011074066	-118.271247864	57.9	
T	34.011074066	-118.271179199	57.9	
T	34.011077881	-118.271110535	58.0	
T	34.011081696	-118.271026611	58.0	
T	34.011081696	-118.270942688	58.1	
T	34.011081696	-118.270858765	58.1	
T	34.011085510	-118.270767212	58.2	
T	34.011085510	-118.270683289	58.2	
T	34.011085510	-118.270591736	58.3	
T	34.011085510	-118.270500183	58.3	
T	34.011085510	-118.270401001	58.4	
T	34.011085510	-118.270294189	58.4	
T	34.011085510	-118.270195007	58.5	
T	34.011085510	-118.270088196	58.6	
T	34.011085510	-118.269981384	58.6	
T	34.011085510	-118.269874573	58.6	
T	34.011089325	-118.269775391	58.7	
T	34.011089325	-118.269683838	58.7	
T	34.011093140	-118.269592285	58.8	
T	34.011093140	-118.269493103	58.8	
T	34.011093140	-118.269393921	58.8	
T	34.011093140	-118.269294739	58.8	
T	34.011096954	-118.269187927	58.9	
T	34.011100769	-118.269081116	58.9	
T	34.011104584	-118.268974304	59.0	
T	34.011108398	-118.268859863	59.0	
T	34.011116028	-118.268745422	59.0	
T	34.011116028	-118.268630981	59.0	
T	34.011116028	-118.268524170	59.1	
T	34.011116028	-118.268424988	59.1	
T	34.011112213	-118.268310547	59.2	
T	34.011108398	-118.268196106	59.2	
T	34.011104584	-118.268074036	59.2	
T	34.011104584	-118.267951965	59.3	
T	34.011100769	-118.267829895	59.3	
T	34.011093140	-118.267700195	59.3	
T	34.011089325	-118.267570496	59.4	
T	34.011081696	-118.267448425	59.4	
T	34.011070251	-118.267326355	59.4	
T	34.011062622	-118.267211914	59.4	
T	34.011047363	-118.267089844	59.4	
T	34.011043549	-118.266983032	59.4	
T	34.011035919	-118.266891479	59.4	
T	34.011028290	-118.266799927	59.4	
T	34.011024475	-118.266716003	59.5	
T	34.011016846	-118.266647339	59.5	
T	34.011005402	-118.266578674	59.5	
T	34.011001587	-118.266525269	59.5	
T	34.010997772	-118.266479492	59.5	
T	34.010993958	-118.266441345	59.5	
T	34.010990143	-118.266410828	59.6	
T	34.010990143	-118.266387939	59.6	
T	34.010986328	-118.266365051	59.6	
T	34.010990143	-118.266349792	59.6	
T	34.010990143	-118.266342163	59.6	
T	34.010993958	-118.266342163	59.6	
T	34.010993958	-118.266349792	59.6	
T	34.010993958	-118.266342163	59.6	
T	34.010997772	-118.266349792	59.6	
T	34.011001587	-118.266349792	59.6	
T	34.011005402	-118.266357422	59.6	
T	34.011009216	-118.266357422	59.6	
T	34.011013031	-118.266357422	59.6	
T	34.011016846	-118.266357422	59.6	
T	34.011020660	-118.266342163	59.6	
T	34.011024475	-118.266326904	59.6	
T	34.011035919	-118.266296387	59.6	
T	34.011032104	-118.266265869	59.6	
T	34.011032104	-118.266220093	59.6	
T	34.011032104	-118.266166687	59.6	
T	34.011032104	-118.266098022	59.6	
T	34.011032104	-118.266029358	59.6	
T	34.011028290	-118.265960693	59.6	
T	34.011028290	-118.265884399	59.7	
T	34.011028290	-118.265800476	59.7	
T	34.011028290	-118.265716553	59.7	
T	34.011028290	-118.265625000	59.7	
T	34.011032104	-118.265541077	59.7	
T	34.011035919	-118.265449524	59.7	
T	34.011035919	-118.265357971	59.8	
T	34.011035919	-118.265274048	59.8	
T	34.011032104	-118.265174866	59.8	
T	34.011032104	-118.265060425	59.8	
T	34.011035919	-118.264953613	59.8	
T	34.011039734	-118.264839172	59.9	
T	34.011039734	-118.264717102	59.9	
T	34.011035919	-118.264602661	59.9	
T	34.011035919	-118.264488220	59.9	
T	34.011035919	-118.264373779	59.9	
T	34.011035919	-118.264251709	60.0	
T	34.011035919	-118.264122009	60.0	
T	34.011039734	-118.263999939	60.1	
T	34.011043549	-118.263870239	60.1	
T	34.011043549	-118.263732910	60.1	
T	34.011039734	-118.263595581	60.1	
T	34.011035919	-118.263465881	60.1	
T	34.011032104	-118.263336182	60.2	
T	34.011028290	-118.263198853	60.2	
T	34.011024475	-118.263069153	60.2	
T	34.011020660	-118.262939453	60.2	
T	34.011016846	-118.262802124	60.3	
T	34.011016846	-118.262672424	60.3	
T	34.011013031	-118.262542725	60.3	
T	34.011005402	-118.262413025	60.4	
T	34.011001587	-118.262290955	60.4	
T	34.010990143	-118.262168884	60.4	
T	34.010982513	-118.262046814	60.4	
T	34.010974884	-118.261932373	60.5	
T	34.010967255	-118.261825562	60.5	
T	34.010959625	-118.261734009	60.5	
T	34.010948181	-118.261650085	60.5	
T	34.010936737	-118.261581421	60.5	
T	34.010925293	-118.261520386	60.5	
T	34.010913849	-118.261466980	60.5	
T	34.010902405	-118.261413574	60.5	
T	34.010894775	-118.261367798	60.5	
T	34.010894775	-118.261329651	60.5	
T	34.010894775	-118.261299133	60.5	
T	34.010894775	-118.261276245	60.5	
T	34.010894775	-118.261253357	60.5	
T	34.010898590	-118.261230469	60.5	
T	34.010898590	-118.261215210	60.5	
T	34.010902405	-118.261199951	60.6	
T	34.010906219	-118.261192322	60.6	
T	34.010902405	-118.261192322	60.6	
T	34.010906219	-118.261192322	60.6	
T	34.010910034	-118.261192322	60.6	
T	34.010906219	-118.261199951	60.6	
T	34.010902405	-118.261199951	60.6	
T	34.010906219	-118.261199951	60.6	
T	34.010910034	-118.261199951	60.6	
T	34.010917664	-118.261177063	60.6	
T	34.010917664	-118.261146545	60.6	
T	34.010917664	-118.261108398	60.6	
T	34.010917664	-118.261054993	60.6	
T	34.010921478	-118.260986328	60.6	
T	34.010917664	-118.260917664	60.6	
T	34.010917664	-118.260841370	60.6	
T	34.010906219	-118.260757446	60.7	
T	34.010902405	-118.260665894	60.7	
T	34.010898590	-118.260574341	60.7	
T	34.010898590	-118.260482788	60.7	
T	34.010902405	-118.260383606	60.7	
T	34.010906219	-118.260276794	60.7	
T	34.010910034	-118.260177612	60.8	
T	34.010910034	-118.260063171	60.8	
T	34.010910034	-118.259948730	60.8	
T	34.010913849	-118.259834290	60.9	
T	34.010913849	-118.259719849	60.9	
T	34.010913849	-118.259597778	60.9	
T	34.010913849	-118.259483337	60.9	
T	34.010910034	-118.259353638	61.0	
T	34.010910034	-118.259231567	61.0	
T	34.010906219	-118.259101868	61.0	
T	34.010902405	-118.258979797	61.0	
T	34.010902405	-118.258850098	61.0	
T	34.010898590	-118.258720398	61.1	
T	34.010898590	-118.258590698	61.1	
T	34.010902405	-118.258468628	61.2	
T	34.010898590	-118.258331299	61.2	
T	34.010902405	-118.258216858	61.2	
T	34.010902405	-118.258102417	61.3	
T	34.010902405	-118.257995605	61.3	
T	34.010906219	-118.257888794	61.3	
T	34.010910034	-118.257789612	61.3	
T	34.010910034	-118.257690430	61.4	
T	34.010910034	-118.257598877	61.4	
T	34.010910034	-118.257514954	61.4	
T	34.010906219	-118.257446289	61.4	
T	34.010902405	-118.257392883	61.4	
T	34.010898590	-118.257331848	61.5	
T	34.010898590	-118.257263184	61.5	
T	34.010894775	-118.257186890	61.5	
T	34.010890961	-118.257102966	61.5	
T	34.010890961	-118.257019043	61.5	
T	34.010887146	-118.256927490	61.5	
T	34.010883331	-118.256843567	61.6	
T	34.010883331	-118.256759644	61.6	
T	34.010883331	-118.256698608	61.6	
T	34.010883331	-118.256645203	61.6	
T	34.010883331	-118.256607056	61.6	
T	34.010898590	-118.256561279	61.6	
T	34.010921478	-118.256523132	61.7	
T	34.010959625	-118.256492615	61.7	
T	34.010997772	-118.256462097	61.7	
T	34.011047363	-118.256454468	61.7	
T	34.011104584	-118.256446838	61.8	
T	34.011161804	-118.256454468	61.8	
T	34.011219025	-118.256462097	61.8	
T	34.011283875	-118.256469727	61.8	
T	34.011348724	-118.256477356	61.9	
T	34.011413574	-118.256477356	61.9	
T	34.011474609	-118.256484985	62.0	
T	34.011531830	-118.256484985	62.0	
T	34.011573792	-118.256500244	62.0	
T	34.011615753	-118.256500244	62.1	
T	34.011650085	-118.256492615	62.1	
T	34.011676788	-118.256484985	62.1	
T	34.011695862	-118.256477356	62.1	
T	34.011703491	-118.256469727	62.1	
T	34.011688232	-118.256469727	62.1	
T	34.011703491	-118.256477356	62.1	
T	34.011714935	-118.256492615	62.1	
T	34.011707306	-118.256492615	62.1	
T	34.011707306	-118.256500244	62.1	
T	34.011711121	-118.256500244	62.1	
T	34.011718750	-118.256492615	62.1	
T	34.011734009	-118.256500244	62.2	
T	34.011760712	-118.256500244	62.2	
T	34.011798859	-118.256500244	62.2	
T	34.011844635	-118.256507874	62.2	
T	34.011890411	-118.256515503	62.3	
T	34.011947632	-118.256523132	62.3	
T	34.012012482	-118.256523132	62.4	
T	34.012081146	-118.256530762	62.4	
T	34.012149811	-118.256538391	62.4	
T	34.012222290	-118.256546021	62.5	
T	34.012298584	-118.256553650	62.5	
T	34.012390137	-118.256553650	62.6	
T	34.012470245	-118.256561279	62.7	
T	34.012554169	-118.256561279	62.7	
T	34.012634277	-118.256561279	62.8	
T	34.012714386	-118.256561279	62.8	
T	34.012790680	-118.256553650	62.9	
T	34.012863159	-118.256553650	63.0	
T	34.012931824	-118.256553650	63.0	
T	34.012996674	-118.256553650	63.0	
T	34.013050079	-118.256546021	63.1	
T	34.013095856	-118.256546021	63.1	
T	34.013130188	-118.256538391	63.1	
T	34.013164520	-118.256530762	63.2	
T	34.013187408	-118.256530762	63.2	
T	34.013210297	-118.256523132	63.2	
T	34.013225555	-118.256523132	63.2	
T	34.013240814	-118.256530762	63.2	
T	34.013259888	-118.256530762	63.3	
T	34.013275146	-118.256538391	63.3	
T	34.013282776	-118.256546021	63.3	
T	34.013290405	-118.256553650	63.3	
T	34.013294220	-118.256561279	63.3	
T	34.013301849	-118.256568909	63.3	
T	34.013313293	-118.256568909	63.3	
T	34.013336182	-118.256576538	63.3	
T	34.013366699	-118.256576538	63.4	
T	34.013397217	-118.256584167	63.4	
T	34.013439178	-118.256584167	63.4	
T	34.013488770	-118.256584167	63.5	
T	34.013542175	-118.256591797	63.5	
T	34.013591766	-118.256599426	63.6	
T	34.013645172	-118.256607056	63.6	
T	34.013698578	-118.256607056	63.6	
T	34.013755798	-118.256614685	63.7	
T	34.013816833	-118.256614685	63.7	
T	34.013877869	-118.256614685	63.8	
T	34.013946533	-118.256622314	63.9	
T	34.014015198	-118.256622314	63.9	
T	34.014091492	-118.256622314	64.0	
T	34.014175415	-118.256614685	64.1	
T	34.014251709	-118.256614685	64.1	
T	34.014331818	-118.256607056	64.2	
T	34.014423370	-118.256599426	64.3	
T	34.014511108	-118.256591797	64.3	
T	34.014583588	-118.256599426	64.4	
T	34.014648438	-118.256599426	64.4	
T	34.014713287	-118.256599426	64.5	
T	34.014778137	-118.256591797	64.5	
T	34.014839172	-118.256584167	64.6	
T	34.014900208	-118.256576538	64.6	
T	34.014965057	-118.256553650	64.7	
T	34.015033722	-118.256523132	64.7	
T	34.015098572	-118.256484985	64.8	
T	34.015171051	-118.256454468	64.8	
T	34.015243530	-118.256423950	64.8	
T	34.015312195	-118.256385803	64.9	
T	34.015388489	-118.256347656	64.9	
T	34.015468597	-118.256309509	64.9	
T	34.015548706	-118.256278992	64.9	
T	34.015636444	-118.256248474	65.0	
T	34.015720367	-118.256210327	65.0	
T	34.015800476	-118.256172180	65.1	
T	34.015884399	-118.256141663	65.1	
T	34.015960693	-118.256111145	65.1	
T	34.016029358	-118.256088257	65.2	
T	34.016090393	-118.256065369	65.2	
T	34.016147614	-118.256050110	65.2	
T	34.016201019	-118.256027222	65.2	
T	34.016246796	-118.256011963	65.3	
T	34.016288757	-118.255989075	65.3	
T	34.016334534	-118.255973816	65.3	
T	34.016372681	-118.255950928	65.3	
T	34.016418457	-118.255928040	65.3	
T	34.016479492	-118.255912781	65.3	
T	34.016529083	-118.255889893	65.3	
T	34.016586304	-118.255859375	65.3	
T	34.016651154	-118.255828857	65.4	
T	34.016716003	-118.255798340	65.4	
T	34.016788483	-118.255775452	65.4	
T	34.016853333	-118.255744934	65.5	
T	34.016921997	-118.255714417	65.4	
T	34.016990662	-118.255691528	65.4	
T	34.017059326	-118.255661011	65.4	
T	34.017135620	-118.255630493	65.4	
T	34.017219543	-118.255599976	65.4	
T	34.017295837	-118.255561829	65.4	
T	34.017372131	-118.255531311	65.5	
T	34.017452240	-118.255493164	65.4	
T	34.017536163	-118.255462646	65.4	
T	34.017620087	-118.255432129	65.4	
T	34.017700195	-118.255393982	65.4	
T	34.017776489	-118.255363464	65.4	
T	34.017845154	-118.255325317	65.5	
T	34.017906189	-118.255302429	65.5	
T	34.017959595	-118.255279541	65.5	
T	34.018005371	-118.255264282	65.5	
T	34.018043518	-118.255256653	65.5	
T	34.018074036	-118.255241394	65.5	
T	34.018108368	-118.255233765	65.5	
T	34.018138885	-118.255218506	65.5	
T	34.018173218	-118.255203247	65.5	
T	34.018203735	-118.255195618	65.5	
T	34.018249512	-118.255180359	65.5	
T	34.018280029	-118.255172729	65.5	
T	34.018306732	-118.255165100	65.5	
T	34.018318176	-118.255165100	65.5	
T	34.018325806	-118.255157471	65.5	
T	34.018321991	-118.255157471	65.5	
T	34.018318176	-118.255157471	65.5	
T	34.018310547	-118.255149841	65.5	
T	34.018283844	-118.255149841	65.5	
T	34.018276215	-118.255142212	65.5	
T	34.018280029	-118.255134583	65.5	
T	34.018295288	-118.255126953	65.5	
T	34.018306732	-118.255111694	65.5	
T	34.018318176	-118.255104065	65.5	
T	34.018329620	-118.255096436	65.5	
T	34.018333435	-118.255088806	65.5	
T	34.018329620	-118.255088806	65.5	
T	34.018333435	-118.255088806	65.5	
T	34.018344879	-118.255088806	65.5	
T	34.018356323	-118.255088806	65.5	
T	34.018360138	-118.255088806	65.5	
T	34.018390656	-118.255088806	65.5	
T	34.018409729	-118.255081177	65.5	
T	34.018421173	-118.255073547	65.5	
T	34.018436432	-118.255073547	65.5	
T	34.018440247	-118.255065918	65.6	
T	34.018489838	-118.255065918	65.6	
T	34.018512726	-118.255073547	65.6	
T	34.018543243	-118.255096436	65.6	
T	34.018569946	-118.255126953	65.6	
T	34.018604279	-118.255165100	65.6	
T	34.018623352	-118.255203247	65.5	
T	34.018661499	-118.255249023	65.5	
T	34.018714905	-118.255287170	65.5	
T	34.018737793	-118.255340576	65.5	
T	34.018764496	-118.255393982	65.4	
T	34.018836975	-118.255447388	65.4	
T	34.018905640	-118.255508423	65.4	
T	34.018951416	-118.255584717	65.4	
T	34.019004822	-118.255668640	65.4	
T	34.019054413	-118.255752563	65.4	
T	34.019096375	-118.255836487	65.3	
T	34.019142151	-118.255928040	65.3	
T	34.019191742	-118.256019592	65.3	
T	34.019245148	-118.256111145	65.3	
T	34.019290924	-118.256202698	65.2	
T	34.019340515	-118.256301880	65.2	
T	34.019390106	-118.256393433	65.3	
T	34.019443512	-118.256492615	65.3	
T	34.019489288	-118.256584167	65.3	
T	34.019535065	-118.256675720	65.3	
T	34.019573212	-118.256759644	65.3	
T	34.019611359	-118.256835938	65.3	
T	34.019649506	-118.256919861	65.3	
T	34.019683838	-118.256996155	65.3	
T	34.019714355	-118.257072449	65.3	
T	34.019752502	-118.257141113	65.3	
T	34.019786835	-118.257202148	65.3	
T	34.019821167	-118.257270813	65.3	
T	34.019851685	-118.257324219	65.3	
T	34.019874573	-118.257369995	65.3	
T	34.019889832	-118.257408142	65.3	
T	34.019897461	-118.257431030	65.3	
T	34.019897461	-118.257446289	65.3	
T	34.019901276	-118.257453918	65.3	
T	34.019908905	-118.257461548	65.3	
T	34.019920349	-118.257461548	65.3	
T	34.019931793	-118.257461548	65.3	
T	34.019958496	-118.257453918	65.4	
T	34.019977570	-118.257446289	65.4	
T	34.020000458	-118.257438660	65.4	
T	34.020023346	-118.257423401	65.4	
T	34.020034790	-118.257408142	65.4	
T	34.020053864	-118.257392883	65.4	
T	34.020080566	-118.257377625	65.5	
T	34.020114899	-118.257354736	65.5	
T	34.020156860	-118.257331848	65.5	
T	34.020206451	-118.257301331	65.6	
T	34.020256042	-118.257270813	65.6	
T	34.020309448	-118.257240295	65.7	
T	34.020362854	-118.257202148	65.7	
T	34.020420074	-118.257171631	65.8	
T	34.020477295	-118.257141113	65.8	
T	34.020530701	-118.257102966	65.9	
T	34.020576477	-118.257080078	66.0	
T	34.020606995	-118.257057190	66.0	
T	34.020629883	-118.257049561	66.0	
T	34.020645142	-118.257049561	66.0	
T	34.020656586	-118.257049561	66.1	
T	34.020675659	-118.257034302	66.1	
T	34.020702362	-118.257019043	66.1	
T	34.020736694	-118.257003784	66.1	
T	34.020771027	-118.256980896	66.2	
T	34.020805359	-118.256950378	66.2	
T	34.020851135	-118.256912231	66.2	
T	34.020896912	-118.256874084	66.3	
T	34.020954132	-118.256835938	66.4	
T	34.021011353	-118.256790161	66.4	
T	34.021064758	-118.256744385	66.5	
T	34.021114349	-118.256698608	66.6	
T	34.021152496	-118.256660461	66.6	
T	34.021194458	-118.256629944	66.7	
T	34.021228790	-118.256607056	66.7	
T	34.021259308	-118.256584167	66.8	
T	34.021289825	-118.256568909	66.8	
T	34.021305084	-118.256553650	66.8	
T	34.021308899	-118.256546021	66.8	
T	34.021324158	-118.256530762	66.8	
T	34.021347046	-118.256515503	66.8	
T	34.021381378	-118.256492615	66.9	
T	34.021423340	-118.256469727	66.9	
T	34.021476746	-118.256439209	66.9	
T	34.021556854	-118.256393433	67.0	
T	34.021625519	-118.256355286	67.0	
T	34.021690369	-118.256317139	67.0	
T	34.021755219	-118.256278992	67.1	
T	34.021812439	-118.256240845	67.1	
T	34.021862030	-118.256202698	67.1	
T	34.021915436	-118.256179810	67.2	
T	34.021965027	-118.256149292	67.2	
T	34.021999359	-118.256126404	67.2	
T	34.022037506	-118.256103516	67.2	
T	34.022079468	-118.256072998	67.3	
T	34.022136688	-118.256034851	67.3	
T	34.022201538	-118.255989075	67.3	
T	34.022277832	-118.255943298	67.4	
T	34.022354126	-118.255897522	67.4	
T	34.022441864	-118.255844116	67.5	
T	34.022541046	-118.255783081	67.5	
T	34.022628784	-118.255729675	67.6	
T	34.022716522	-118.255676270	67.6	
T	34.022800446	-118.255615234	67.7	
T	34.022888184	-118.255561829	67.7	
T	34.022979736	-118.255500793	67.8	
T	34.023067474	-118.255439758	67.8	
T	34.023155212	-118.255386353	67.9	
T	34.023235321	-118.255325317	67.9	
T	34.023323059	-118.255279541	68.0	
T	34.023403168	-118.255226135	68.0	
T	34.023487091	-118.255172729	68.1	
T	34.023571014	-118.255126953	68.1	
T	34.023651123	-118.255081177	68.2	
T	34.023723602	-118.255035400	68.2	
T	34.023777008	-118.254997253	68.3	
T	34.023838043	-118.254974365	68.3	
T	34.023876190	-118.254951477	68.3	
T	34.023906708	-118.254920959	68.3	
T	34.023933411	-118.254905701	68.3	
T	34.023956299	-118.254890442	68.4	
T	34.023967743	-118.254882812	68.4	
T	34.023979187	-118.254875183	68.4	
T	34.023998260	-118.254882812	68.4	
T	34.024009705	-118.254882812	68.4	
T	34.024024963	-118.254875183	68.4	
T	34.024055481	-118.254859924	68.4	
T	34.024097443	-118.254844666	68.4	
T	34.024147034	-118.254821777	68.5	
T	34.024204254	-118.254783630	68.5	
T	34.024265289	-118.254745483	68.5	
T	34.024330139	-118.254699707	68.5	
T	34.024394989	-118.254653931	68.5	
T	34.024459839	-118.254608154	68.6	
T	34.024528503	-118.254562378	68.6	
T	34.024597168	-118.254516602	68.6	
T	34.024673462	-118.254463196	68.7	
T	34.024734497	-118.254402161	68.7	
T	34.024799347	-118.254364014	68.8	
T	34.024864197	-118.254318237	68.8	
T	34.024929047	-118.254280090	68.8	
T	34.024993896	-118.254241943	68.9	
T	34.025062561	-118.254203796	68.9	
T	34.025123596	-118.254165649	68.9	
T	34.025180817	-118.254127502	69.0	
T	34.025230408	-118.254096985	69.0	
T	34.025276184	-118.254066467	69.0	
T	34.025318146	-118.254058838	69.0	
T	34.025363922	-118.254051208	69.1	
T	34.025405884	-118.254043579	69.1	
T	34.025466919	-118.254020691	69.1	
T	34.025508881	-118.253974915	69.2	
T	34.025547028	-118.253944397	69.2	
T	34.025569916	-118.253890991	69.2	
T	34.025592804	-118.253860474	69.2	
T	34.025611877	-118.253837585	69.2	
T	34.025627136	-118.253829956	69.2	
T	34.025634766	-118.253814697	69.3	
T	34.025638580	-118.253814697	69.3	
T	34.025642395	-118.253814697	69.3	
T	34.025638580	-118.253814697	69.3	
T	34.025638580	-118.253807068	69.3	
T	34.025634766	-118.253799438	69.3	
T	34.025630951	-118.253799438	69.3	
T	34.025642395	-118.253784180	69.3	
T	34.025650024	-118.253761292	69.3	
T	34.025665283	-118.253746033	69.3	
T	34.025688171	-118.253730774	69.3	
T	34.025714874	-118.253753662	69.3	
T	34.025737762	-118.253768921	69.3	
T	34.025768280	-118.253791809	69.3	
T	34.025798798	-118.253822327	69.3	
T	34.025848389	-118.253852844	69.3	
T	34.025878906	-118.253883362	69.3	
T	34.025955200	-118.253929138	69.3	
T	34.025981903	-118.253982544	69.3	
T	34.026020050	-118.254035950	69.3	
T	34.026046753	-118.254096985	69.3	
T	34.026069641	-118.254173279	69.3	
T	34.026111603	-118.254257202	69.3	
T	34.026161194	-118.254333496	69.3	
T	34.026214600	-118.254417419	69.2	
T	34.026268005	-118.254501343	69.2	
T	34.026321411	-118.254592896	69.2	
T	34.026378632	-118.254692078	69.2	
T	34.026443481	-118.254791260	69.2	
T	34.026504517	-118.254890442	69.2	
T	34.026565552	-118.254989624	69.2	
T	34.026626587	-118.255096436	69.2	
T	34.026679993	-118.255203247	69.1	
T	34.026733398	-118.255325317	69.1	
T	34.026790619	-118.255432129	69.1	
T	34.026847839	-118.255538940	69.1	
T	34.026905060	-118.255638123	69.1	
T	34.026954651	-118.255752563	69.0	
T	34.026996613	-118.255851746	69.0	
T	34.027038574	-118.255943298	69.0	
T	34.027080536	-118.256034851	69.0	
T	34.027118683	-118.256118774	69.0	
T	34.027160645	-118.256195068	68.9	
T	34.027194977	-118.256271362	68.9	
T	34.027225494	-118.256332397	69.0	
T	34.027256012	-118.256385803	69.0	
T	34.027275085	-118.256423950	69.0	
T	34.027301788	-118.256462097	69.0	
T	34.027317047	-118.256500244	69.0	
T	34.027309418	-118.256538391	69.0	
T	34.027317047	-118.256561279	69.0	
T	34.027328491	-118.256576538	69.0	
T	34.027328491	-118.256591797	69.0	
T	34.027336121	-118.256607056	69.0	
T	34.027347565	-118.256629944	69.0	
T	34.027359009	-118.256668091	68.9	
T	34.027381897	-118.256706238	68.9	
T	34.027412415	-118.256752014	68.9	
T	34.027446747	-118.256805420	68.9	
T	34.027473450	-118.256851196	68.9	
T	34.027500153	-118.256904602	68.9	
T	34.027526855	-118.256950378	68.9	
T	34.027549744	-118.256996155	68.9	
T	34.027568817	-118.257034302	68.9	
T	34.027587891	-118.257057190	68.9	
T	34.027603149	-118.257072449	68.9	
T	34.027610779	-118.257087708	68.9	
T	34.027614594	-118.257095337	68.9	
T	34.027618408	-118.257110596	68.9	
T	34.027622223	-118.257118225	68.9	
T	34.027626038	-118.257133484	68.9	
T	34.027622223	-118.257133484	68.9	
T	34.027618408	-118.257141113	68.9	
T	34.027618408	-118.257141113	68.9	
T	34.027618408	-118.257141113	68.9	
T	34.027584076	-118.257156372	68.9	
T	34.027595520	-118.257179260	68.8	
T	34.027614594	-118.257225037	68.8	
T	34.027629852	-118.257263184	68.8	
T	34.027645111	-118.257301331	68.8	
T	34.027652740	-118.257347107	68.8	
T	34.027652740	-118.257392883	68.8	
T	34.027641296	-118.257446289	68.8	
T	34.027622223	-118.257484436	68.8	
T	34.027591705	-118.257522583	68.7	
T	34.027561188	-118.257560730	68.7	
T	34.027530670	-118.257591248	68.7	
T	34.027507782	-118.257614136	68.7	
T	34.027484894	-118.257629395	68.6	
T	34.027469635	-118.257644653	68.6	
T	34.027458191	-118.257652283	68.6	
T	34.027454376	-118.257652283	68.6	
T	34.027458191	-118.257652283	68.6	
T	34.027465820	-118.257652283	68.6	
T	34.027465820	-118.257652283	68.6	
T	34.027473450	-118.257682800	68.6	
T	34.027462006	-118.257690430	68.6	
T	34.027446747	-118.257713318	68.6	
T	34.027423859	-118.257728577	68.6	
T	34.027393341	-118.257751465	68.6	
T	34.027355194	-118.257774353	68.5	
T	34.027305603	-118.257804871	68.5	
T	34.027252197	-118.257827759	68.5	
T	34.027194977	-118.257858276	68.5	
T	34.027133942	-118.257881165	68.4	
T	34.027069092	-118.257911682	68.4	
T	34.027000427	-118.257942200	68.4	
T	34.026931763	-118.257980347	68.3	
T	34.026866913	-118.258010864	68.3	
T	34.026798248	-118.258041382	68.3	
T	34.026729584	-118.258071899	68.2	
T	34.026668549	-118.258110046	68.2	
T	34.026603699	-118.258140564	68.2	
T	34.026546478	-118.258178711	68.1	
T	34.026481628	-118.258216858	68.1	
T	34.026420593	-118.258247375	68.1	
T	34.026359558	-118.258285522	68.0	
T	34.026302338	-118.258323669	68.0	
T	34.026260376	-118.258354187	68.0	
T	34.026222229	-118.258384705	68.0	
T	34.026187897	-118.258415222	68.0	
T	34.026145935	-118.258445740	68.0	
T	34.026103973	-118.258468628	67.9	
T	34.026062012	-118.258499146	67.9	
T	34.026023865	-118.258529663	67.9	
T	34.025989532	-118.258567810	67.9	
T	34.025962830	-118.258583069	67.9	
T	34.025947571	-118.258598328	67.8	
T	34.025936127	-118.258621216	67.8	
T	34.025924683	-118.258651733	67.8	
T	34.025932312	-118.258689880	67.8	
T	34.025943756	-118.258735657	67.8	
T	34.025959015	-118.258781433	67.8	
T	34.025989532	-118.258819580	67.8	
T	34.026004791	-118.258850098	67.8	
T	34.026027679	-118.258895874	67.8	
T	34.026050568	-118.258941650	67.8	
T	34.026073456	-118.259002686	67.7	
T	34.026103973	-118.259063721	67.7	
T	34.026134491	-118.259132385	67.7	
T	34.026165009	-118.259216309	67.7	
T	34.026195526	-118.259292603	67.7	
T	34.026226044	-118.259376526	67.7	
T	34.026260376	-118.259468079	67.6	
T	34.026298523	-118.259552002	67.6	
T	34.026332855	-118.259651184	67.7	
T	34.026371002	-118.259742737	67.7	
T	34.026405334	-118.259834290	67.7	
T	34.026439667	-118.259910583	67.7	
T	34.026470184	-118.259994507	67.6	
T	34.026496887	-118.260063171	67.6	
T	34.026515961	-118.260131836	67.6	
T	34.026538849	-118.260185242	67.6	
T	34.026557922	-118.260238647	67.6	
T	34.026576996	-118.260269165	67.6	
T	34.026592255	-118.260299683	67.6	
T	34.026607513	-118.260330200	67.6	
T	34.026618958	-118.260368347	67.5	
T	34.026634216	-118.260391235	67.5	
T	34.026649475	-118.260429382	67.5	
T	34.026664734	-118.260452271	67.5	
T	34.026672363	-118.260475159	67.6	
T	34.026676178	-118.260482788	67.6	
T	34.026683807	-118.260475159	67.6	
T	34.026679993	-118.260482788	67.6	
T	34.026683807	-118.260498047	67.6	
T	34.026691437	-118.260513306	67.6	
T	34.026702881	-118.260528564	67.6	
T	34.026710510	-118.260551453	67.6	
T	34.026714325	-118.260566711	67.6	
T	34.026714325	-118.260589600	67.6	
T	34.026702881	-118.260604858	67.6	
T	34.026683807	-118.260627747	67.6	
T	34.026657104	-118.260643005	67.5	
T	34.026626587	-118.260658264	67.5	
T	34.026592255	-118.260681152	67.5	
T	34.026554108	-118.260696411	67.5	
T	34.026515961	-118.260719299	67.5	
T	34.026470184	-118.260749817	67.5	
T	34.026428223	-118.260780334	67.4	
T	34.026393890	-118.260818481	67.4	
T	34.026363373	-118.260864258	67.4	
T	34.026336670	-118.260910034	67.4	
T	34.026309967	-118.260963440	67.3	
T	34.026279449	-118.261009216	67.3	
T	34.026241302	-118.261054993	67.3	
T	34.026195526	-118.261100769	67.2	
T	34.026149750	-118.261138916	67.2	
T	34.026100159	-118.261177063	67.2	
T	34.026042938	-118.261215210	67.2	
T	34.025981903	-118.261245728	67.2	
T	34.025913239	-118.261283875	67.2	
T	34.025848389	-118.261322021	67.1	
T	34.025783539	-118.261360168	67.1	
T	34.025707245	-118.261405945	67.0	
T	34.025634766	-118.261451721	67.0	
T	34.025558472	-118.261505127	67.0	
T	34.025482178	-118.261550903	66.9	
T	34.025409698	-118.261596680	66.9	
T	34.025337219	-118.261634827	66.9	
T	34.025276184	-118.261680603	66.8	
T	34.025218964	-118.261726379	66.8	
T	34.025173187	-118.261764526	66.8	
T	34.025127411	-118.261795044	66.8	
T	34.025093079	-118.261817932	66.8	
T	34.025066376	-118.261840820	66.8	
T	34.025047302	-118.261856079	66.7	
T	34.025032043	-118.261871338	66.7	
T	34.025016785	-118.261878967	66.7	
T	34.025001526	-118.261894226	66.7	
T	34.024986267	-118.261909485	66.7	
T	34.024974823	-118.261932373	66.7	
T	34.024974823	-118.261970520	66.7	
T	34.024986267	-118.262001038	66.7	
T	34.024997711	-118.262046814	66.7	
T	34.025016785	-118.262100220	66.7	
T	34.025035858	-118.262153625	66.6	
T	34.025058746	-118.262207031	66.6	
T	34.025089264	-118.262275696	66.6	
T	34.025119781	-118.262344360	66.6	
T	34.025161743	-118.262420654	66.6	
T	34.025199890	-118.262504578	66.6	
T	34.025238037	-118.262588501	66.6	
T	34.025279999	-118.262680054	66.6	
T	34.025318146	-118.262771606	66.6	
T	34.025360107	-118.262863159	66.6	
T	34.025402069	-118.262962341	66.6	
T	34.025447845	-118.263053894	66.6	
T	34.025493622	-118.263153076	66.5	
T	34.025531769	-118.263244629	66.5	
T	34.025569916	-118.263328552	66.5	
T	34.025600433	-118.263412476	66.5	
T	34.025634766	-118.263496399	66.5	
T	34.025665283	-118.263557434	66.5	
T	34.025688171	-118.263610840	66.5	
T	34.025714874	-118.263656616	66.5	
T	34.025733948	-118.263702393	66.5	
T	34.025753021	-118.263732910	66.5	
T	34.025760651	-118.263755798	66.5	
T	34.025768280	-118.263771057	66.5	
T	34.025772095	-118.263778687	66.5	
T	34.025775909	-118.263778687	66.5	
T	34.025779724	-118.263771057	66.5	
T	34.025783539	-118.263771057	66.5	
T	34.025783539	-118.263771057	66.5	
T	34.025821686	-118.263809204	66.5	
T	34.025833130	-118.263839722	66.5	
T	34.025848389	-118.263870239	66.5	
T	34.025863647	-118.263908386	66.5	
T	34.025878906	-118.263954163	66.5	
T	34.025894165	-118.263992310	66.5	
T	34.025909424	-118.264038086	66.5	
T	34.025928497	-118.264083862	66.5	
T	34.025936127	-118.264122009	66.5	
T	34.025943756	-118.264152527	66.4	
T	34.025951385	-118.264175415	66.4	
T	34.025959015	-118.264190674	66.4	
T	34.025966644	-118.264205933	66.4	
T	34.025966644	-118.264213562	66.4	
T	34.025970459	-118.264213562	66.4	
T	34.025962830	-118.264198303	66.4	
T	34.025962830	-118.264190674	66.4	
T	34.025959015	-118.264175415	66.4	
T	34.025962830	-118.264175415	66.4	
T	34.025966644	-118.264175415	66.4	
T	34.025970459	-118.264167786	66.4	
T	34.025978088	-118.264160156	66.5	
T	34.025985718	-118.264152527	66.5	
T	34.025989532	-118.264152527	66.5	
T	34.025989532	-118.264144897	66.5	
T	34.025993347	-118.264144897	66.5	
T	34.026004791	-118.264183044	66.5	
T	34.026004791	-118.264213562	66.4	
T	34.026016235	-118.264244080	66.4	
T	34.026027679	-118.264297485	66.4	
T	34.026046753	-118.264343262	66.4	
T	34.026069641	-118.264404297	66.4	
T	34.026096344	-118.264465332	66.4	
T	34.026134491	-118.264549255	66.4	
T	34.026157379	-118.264640808	66.3	
T	34.026191711	-118.264724731	66.3	
T	34.026229858	-118.264808655	66.3	
T	34.026264191	-118.264900208	66.3	
T	34.026302338	-118.264991760	66.3	
T	34.026344299	-118.265075684	66.3	
T	34.026382446	-118.265159607	66.2	
T	34.026416779	-118.265235901	66.2	
T	34.026458740	-118.265312195	66.2	
T	34.026504517	-118.265388489	66.2	
T	34.026542664	-118.265472412	66.2	
T	34.026584625	-118.265556335	66.2	
T	34.026626587	-118.265640259	66.1	
T	34.026664734	-118.265731812	66.1	
T	34.026706696	-118.265823364	66.1	
T	34.026756287	-118.265914917	66.0	
T	34.026802063	-118.266014099	66.0	
T	34.026851654	-118.266113281	66.0	
T	34.026905060	-118.266212463	65.9	
T	34.026950836	-118.266311646	65.9	
T	34.026996613	-118.266418457	65.8	
T	34.027046204	-118.266517639	65.7	
T	34.027088165	-118.266609192	65.7	
T	34.027130127	-118.266693115	65.7	
T	34.027164459	-118.266769409	65.6	
T	34.027194977	-118.266822815	65.6	
T	34.027217865	-118.266853333	65.6	
T	34.027233124	-118.266883850	65.6	
T	34.027236938	-118.266899109	65.6	
T	34.027236938	-118.266906738	65.6	
T	34.027236938	-118.266914368	65.6	
T	34.027233124	-118.266921997	65.5	
T	34.027236938	-118.266921997	65.5	
T	34.027240753	-118.266921997	65.5	
T	34.027248383	-118.266929626	65.5	
T	34.027252197	-118.266937256	65.5	
T	34.027259827	-118.266952515	65.5	
T	34.027267456	-118.266967773	65.5	
T	34.027282715	-118.266983032	65.5	
T	34.027297974	-118.267005920	65.5	
T	34.027324677	-118.267028809	65.5	
T	34.027359009	-118.267036438	65.5	
T	34.027397156	-118.267036438	65.5	
T	34.027435303	-118.267036438	65.5	
T	34.027473450	-118.267028809	65.5	
T	34.027515411	-118.267028809	65.5	
T	34.027553558	-118.267044067	65.5	
T	34.027591705	-118.267066956	65.5	
T	34.027629852	-118.267097473	65.5	
T	34.027671814	-118.267143250	65.5	
T	34.027713776	-118.267196655	65.4	
T	34.027744293	-118.267265320	65.4	
T	34.027778625	-118.267333984	65.3	
T	34.027816772	-118.267410278	65.3	
T	34.027862549	-118.267494202	65.2	
T	34.027896881	-118.267578125	65.1	
T	34.027935028	-118.267662048	65.1	
T	34.027969360	-118.267745972	65.1	
T	34.028003693	-118.267814636	65.0	
T	34.028022766	-118.267883301	65.0	
T	34.028045654	-118.267936707	65.0	
T	34.028064728	-118.267997742	65.0	
T	34.028087616	-118.268058777	65.0	
T	34.028114319	-118.268119812	65.0	
T	34.028141022	-118.268188477	65.0	
T	34.028171539	-118.268272400	65.0	
T	34.028205872	-118.268348694	65.0	
T	34.028244019	-118.268440247	65.0	
T	34.028278351	-118.268531799	65.0	
T	34.028316498	-118.268623352	65.0	
T	34.028354645	-118.268714905	65.0	
T	34.028392792	-118.268798828	65.0	
T	34.028427124	-118.268875122	65.0	
T	34.028465271	-118.268951416	65.0	
T	34.028488159	-118.269004822	64.9	
T	34.028511047	-118.269058228	64.9	
T	34.028526306	-118.269111633	64.9	
T	34.028549194	-118.269165039	64.9	
T	34.028575897	-118.269226074	64.9	
T	34.028598785	-118.269294739	64.9	
T	34.028625488	-118.269363403	64.9	
T	34.028652191	-118.269439697	64.8	
T	34.028686523	-118.269523621	64.8	
T	34.028724670	-118.269607544	64.7	
T	34.028762817	-118.269691467	64.7	
T	34.028800964	-118.269783020	64.7	
T	34.028842926	-118.269874573	64.7	
T	34.028881073	-118.269973755	64.6	
T	34.028919220	-118.270065308	64.6	
T	34.028953552	-118.270149231	64.6	
T	34.028980255	-118.270217896	64.6	
T	34.029006958	-118.270278931	64.6	
T	34.029026031	-118.270324707	64.6	
T	34.029045105	-118.270362854	64.6	
T	34.029067993	-118.270385742	64.6	
T	34.029083252	-118.270401001	64.6	
T	34.029087067	-118.270401001	64.6	
T	34.029090881	-118.270408630	64.6	
T	34.029098511	-118.270408630	64.6	
T	34.029109955	-118.270408630	64.6	
T	34.029109955	-118.270408630	64.6	
T	34.029148102	-118.270446777	64.6	
T	34.029159546	-118.270462036	64.6	
T	34.029174805	-118.270477295	64.6	
T	34.029220581	-118.270553589	64.6	
T	34.029235840	-118.270591736	64.6	
T	34.029254913	-118.270622253	64.6	
T	34.029262543	-118.270629883	64.6	
T	34.029270172	-118.270645142	64.6	
T	34.029277802	-118.270660400	64.6	
T	34.029289246	-118.270683289	64.6	
T	34.029304504	-118.270706177	64.6	
T	34.029319763	-118.270744324	64.6	
T	34.029338837	-118.270790100	64.6	
T	34.029361725	-118.270835876	64.5	
T	34.029380798	-118.270889282	64.5	
T	34.029399872	-118.270935059	64.5	
T	34.029415131	-118.270980835	64.4	
T	34.029430389	-118.271018982	64.4	
T	34.029438019	-118.271041870	64.4	
T	34.029434204	-118.271057129	64.4	
T	34.029418945	-118.271064758	64.4	
T	34.029411316	-118.271064758	64.4	
T	34.029403687	-118.271064758	64.4	
T	34.029399872	-118.271064758	64.4	
T	34.029399872	-118.271064758	64.4	
T	34.029399872	-118.271064758	64.4	
T	34.029388428	-118.271072388	64.4	
T	34.029388428	-118.271095276	64.4	
T	34.029399872	-118.271125793	64.4	
T	34.029411316	-118.271163940	64.3	
T	34.029426575	-118.271202087	64.3	
T	34.029438019	-118.271270752	64.3	
T	34.029453278	-118.271339417	64.3	
T	34.029472351	-118.271408081	64.2	
T	34.029495239	-118.271492004	64.2	
T	34.029521942	-118.271568298	64.2	
T	34.029556274	-118.271644592	64.1	
T	34.029590607	-118.271720886	64.1	
T	34.029624939	-118.271812439	64.1	
T	34.029651642	-118.271896362	64.1	
T	34.029682159	-118.271980286	64.0	
T	34.029716492	-118.272064209	64.0	
T	34.029747009	-118.272148132	64.0	
T	34.029781342	-118.272224426	63.9	
T	34.029808044	-118.272285461	63.9	
T	34.029823303	-118.272346497	63.9	
T	34.029846191	-118.272399902	63.8	
T	34.029861450	-118.272445679	63.8	
T	34.029876709	-118.272483826	63.8	
T	34.029888153	-118.272521973	63.8	
T	34.029899597	-118.272552490	63.7	
T	34.029903412	-118.272567749	63.7	
T	34.029911041	-118.272583008	63.7	
T	34.029911041	-118.272598267	63.7	
T	34.029911041	-118.272605896	63.7	
T	34.029914856	-118.272613525	63.7	
T	34.029914856	-118.272621155	63.7	
T	34.029907227	-118.272636414	63.7	
T	34.029918671	-118.272628784	63.7	
T	34.029933929	-118.272636414	63.7	
T	34.029949188	-118.272628784	63.7	
T	34.029960632	-118.272621155	63.7	
T	34.029968262	-118.272621155	63.7	
T	34.029968262	-118.272613525	63.7	
T	34.029968262	-118.272605896	63.8	
T	34.029964447	-118.272598267	63.8	
T	34.029956818	-118.272598267	63.7	
T	34.029953003	-118.272598267	63.7	
T	34.029949188	-118.272605896	63.7	
T	34.029956818	-118.272621155	63.7	
T	34.029964447	-118.272644043	63.7	
T	34.029983521	-118.272682190	63.7	
T	34.029998779	-118.272727966	63.7	
T	34.030025482	-118.272766113	63.7	
T	34.030048370	-118.272811890	63.7	
T	34.030075073	-118.272865295	63.6	
T	34.030105591	-118.272918701	63.6	
T	34.030136108	-118.272972107	63.6	
T	34.030166626	-118.273040771	63.6	
T	34.030193329	-118.273101807	63.6	
T	34.030227661	-118.273170471	63.6	
T	34.030258179	-118.273246765	63.5	
T	34.030288696	-118.273323059	63.4	
T	34.030326843	-118.273399353	63.3	
T	34.030361176	-118.273483276	63.2	
T	34.030399323	-118.273567200	63.1	
T	34.030433655	-118.273651123	63.0	
T	34.030471802	-118.273735046	62.9	
T	34.030517578	-118.273803711	62.8	
T	34.030551910	-118.273872375	62.7	
T	34.030593872	-118.273948669	62.5	
T	34.030632019	-118.274002075	62.4	
T	34.030658722	-118.274055481	62.3	
T	34.030681610	-118.274116516	62.1	
T	34.030704498	-118.274169922	62.0	
T	34.030715942	-118.274230957	61.8	
T	34.030719757	-118.274291992	61.6	
T	34.030704498	-118.274345398	61.5	
T	34.030693054	-118.274398804	61.5	
T	34.030673981	-118.274444580	61.6	
T	34.030654907	-118.274482727	61.6	
T	34.030632019	-118.274513245	61.6	
T	34.030624390	-118.274536133	61.6	
T	34.030616760	-118.274551392	61.6	
T	34.030605316	-118.274574280	61.6	
T	34.030593872	-118.274581909	61.6	
T	34.030586243	-118.274581909	61.6	
T	34.030582428	-118.274589539	61.6	
T	34.030578613	-118.274589539	61.7	
T	34.030578613	-118.274597168	61.7	
T	34.030578613	-118.274597168	61.7	
T	34.030559540	-118.274597168	61.7	
T	34.030540466	-118.274604797	61.7	
T	34.030525208	-118.274604797	61.7	
T	34.030498505	-118.274620056	61.7	
T	34.030460358	-118.274635315	61.7	
T	34.030418396	-118.274650574	61.8	
T	34.030376434	-118.274673462	61.8	
T	34.030326843	-118.274711609	61.8	
T	34.030265808	-118.274749756	61.8	
T	34.030204773	-118.274787903	61.8	
T	34.030139923	-118.274833679	61.8	
T	34.030063629	-118.274887085	61.8	
T	34.029983521	-118.274940491	61.9	
T	34.029903412	-118.274986267	61.9	
T	34.029815674	-118.275039673	62.0	
T	34.029724121	-118.275093079	62.0	
T	34.029628754	-118.275146484	62.0	
T	34.029537201	-118.275199890	62.0	
T	34.029441833	-118.275245667	62.0	
T	34.029346466	-118.275299072	62.0	
T	34.029254913	-118.275352478	62.1	
T	34.029163361	-118.275405884	62.1	
T	34.029075623	-118.275459290	62.1	
T	34.028987885	-118.275512695	62.2	
T	34.028896332	-118.275558472	62.2	
T	34.028804779	-118.275611877	62.2	
T	34.028717041	-118.275657654	62.2	
T	34.028636932	-118.275703430	62.2	
T	34.028564453	-118.275741577	62.1	
T	34.028503418	-118.275779724	62.1	
T	34.028446198	-118.275810242	62.1	
T	34.028400421	-118.275840759	62.2	
T	34.028362274	-118.275871277	62.2	
T	34.028331757	-118.275894165	62.2	
T	34.028305054	-118.275917053	62.2	
T	34.028278351	-118.275932312	62.2	
T	34.028255463	-118.275939941	62.2	
T	34.028244019	-118.275955200	62.2	
T	34.028228760	-118.275955200	62.2	
T	34.028217316	-118.275955200	62.2	
T	34.028205872	-118.275955200	62.2	
T	34.028202057	-118.275962830	62.2	
T	34.028194427	-118.275962830	62.2	
T	34.028186798	-118.275962830	62.2	
T	34.028182983	-118.275962830	62.2	
T	34.028179169	-118.275962830	62.2	
T	34.028186798	-118.275955200	62.2	
T	34.028190613	-118.275955200	62.2	
T	34.028198242	-118.275955200	62.2	
T	34.028205872	-118.275955200	62.2	
T	34.028213501	-118.275947571	62.2	
T	34.028217316	-118.275939941	62.2	
T	34.028224945	-118.275932312	62.2	
T	34.028236389	-118.275924683	62.2	
T	34.028240204	-118.275924683	62.2	
T	34.028244019	-118.275924683	62.2	
T	34.028247833	-118.275924683	62.2	
T	34.028251648	-118.275924683	62.2	
T	34.028255463	-118.275932312	62.2	
T	34.028255463	-118.275932312	62.2	
T	34.028244019	-118.275955200	62.2	
T	34.028247833	-118.275947571	62.2	
T	34.028247833	-118.275947571	62.2	
T	34.028213501	-118.275993347	62.2	
T	34.028198242	-118.276000977	62.2	
T	34.028148651	-118.276016235	62.2	
T	34.028137207	-118.276008606	62.2	
T	34.028110504	-118.276000977	62.2	
T	34.028076172	-118.275985718	62.2	
T	34.028045654	-118.275955200	62.1	
T	34.028018951	-118.275924683	62.1	
T	34.027999878	-118.275886536	62.1	
T	34.027980804	-118.275848389	62.1	
T	34.027965546	-118.275810242	62.1	
T	34.027957916	-118.275779724	62.1	
T	34.027946472	-118.275741577	62.1	
T	34.027935028	-118.275711060	62.1	
T	34.027919769	-118.275672913	62.1	
T	34.027904510	-118.275634766	62.1	
T	34.027881622	-118.275581360	62.1	
T	34.027854919	-118.275520325	62.0	
T	34.027828217	-118.275459290	62.0	
T	34.027801514	-118.275390625	62.0	
T	34.027770996	-118.275321960	62.0	
T	34.027736664	-118.275245667	61.9	
T	34.027702332	-118.275177002	61.9	
T	34.027671814	-118.275108337	61.9	
T	34.027633667	-118.275032043	61.8	
T	34.027595520	-118.274963379	61.8	
T	34.027557373	-118.274887085	61.7	
T	34.027519226	-118.274810791	61.5	
T	34.027484894	-118.274734497	61.4	
T	34.027446747	-118.274658203	61.3	
T	34.027408600	-118.274574280	61.2	
T	34.027366638	-118.274490356	61.3	
T	34.027328491	-118.274398804	61.5	
T	34.027294159	-118.274314880	61.7	
T	34.027259827	-118.274238586	61.7	
T	34.027221680	-118.274154663	61.8	
T	34.027191162	-118.274063110	61.9	
T	34.027153015	-118.273971558	61.9	
T	34.027118683	-118.273887634	62.0	
T	34.027088165	-118.273811340	62.1	
T	34.027065277	-118.273742676	62.1	
T	34.027042389	-118.273666382	62.1	
T	34.027011871	-118.273590088	62.2	
T	34.026981354	-118.273513794	62.2	
T	34.026943207	-118.273429871	62.3	
T	34.026908875	-118.273353577	62.3	
T	34.026874542	-118.273269653	62.4	
T	34.026840210	-118.273193359	62.5	
T	34.026809692	-118.273124695	62.5	
T	34.026779175	-118.273063660	62.5	
T	34.026756287	-118.273010254	62.5	
T	34.026741028	-118.272956848	62.5	
T	34.026721954	-118.272918701	62.5	
T	34.026702881	-118.272872925	62.6	
T	34.026668549	-118.272827148	62.6	
T	34.026634216	-118.272781372	62.6	
T	34.026615143	-118.272743225	62.7	
T	34.026584625	-118.272705078	62.7	
T	34.026573181	-118.272674561	62.7	
T	34.026561737	-118.272651672	62.7	
T	34.026546478	-118.272636414	62.7	
T	34.026531219	-118.272613525	62.7	
T	34.026515961	-118.272583008	62.7	
T	34.026485443	-118.272552490	62.7	
T	34.026470184	-118.272521973	62.8	
T	34.026458740	-118.272483826	62.8	
T	34.026443481	-118.272460938	62.8	
T	34.026401520	-118.272453308	62.8	
T	34.026374817	-118.272445679	62.8	
T	34.026351929	-118.272453308	62.8	
T	34.026317596	-118.272460938	62.8	
T	34.026279449	-118.272476196	62.8	
T	34.026233673	-118.272499084	62.9	
T	34.026184082	-118.272537231	62.8	
T	34.026126862	-118.272575378	62.8	
T	34.026069641	-118.272621155	62.8	
T	34.026004791	-118.272659302	62.8	
T	34.025936127	-118.272712708	62.8	
T	34.025859833	-118.272758484	62.7	
T	34.025783539	-118.272811890	62.8	
T	34.025711060	-118.272865295	62.8	
T	34.025619507	-118.272903442	62.8	
T	34.025539398	-118.272956848	62.7	
T	34.025455475	-118.273010254	62.7	
T	34.025371552	-118.273071289	62.6	
T	34.025287628	-118.273132324	62.6	
T	34.025199890	-118.273185730	62.6	
T	34.025108337	-118.273254395	62.6	
T	34.025012970	-118.273300171	62.5	
T	34.024909973	-118.273345947	62.5	
T	34.024806976	-118.273391724	62.4	
T	34.024711609	-118.273452759	62.4	
T	34.024612427	-118.273506165	62.3	
T	34.024513245	-118.273559570	62.2	
T	34.024406433	-118.273635864	62.2	
T	34.024303436	-118.273704529	62.1	
T	34.024204254	-118.273765564	62.1	
T	34.024105072	-118.273826599	62.0	
T	34.024009705	-118.273887634	61.9	
T	34.023910522	-118.273948669	61.9	
T	34.023807526	-118.274009705	61.8	
T	34.023704529	-118.274078369	61.7	
T	34.023605347	-118.274147034	61.5	
T	34.023509979	-118.274208069	61.3	
T	34.023418427	-118.274276733	61.1	
T	34.023323059	-118.274337769	61.1	
T	34.023223877	-118.274398804	61.0	
T	34.023124695	-118.274452209	60.9	
T	34.023025513	-118.274505615	60.9	
T	34.022930145	-118.274566650	60.8	
T	34.022827148	-118.274627686	60.8	
T	34.022731781	-118.274688721	60.9	
T	34.022636414	-118.274749756	60.9	
T	34.022541046	-118.274810791	60.8	
T	34.022441864	-118.274871826	60.7	
T	34.022346497	-118.274932861	60.7	
T	34.022251129	-118.274993896	60.8	
T	34.022151947	-118.275054932	60.8	
T	34.022056580	-118.275115967	60.8	
T	34.021961212	-118.275177002	60.7	
T	34.021869659	-118.275230408	60.7	
T	34.021778107	-118.275291443	60.6	
T	34.021686554	-118.275344849	60.5	
T	34.021591187	-118.275398254	60.5	
T	34.021495819	-118.275459290	60.5	
T	34.021400452	-118.275520325	60.4	
T	34.021308899	-118.275581360	60.3	
T	34.021221161	-118.275634766	60.3	
T	34.021129608	-118.275695801	60.2	
T	34.021041870	-118.275756836	60.1	
T	34.020950317	-118.275817871	60.0	
T	34.020870209	-118.275871277	59.9	
T	34.020790100	-118.275924683	59.9	
T	34.020717621	-118.275970459	59.8	
T	34.020648956	-118.276016235	59.8	
T	34.020580292	-118.276062012	59.8	
T	34.020526886	-118.276084900	59.8	
T	34.020481110	-118.276115417	59.8	
T	34.020446777	-118.276130676	59.8	
T	34.020416260	-118.276153564	59.8	
T	34.020389557	-118.276161194	59.8	
T	34.020374298	-118.276176453	59.8	
T	34.020359039	-118.276184082	59.8	
T	34.020351410	-118.276184082	59.8	
T	34.020343781	-118.276191711	59.8	
T	34.020339966	-118.276191711	59.8	
T	34.020339966	-118.276184082	59.8	
T	34.020339966	-118.276176453	59.8	
T	34.020328522	-118.276184082	59.8	
T	34.020305634	-118.276184082	59.8	
T	34.020290375	-118.276184082	59.8	
T	34.020248413	-118.276176453	59.8	
T	34.020217896	-118.276168823	59.7	
T	34.020183563	-118.276153564	59.7	
T	34.020156860	-118.276123047	59.7	
T	34.020133972	-118.276092529	59.8	
T	34.020114899	-118.276054382	59.8	
T	34.020095825	-118.276023865	59.8	
T	34.020080566	-118.275993347	59.8	
T	34.020061493	-118.275962830	59.8	
T	34.020038605	-118.275939941	59.8	
T	34.020011902	-118.275909424	59.8	
T	34.019989014	-118.275886536	59.8	
T	34.019985199	-118.275886536	59.8	
T	34.019981384	-118.275886536	59.8	
T	34.019981384	-118.275886536	59.8	
T	34.019981384	-118.275863647	59.9	
T	34.019981384	-118.275833130	59.9	
T	34.019966125	-118.275779724	59.9	
T	34.019950867	-118.275733948	59.9	
T	34.019931793	-118.275680542	59.9	
T	34.019905090	-118.275619507	60.0	
T	34.019878387	-118.275550842	60.0	
T	34.019847870	-118.275474548	60.1	
T	34.019813538	-118.275398254	60.1	
T	34.019783020	-118.275321960	60.2	
T	34.019752502	-118.275245667	60.3	
T	34.019729614	-118.275184631	60.4	
T	34.019706726	-118.275131226	60.5	
T	34.019687653	-118.275093079	60.5	
T	34.019668579	-118.275062561	60.5	
T	34.019649506	-118.275039673	60.5	
T	34.019626617	-118.275024414	60.5	
T	34.019599915	-118.275016785	60.5	
T	34.019573212	-118.275001526	60.5	
T	34.019542694	-118.275016785	60.5	
T	34.019485474	-118.275032043	60.5	
T	34.019435883	-118.275062561	60.5	
T	34.019382477	-118.275100708	60.4	
T	34.019317627	-118.275138855	60.4	
T	34.019248962	-118.275184631	60.3	
T	34.019176483	-118.275230408	60.3	
T	34.019100189	-118.275291443	60.2	
T	34.019016266	-118.275352478	60.1	
T	34.018928528	-118.275413513	60.0	
T	34.018836975	-118.275474548	60.0	
T	34.018741608	-118.275535583	59.9	
T	34.018646240	-118.275596619	59.8	
T	34.018547058	-118.275665283	59.7	
T	34.018447876	-118.275733948	59.6	
T	34.018348694	-118.275794983	59.5	
T	34.018245697	-118.275863647	59.5	
T	34.018142700	-118.275917053	59.4	
T	34.018035889	-118.275985718	59.3	
T	34.017936707	-118.276046753	59.3	
T	34.017829895	-118.276115417	59.2	
T	34.017730713	-118.276176453	59.2	
T	34.017623901	-118.276245117	59.1	
T	34.017513275	-118.276313782	59.0	
T	34.017398834	-118.276374817	58.8	
T	34.017288208	-118.276443481	58.8	
T	34.017185211	-118.276512146	58.7	
T	34.017089844	-118.276580811	58.7	
T	34.016983032	-118.276649475	58.7	
T	34.016887665	-118.276718140	58.7	
T	34.016796112	-118.276786804	58.7	
T	34.016716003	-118.276847839	58.7	
T	34.016643524	-118.276908875	58.7	
T	34.016574860	-118.276962280	58.7	
T	34.016510010	-118.277008057	58.7	
T	34.016456604	-118.277046204	58.7	
T	34.016410828	-118.277076721	58.7	
T	34.016368866	-118.277099609	58.6	
T	34.016334534	-118.277122498	58.6	
T	34.016311646	-118.277145386	58.6	
T	34.016300201	-118.277175903	58.6	
T	34.016300201	-118.277206421	58.6	
T	34.016296387	-118.277229309	58.6	
T	34.016296387	-118.277252197	58.6	
T	34.016300201	-118.277282715	58.6	
T	34.016304016	-118.277320862	58.6	
T	34.016319275	-118.277359009	58.6	
T	34.016330719	-118.277397156	58.6	
T	34.016349792	-118.277442932	58.6	
T	34.016384125	-118.277481079	58.6	
T	34.016418457	-118.277526855	58.7	
T	34.016452789	-118.277572632	58.7	
T	34.016479492	-118.277633667	58.7	
T	34.016510010	-118.277694702	58.7	
T	34.016536713	-118.277755737	58.7	
T	34.016559601	-118.277809143	58.8	
T	34.016574860	-118.277847290	58.8	
T	34.016586304	-118.277877808	58.8	
T	34.016593933	-118.277908325	58.8	
T	34.016597748	-118.277931213	58.8	
T	34.016601562	-118.277931213	58.8	
T	34.016609192	-118.277938843	58.8	
T	34.016616821	-118.277946472	58.8	
T	34.016616821	-118.277946472	58.8	
T	34.016681671	-118.277969360	58.8	
T	34.016685486	-118.277976990	58.8	
T	34.016685486	-118.277976990	58.8	
T	34.016685486	-118.277976990	58.8	
T	34.016693115	-118.278007507	58.8	
T	34.016700745	-118.278022766	58.8	
T	34.016708374	-118.278038025	58.8	
T	34.016723633	-118.278068542	58.8	
T	34.016735077	-118.278099060	58.9	
T	34.016742706	-118.278121948	58.9	
T	34.016750336	-118.278137207	58.9	
T	34.016757965	-118.278152466	58.9	
T	34.016757965	-118.278160095	58.9	
T	34.016754150	-118.278167725	58.9	
T	34.016750336	-118.278175354	58.9	
T	34.016754150	-118.278175354	58.9	
T	34.016754150	-118.278175354	58.9	
T	34.016754150	-118.278175354	58.9	
T	34.016788483	-118.278175354	58.9	
T	34.016796112	-118.278182983	58.9	
T	34.016796112	-118.278198242	58.9	
T	34.016799927	-118.278205872	58.9	
T	34.016803741	-118.278213501	58.9	
T	34.016803741	-118.278228760	58.9	
T	34.016799927	-118.278236389	58.9	
T	34.016796112	-118.278236389	58.9	
T	34.016799927	-118.278236389	58.9	
T	34.016799927	-118.278259277	59.0	
T	34.016788483	-118.278282166	59.0	
T	34.016773224	-118.278312683	59.0	
T	34.016757965	-118.278343201	59.1	
T	34.016731262	-118.278366089	59.1	
T	34.016704559	-118.278381348	59.1	
T	34.016670227	-118.278404236	59.1	
T	34.016628265	-118.278434753	59.2	
T	34.016574860	-118.278472900	59.2	
T	34.016529083	-118.278511047	59.3	
T	34.016475677	-118.278556824	59.4	
T	34.016418457	-118.278594971	59.5	
T	34.016357422	-118.278648376	59.6	
T	34.016296387	-118.278694153	59.7	
T	34.016231537	-118.278739929	59.8	
T	34.016162872	-118.278785706	59.9	
T	34.016090393	-118.278831482	59.9	
T	34.016014099	-118.278877258	60.0	
T	34.015941620	-118.278923035	60.0	
T	34.015861511	-118.278968811	60.1	
T	34.015785217	-118.279006958	60.2	
T	34.015705109	-118.279060364	60.2	
T	34.015621185	-118.279121399	60.2	
T	34.015537262	-118.279182434	60.2	
T	34.015453339	-118.279235840	60.3	
T	34.015365601	-118.279296875	60.3	
T	34.015277863	-118.279350281	60.2	
T	34.015190125	-118.279403687	60.2	
T	34.015102386	-118.279457092	60.2	
T	34.015010834	-118.279518127	60.1	
T	34.014919281	-118.279579163	60.1	
T	34.014827728	-118.279632568	60.0	
T	34.014736176	-118.279693604	59.8	
T	34.014656067	-118.279739380	59.7	
T	34.014575958	-118.279792786	59.5	
T	34.014495850	-118.279846191	59.3	
T	34.014419556	-118.279891968	59.1	
T	34.014339447	-118.279945374	58.8	
T	34.014259338	-118.279991150	58.5	
T	34.014183044	-118.280029297	57.9	
T	34.014106750	-118.280067444	57.4	
T	34.014041901	-118.280105591	56.8	
T	34.013984680	-118.280120850	56.6	
T	34.013919830	-118.280143738	56.3	
T	34.013866425	-118.280174255	56.1	
T	34.013816833	-118.280204773	56.0	
T	34.013778687	-118.280227661	55.8	
T	34.013748169	-118.280250549	55.6	
T	34.013721466	-118.280265808	55.6	
T	34.013706207	-118.280281067	55.6	
T	34.013694763	-118.280288696	55.6	
T	34.013690948	-118.280288696	55.6	
T	34.013683319	-118.280296326	55.6	
T	34.013675690	-118.280296326	55.6	
T	34.013664246	-118.280303955	55.6	
T	34.013645172	-118.280303955	55.6	
T	34.013622284	-118.280303955	55.6	
T	34.013599396	-118.280296326	55.6	
T	34.013576508	-118.280288696	55.6	
T	34.013549805	-118.280265808	55.6	
T	34.013530731	-118.280235291	55.7	
T	34.013511658	-118.280197144	55.7	
T	34.013488770	-118.280158997	55.7	
T	34.013473511	-118.280113220	55.7	
T	34.013458252	-118.280059814	55.8	
T	34.013439178	-118.279998779	56.0	
T	34.013416290	-118.279930115	56.1	
T	34.013389587	-118.279861450	56.2	
T	34.013359070	-118.279792786	56.3	
T	34.013328552	-118.279716492	56.4	
T	34.013294220	-118.279640198	56.4	
T	34.013259888	-118.279563904	56.4	
T	34.013217926	-118.279479980	56.2	
T	34.013183594	-118.279411316	56.0	
T	34.013156891	-118.279342651	55.8	
T	34.013134003	-118.279296875	55.8	
T	34.013122559	-118.279266357	55.7	
T	34.013118744	-118.279266357	55.7	
T	34.013114929	-118.279258728	55.7	
T	34.013107300	-118.279251099	55.7	
T	34.013103485	-118.279243469	55.7	
T	34.013088226	-118.279228210	55.7	
T	34.013076782	-118.279205322	55.7	
T	34.013053894	-118.279182434	55.7	
T	34.013023376	-118.279182434	55.7	
T	34.012989044	-118.279174805	55.7	
T	34.012947083	-118.279174805	55.7	
T	34.012905121	-118.279190063	55.6	
T	34.012851715	-118.279220581	55.6	
T	34.012798309	-118.279266357	55.6	
T	34.012725830	-118.279312134	55.6	
T	34.012641907	-118.279373169	55.6	
T	34.012550354	-118.279426575	55.6	
T	34.012454987	-118.279495239	55.6	
T	34.012359619	-118.279556274	55.6	
T	34.012264252	-118.279624939	55.6	
T	34.012168884	-118.279685974	55.6	
T	34.012081146	-118.279739380	55.5	
T	34.012001038	-118.279800415	55.5	
T	34.011924744	-118.279853821	55.4	
T	34.011848450	-118.279899597	55.4	
T	34.011768341	-118.279945374	55.4	
T	34.011688232	-118.279975891	55.3	
T	34.011608124	-118.279998779	55.3	
T	34.011531830	-118.280014038	55.2	
T	34.011451721	-118.280021667	55.2	
T	34.011375427	-118.280014038	55.2	
T	34.011314392	-118.280014038	55.2	
T	34.011264801	-118.280014038	55.1	
T	34.011241913	-118.280021667	55.1	
T	34.011234283	-118.280029297	55.1	
T	34.011238098	-118.280029297	55.1	
T	34.011241913	-118.280036926	55.1	
T	34.011241913	-118.280036926	55.1	
T	34.011257172	-118.280036926	55.1	
T	34.011264801	-118.280036926	55.1	
T	34.011268616	-118.280036926	55.1	
T	34.011272430	-118.280036926	55.1	
T	34.011280060	-118.280036926	55.1	
T	34.011283875	-118.280036926	55.1	
T	34.011291504	-118.280036926	55.2	
T	34.011295319	-118.280029297	55.2	
T	34.011295319	-118.280021667	55.2	
T	34.011299133	-118.280021667	55.2	
T	34.011302948	-118.280014038	55.2	
T	34.011302948	-118.280006409	55.2	
T	34.011306763	-118.280006409	55.2	
T	34.011310577	-118.279998779	55.2	
T	34.011318207	-118.279998779	55.2	
T	34.011318207	-118.279991150	55.2	
T	34.011322021	-118.279983521	55.2	
T	34.011325836	-118.279983521	55.2	
T	34.011333466	-118.279975891	55.2	
T	34.011333466	-118.279968262	55.2	
T	34.011333466	-118.279960632	55.2	
T	34.011329651	-118.279960632	55.2	
T	34.011329651	-118.279960632	55.2	
T	34.011318207	-118.279968262	55.2	
T	34.011322021	-118.279968262	55.2	
T	34.011325836	-118.279968262	55.2	
T	34.011329651	-118.279968262	55.2	
T	34.011333466	-118.279975891	55.2	
T	34.011337280	-118.279968262	55.2	
T	34.011341095	-118.279968262	55.2	
T	34.011344910	-118.279960632	55.2	
T	34.011348724	-118.279960632	55.2	
T	34.011352539	-118.279960632	55.2	
T	34.011348724	-118.279953003	55.2	
T	34.011344910	-118.279953003	55.2	
T	34.011341095	-118.279953003	55.2	
T	34.011341095	-118.279953003	55.2	
T	34.011322021	-118.279960632	55.2	
T	34.011325836	-118.279960632	55.2	
T	34.011318207	-118.279960632	55.2	
T	34.011310577	-118.279953003	55.2	
T	34.011287689	-118.279953003	55.2	
T	34.011272430	-118.279945374	55.2	
T	34.011245728	-118.279945374	55.2	
T	34.011215210	-118.279930115	55.2	
T	34.011161804	-118.279869080	55.2	
T	34.011123657	-118.279800415	55.2	
T	34.011093140	-118.279731750	55.1	
T	34.011085510	-118.279655457	55.1	
T	34.011077881	-118.279563904	55.1	
T	34.011070251	-118.279479980	55.1	
T	34.011062622	-118.279388428	55.1	
T	34.011058807	-118.279296875	55.1	
T	34.011058807	-118.279197693	55.2	
T	34.011062622	-118.279098511	55.2	
T	34.011062622	-118.279014587	55.3	
T	34.011062622	-118.278938293	55.2	
T	34.011062622	-118.278877258	55.2	
T	34.011066437	-118.278831482	55.2	
T	34.011062622	-118.278793335	55.2	
T	34.011054993	-118.278762817	55.2	
T	34.011058807	-118.278747559	55.2	
T	34.011058807	-118.278732300	55.2	
T	34.011062622	-118.278717041	55.2	
T	34.011062622	-118.278694153	55.2	
T	34.011058807	-118.278671265	55.2	
T	34.011054993	-118.278663635	55.2	
T	34.011058807	-118.278671265	55.2	
T	34.011058807	-118.278678894	55.2	
T	34.011058807	-118.278686523	55.2	
T	34.011058807	-118.278694153	55.2	
T	34.011054993	-118.278694153	55.2	
T	34.011054993	-118.278686523	55.2	
T	34.011054993	-118.278671265	55.2	
T	34.011054993	-118.278656006	55.2	
T	34.011054993	-118.278633118	55.2	
T	34.011054993	-118.278594971	55.2	
T	34.011054993	-118.278526306	55.3	
T	34.011054993	-118.278457642	55.3	
T	34.011058807	-118.278381348	55.3	
T	34.011058807	-118.278305054	55.4	
T	34.011062622	-118.278221130	55.4	
T	34.011058807	-118.278137207	55.4	
T	34.011054993	-118.278038025	55.4	
T	34.011054993	-118.277931213	55.5	
T	34.011054993	-118.277824402	55.4	
T	34.011051178	-118.277709961	55.4	
T	34.011051178	-118.277603149	55.4	
T	34.011051178	-118.277488708	55.4	
T	34.011054993	-118.277374268	55.5	
T	34.011054993	-118.277259827	55.5	
T	34.011054993	-118.277145386	55.5	
T	34.011054993	-118.277030945	55.6	
T	34.011054993	-118.276908875	55.6	
T	34.011054993	-118.276794434	55.6	
T	34.011054993	-118.276672363	55.6	
T	34.011054993	-118.276542664	55.6	
T	34.011054993	-118.276412964	55.7	
T	34.011054993	-118.276283264	55.7	
T	34.011058807	-118.276153564	55.8	
T	34.011058807	-118.276023865	55.9	
T	34.011062622	-118.275894165	56.0	
T	34.011058807	-118.275764465	56.0	
T	34.011058807	-118.275642395	56.1	
T	34.011058807	-118.275527954	56.2	
T	34.011058807	-118.275405884	56.3	
T	34.011062622	-118.275291443	56.3	
T	34.011062622	-118.275184631	56.3	
T	34.011066437	-118.275085449	56.4	
T	34.011062622	-118.274993896	56.5	
T	34.011066437	-118.274925232	56.5	
T	34.011058807	-118.274856567	56.5	
T	34.011054993	-118.274795532	56.6	
T	34.011054993	-118.274742126	56.6	
T	34.011054993	-118.274696350	56.6	
T	34.011054993	-118.274658203	56.6	
T	34.011058807	-118.274635315	56.6	
T	34.011062622	-118.274612427	56.7	
T	34.011066437	-118.274597168	56.7	
T	34.011062622	-118.274581909	56.7	
T	34.011062622	-118.274574280	56.7	
T	34.011058807	-118.274559021	56.7	
T	34.011058807	-118.274551392	56.7	
T	34.011058807	-118.274543762	56.7	
T	34.011058807	-118.274528503	56.7	
T	34.011062622	-118.274520874	56.7	
T	34.011058807	-118.274513245	56.7	
T	34.011054993	-118.274513245	56.7	
T	34.011054993	-118.274505615	56.7	
T	34.011054993	-118.274505615	56.7	
T	34.011051178	-118.274482727	56.7	
T	34.011051178	-118.274467468	56.7	
T	34.011054993	-118.274444580	56.7	
T	34.011051178	-118.274398804	56.7	
T	34.011054993	-118.274353027	56.7	
T	34.011054993	-118.274291992	56.7	
T	34.011054993	-118.274223328	56.8	
T	34.011054993	-118.274139404	56.8	
T	34.011062622	-118.274055481	56.9	
T	34.011066437	-118.273971558	56.9	
T	34.011066437	-118.273902893	56.9	
T	34.011066437	-118.273826599	56.9	
T	34.011070251	-118.273757935	56.9	
T	34.011066437	-118.273696899	57.0	
T	34.011066437	-118.273628235	57.0	
T	34.011062622	-118.273567200	57.0	
T	34.011054993	-118.273513794	57.0	
T	34.011051178	-118.273460388	57.1	
T	34.011051178	-118.273414612	57.1	
T	34.011051178	-118.273384094	57.1	
T	34.011051178	-118.273353577	57.1	
T	34.011054993	-118.273330688	57.1	
T	34.011054993	-118.273315430	57.1	
T	34.011058807	-118.273300171	57.1	
T	34.011058807	-118.273284912	57.1	
T	34.011054993	-118.273269653	57.1	
T	34.011058807	-118.273262024	57.1	
T	34.011058807	-118.273254395	57.1	
T	34.011054993	-118.273262024	57.1	
T	34.011058807	-118.273262024	57.1	
T	34.011054993	-118.273262024	57.1	
T	34.011058807	-118.273262024	57.1	
T	34.011058807	-118.273223877	57.2	
T	34.011054993	-118.273208618	57.2	
T	34.011062622	-118.273178101	57.2	
T	34.011066437	-118.273147583	57.2	
T	34.011066437	-118.273094177	57.2	
T	34.011062622	-118.273025513	57.3	
T	34.011062622	-118.272956848	57.3	
T	34.011058807	-118.272880554	57.3	
T	34.011058807	-118.272796631	57.3	
T	34.011062622	-118.272720337	57.3	
T	34.011062622	-118.272628784	57.3	
T	34.011062622	-118.272544861	57.4	
T	34.011066437	-118.272445679	57.4	
T	34.011066437	-118.272346497	57.4	
T	34.011066437	-118.272254944	57.5	
T	34.011070251	-118.272163391	57.5	
T	34.011070251	-118.272064209	57.5	
T	34.011070251	-118.271972656	57.6	
T	34.011066437	-118.271881104	57.6	
T	34.011066437	-118.271797180	57.6	
T	34.011066437	-118.271713257	57.7	
T	34.011066437	-118.271621704	57.7	
T	34.011066437	-118.271530151	57.8	
T	34.011062622	-118.271446228	57.8	
T	34.011066437	-118.271369934	57.9	
T	34.011066437	-118.271316528	57.9	
T	34.011066437	-118.271263123	57.9	
T	34.011066437	-118.271209717	57.9	
T	34.011066437	-118.271163940	57.9	
T	34.011066437	-118.271125793	58.0	
T	34.011062622	-118.271095276	58.0	
T	34.011062622	-118.271064758	58.0	
T	34.011062622	-118.271041870	58.0	
T	34.011058807	-118.271026611	58.0	
T	34.011054993	-118.271011353	58.0	
T	34.011051178	-118.270996094	58.0	
T	34.011051178	-118.270980835	58.0	
T	34.011047363	-118.270973206	58.0	
T	34.011051178	-118.270965576	58.0	
T	34.011051178	-118.270957947	58.0	
T	34.011054993	-118.270957947	58.0	
T	34.011054993	-118.270950317	58.0	
T	34.011058807	-118.270950317	58.0	
T	34.011062622	-118.270950317	58.0	
T	34.011062622	-118.270950317	58.0	
T	34.011081696	-118.270919800	58.1	
T	34.011089325	-118.270881653	58.1	
T	34.011089325	-118.270851135	58.1	
T	34.011085510	-118.270790100	58.2	
T	34.011081696	-118.270721436	58.2	
T	34.011077881	-118.270652771	58.3	
T	34.011077881	-118.270576477	58.3	
T	34.011081696	-118.270492554	58.3	
T	34.011081696	-118.270416260	58.3	
T	34.011081696	-118.270324707	58.4	
T	34.011081696	-118.270240784	58.5	
T	34.011074066	-118.270141602	58.5	
T	34.011074066	-118.270057678	58.6	
T	34.011070251	-118.269973755	58.6	
T	34.011070251	-118.269889832	58.6	
T	34.011070251	-118.269805908	58.7	
T	34.011066437	-118.269714355	58.7	
T	34.011066437	-118.269622803	58.8	
T	34.011070251	-118.269523621	58.8	
T	34.011070251	-118.269432068	58.8	
T	34.011074066	-118.269332886	58.8	
T	34.011070251	-118.269233704	58.9	
T	34.011070251	-118.269126892	58.9	
T	34.011070251	-118.269020081	58.9	
T	34.011074066	-118.268905640	59.0	
T	34.011074066	-118.268791199	59.0	
T	34.011070251	-118.268684387	59.0	
T	34.011070251	-118.268569946	59.0	
T	34.011074066	-118.268455505	59.1	
T	34.011074066	-118.268341064	59.1	
T	34.011077881	-118.268226624	59.2	
T	34.011077881	-118.268104553	59.2	
T	34.011074066	-118.267990112	59.2	
T	34.011070251	-118.267868042	59.3	
T	34.011070251	-118.267745972	59.3	
T	34.011066437	-118.267623901	59.3	
T	34.011062622	-118.267501831	59.3	
T	34.011054993	-118.267372131	59.4	
T	34.011043549	-118.267250061	59.4	
T	34.011039734	-118.267120361	59.4	
T	34.011035919	-118.266998291	59.4	
T	34.011035919	-118.266876221	59.4	
T	34.011032104	-118.266754150	59.5	
T	34.011028290	-118.266639709	59.5	
T	34.011024475	-118.266532898	59.5	
T	34.011016846	-118.266426086	59.6	
T	34.011013031	-118.266326904	59.6	
T	34.011005402	-118.266227722	59.6	
T	34.011005402	-118.266136169	59.6	
T	34.011005402	-118.266052246	59.6	
T	34.011001587	-118.265983582	59.6	
T	34.010997772	-118.265914917	59.6	
T	34.010990143	-118.265861511	59.7	
T	34.010993958	-118.265823364	59.7	
T	34.010997772	-118.265792847	59.7	
T	34.011001587	-118.265769958	59.7	
T	34.011001587	-118.265754700	59.7	
T	34.011005402	-118.265747070	59.7	
T	34.011013031	-118.265731812	59.7	
T	34.011016846	-118.265716553	59.7	
T	34.011016846	-118.265708923	59.7	
T	34.011016846	-118.265701294	59.7	
T	34.011016846	-118.265693665	59.7	
T	34.011020660	-118.265678406	59.7	
T	34.011024475	-118.265670776	59.7	
T	34.011020660	-118.265663147	59.7	
T	34.011020660	-118.265655518	59.7	
T	34.011016846	-118.265655518	59.7	
T	34.011016846	-118.265655518	59.7	
T	34.011001587	-118.265609741	59.7	
T	34.010997772	-118.265579224	59.7	
T	34.010993958	-118.265556335	59.7	
T	34.010990143	-118.265502930	59.7	
T	34.010997772	-118.265441895	59.7	
T	34.010990143	-118.265350342	59.7	
T	34.010997772	-118.265266418	59.8	
T	34.011001587	-118.265182495	59.8	
T	34.011001587	-118.265098572	59.8	
T	34.011005402	-118.265007019	59.8	
T	34.011009216	-118.264907837	59.8	
T	34.011009216	-118.264808655	59.8	
T	34.011009216	-118.264717102	59.8	
T	34.011013031	-118.264610291	59.8	
T	34.011013031	-118.264503479	59.9	
T	34.011009216	-118.264396667	59.9	
T	34.011005402	-118.264289856	59.9	
T	34.011001587	-118.264190674	60.0	
T	34.011001587	-118.264091492	60.0	
T	34.011001587	-118.263992310	60.0	
T	34.011001587	-118.263900757	60.1	
T	34.011001587	-118.263816833	60.1	
T	34.011001587	-118.263717651	60.1	
T	34.011005402	-118.263618469	60.1	
T	34.011005402	-118.263519287	60.1	
T	34.011009216	-118.263412476	60.1	
T	34.011013031	-118.263305664	60.2	
T	34.011016846	-118.263198853	60.2	
T	34.011016846	-118.263092041	60.2	
T	34.011016846	-118.262985229	60.2	
T	34.011013031	-118.262870789	60.2	
T	34.011013031	-118.262756348	60.3	
T	34.011013031	-118.262641907	60.3	
T	34.011009216	-118.262519836	60.4	
T	34.011013031	-118.262405396	60.4	
T	34.011013031	-118.262283325	60.4	
T	34.011013031	-118.262161255	60.4	
T	34.011009216	-118.262039185	60.4	
T	34.011005402	-118.261909485	60.5	
T	34.011001587	-118.261779785	60.5	
T	34.010990143	-118.261650085	60.5	
T	34.010982513	-118.261528015	60.5	
T	34.010971069	-118.261398315	60.5	
T	34.010959625	-118.261276245	60.6	
T	34.010948181	-118.261154175	60.6	
T	34.010936737	-118.261032104	60.6	
T	34.010929108	-118.260902405	60.6	
T	34.010921478	-118.260772705	60.7	
T	34.010917664	-118.260643005	60.7	
T	34.010910034	-118.260520935	60.7	
T	34.010910034	-118.260391235	60.7	
T	34.010910034	-118.260261536	60.7	
T	34.010910034	-118.260131836	60.8	
T	34.010910034	-118.260002136	60.8	
T	34.010910034	-118.259864807	60.9	
T	34.010910034	-118.259735107	60.9	
T	34.010910034	-118.259605408	60.9	
T	34.010910034	-118.259483337	60.9	
T	34.010910034	-118.259368896	61.0	
T	34.010913849	-118.259269714	61.0	
T	34.010913849	-118.259178162	61.0	
T	34.010906219	-118.259094238	61.0	
T	34.010898590	-118.259017944	61.0	
T	34.010894775	-118.258941650	61.0	
T	34.010894775	-118.258888245	61.0	
T	34.010894775	-118.258834839	61.0	
T	34.010890961	-118.258789062	61.1	
T	34.010887146	-118.258750916	61.1	
T	34.010883331	-118.258720398	61.1	
T	34.010879517	-118.258689880	61.1	
T	34.010879517	-118.258674622	61.1	
T	34.010879517	-118.258666992	61.1	
T	34.010883331	-118.258659363	61.1	
T	34.010879517	-118.258666992	61.1	
T	34.010879517	-118.258666992	61.1	
T	34.010879517	-118.258666992	61.1	
T	34.010871887	-118.258644104	61.1	
T	34.010875702	-118.258628845	61.1	
T	34.010879517	-118.258613586	61.1	
T	34.010887146	-118.258590698	61.1	
T	34.010894775	-118.258560181	61.1	
T	34.010898590	-118.258522034	61.1	
T	34.010894775	-118.258453369	61.2	
T	34.010890961	-118.258354187	61.2	
T	34.010883331	-118.258270264	61.2	
T	34.010875702	-118.258171082	61.2	
T	34.010879517	-118.258079529	61.2	
T	34.010883331	-118.257972717	61.3	
T	34.010879517	-118.257865906	61.3	
T	34.010879517	-118.257766724	61.3	
T	34.010879517	-118.257659912	61.4	
T	34.010883331	-118.257553101	61.4	
T	34.010890961	-118.257453918	61.4	
T	34.010894775	-118.257354736	61.4	
T	34.010898590	-118.257263184	61.5	
T	34.010902405	-118.257179260	61.5	
T	34.010902405	-118.257102966	61.5	
T	34.010910034	-118.257026672	61.5	
T	34.010910034	-118.256958008	61.5	
T	34.010910034	-118.256896973	61.5	
T	34.010913849	-118.256843567	61.6	
T	34.010913849	-118.256805420	61.6	
T	34.010917664	-118.256767273	61.6	
T	34.010913849	-118.256744385	61.6	
T	34.010913849	-118.256729126	61.6	
T	34.010910034	-118.256721497	61.6	
T	34.010910034	-118.256713867	61.6	
T	34.010917664	-118.256713867	61.6	
T	34.010917664	-118.256713867	61.6	
T	34.010917664	-118.256713867	61.6	
T	34.010860443	-118.256660461	61.6	
T	34.010860443	-118.256637573	61.6	
T	34.010860443	-118.256607056	61.6	
T	34.010868073	-118.256568909	61.6	
T	34.010883331	-118.256530762	61.6	
T	34.010898590	-118.256492615	61.6	
T	34.010921478	-118.256469727	61.7	
T	34.010948181	-118.256462097	61.7	
T	34.010978699	-118.256454468	61.7	
T	34.011016846	-118.256446838	61.7	
T	34.011047363	-118.256446838	61.7	
T	34.011081696	-118.256446838	61.8	
T	34.011119843	-118.256446838	61.8	
T	34.011157990	-118.256446838	61.8	
T	34.011199951	-118.256446838	61.8	
T	34.011241913	-118.256454468	61.8	
T	34.011291504	-118.256462097	61.9	
T	34.011344910	-118.256462097	61.9	
T	34.011398315	-118.256469727	61.9	
T	34.011455536	-118.256469727	62.0	
T	34.011520386	-118.256477356	62.0	
T	34.011592865	-118.256484985	62.1	
T	34.011661530	-118.256484985	62.1	
T	34.011730194	-118.256484985	62.2	
T	34.011806488	-118.256492615	62.2	
T	34.011878967	-118.256492615	62.3	
T	34.011951447	-118.256492615	62.3	
T	34.012020111	-118.256492615	62.4	
T	34.012088776	-118.256484985	62.4	
T	34.012157440	-118.256484985	62.5	
T	34.012218475	-118.256469727	62.5	
T	34.012271881	-118.256462097	62.6	
T	34.012321472	-118.256454468	62.6	
T	34.012363434	-118.256446838	62.6	
T	34.012374878	-118.256431580	62.6	
T	34.012390137	-118.256423950	62.7	
T	34.012401581	-118.256431580	62.7	
T	34.012416840	-118.256431580	62.7	
T	34.012428284	-118.256423950	62.7	
T	34.012443542	-118.256416321	62.7	
T	34.012458801	-118.256408691	62.7	
T	34.012474060	-118.256416321	62.7	
T	34.012489319	-118.256416321	62.7	
T	34.012516022	-118.256423950	62.7	
T	34.012550354	-118.256431580	62.8	
T	34.012596130	-118.256431580	62.8	
T	34.012649536	-118.256431580	62.8	
T	34.012706757	-118.256431580	62.9	
T	34.012771606	-118.256431580	62.9	
T	34.012840271	-118.256439209	63.0	
T	34.012916565	-118.256439209	63.0	
T	34.012992859	-118.256439209	63.1	
T	34.013061523	-118.256431580	63.1	
T	34.013130188	-118.256431580	63.2	
T	34.013183594	-118.256431580	63.2	
T	34.013229370	-118.256431580	63.3	
T	34.013263702	-118.256431580	63.3	
T	34.013290405	-118.256431580	63.3	
T	34.013317108	-118.256423950	63.4	
T	34.013336182	-118.256423950	63.4	
T	34.013355255	-118.256431580	63.4	
T	34.013370514	-118.256431580	63.4	
T	34.013385773	-118.256439209	63.4	
T	34.013404846	-118.256446838	63.5	
T	34.013427734	-118.256446838	63.5	
T	34.013446808	-118.256439209	63.5	
T	34.013488770	-118.256446838	63.5	
T	34.013523102	-118.256446838	63.6	
T	34.013557434	-118.256446838	63.6	
T	34.013595581	-118.256446838	63.6	
T	34.013633728	-118.256446838	63.6	
T	34.013671875	-118.256446838	63.7	
T	34.013702393	-118.256446838	63.7	
T	34.013725281	-118.256446838	63.7	
T	34.013736725	-118.256446838	63.7	
T	34.013744354	-118.256446838	63.7	
T	34.013748169	-118.256454468	63.7	
T	34.013751984	-118.256462097	63.7	
T	34.013759613	-118.256462097	63.7	
T	34.013778687	-118.256469727	63.8	
T	34.013790131	-118.256469727	63.8	
T	34.013793945	-118.256469727	63.8	
T	34.013797760	-118.256469727	63.8	
T	34.013801575	-118.256477356	63.8	
T	34.013797760	-118.256484985	63.8	
T	34.013793945	-118.256492615	63.8	
T	34.013805389	-118.256492615	63.8	
T	34.013797760	-118.256492615	63.8	
T	34.013790131	-118.256500244	63.8	
T	34.013782501	-118.256500244	63.7	
T	34.013778687	-118.256492615	63.7	
T	34.013774872	-118.256492615	63.7	
T	34.013778687	-118.256492615	63.7	
T	34.013786316	-118.256492615	63.8	
T	34.013793945	-118.256492615	63.8	
T	34.013793945	-118.256492615	63.8	
T	34.013839722	-118.256484985	63.8	
T	34.013847351	-118.256484985	63.8	
T	34.013854980	-118.256484985	63.8	
T	34.013862610	-118.256484985	63.8	
T	34.013870239	-118.256477356	63.8	
T	34.013877869	-118.256477356	63.9	
T	34.013881683	-118.256477356	63.9	
T	34.013889313	-118.256484985	63.9	
T	34.013889313	-118.256492615	63.9	
T	34.013893127	-118.256492615	63.9	
T	34.013904572	-118.256500244	63.9	
T	34.013912201	-118.256507874	63.9	
T	34.013923645	-118.256515503	63.9	
T	34.013935089	-118.256515503	63.9	
T	34.013950348	-118.256523132	63.9	
T	34.013973236	-118.256530762	63.9	
T	34.014003754	-118.256538391	64.0	
T	34.014057159	-118.256538391	64.0	
T	34.014118195	-118.256530762	64.1	
T	34.014175415	-118.256530762	64.1	
T	34.014240265	-118.256523132	64.2	
T	34.014305115	-118.256523132	64.2	
T	34.014369965	-118.256523132	64.2	
T	34.014438629	-118.256523132	64.3	
T	34.014507294	-118.256523132	64.3	
T	34.014579773	-118.256523132	64.4	
T	34.014648438	-118.256523132	64.4	
T	34.014720917	-118.256523132	64.5	
T	34.014793396	-118.256523132	64.6	
T	34.014865875	-118.256507874	64.6	
T	34.014942169	-118.256492615	64.7	
T	34.015018463	-118.256469727	64.7	
T	34.015094757	-118.256446838	64.8	
T	34.015182495	-118.256416321	64.8	
T	34.015262604	-118.256385803	64.9	
T	34.015346527	-118.256347656	64.9	
T	34.015426636	-118.256317139	64.9	
T	34.015510559	-118.256286621	64.9	
T	34.015594482	-118.256248474	65.0	
T	34.015678406	-118.256217957	65.0	
T	34.015754700	-118.256187439	65.0	
T	34.015838623	-118.256156921	65.1	
T	34.015926361	-118.256118774	65.1	
T	34.016006470	-118.256080627	65.2	
T	34.016086578	-118.256050110	65.2	
T	34.016166687	-118.256011963	65.2	
T	34.016242981	-118.255981445	65.3	
T	34.016319275	-118.255943298	65.3	
T	34.016403198	-118.255912781	65.3	
T	34.016487122	-118.255874634	65.3	
T	34.016574860	-118.255844116	65.4	
T	34.016654968	-118.255805969	65.4	
T	34.016742706	-118.255775452	65.4	
T	34.016826630	-118.255737305	65.5	
T	34.016906738	-118.255706787	65.5	
T	34.016990662	-118.255668640	65.4	
T	34.017074585	-118.255630493	65.4	
T	34.017158508	-118.255599976	65.4	
T	34.017246246	-118.255577087	65.4	
T	34.017333984	-118.255546570	65.5	
T	34.017417908	-118.255508423	65.4	
T	34.017501831	-118.255477905	65.4	
T	34.017585754	-118.255439758	65.4	
T	34.017677307	-118.255401611	65.4	
T	34.017761230	-118.255371094	65.4	
T	34.017845154	-118.255332947	65.5	
T	34.017921448	-118.255302429	65.5	
T	34.017993927	-118.255264282	65.5	
T	34.018066406	-118.255233765	65.5	
T	34.018131256	-118.255210876	65.5	
T	34.018192291	-118.255187988	65.5	
T	34.018241882	-118.255172729	65.5	
T	34.018283844	-118.255165100	65.5	
T	34.018318176	-118.255165100	65.5	
T	34.018344879	-118.255157471	65.5	
T	34.018363953	-118.255157471	65.5	
T	34.018379211	-118.255149841	65.5	
T	34.018394470	-118.255149841	65.5	
T	34.018405914	-118.255142212	65.5	
T	34.018417358	-118.255134583	65.5	
T	34.018421173	-118.255134583	65.5	
T	34.018428802	-118.255126953	65.5	
T	34.018440247	-118.255119324	65.5	
T	34.018463135	-118.255119324	65.5	
T	34.018486023	-118.255111694	65.5	
T	34.018501282	-118.255104065	65.5	
T	34.018508911	-118.255104065	65.6	
T	34.018516541	-118.255104065	65.6	
T	34.018520355	-118.255111694	65.6	
T	34.018527985	-118.255111694	65.6	
T	34.018531799	-118.255111694	65.6	
T	34.018535614	-118.255111694	65.6	
T	34.018539429	-118.255111694	65.6	
T	34.018539429	-118.255119324	65.6	
T	34.018535614	-118.255119324	65.6	
T	34.018531799	-118.255111694	65.6	
T	34.018527985	-118.255104065	65.6	
T	34.018527985	-118.255096436	65.6	
T	34.018531799	-118.255096436	65.6	
T	34.018527985	-118.255096436	65.6	
T	34.018531799	-118.255096436	65.6	
T	34.018531799	-118.255088806	65.6	
T	34.018531799	-118.255081177	65.6	
T	34.018524170	-118.255081177	65.6	
T	34.018520355	-118.255081177	65.6	
T	34.018516541	-118.255081177	65.6	
T	34.018508911	-118.255081177	65.6	
T	34.018512726	-118.255081177	65.6	
T	34.018520355	-118.255081177	65.6	
T	34.018531799	-118.255073547	65.6	
T	34.018566132	-118.255073547	65.6	
T	34.018573761	-118.255073547	65.6	
T	34.018585205	-118.255065918	65.6	
T	34.018596649	-118.255065918	65.6	
T	34.018611908	-118.255058289	65.7	
T	34.018634796	-118.255050659	65.7	
T	34.018657684	-118.255050659	65.7	
T	34.018676758	-118.255058289	65.7	
T	34.018714905	-118.255058289	65.7	
T	34.018749237	-118.255073547	65.7	
T	34.018783569	-118.255104065	65.7	
T	34.018814087	-118.255142212	65.7	
T	34.018844604	-118.255187988	65.7	
T	34.018875122	-118.255241394	65.7	
T	34.018901825	-118.255310059	65.6	
T	34.018936157	-118.255386353	65.6	
T	34.018966675	-118.255455017	65.5	
T	34.018997192	-118.255523682	65.5	
T	34.019031525	-118.255599976	65.5	
T	34.019065857	-118.255676270	65.4	
T	34.019107819	-118.255767822	65.4	
T	34.019149780	-118.255859375	65.4	
T	34.019203186	-118.255950928	65.3	
T	34.019248962	-118.256050110	65.3	
T	34.019298553	-118.256141663	65.3	
T	34.019344330	-118.256233215	65.3	
T	34.019390106	-118.256332397	65.3	
T	34.019443512	-118.256431580	65.3	
T	34.019493103	-118.256538391	65.3	
T	34.019546509	-118.256645203	65.3	
T	34.019592285	-118.256752014	65.3	
T	34.019634247	-118.256858826	65.3	
T	34.019680023	-118.256958008	65.3	
T	34.019721985	-118.257049561	65.3	
T	34.019763947	-118.257133484	65.3	
T	34.019794464	-118.257209778	65.3	
T	34.019821167	-118.257270813	65.3	
T	34.019844055	-118.257316589	65.3	
T	34.019855499	-118.257362366	65.3	
T	34.019866943	-118.257392883	65.3	
T	34.019878387	-118.257415771	65.3	
T	34.019893646	-118.257431030	65.3	
T	34.019912720	-118.257446289	65.3	
T	34.019935608	-118.257453918	65.3	
T	34.019962311	-118.257446289	65.4	
T	34.019985199	-118.257446289	65.4	
T	34.020004272	-118.257438660	65.4	
T	34.020019531	-118.257423401	65.4	
T	34.020038605	-118.257408142	65.4	
T	34.020061493	-118.257385254	65.4	
T	34.020092010	-118.257362366	65.5	
T	34.020133972	-118.257339478	65.5	
T	34.020172119	-118.257308960	65.5	
T	34.020214081	-118.257278442	65.6	
T	34.020259857	-118.257240295	65.6	
T	34.020313263	-118.257202148	65.7	
T	34.020370483	-118.257164001	65.7	
T	34.020427704	-118.257125854	65.8	
T	34.020484924	-118.257087708	65.9	
T	34.020538330	-118.257057190	65.9	
T	34.020584106	-118.257026672	66.0	
T	34.020622253	-118.257003784	66.0	
T	34.020645142	-118.256988525	66.1	
T	34.020652771	-118.256988525	66.1	
T	34.020664215	-118.256973267	66.1	
T	34.020683289	-118.256965637	66.1	
T	34.020709991	-118.256950378	66.1	
T	34.020740509	-118.256927490	66.1	
T	34.020774841	-118.256896973	66.2	
T	34.020816803	-118.256866455	66.2	
T	34.020866394	-118.256835938	66.3	
T	34.020919800	-118.256797791	66.3	
T	34.020977020	-118.256759644	66.4	
T	34.021041870	-118.256721497	66.5	
T	34.021106720	-118.256675720	66.6	
T	34.021171570	-118.256629944	66.7	
T	34.021232605	-118.256591797	66.8	
T	34.021289825	-118.256553650	66.8	
T	34.021331787	-118.256523132	66.8	
T	34.021369934	-118.256500244	66.8	
T	34.021400452	-118.256484985	66.9	
T	34.021415710	-118.256469727	66.9	
T	34.021419525	-118.256469727	66.9	
T	34.021430969	-118.256469727	66.9	
T	34.021450043	-118.256454468	66.9	
T	34.021484375	-118.256439209	66.9	
T	34.021514893	-118.256416321	66.9	
T	34.021556854	-118.256393433	67.0	
T	34.021606445	-118.256362915	67.0	
T	34.021675110	-118.256324768	67.0	
T	34.021739960	-118.256286621	67.1	
T	34.021804810	-118.256240845	67.1	
T	34.021873474	-118.256202698	67.1	
T	34.021945953	-118.256164551	67.2	
T	34.022018433	-118.256118774	67.2	
T	34.022083282	-118.256080627	67.3	
T	34.022151947	-118.256042480	67.3	
T	34.022220612	-118.255996704	67.3	
T	34.022296906	-118.255958557	67.4	
T	34.022365570	-118.255912781	67.4	
T	34.022434235	-118.255867004	67.5	
T	34.022506714	-118.255821228	67.5	
T	34.022579193	-118.255775452	67.5	
T	34.022651672	-118.255729675	67.6	
T	34.022724152	-118.255676270	67.6	
T	34.022796631	-118.255630493	67.7	
T	34.022872925	-118.255577087	67.7	
T	34.022945404	-118.255531311	67.8	
T	34.023021698	-118.255485535	67.8	
T	34.023101807	-118.255439758	67.9	
T	34.023170471	-118.255401611	67.9	
T	34.023239136	-118.255355835	67.9	
T	34.023303986	-118.255310059	68.0	
T	34.023376465	-118.255256653	68.0	
T	34.023452759	-118.255210876	68.0	
T	34.023529053	-118.255165100	68.1	
T	34.023601532	-118.255111694	68.2	
T	34.023666382	-118.255073547	68.2	
T	34.023727417	-118.255027771	68.2	
T	34.023773193	-118.254989624	68.3	
T	34.023822784	-118.254959106	68.3	
T	34.023880005	-118.254928589	68.3	
T	34.023933411	-118.254905701	68.3	
T	34.023967743	-118.254882812	68.4	
T	34.023990631	-118.254859924	68.4	
T	34.024002075	-118.254844666	68.4	
T	34.024013519	-118.254837036	68.4	
T	34.024021149	-118.254837036	68.4	
T	34.024036407	-118.254821777	68.4	
T	34.024051666	-118.254814148	68.4	
T	34.024078369	-118.254798889	68.4	
T	34.024116516	-118.254776001	68.5	
T	34.024154663	-118.254753113	68.5	
T	34.024200439	-118.254722595	68.5	
T	34.024246216	-118.254692078	68.5	
T	34.024299622	-118.254661560	68.5	
T	34.024356842	-118.254623413	68.5	
T	34.024410248	-118.254585266	68.5	
T	34.024471283	-118.254547119	68.6	
T	34.024532318	-118.254501343	68.6	
T	34.024600983	-118.254463196	68.7	
T	34.024665833	-118.254425049	68.7	
T	34.024738312	-118.254386902	68.7	
T	34.024803162	-118.254348755	68.8	
T	34.024860382	-118.254310608	68.8	
T	34.024917603	-118.254272461	68.8	
T	34.024974823	-118.254241943	68.9	
T	34.025032043	-118.254203796	68.9	
T	34.025089264	-118.254165649	68.9	
T	34.025150299	-118.254135132	69.0	
T	34.025215149	-118.254096985	69.0	
T	34.025272369	-118.254051208	69.0	
T	34.025329590	-118.254005432	69.1	
T	34.025390625	-118.253974915	69.1	
T	34.025440216	-118.253936768	69.1	
T	34.025489807	-118.253913879	69.2	
T	34.025531769	-118.253890991	69.2	
T	34.025566101	-118.253868103	69.2	
T	34.025596619	-118.253845215	69.2	
T	34.025623322	-118.253829956	69.2	
T	34.025642395	-118.253814697	69.3	
T	34.025661469	-118.253799438	69.3	
T	34.025672913	-118.253791809	69.3	
T	34.025680542	-118.253784180	69.3	
T	34.025688171	-118.253776550	69.3	
T	34.025691986	-118.253768921	69.3	
T	34.025688171	-118.253768921	69.3	
T	34.025684357	-118.253768921	69.3	
T	34.025684357	-118.253768921	69.3	
T	34.025699615	-118.253753662	69.3	
T	34.025711060	-118.253738403	69.3	
T	34.025722504	-118.253738403	69.3	
T	34.025733948	-118.253730774	69.3	
T	34.025737762	-118.253730774	69.3	
T	34.025745392	-118.253723145	69.3	
T	34.025756836	-118.253707886	69.3	
T	34.025764465	-118.253692627	69.3	
T	34.025779724	-118.253669739	69.4	
T	34.025791168	-118.253639221	69.4	
T	34.025814056	-118.253608704	69.4	
T	34.025848389	-118.253593445	69.4	
T	34.025886536	-118.253593445	69.4	
T	34.025917053	-118.253616333	69.4	
T	34.025951385	-118.253646851	69.4	
T	34.025989532	-118.253700256	69.4	
T	34.026031494	-118.253753662	69.4	
T	34.026077271	-118.253814697	69.4	
T	34.026126862	-118.253883362	69.4	
T	34.026172638	-118.253967285	69.4	
T	34.026222229	-118.254058838	69.4	
T	34.026283264	-118.254165649	69.4	
T	34.026332855	-118.254264832	69.3	
T	34.026390076	-118.254364014	69.3	
T	34.026447296	-118.254470825	69.3	
T	34.026504517	-118.254570007	69.3	
T	34.026561737	-118.254684448	69.3	
T	34.026618958	-118.254798889	69.3	
T	34.026679993	-118.254920959	69.2	
T	34.026733398	-118.255027771	69.2	
T	34.026790619	-118.255142212	69.2	
T	34.026840210	-118.255256653	69.2	
T	34.026889801	-118.255363464	69.1	
T	34.026943207	-118.255477905	69.1	
T	34.026992798	-118.255592346	69.1	
T	34.027042389	-118.255714417	69.1	
T	34.027088165	-118.255828857	69.1	
T	34.027130127	-118.255928040	69.0	
T	34.027175903	-118.256027222	69.0	
T	34.027217865	-118.256126404	69.0	
T	34.027259827	-118.256217957	69.0	
T	34.027290344	-118.256286621	69.0	
T	34.027320862	-118.256324768	69.0	
T	34.027343750	-118.256385803	69.0	
T	34.027378082	-118.256454468	69.0	
T	34.027400970	-118.256523132	69.0	
T	34.027431488	-118.256622314	69.0	
T	34.027458191	-118.256683350	69.0	
T	34.027488708	-118.256744385	69.0	
T	34.027511597	-118.256797791	69.0	
T	34.027534485	-118.256851196	68.9	
T	34.027553558	-118.256896973	68.9	
T	34.027565002	-118.256935120	68.9	
T	34.027580261	-118.256973267	68.9	
T	34.027587891	-118.256996155	68.9	
T	34.027595520	-118.257019043	68.9	
T	34.027595520	-118.257041931	68.9	
T	34.027599335	-118.257064819	68.9	
T	34.027599335	-118.257087708	68.9	
T	34.027599335	-118.257118225	68.9	
T	34.027603149	-118.257141113	68.9	
T	34.027599335	-118.257164001	68.9	
T	34.027595520	-118.257171631	68.9	
T	34.027595520	-118.257171631	68.9	
T	34.027599335	-118.257186890	68.8	
T	34.027599335	-118.257194519	68.8	
T	34.027595520	-118.257194519	68.8	
T	34.027591705	-118.257194519	68.8	
T	34.027587891	-118.257194519	68.8	
T	34.027591705	-118.257194519	68.8	
T	34.027591705	-118.257194519	68.8	
T	34.027599335	-118.257225037	68.8	
T	34.027603149	-118.257232666	68.8	
T	34.027606964	-118.257232666	68.8	
T	34.027606964	-118.257240295	68.8	
T	34.027610779	-118.257247925	68.8	
T	34.027618408	-118.257263184	68.8	
T	34.027622223	-118.257255554	68.8	
T	34.027626038	-118.257263184	68.8	
T	34.027629852	-118.257270813	68.8	
T	34.027637482	-118.257278442	68.8	
T	34.027641296	-118.257293701	68.8	
T	34.027645111	-118.257301331	68.8	
T	34.027648926	-118.257308960	68.8	
T	34.027652740	-118.257308960	68.8	
T	34.027656555	-118.257308960	68.8	
T	34.027656555	-118.257301331	68.8	
T	34.027652740	-118.257286072	68.8	
T	34.027656555	-118.257278442	68.8	
T	34.027652740	-118.257263184	68.8	
T	34.027656555	-118.257263184	68.8	
T	34.027652740	-118.257255554	68.8	
T	34.027648926	-118.257240295	68.8	
T	34.027648926	-118.257232666	68.8	
T	34.027648926	-118.257225037	68.9	
T	34.027652740	-118.257225037	68.9	
T	34.027652740	-118.257209778	68.9	
T	34.027652740	-118.257194519	68.9	
T	34.027648926	-118.257186890	68.9	
T	34.027648926	-118.257179260	68.9	
T	34.027648926	-118.257171631	68.9	
T	34.027645111	-118.257171631	68.9	
T	34.027645111	-118.257164001	68.9	
T	34.027645111	-118.257171631	68.9	
T	34.027645111	-118.257179260	68.9	
T	34.027648926	-118.257186890	68.9	
T	34.027648926	-118.257194519	68.9	
T	34.027652740	-118.257202148	68.9	
T	34.027652740	-118.257217407	68.9	
T	34.027656555	-118.257232666	68.9	
T	34.027656555	-118.257270813	68.8	
T	34.027671814	-118.257308960	68.8	
T	34.027675629	-118.257354736	68.8	
T	34.027671814	-118.257400513	68.8	
T	34.027656555	-118.257461548	68.8	
T	34.027637482	-118.257514954	68.7	
T	34.027606964	-118.257568359	68.7	
T	34.027568817	-118.257598877	68.7	
T	34.027530670	-118.257621765	68.7	
T	34.027492523	-118.257621765	68.7	
T	34.027458191	-118.257621765	68.6	
T	34.027431488	-118.257637024	68.6	
T	34.027412415	-118.257652283	68.6	
T	34.027400970	-118.257659912	68.6	
T	34.027393341	-118.257659912	68.6	
T	34.027393341	-118.257652283	68.6	
T	34.027389526	-118.257652283	68.6	
T	34.027389526	-118.257644653	68.6	
T	34.027362823	-118.257652283	68.6	
T	34.027339935	-118.257675171	68.6	
T	34.027305603	-118.257698059	68.6	
T	34.027263641	-118.257720947	68.5	
T	34.027221680	-118.257751465	68.5	
T	34.027172089	-118.257781982	68.5	
T	34.027111053	-118.257812500	68.4	
T	34.027053833	-118.257843018	68.4	
T	34.026988983	-118.257881165	68.4	
T	34.026924133	-118.257919312	68.3	
T	34.026859283	-118.257965088	68.3	
T	34.026790619	-118.258010864	68.3	
T	34.026718140	-118.258064270	68.2	
T	34.026649475	-118.258110046	68.2	
T	34.026584625	-118.258148193	68.2	
T	34.026519775	-118.258186340	68.1	
T	34.026458740	-118.258224487	68.1	
T	34.026401520	-118.258262634	68.1	
T	34.026348114	-118.258293152	68.0	
T	34.026298523	-118.258323669	68.0	
T	34.026256561	-118.258346558	68.0	
T	34.026214600	-118.258369446	68.0	
T	34.026176453	-118.258392334	68.0	
T	34.026138306	-118.258415222	68.0	
T	34.026103973	-118.258438110	67.9	
T	34.026073456	-118.258453369	67.9	
T	34.026046753	-118.258476257	67.9	
T	34.026020050	-118.258491516	67.9	
T	34.025997162	-118.258506775	67.9	
T	34.025970459	-118.258522034	67.9	
T	34.025951385	-118.258537292	67.9	
T	34.025928497	-118.258552551	67.9	
T	34.025913239	-118.258560181	67.8	
T	34.025901794	-118.258575439	67.8	
T	34.025890350	-118.258583069	67.8	
T	34.025886536	-118.258583069	67.8	
T	34.025886536	-118.258590698	67.8	
T	34.025882721	-118.258590698	67.8	
T	34.025886536	-118.258590698	67.8	
T	34.025890350	-118.258598328	67.8	
T	34.025894165	-118.258598328	67.8	
T	34.025897980	-118.258598328	67.8	
T	34.025882721	-118.258598328	67.8	
T	34.025871277	-118.258605957	67.8	
T	34.025863647	-118.258613586	67.8	
T	34.025852203	-118.258613586	67.8	
T	34.025848389	-118.258621216	67.8	
T	34.025840759	-118.258628845	67.8	
T	34.025840759	-118.258636475	67.8	
T	34.025836945	-118.258651733	67.8	
T	34.025836945	-118.258674622	67.8	
T	34.025848389	-118.258712769	67.8	
T	34.025859833	-118.258750916	67.8	
T	34.025875092	-118.258789062	67.8	
T	34.025901794	-118.258834839	67.7	
T	34.025932312	-118.258880615	67.7	
T	34.025966644	-118.258934021	67.7	
T	34.026004791	-118.258995056	67.7	
T	34.026039124	-118.259063721	67.7	
T	34.026073456	-118.259124756	67.7	
T	34.026111603	-118.259201050	67.7	
T	34.026149750	-118.259284973	67.7	
T	34.026187897	-118.259361267	67.7	
T	34.026226044	-118.259452820	67.6	
T	34.026264191	-118.259536743	67.6	
T	34.026306152	-118.259635925	67.6	
T	34.026348114	-118.259727478	67.7	
T	34.026390076	-118.259819031	67.7	
T	34.026432037	-118.259910583	67.6	
T	34.026477814	-118.260002136	67.6	
T	34.026512146	-118.260093689	67.6	
T	34.026546478	-118.260162354	67.6	
T	34.026580811	-118.260231018	67.6	
T	34.026611328	-118.260284424	67.6	
T	34.026638031	-118.260330200	67.6	
T	34.026657104	-118.260360718	67.6	
T	34.026676178	-118.260398865	67.6	
T	34.026683807	-118.260421753	67.6	
T	34.026691437	-118.260444641	67.6	
T	34.026699066	-118.260467529	67.6	
T	34.026702881	-118.260482788	67.6	
T	34.026706696	-118.260498047	67.6	
T	34.026714325	-118.260528564	67.6	
T	34.026714325	-118.260559082	67.6	
T	34.026706696	-118.260589600	67.6	
T	34.026687622	-118.260612488	67.6	
T	34.026653290	-118.260635376	67.5	
T	34.026615143	-118.260650635	67.5	
T	34.026573181	-118.260665894	67.5	
T	34.026527405	-118.260681152	67.5	
T	34.026481628	-118.260704041	67.5	
T	34.026435852	-118.260734558	67.5	
T	34.026397705	-118.260765076	67.4	
T	34.026367188	-118.260803223	67.4	
T	34.026340485	-118.260841370	67.4	
T	34.026321411	-118.260887146	67.4	
T	34.026302338	-118.260925293	67.3	
T	34.026287079	-118.260963440	67.3	
T	34.026271820	-118.261001587	67.3	
T	34.026248932	-118.261039734	67.3	
T	34.026218414	-118.261077881	67.3	
T	34.026180267	-118.261108398	67.2	
T	34.026138306	-118.261131287	67.2	
T	34.026092529	-118.261161804	67.2	
T	34.026039124	-118.261184692	67.2	
T	34.025981903	-118.261215210	67.2	
T	34.025924683	-118.261245728	67.2	
T	34.025859833	-118.261283875	67.1	
T	34.025794983	-118.261322021	67.1	
T	34.025730133	-118.261352539	67.1	
T	34.025661469	-118.261390686	67.0	
T	34.025592804	-118.261421204	67.0	
T	34.025524139	-118.261466980	67.0	
T	34.025459290	-118.261497498	66.9	
T	34.025394440	-118.261535645	66.9	
T	34.025333405	-118.261581421	66.9	
T	34.025268555	-118.261627197	66.8	
T	34.025215149	-118.261672974	66.8	
T	34.025161743	-118.261711121	66.8	
T	34.025119781	-118.261741638	66.8	
T	34.025081635	-118.261764526	66.8	
T	34.025054932	-118.261787415	66.8	
T	34.025032043	-118.261802673	66.8	
T	34.025016785	-118.261817932	66.8	
T	34.025001526	-118.261825562	66.7	
T	34.024990082	-118.261840820	66.7	
T	34.024978638	-118.261856079	66.7	
T	34.024974823	-118.261878967	66.7	
T	34.024978638	-118.261909485	66.7	
T	34.024986267	-118.261947632	66.7	
T	34.024993896	-118.261985779	66.7	
T	34.025012970	-118.262016296	66.7	
T	34.025039673	-118.262062073	66.7	
T	34.025058746	-118.262107849	66.7	
T	34.025077820	-118.262145996	66.7	
T	34.025093079	-118.262199402	66.6	
T	34.025108337	-118.262245178	66.6	
T	34.025127411	-118.262306213	66.6	
T	34.025154114	-118.262359619	66.6	
T	34.025180817	-118.262420654	66.6	
T	34.025215149	-118.262481689	66.6	
T	34.025249481	-118.262535095	66.6	
T	34.025283813	-118.262603760	66.7	
T	34.025318146	-118.262680054	66.7	
T	34.025356293	-118.262756348	66.6	
T	34.025394440	-118.262832642	66.6	
T	34.025428772	-118.262916565	66.6	
T	34.025466919	-118.263008118	66.6	
T	34.025505066	-118.263092041	66.6	
T	34.025547028	-118.263183594	66.6	
T	34.025585175	-118.263275146	66.5	
T	34.025627136	-118.263366699	66.5	
T	34.025669098	-118.263458252	66.5	
T	34.025707245	-118.263549805	66.5	
T	34.025745392	-118.263641357	66.5	
T	34.025783539	-118.263732910	66.5	
T	34.025817871	-118.263816833	66.5	
T	34.025848389	-118.263908386	66.5	
T	34.025878906	-118.263999939	66.5	
T	34.025913239	-118.264091492	66.5	
T	34.025947571	-118.264183044	66.4	
T	34.025993347	-118.264274597	66.4	
T	34.026035309	-118.264366150	66.4	
T	34.026084900	-118.264442444	66.4	
T	34.026130676	-118.264526367	66.4	
T	34.026176453	-118.264610291	66.4	
T	34.026222229	-118.264709473	66.3	
T	34.026268005	-118.264801025	66.3	
T	34.026309967	-118.264900208	66.3	
T	34.026355743	-118.264991760	66.3	
T	34.026401520	-118.265083313	66.3	
T	34.026443481	-118.265190125	66.3	
T	34.026489258	-118.265289307	66.2	
T	34.026535034	-118.265388489	66.2	
T	34.026576996	-118.265487671	66.2	
T	34.026622772	-118.265586853	66.2	
T	34.026660919	-118.265678406	66.1	
T	34.026702881	-118.265769958	66.1	
T	34.026744843	-118.265869141	66.0	
T	34.026790619	-118.265960693	66.0	
T	34.026832581	-118.266059875	66.0	
T	34.026878357	-118.266159058	66.0	
T	34.026927948	-118.266258240	65.9	
T	34.026969910	-118.266357422	65.8	
T	34.027011871	-118.266448975	65.8	
T	34.027050018	-118.266525269	65.7	
T	34.027084351	-118.266601562	65.7	
T	34.027114868	-118.266670227	65.7	
T	34.027149200	-118.266731262	65.7	
T	34.027175903	-118.266792297	65.6	
T	34.027206421	-118.266838074	65.6	
T	34.027233124	-118.266883850	65.6	
T	34.027248383	-118.266914368	65.6	
T	34.027263641	-118.266929626	65.5	
T	34.027271271	-118.266944885	65.5	
T	34.027275085	-118.266952515	65.5	
T	34.027282715	-118.266967773	65.5	
T	34.027301788	-118.266983032	65.5	
T	34.027328491	-118.267013550	65.5	
T	34.027362823	-118.267051697	65.4	
T	34.027400970	-118.267066956	65.4	
T	34.027442932	-118.267066956	65.4	
T	34.027488708	-118.267066956	65.5	
T	34.027538300	-118.267082214	65.5	
T	34.027591705	-118.267105103	65.5	
T	34.027629852	-118.267143250	65.5	
T	34.027664185	-118.267196655	65.4	
T	34.027694702	-118.267265320	65.4	
T	34.027725220	-118.267333984	65.3	
T	34.027763367	-118.267410278	65.3	
T	34.027801514	-118.267486572	65.2	
T	34.027839661	-118.267570496	65.1	
T	34.027877808	-118.267654419	65.1	
T	34.027919769	-118.267730713	65.0	
T	34.027950287	-118.267799377	65.0	
T	34.027980804	-118.267860413	65.0	
T	34.028007507	-118.267906189	65.0	
T	34.028034210	-118.267959595	65.0	
T	34.028060913	-118.268013000	65.0	
T	34.028087616	-118.268074036	65.0	
T	34.028121948	-118.268142700	65.0	
T	34.028167725	-118.268218994	65.0	
T	34.028221130	-118.268302917	65.0	
T	34.028263092	-118.268409729	65.0	
T	34.028305054	-118.268508911	65.0	
T	34.028343201	-118.268608093	65.0	
T	34.028388977	-118.268699646	65.1	
T	34.028427124	-118.268775940	65.0	
T	34.028461456	-118.268836975	65.0	
T	34.028488159	-118.268890381	65.0	
T	34.028507233	-118.268943787	65.0	
T	34.028522491	-118.268997192	65.0	
T	34.028545380	-118.269050598	64.9	
T	34.028568268	-118.269119263	64.9	
T	34.028591156	-118.269187927	64.9	
T	34.028617859	-118.269271851	64.9	
T	34.028648376	-118.269355774	64.9	
T	34.028678894	-118.269439697	64.8	
T	34.028713226	-118.269531250	64.8	
T	34.028751373	-118.269622803	64.7	
T	34.028793335	-118.269721985	64.7	
T	34.028842926	-118.269813538	64.7	
T	34.028884888	-118.269905090	64.7	
T	34.028934479	-118.270004272	64.6	
T	34.028980255	-118.270103455	64.6	
T	34.029022217	-118.270210266	64.6	
T	34.029067993	-118.270286560	64.6	
T	34.029106140	-118.270362854	64.6	
T	34.029132843	-118.270423889	64.6	
T	34.029155731	-118.270454407	64.6	
T	34.029170990	-118.270477295	64.6	
T	34.029182434	-118.270492554	64.6	
T	34.029193878	-118.270523071	64.6	
T	34.029205322	-118.270545959	64.6	
T	34.029201508	-118.270645142	64.5	
T	34.029228210	-118.270668030	64.6	
T	34.029254913	-118.270675659	64.6	
T	34.029266357	-118.270690918	64.6	
T	34.029285431	-118.270713806	64.6	
T	34.029312134	-118.270736694	64.6	
T	34.029331207	-118.270759583	64.6	
T	34.029350281	-118.270797729	64.6	
T	34.029373169	-118.270835876	64.5	
T	34.029388428	-118.270881653	64.5	
T	34.029403687	-118.270950317	64.5	
T	34.029415131	-118.271018982	64.4	
T	34.029426575	-118.271095276	64.4	
T	34.029445648	-118.271171570	64.3	
T	34.029468536	-118.271247864	64.3	
T	34.029495239	-118.271324158	64.3	
T	34.029521942	-118.271400452	64.2	
T	34.029556274	-118.271484375	64.2	
T	34.029598236	-118.271560669	64.2	
T	34.029636383	-118.271636963	64.2	
T	34.029678345	-118.271720886	64.2	
T	34.029716492	-118.271804810	64.1	
T	34.029754639	-118.271881104	64.1	
T	34.029792786	-118.271965027	64.1	
T	34.029830933	-118.272041321	64.1	
T	34.029872894	-118.272125244	64.1	
T	34.029914856	-118.272209167	64.1	
T	34.029956818	-118.272293091	64.0	
T	34.029994965	-118.272377014	64.0	
T	34.030036926	-118.272460938	64.0	
T	34.030075073	-118.272544861	63.9	
T	34.030113220	-118.272636414	63.9	
T	34.030147552	-118.272743225	63.8	
T	34.030181885	-118.272834778	63.8	
T	34.030212402	-118.272926331	63.8	
T	34.030246735	-118.273017883	63.8	
T	34.030284882	-118.273109436	63.8	
T	34.030319214	-118.273200989	63.7	
T	34.030361176	-118.273292542	63.6	
T	34.030399323	-118.273376465	63.6	
T	34.030437469	-118.273468018	63.5	
T	34.030471802	-118.273551941	63.4	
T	34.030498505	-118.273620605	63.2	
T	34.030517578	-118.273681641	63.1	
T	34.030536652	-118.273735046	63.0	
T	34.030544281	-118.273773193	63.0	
T	34.030551910	-118.273803711	62.9	
T	34.030559540	-118.273818970	62.8	
T	34.030563354	-118.273826599	62.8	
T	34.030563354	-118.273834229	62.8	
T	34.030567169	-118.273841858	62.8	
T	34.030570984	-118.273857117	62.8	
T	34.030574799	-118.273864746	62.7	
T	34.030574799	-118.273864746	62.7	
T	34.030574799	-118.273864746	62.7	
T	34.030620575	-118.273963928	62.5	
T	34.030620575	-118.273971558	62.5	
T	34.030624390	-118.273971558	62.5	
T	34.030620575	-118.273971558	62.5	
T	34.030620575	-118.273971558	62.5	
T	34.030620575	-118.273971558	62.5	
T	34.030628204	-118.274024963	62.3	
T	34.030635834	-118.274040222	62.3	
T	34.030651093	-118.274070740	62.2	
T	34.030670166	-118.274108887	62.1	
T	34.030681610	-118.274139404	62.0	
T	34.030693054	-118.274169922	61.9	
T	34.030704498	-118.274185181	61.9	
T	34.030712128	-118.274208069	61.8	
T	34.030723572	-118.274223328	61.8	
T	34.030727386	-118.274246216	61.7	
T	34.030735016	-118.274284363	61.6	
T	34.030731201	-118.274322510	61.5	
T	34.030719757	-118.274375916	61.5	
T	34.030696869	-118.274429321	61.5	
T	34.030670166	-118.274475098	61.6	
T	34.030628204	-118.274520874	61.6	
T	34.030590057	-118.274559021	61.6	
T	34.030540466	-118.274589539	61.7	
T	34.030483246	-118.274627686	61.7	
T	34.030418396	-118.274665833	61.8	
T	34.030353546	-118.274703979	61.8	
T	34.030284882	-118.274742126	61.8	
T	34.030212402	-118.274780273	61.8	
T	34.030132294	-118.274818420	61.8	
T	34.030052185	-118.274864197	61.8	
T	34.029968262	-118.274909973	61.9	
T	34.029880524	-118.274955750	61.9	
T	34.029788971	-118.275009155	61.9	
T	34.029697418	-118.275062561	62.0	
T	34.029598236	-118.275115967	62.0	
T	34.029506683	-118.275177002	62.0	
T	34.029411316	-118.275230408	62.0	
T	34.029315948	-118.275291443	62.0	
T	34.029216766	-118.275344849	62.0	
T	34.029121399	-118.275398254	62.1	
T	34.029022217	-118.275451660	62.1	
T	34.028934479	-118.275497437	62.1	
T	34.028846741	-118.275543213	62.2	
T	34.028766632	-118.275581360	62.2	
T	34.028690338	-118.275619507	62.2	
T	34.028625488	-118.275657654	62.1	
T	34.028564453	-118.275688171	62.1	
T	34.028514862	-118.275726318	62.1	
T	34.028484344	-118.275756836	62.1	
T	34.028453827	-118.275772095	62.1	
T	34.028423309	-118.275794983	62.1	
T	34.028388977	-118.275810242	62.1	
T	34.028366089	-118.275825500	62.1	
T	34.028343201	-118.275840759	62.2	
T	34.028331757	-118.275848389	62.2	
T	34.028324127	-118.275848389	62.2	
T	34.028316498	-118.275856018	62.2	
T	34.028312683	-118.275863647	62.2	
T	34.028305054	-118.275856018	62.2	
T	34.028305054	-118.275856018	62.2	
T	34.028305054	-118.275856018	62.2	
T	34.028251648	-118.275871277	62.2	
T	34.028236389	-118.275886536	62.2	
T	34.028202057	-118.275909424	62.2	
T	34.028160095	-118.275932312	62.2	
T	34.028110504	-118.275939941	62.2	
T	34.028064728	-118.275932312	62.1	
T	34.028022766	-118.275909424	62.1	
T	34.027980804	-118.275871277	62.1	
T	34.027946472	-118.275833130	62.1	
T	34.027923584	-118.275787354	62.1	
T	34.027904510	-118.275741577	62.1	
T	34.027893066	-118.275688171	62.1	
T	34.027877808	-118.275650024	62.1	
T	34.027866364	-118.275611877	62.1	
T	34.027854919	-118.275581360	62.1	
T	34.027847290	-118.275558472	62.1	
T	34.027839661	-118.275543213	62.0	
T	34.027835846	-118.275535583	62.0	
T	34.027832031	-118.275527954	62.0	
T	34.027835846	-118.275520325	62.0	
T	34.027832031	-118.275520325	62.0	
T	34.027832031	-118.275520325	62.0	
T	34.027877808	-118.275451660	62.0	
T	34.027870178	-118.275436401	62.0	
T	34.027858734	-118.275421143	62.0	
T	34.027843475	-118.275390625	62.0	
T	34.027812958	-118.275382996	62.0	
T	34.027790070	-118.275382996	62.0	
T	34.027782440	-118.275367737	62.0	
T	34.027774811	-118.275360107	62.0	
T	34.027770996	-118.275344849	62.0	
T	34.027767181	-118.275337219	62.0	
T	34.027763367	-118.275329590	62.0	
T	34.027759552	-118.275314331	62.0	
T	34.027748108	-118.275291443	62.0	
T	34.027736664	-118.275253296	61.9	
T	34.027721405	-118.275215149	61.9	
T	34.027698517	-118.275169373	61.9	
T	34.027675629	-118.275123596	61.9	
T	34.027652740	-118.275062561	61.8	
T	34.027622223	-118.275001526	61.8	
T	34.027591705	-118.274940491	61.7	
T	34.027565002	-118.274864197	61.6	
T	34.027530670	-118.274787903	61.5	
T	34.027496338	-118.274711609	61.4	
T	34.027458191	-118.274635315	61.2	
T	34.027420044	-118.274543762	61.2	
T	34.027381897	-118.274452209	61.4	
T	34.027339935	-118.274368286	61.6	
T	34.027301788	-118.274269104	61.7	
T	34.027259827	-118.274177551	61.8	
T	34.027221680	-118.274093628	61.9	
T	34.027187347	-118.274002075	61.9	
T	34.027153015	-118.273918152	62.0	
T	34.027114868	-118.273834229	62.0	
T	34.027080536	-118.273750305	62.1	
T	34.027042389	-118.273666382	62.1	
T	34.027008057	-118.273574829	62.2	
T	34.026973724	-118.273490906	62.2	
T	34.026943207	-118.273406982	62.3	
T	34.026912689	-118.273323059	62.4	
T	34.026882172	-118.273239136	62.4	
T	34.026851654	-118.273155212	62.5	
T	34.026821136	-118.273078918	62.5	
T	34.026794434	-118.273010254	62.5	
T	34.026771545	-118.272949219	62.5	
T	34.026744843	-118.272888184	62.5	
T	34.026725769	-118.272834778	62.6	
T	34.026706696	-118.272789001	62.6	
T	34.026691437	-118.272758484	62.6	
T	34.026664734	-118.272735596	62.6	
T	34.026641846	-118.272727966	62.7	
T	34.026622772	-118.272720337	62.7	
T	34.026607513	-118.272712708	62.7	
T	34.026592255	-118.272705078	62.7	
T	34.026576996	-118.272705078	62.7	
T	34.026565552	-118.272705078	62.7	
T	34.026554108	-118.272697449	62.7	
T	34.026542664	-118.272689819	62.7	
T	34.026519775	-118.272712708	62.7	
T	34.026508331	-118.272720337	62.7	
T	34.026500702	-118.272720337	62.7	
T	34.026496887	-118.272720337	62.7	
T	34.026493073	-118.272720337	62.7	
T	34.026481628	-118.272720337	62.7	
T	34.026454926	-118.272712708	62.7	
T	34.026439667	-118.272705078	62.7	
T	34.026420593	-118.272682190	62.7	
T	34.026393890	-118.272644043	62.7	
T	34.026367188	-118.272598267	62.8	
T	34.026351929	-118.272560120	62.8	
T	34.026351929	-118.272521973	62.8	
T	34.026351929	-118.272483826	62.8	
T	34.026348114	-118.272453308	62.8	
T	34.026340485	-118.272430420	62.8	
T	34.026325226	-118.272415161	62.9	
T	34.026302338	-118.272415161	62.9	
T	34.026264191	-118.272430420	62.9	
T	34.026226044	-118.272453308	62.9	
T	34.026176453	-118.272476196	62.9	
T	34.026119232	-118.272506714	62.8	
T	34.026050568	-118.272537231	62.8	
T	34.025981903	-118.272583008	62.8	
T	34.025901794	-118.272628784	62.8	
T	34.025821686	-118.272682190	62.8	
T	34.025726318	-118.272735596	62.8	
T	34.025630951	-118.272789001	62.8	
T	34.025531769	-118.272850037	62.8	
T	34.025424957	-118.272903442	62.7	
T	34.025325775	-118.272972107	62.7	
T	34.025226593	-118.273033142	62.7	
T	34.025127411	-118.273101807	62.6	
T	34.025028229	-118.273170471	62.6	
T	34.024929047	-118.273231506	62.5	
T	34.024822235	-118.273300171	62.4	
T	34.024723053	-118.273361206	62.4	
T	34.024616241	-118.273422241	62.3	
T	34.024509430	-118.273483276	62.3	
T	34.024406433	-118.273544312	62.2	
T	34.024303436	-118.273605347	62.2	
T	34.024196625	-118.273674011	62.1	
T	34.024089813	-118.273750305	62.0	
T	34.023983002	-118.273818970	62.0	
T	34.023880005	-118.273887634	61.9	
T	34.023773193	-118.273956299	61.8	
T	34.023662567	-118.274024963	61.7	
T	34.023559570	-118.274093628	61.5	
T	34.023456573	-118.274162292	61.3	
T	34.023349762	-118.274230957	61.2	
T	34.023246765	-118.274291992	61.1	
T	34.023143768	-118.274353027	61.0	
T	34.023044586	-118.274421692	61.0	
T	34.022937775	-118.274490356	60.9	
T	34.022834778	-118.274551392	60.9	
T	34.022731781	-118.274620056	60.9	
T	34.022628784	-118.274688721	60.9	
T	34.022533417	-118.274757385	60.9	
T	34.022434235	-118.274818420	60.8	
T	34.022338867	-118.274887085	60.7	
T	34.022235870	-118.274948120	60.8	
T	34.022136688	-118.275016785	60.9	
T	34.022045135	-118.275077820	60.9	
T	34.021953583	-118.275138855	60.8	
T	34.021858215	-118.275199890	60.7	
T	34.021770477	-118.275260925	60.6	
T	34.021682739	-118.275306702	60.6	
T	34.021591187	-118.275367737	60.5	
T	34.021503448	-118.275421143	60.5	
T	34.021419525	-118.275474548	60.5	
T	34.021331787	-118.275527954	60.4	
T	34.021247864	-118.275588989	60.3	
T	34.021160126	-118.275642395	60.2	
T	34.021080017	-118.275703430	60.1	
T	34.020992279	-118.275756836	60.1	
T	34.020908356	-118.275810242	60.0	
T	34.020820618	-118.275871277	59.9	
T	34.020736694	-118.275917053	59.9	
T	34.020656586	-118.275962830	59.8	
T	34.020587921	-118.275993347	59.8	
T	34.020526886	-118.276031494	59.8	
T	34.020465851	-118.276046753	59.8	
T	34.020420074	-118.276062012	59.8	
T	34.020381927	-118.276077271	59.8	
T	34.020351410	-118.276100159	59.8	
T	34.020332336	-118.276123047	59.8	
T	34.020324707	-118.276123047	59.8	
T	34.020320892	-118.276123047	59.8	
T	34.020317078	-118.276123047	59.8	
T	34.020317078	-118.276115417	59.8	
T	34.020309448	-118.276115417	59.8	
T	34.020282745	-118.276123047	59.8	
T	34.020256042	-118.276123047	59.8	
T	34.020225525	-118.276123047	59.8	
T	34.020195007	-118.276107788	59.8	
T	34.020164490	-118.276084900	59.8	
T	34.020130157	-118.276046753	59.8	
T	34.020103455	-118.276008606	59.8	
T	34.020069122	-118.275955200	59.8	
T	34.020038605	-118.275909424	59.8	
T	34.020004272	-118.275848389	59.9	
T	34.019962311	-118.275787354	59.9	
T	34.019920349	-118.275726318	59.9	
T	34.019882202	-118.275657654	59.9	
T	34.019844055	-118.275581360	60.0	
T	34.019798279	-118.275505066	60.0	
T	34.019756317	-118.275428772	60.1	
T	34.019714355	-118.275344849	60.2	
T	34.019699097	-118.275260925	60.3	
T	34.019683838	-118.275192261	60.4	
T	34.019676208	-118.275131226	60.4	
T	34.019664764	-118.275093079	60.5	
T	34.019660950	-118.275070190	60.5	
T	34.019660950	-118.275054932	60.5	
T	34.019664764	-118.275047302	60.5	
T	34.019664764	-118.275054932	60.5	
T	34.019657135	-118.275032043	60.5	
T	34.019645691	-118.275016785	60.5	
T	34.019630432	-118.275001526	60.6	
T	34.019615173	-118.274993896	60.6	
T	34.019577026	-118.274993896	60.6	
T	34.019535065	-118.275009155	60.5	
T	34.019493103	-118.275024414	60.5	
T	34.019447327	-118.275054932	60.5	
T	34.019393921	-118.275100708	60.4	
T	34.019336700	-118.275146484	60.4	
T	34.019268036	-118.275184631	60.3	
T	34.019195557	-118.275230408	60.3	
T	34.019119263	-118.275276184	60.2	
T	34.019035339	-118.275321960	60.1	
T	34.018951416	-118.275367737	60.1	
T	34.018871307	-118.275421143	60.0	
T	34.018783569	-118.275474548	60.0	
T	34.018699646	-118.275527954	59.9	
T	34.018608093	-118.275588989	59.8	
T	34.018516541	-118.275650024	59.7	
T	34.018428802	-118.275711060	59.6	
T	34.018333435	-118.275772095	59.6	
T	34.018234253	-118.275833130	59.5	
T	34.018135071	-118.275886536	59.4	
T	34.018043518	-118.275947571	59.4	
T	34.017951965	-118.276008606	59.3	
T	34.017856598	-118.276069641	59.3	
T	34.017765045	-118.276130676	59.2	
T	34.017677307	-118.276191711	59.2	
T	34.017593384	-118.276245117	59.1	
T	34.017513275	-118.276298523	59.0	
T	34.017421722	-118.276344299	58.9	
T	34.017337799	-118.276390076	58.8	
T	34.017253876	-118.276428223	58.8	
T	34.017169952	-118.276481628	58.7	
T	34.017089844	-118.276519775	58.7	
T	34.017009735	-118.276565552	58.7	
T	34.016933441	-118.276618958	58.7	
T	34.016857147	-118.276672363	58.7	
T	34.016780853	-118.276733398	58.7	
T	34.016704559	-118.276802063	58.7	
T	34.016632080	-118.276855469	58.7	
T	34.016567230	-118.276901245	58.7	
T	34.016506195	-118.276947021	58.7	
T	34.016464233	-118.276985168	58.7	
T	34.016422272	-118.277008057	58.7	
T	34.016387939	-118.277030945	58.7	
T	34.016361237	-118.277053833	58.6	
T	34.016342163	-118.277069092	58.6	
T	34.016326904	-118.277084351	58.6	
T	34.016315460	-118.277099609	58.6	
T	34.016311646	-118.277122498	58.6	
T	34.016307831	-118.277153015	58.6	
T	34.016307831	-118.277183533	58.6	
T	34.016311646	-118.277214050	58.6	
T	34.016319275	-118.277244568	58.6	
T	34.016338348	-118.277275085	58.6	
T	34.016353607	-118.277313232	58.6	
T	34.016376495	-118.277351379	58.6	
T	34.016399384	-118.277404785	58.7	
T	34.016429901	-118.277442932	58.7	
T	34.016464233	-118.277496338	58.7	
T	34.016490936	-118.277565002	58.7	
T	34.016510010	-118.277626038	58.7	
T	34.016532898	-118.277679443	58.7	
T	34.016551971	-118.277725220	58.7	
T	34.016567230	-118.277755737	58.7	
T	34.016578674	-118.277786255	58.8	
T	34.016593933	-118.277816772	58.8	
T	34.016609192	-118.277839661	58.8	
T	34.016624451	-118.277870178	58.8	
T	34.016632080	-118.277885437	58.8	
T	34.016643524	-118.277900696	58.8	
T	34.016651154	-118.277915955	58.8	
T	34.016658783	-118.277931213	58.8	
T	34.016674042	-118.277954102	58.8	
T	34.016685486	-118.277969360	58.8	
T	34.016700745	-118.277984619	58.8	
T	34.016712189	-118.277992249	58.8	
T	34.016723633	-118.278015137	58.8	
T	34.016727448	-118.278022766	58.8	
T	34.016731262	-118.278030396	58.8	
T	34.016735077	-118.278030396	58.8	
T	34.016735077	-118.278030396	58.8	
T	34.016674042	-118.278045654	58.8	
T	34.016674042	-118.278053284	58.8	
T	34.016677856	-118.278045654	58.8	
T	34.016681671	-118.278053284	58.8	
T	34.016693115	-118.278076172	58.9	
T	34.016693115	-118.278083801	58.9	
T	34.016693115	-118.278091431	58.9	
T	34.016700745	-118.278091431	58.9	
T	34.016704559	-118.278091431	58.9	
T	34.016708374	-118.278083801	58.9	
T	34.016708374	-118.278083801	58.9	
T	34.016754150	-118.277984619	58.8	
T	34.016754150	-118.277992249	58.8	
T	34.016754150	-118.277984619	58.8	
T	34.016754150	-118.277969360	58.8	
T	34.016757965	-118.277969360	58.8	
T	34.016754150	-118.277976990	58.8	
T	34.016754150	-118.277976990	58.8	
T	34.016677856	-118.278053284	58.8	
T	34.016677856	-118.278060913	58.9	
T	34.016677856	-118.278068542	58.9	
T	34.016677856	-118.278068542	58.9	
T	34.016738892	-118.277984619	58.8	
T	34.016738892	-118.277976990	58.8	
T	34.016738892	-118.277976990	58.8	
T	34.016757965	-118.278038025	58.8	
T	34.016761780	-118.278053284	58.8	
T	34.016765594	-118.278053284	58.8	
T	34.016765594	-118.278068542	58.8	
T	34.016761780	-118.278076172	58.8	
T	34.016765594	-118.278083801	58.8	
T	34.016765594	-118.278091431	58.8	
T	34.016769409	-118.278099060	58.8	
T	34.016769409	-118.278106689	58.9	
T	34.016765594	-118.278106689	58.9	
T	34.016769409	-118.278121948	58.9	
T	34.016773224	-118.278129578	58.9	
T	34.016773224	-118.278137207	58.9	
T	34.016773224	-118.278152466	58.9	
T	34.016773224	-118.278160095	58.9	
T	34.016773224	-118.278167725	58.9	
T	34.016777039	-118.278175354	58.9	
T	34.016788483	-118.278190613	58.9	
T	34.016799927	-118.278198242	58.9	
T	34.016811371	-118.278205872	58.9	
T	34.016826630	-118.278205872	58.9	
T	34.016853333	-118.278198242	58.9	
T	34.016883850	-118.278190613	58.9	
T	34.016918182	-118.278175354	58.9	
T	34.016960144	-118.278144836	58.9	
T	34.017013550	-118.278114319	58.9	
T	34.017070770	-118.278083801	58.9	
T	34.017131805	-118.278045654	58.9	
T	34.017192841	-118.278007507	58.9	
T	34.017253876	-118.277961731	58.9	
T	34.017322540	-118.277923584	58.9	
T	34.017391205	-118.277877808	58.9	
T	34.017459869	-118.277824402	58.9	
T	34.017517090	-118.277786255	58.9	
T	34.017581940	-118.277740479	58.9	
T	34.017642975	-118.277709961	58.9	
T	34.017700195	-118.277671814	58.9	
T	34.017757416	-118.277633667	58.9	
T	34.017818451	-118.277595520	58.9	
T	34.017883301	-118.277557373	58.9	
T	34.017951965	-118.277511597	58.9	
T	34.018020630	-118.277473450	58.9	
T	34.018085480	-118.277427673	58.9	
T	34.018154144	-118.277374268	58.9	
T	34.018218994	-118.277313232	58.9	
T	34.018287659	-118.277267456	58.9	
T	34.018360138	-118.277221680	58.9	
T	34.018436432	-118.277168274	58.9	
T	34.018516541	-118.277122498	58.8	
T	34.018596649	-118.277061462	58.8	
T	34.018680573	-118.277008057	58.7	
T	34.018768311	-118.276947021	58.8	
T	34.018848419	-118.276893616	58.9	
T	34.018932343	-118.276832581	58.9	
T	34.019020081	-118.276771545	59.0	
T	34.019107819	-118.276718140	59.2	
T	34.019195557	-118.276657104	59.3	
T	34.019275665	-118.276603699	59.4	
T	34.019359589	-118.276542664	59.4	
T	34.019439697	-118.276481628	59.5	
T	34.019512177	-118.276428223	59.5	
T	34.019584656	-118.276382446	59.6	
T	34.019653320	-118.276336670	59.6	
T	34.019729614	-118.276306152	59.6	
T	34.019798279	-118.276268005	59.6	
T	34.019863129	-118.276237488	59.6	
T	34.019920349	-118.276206970	59.6	
T	34.019989014	-118.276199341	59.7	
T	34.020080566	-118.276206970	59.7	
T	34.020172119	-118.276222229	59.7	
T	34.020244598	-118.276214600	59.7	
T	34.020313263	-118.276191711	59.8	
T	34.020381927	-118.276153564	59.8	
T	34.020458221	-118.276123047	59.8	
T	34.020538330	-118.276077271	59.8	
T	34.020622253	-118.276023865	59.8	
T	34.020706177	-118.275970459	59.8	
T	34.020793915	-118.275909424	59.9	
T	34.020881653	-118.275848389	60.0	
T	34.020977020	-118.275787354	60.0	
T	34.021072388	-118.275726318	60.1	
T	34.021167755	-118.275665283	60.2	
T	34.021259308	-118.275596619	60.3	
T	34.021362305	-118.275535583	60.4	
T	34.021457672	-118.275466919	60.5	
T	34.021560669	-118.275398254	60.5	
T	34.021659851	-118.275329590	60.6	
T	34.021755219	-118.275268555	60.6	
T	34.021854401	-118.275199890	60.7	
T	34.021957397	-118.275131226	60.8	
T	34.022056580	-118.275070190	60.9	
T	34.022151947	-118.275009155	60.9	
T	34.022251129	-118.274940491	60.8	
T	34.022350311	-118.274879456	60.7	
T	34.022449493	-118.274818420	60.8	
T	34.022544861	-118.274757385	60.9	
T	34.022636414	-118.274696350	60.9	
T	34.022720337	-118.274635315	60.9	
T	34.022804260	-118.274581909	60.9	
T	34.022880554	-118.274528503	60.9	
T	34.022953033	-118.274490356	60.9	
T	34.023010254	-118.274452209	61.0	
T	34.023075104	-118.274421692	61.0	
T	34.023124695	-118.274398804	61.0	
T	34.023162842	-118.274375916	61.0	
T	34.023181915	-118.274360657	61.0	
T	34.023200989	-118.274353027	61.0	
T	34.023216248	-118.274345398	61.0	
T	34.023231506	-118.274337769	61.1	
T	34.023239136	-118.274337769	61.1	
T	34.023246765	-118.274330139	61.1	
T	34.023254395	-118.274322510	61.1	
T	34.023262024	-118.274322510	61.1	
T	34.023262024	-118.274314880	61.1	
T	34.023269653	-118.274314880	61.1	
T	34.023273468	-118.274314880	61.1	
T	34.023273468	-118.274307251	61.1	
T	34.023273468	-118.274307251	61.1	
T	34.023284912	-118.274261475	61.2	
T	34.023303986	-118.274246216	61.2	
T	34.023338318	-118.274223328	61.2	
T	34.023372650	-118.274200439	61.3	
T	34.023418427	-118.274169922	61.3	
T	34.023464203	-118.274139404	61.3	
T	34.023517609	-118.274101257	61.5	
T	34.023578644	-118.274063110	61.6	
T	34.023647308	-118.274024963	61.7	
T	34.023712158	-118.273979187	61.8	
T	34.023796082	-118.273925781	61.9	
T	34.023868561	-118.273872375	61.9	
T	34.023944855	-118.273826599	61.9	
T	34.024028778	-118.273773193	62.0	
T	34.024116516	-118.273727417	62.0	
T	34.024200439	-118.273674011	62.1	
T	34.024288177	-118.273628235	62.1	
T	34.024375916	-118.273574829	62.2	
T	34.024475098	-118.273529053	62.2	
T	34.024566650	-118.273475647	62.3	
T	34.024650574	-118.273414612	62.3	
T	34.024742126	-118.273361206	62.4	
T	34.024829865	-118.273300171	62.5	
T	34.024913788	-118.273246765	62.5	
T	34.025001526	-118.273193359	62.6	
T	34.025074005	-118.273139954	62.6	
T	34.025161743	-118.273078918	62.6	
T	34.025241852	-118.273025513	62.7	
T	34.025318146	-118.272972107	62.7	
T	34.025402069	-118.272918701	62.7	
T	34.025482178	-118.272872925	62.7	
T	34.025566101	-118.272819519	62.8	
T	34.025646210	-118.272773743	62.8	
T	34.025722504	-118.272727966	62.8	
T	34.025794983	-118.272689819	62.8	
T	34.025863647	-118.272651672	62.8	
T	34.025924683	-118.272613525	62.8	
T	34.025978088	-118.272567749	62.8	
T	34.026031494	-118.272529602	62.8	
T	34.026073456	-118.272499084	62.9	
T	34.026107788	-118.272476196	62.9	
T	34.026149750	-118.272453308	62.9	
T	34.026176453	-118.272430420	62.9	
T	34.026203156	-118.272399902	62.9	
T	34.026226044	-118.272384644	62.9	
T	34.026241302	-118.272377014	62.9	
T	34.026248932	-118.272361755	62.9	
T	34.026260376	-118.272354126	62.9	
T	34.026275635	-118.272354126	62.9	
T	34.026294708	-118.272361755	62.9	
T	34.026309967	-118.272361755	62.9	
T	34.026317596	-118.272361755	62.9	
T	34.026325226	-118.272361755	62.9	
T	34.026325226	-118.272369385	62.9	
T	34.026325226	-118.272377014	62.9	
T	34.026329041	-118.272361755	62.9	
T	34.026332855	-118.272361755	62.9	
T	34.026336670	-118.272361755	62.9	
T	34.026336670	-118.272354126	62.9	
T	34.026336670	-118.272354126	62.9	
T	34.026355743	-118.272331238	62.9	
T	34.026371002	-118.272315979	62.9	
T	34.026386261	-118.272300720	62.9	
T	34.026416779	-118.272277832	62.9	
T	34.026458740	-118.272247314	62.9	
T	34.026508331	-118.272224426	62.9	
T	34.026561737	-118.272186279	62.9	
T	34.026626587	-118.272140503	63.0	
T	34.026695251	-118.272094727	63.0	
T	34.026767731	-118.272048950	63.0	
T	34.026844025	-118.272003174	63.0	
T	34.026916504	-118.271957397	63.1	
T	34.026996613	-118.271903992	63.1	
T	34.027076721	-118.271850586	63.2	
T	34.027156830	-118.271797180	63.2	
T	34.027240753	-118.271751404	63.2	
T	34.027324677	-118.271697998	63.3	
T	34.027404785	-118.271652222	63.3	
T	34.027484894	-118.271598816	63.4	
T	34.027568817	-118.271545410	63.5	
T	34.027652740	-118.271492004	63.5	
T	34.027736664	-118.271438599	63.5	
T	34.027824402	-118.271385193	63.6	
T	34.027915955	-118.271331787	63.6	
T	34.028003693	-118.271278381	63.7	
T	34.028091431	-118.271224976	63.8	
T	34.028175354	-118.271171570	63.8	
T	34.028259277	-118.271118164	63.9	
T	34.028335571	-118.271064758	64.0	
T	34.028411865	-118.271018982	64.0	
T	34.028488159	-118.270973206	64.1	
T	34.028556824	-118.270919800	64.1	
T	34.028621674	-118.270881653	64.2	
T	34.028675079	-118.270835876	64.2	
T	34.028728485	-118.270790100	64.3	
T	34.028785706	-118.270759583	64.3	
T	34.028842926	-118.270729065	64.3	
T	34.028900146	-118.270698547	64.4	
T	34.028945923	-118.270668030	64.4	
T	34.028987885	-118.270645142	64.4	
T	34.029018402	-118.270629883	64.4	
T	34.029033661	-118.270614624	64.5	
T	34.029045105	-118.270606995	64.5	
T	34.029052734	-118.270591736	64.5	
T	34.029052734	-118.270584106	64.5	
T	34.029048920	-118.270576477	64.5	
T	34.029041290	-118.270561218	64.5	
T	34.029029846	-118.270553589	64.5	
T	34.029026031	-118.270545959	64.5	
T	34.029022217	-118.270538330	64.5	
T	34.029018402	-118.270538330	64.5	
T	34.029010773	-118.270530701	64.5	
T	34.029003143	-118.270523071	64.5	
T	34.028991699	-118.270515442	64.5	
T	34.028984070	-118.270507812	64.5	
T	34.028980255	-118.270507812	64.5	
T	34.029003143	-118.270484924	64.5	
T	34.029022217	-118.270469666	64.6	
T	34.029052734	-118.270446777	64.6	
T	34.029090881	-118.270416260	64.6	
T	34.029148102	-118.270385742	64.7	
T	34.029209137	-118.270355225	64.7	
T	34.029308319	-118.270324707	64.8	
T	34.029403687	-118.270286560	64.9	
T	34.029487610	-118.270248413	65.0	
T	34.029567719	-118.270210266	65.0	
T	34.029651642	-118.270164490	65.1	
T	34.029743195	-118.270118713	65.2	
T	34.029830933	-118.270072937	65.2	
T	34.029922485	-118.270019531	65.3	
T	34.030010223	-118.269973755	65.4	
T	34.030101776	-118.269920349	65.5	
T	34.030185699	-118.269866943	65.6	
T	34.030273438	-118.269821167	65.7	
T	34.030361176	-118.269767761	65.8	
T	34.030448914	-118.269706726	65.9	
T	34.030544281	-118.269653320	66.0	
T	34.030635834	-118.269599915	66.1	
T	34.030723572	-118.269546509	66.2	
T	34.030811310	-118.269485474	66.4	
T	34.030895233	-118.269432068	66.5	
T	34.030979156	-118.269378662	66.6	
T	34.031051636	-118.269332886	66.6	
T	34.031124115	-118.269294739	66.7	
T	34.031185150	-118.269264221	66.8	
T	34.031227112	-118.269241333	66.8	
T	34.031261444	-118.269218445	66.9	
T	34.031284332	-118.269203186	66.9	
T	34.031291962	-118.269203186	66.9	
T	34.031299591	-118.269195557	66.9	
T	34.031307220	-118.269187927	66.9	
T	34.031326294	-118.269180298	66.9	
T	34.031345367	-118.269165039	66.9	
T	34.031379700	-118.269157410	66.9	
T	34.031429291	-118.269126892	67.0	
T	34.031482697	-118.269073486	67.0	
T	34.031551361	-118.269027710	67.1	
T	34.031620026	-118.268974304	67.2	
T	34.031692505	-118.268913269	67.2	
T	34.031776428	-118.268859863	67.2	
T	34.031860352	-118.268798828	67.3	
T	34.031944275	-118.268737793	67.4	
T	34.032024384	-118.268676758	67.4	
T	34.032096863	-118.268615723	67.5	
T	34.032161713	-118.268569946	67.6	
T	34.032218933	-118.268524170	67.6	
T	34.032272339	-118.268493652	67.7	
T	34.032318115	-118.268463135	67.7	
T	34.032356262	-118.268440247	67.7	
T	34.032386780	-118.268409729	67.8	
T	34.032413483	-118.268394470	67.8	
T	34.032432556	-118.268379211	67.8	
T	34.032447815	-118.268356323	67.8	
T	34.032459259	-118.268348694	67.8	
T	34.032466888	-118.268341064	67.8	
T	34.032474518	-118.268333435	67.8	
T	34.032478333	-118.268325806	67.8	
T	34.032485962	-118.268325806	67.8	
T	34.032489777	-118.268325806	67.8	
T	34.032489777	-118.268325806	67.8	
T	34.032489777	-118.268325806	67.8	
T	34.032413483	-118.268318176	67.8	
T	34.032405853	-118.268310547	67.8	
T	34.032402039	-118.268310547	67.8	
T	34.032398224	-118.268310547	67.8	
T	34.032394409	-118.268310547	67.8	
T	34.032390594	-118.268302917	67.8	
T	34.032382965	-118.268287659	67.8	
T	34.032379150	-118.268287659	67.8	
T	34.032390594	-118.268287659	67.8	
T	34.032440186	-118.268310547	67.8	
T	34.032455444	-118.268310547	67.8	
T	34.032466888	-118.268310547	67.8	
T	34.032478333	-118.268310547	67.8	
T	34.032489777	-118.268302917	67.8	
T	34.032497406	-118.268295288	67.8	
T	34.032508850	-118.268280029	67.9	
T	34.032550812	-118.268264771	67.9	
T	34.032562256	-118.268241882	67.9	
T	34.032569885	-118.268226624	67.9	
T	34.032558441	-118.268203735	67.9	
T	34.032524109	-118.268165588	67.9	
T	34.032493591	-118.268127441	67.9	
T	34.032470703	-118.268089294	67.9	
T	34.032444000	-118.268051147	68.0	
T	34.032421112	-118.268013000	68.0	
T	34.032398224	-118.267974854	68.0	
T	34.032382965	-118.267944336	68.0	
T	34.032371521	-118.267913818	68.0	
T	34.032360077	-118.267883301	68.0	
T	34.032348633	-118.267860413	68.0	
T	34.032344818	-118.267845154	68.0	
T	34.032337189	-118.267822266	68.0	
T	34.032337189	-118.267814636	68.0	
T	34.032341003	-118.267799377	68.0	
T	34.032344818	-118.267799377	68.0	
T	34.032344818	-118.267791748	68.0	
T	34.032344818	-118.267784119	68.0	
T	34.032344818	-118.267784119	68.0	
T	34.032344818	-118.267784119	68.0	
T	34.032352448	-118.267745972	68.1	
T	34.032344818	-118.267723083	68.1	
T	34.032329559	-118.267684937	68.1	
T	34.032302856	-118.267631531	68.1	
T	34.032272339	-118.267562866	68.1	
T	34.032245636	-118.267501831	68.1	
T	34.032211304	-118.267425537	68.1	
T	34.032173157	-118.267349243	68.1	
T	34.032142639	-118.267265320	68.2	
T	34.032100677	-118.267173767	68.2	
T	34.032058716	-118.267074585	68.2	
T	34.032020569	-118.266990662	68.2	
T	34.031978607	-118.266891479	68.2	
T	34.031940460	-118.266799927	68.3	
T	34.031898499	-118.266716003	68.3	
T	34.031848907	-118.266632080	68.3	
T	34.031799316	-118.266532898	68.3	
T	34.031749725	-118.266441345	68.3	
T	34.031681061	-118.266357422	68.2	
T	34.031623840	-118.266265869	68.2	
T	34.031566620	-118.266174316	68.2	
T	34.031517029	-118.266075134	68.3	
T	34.031471252	-118.265975952	68.3	
T	34.031440735	-118.265846252	68.3	
T	34.031398773	-118.265739441	68.2	
T	34.031356812	-118.265625000	68.3	
T	34.031314850	-118.265518188	68.3	
T	34.031269073	-118.265403748	68.3	
T	34.031223297	-118.265289307	68.3	
T	34.031177521	-118.265174866	68.4	
T	34.031131744	-118.265060425	68.4	
T	34.031082153	-118.264945984	68.4	
T	34.031036377	-118.264839172	68.4	
T	34.030986786	-118.264732361	68.4	
T	34.030937195	-118.264625549	68.5	
T	34.030887604	-118.264518738	68.5	
T	34.030838013	-118.264404297	68.5	
T	34.030792236	-118.264289856	68.4	
T	34.030746460	-118.264183044	68.4	
T	34.030700684	-118.264083862	68.4	
T	34.030654907	-118.263984680	68.4	
T	34.030609131	-118.263885498	68.4	
T	34.030567169	-118.263793945	68.4	
T	34.030525208	-118.263702393	68.5	
T	34.030483246	-118.263603210	68.5	
T	34.030441284	-118.263511658	68.5	
T	34.030399323	-118.263420105	68.5	
T	34.030357361	-118.263320923	68.5	
T	34.030311584	-118.263221741	68.5	
T	34.030265808	-118.263122559	68.5	
T	34.030220032	-118.263015747	68.5	
T	34.030178070	-118.262916565	68.5	
T	34.030128479	-118.262809753	68.5	
T	34.030082703	-118.262702942	68.5	
T	34.030036926	-118.262596130	68.5	
T	34.029991150	-118.262496948	68.4	
T	34.029953003	-118.262405396	68.4	
T	34.029918671	-118.262313843	68.4	
T	34.029899597	-118.262229919	68.5	
T	34.029872894	-118.262161255	68.5	
T	34.029850006	-118.262100220	68.5	
T	34.029823303	-118.262054443	68.5	
T	34.029800415	-118.262016296	68.5	
T	34.029777527	-118.261978149	68.5	
T	34.029758453	-118.261940002	68.5	
T	34.029743195	-118.261917114	68.5	
T	34.029727936	-118.261894226	68.5	
T	34.029720306	-118.261878967	68.4	
T	34.029716492	-118.261871338	68.4	
T	34.029708862	-118.261856079	68.4	
T	34.029705048	-118.261848450	68.4	
T	34.029701233	-118.261848450	68.4	
T	34.029697418	-118.261848450	68.4	
T	34.029693604	-118.261856079	68.4	
T	34.029689789	-118.261856079	68.4	
T	34.029685974	-118.261863708	68.4	
T	34.029685974	-118.261863708	68.4	
T	34.029647827	-118.261840820	68.4	
T	34.029640198	-118.261817932	68.4	
T	34.029624939	-118.261787415	68.4	
T	34.029609680	-118.261741638	68.4	
T	34.029586792	-118.261688232	68.4	
T	34.029556274	-118.261611938	68.5	
T	34.029521942	-118.261535645	68.5	
T	34.029483795	-118.261444092	68.4	
T	34.029441833	-118.261352539	68.4	
T	34.029399872	-118.261268616	68.4	
T	34.029361725	-118.261177063	68.4	
T	34.029323578	-118.261085510	68.5	
T	34.029285431	-118.260986328	68.5	
T	34.029243469	-118.260887146	68.5	
T	34.029197693	-118.260787964	68.5	
T	34.029148102	-118.260681152	68.4	
T	34.029106140	-118.260581970	68.5	
T	34.029060364	-118.260475159	68.5	
T	34.029014587	-118.260368347	68.5	
T	34.028968811	-118.260253906	68.5	
T	34.028923035	-118.260147095	68.5	
T	34.028873444	-118.260032654	68.5	
T	34.028820038	-118.259918213	68.5	
T	34.028766632	-118.259811401	68.5	
T	34.028709412	-118.259704590	68.5	
T	34.028652191	-118.259605408	68.6	
T	34.028598785	-118.259498596	68.5	
T	34.028549194	-118.259391785	68.5	
T	34.028499603	-118.259284973	68.5	
T	34.028450012	-118.259178162	68.5	
T	34.028404236	-118.259071350	68.6	
T	34.028358459	-118.258956909	68.6	
T	34.028308868	-118.258850098	68.6	
T	34.028263092	-118.258743286	68.6	
T	34.028205872	-118.258644104	68.6	
T	34.028152466	-118.258544922	68.7	
T	34.028099060	-118.258438110	68.7	
T	34.028045654	-118.258331299	68.6	
T	34.027988434	-118.258224487	68.6	
T	34.027935028	-118.258125305	68.6	
T	34.027885437	-118.258018494	68.7	
T	34.027835846	-118.257911682	68.7	
T	34.027786255	-118.257804871	68.7	
T	34.027740479	-118.257705688	68.7	
T	34.027690887	-118.257606506	68.7	
T	34.027645111	-118.257507324	68.8	
T	34.027603149	-118.257408142	68.8	
T	34.027557373	-118.257308960	68.8	
T	34.027511597	-118.257194519	68.8	
T	34.027465820	-118.257087708	68.8	
T	34.027416229	-118.256980896	68.9	
T	34.027366638	-118.256866455	68.9	
T	34.027313232	-118.256759644	68.9	
T	34.027259827	-118.256652832	68.9	
T	34.027210236	-118.256546021	68.9	
T	34.027153015	-118.256431580	68.9	
T	34.027091980	-118.256324768	68.9	
T	34.027038574	-118.256202698	68.9	
T	34.026977539	-118.256088257	68.9	
T	34.026924133	-118.255973816	68.9	
T	34.026866913	-118.255859375	69.0	
T	34.026813507	-118.255744934	69.0	
T	34.026763916	-118.255630493	69.0	
T	34.026714325	-118.255523682	69.0	
T	34.026668549	-118.255409241	69.1	
T	34.026615143	-118.255302429	69.1	
T	34.026557922	-118.255187988	69.1	
T	34.026508331	-118.255065918	69.1	
T	34.026454926	-118.254936218	69.1	
T	34.026401520	-118.254814148	69.2	
T	34.026351929	-118.254692078	69.2	
T	34.026302338	-118.254577637	69.2	
T	34.026256561	-118.254470825	69.2	
T	34.026210785	-118.254371643	69.3	
T	34.026172638	-118.254280090	69.3	
T	34.026134491	-118.254196167	69.3	
T	34.026100159	-118.254119873	69.3	
T	34.026073456	-118.254058838	69.3	
T	34.026042938	-118.254005432	69.3	
T	34.026023865	-118.253959656	69.3	
T	34.026008606	-118.253913879	69.4	
T	34.025993347	-118.253883362	69.4	
T	34.025981903	-118.253860474	69.4	
T	34.025970459	-118.253845215	69.4	
T	34.025966644	-118.253829956	69.4	
T	34.025955200	-118.253822327	69.4	
T	34.025955200	-118.253814697	69.4	
T	34.025947571	-118.253807068	69.4	
T	34.025939941	-118.253799438	69.4	
T	34.025939941	-118.253791809	69.4	
T	34.025936127	-118.253791809	69.4	
T	34.025936127	-118.253791809	69.4	
T	34.025932312	-118.253723145	69.4	
T	34.025920868	-118.253700256	69.4	
T	34.025886536	-118.253646851	69.4	
T	34.025856018	-118.253570557	69.4	
T	34.025821686	-118.253501892	69.4	
T	34.025787354	-118.253425598	69.5	
T	34.025749207	-118.253341675	69.5	
T	34.025714874	-118.253257751	69.5	
T	34.025669098	-118.253166199	69.5	
T	34.025627136	-118.253067017	69.5	
T	34.025585175	-118.252975464	69.6	
T	34.025539398	-118.252868652	69.6	
T	34.025489807	-118.252769470	69.7	
T	34.025440216	-118.252670288	69.7	
T	34.025390625	-118.252563477	69.7	
T	34.025337219	-118.252456665	69.7	
T	34.025287628	-118.252342224	69.7	
T	34.025234222	-118.252227783	69.7	
T	34.025180817	-118.252113342	69.8	
T	34.025123596	-118.251998901	69.8	
T	34.025070190	-118.251884460	69.9	
T	34.025020599	-118.251762390	70.0	
T	34.024963379	-118.251647949	70.0	
T	34.024906158	-118.251541138	70.1	
T	34.024848938	-118.251434326	70.1	
T	34.024795532	-118.251335144	70.2	
T	34.024745941	-118.251235962	70.2	
T	34.024696350	-118.251136780	70.3	
T	34.024646759	-118.251045227	70.3	
T	34.024604797	-118.250946045	70.4	
T	34.024562836	-118.250854492	70.4	
T	34.024517059	-118.250762939	70.5	
T	34.024471283	-118.250671387	70.5	
T	34.024425507	-118.250572205	70.5	
T	34.024383545	-118.250473022	70.6	
T	34.024337769	-118.250366211	70.6	
T	34.024288177	-118.250267029	70.7	
T	34.024234772	-118.250167847	70.7	
T	34.024181366	-118.250061035	70.8	
T	34.024124146	-118.249954224	70.8	
T	34.024066925	-118.249847412	70.8	
T	34.024009705	-118.249740601	70.8	
T	34.023948669	-118.249633789	70.9	
T	34.023891449	-118.249526978	70.9	
T	34.023830414	-118.249412537	70.9	
T	34.023769379	-118.249305725	70.9	
T	34.023708344	-118.249206543	70.9	
T	34.023647308	-118.249099731	70.8	
T	34.023590088	-118.249000549	70.8	
T	34.023536682	-118.248901367	70.8	
T	34.023487091	-118.248817444	70.8	
T	34.023441315	-118.248741150	70.8	
T	34.023399353	-118.248680115	70.7	
T	34.023357391	-118.248619080	70.7	
T	34.023323059	-118.248558044	70.7	
T	34.023284912	-118.248512268	70.6	
T	34.023258209	-118.248466492	70.6	
T	34.023231506	-118.248420715	70.6	
T	34.023200989	-118.248367310	70.6	
T	34.023166656	-118.248306274	70.6	
T	34.023124695	-118.248245239	70.5	
T	34.023086548	-118.248176575	70.5	
T	34.023048401	-118.248100281	70.5	
T	34.023002625	-118.248016357	70.4	
T	34.022964478	-118.247932434	70.4	
T	34.022918701	-118.247840881	70.4	
T	34.022872925	-118.247749329	70.4	
T	34.022823334	-118.247650146	70.3	
T	34.022769928	-118.247550964	70.3	
T	34.022712708	-118.247451782	70.2	
T	34.022651672	-118.247344971	70.2	
T	34.022590637	-118.247245789	70.1	
T	34.022529602	-118.247138977	70.1	
T	34.022468567	-118.247032166	70.0	
T	34.022407532	-118.246932983	70.0	
T	34.022346497	-118.246833801	69.9	
T	34.022285461	-118.246734619	69.9	
T	34.022232056	-118.246650696	69.9	
T	34.022186279	-118.246574402	69.8	
T	34.022140503	-118.246505737	69.8	
T	34.022102356	-118.246444702	69.8	
T	34.022075653	-118.246391296	69.7	
T	34.022045135	-118.246337891	69.7	
T	34.022014618	-118.246276855	69.7	
T	34.021984100	-118.246208191	69.7	
T	34.021953583	-118.246139526	69.7	
T	34.021911621	-118.246063232	69.7	
T	34.021873474	-118.245979309	69.6	
T	34.021831512	-118.245887756	69.6	
T	34.021778107	-118.245796204	69.6	
T	34.021724701	-118.245697021	69.6	
T	34.021663666	-118.245597839	69.6	
T	34.021606445	-118.245498657	69.5	
T	34.021545410	-118.245391846	69.5	
T	34.021484375	-118.245285034	69.5	
T	34.021423340	-118.245178223	69.5	
T	34.021362305	-118.245071411	69.5	
T	34.021305084	-118.244972229	69.4	
T	34.021247864	-118.244873047	69.4	
T	34.021190643	-118.244773865	69.4	
T	34.021137238	-118.244674683	69.4	
T	34.021083832	-118.244575500	69.4	
T	34.021030426	-118.244483948	69.4	
T	34.020984650	-118.244400024	69.4	
T	34.020942688	-118.244331360	69.4	
T	34.020908356	-118.244255066	69.4	
T	34.020870209	-118.244186401	69.4	
T	34.020839691	-118.244117737	69.4	
T	34.020805359	-118.244049072	69.3	
T	34.020778656	-118.243980408	69.4	
T	34.020759583	-118.243904114	69.4	
T	34.020740509	-118.243835449	69.4	
T	34.020725250	-118.243759155	69.4	
T	34.020713806	-118.243675232	69.4	
T	34.020702362	-118.243598938	69.5	
T	34.020679474	-118.243515015	69.5	
T	34.020660400	-118.243446350	69.5	
T	34.020645142	-118.243370056	69.5	
T	34.020637512	-118.243309021	69.5	
T	34.020629883	-118.243240356	69.5	
T	34.020626068	-118.243164062	69.5	
T	34.020618439	-118.243087769	69.5	
T	34.020610809	-118.242996216	69.5	
T	34.020599365	-118.242919922	69.6	
T	34.020584106	-118.242835999	69.6	
T	34.020565033	-118.242759705	69.6	
T	34.020538330	-118.242675781	69.6	
T	34.020511627	-118.242584229	69.6	
T	34.020484924	-118.242477417	69.6	
T	34.020462036	-118.242370605	69.6	
T	34.020442963	-118.242256165	69.6	
T	34.020412445	-118.242134094	69.7	
T	34.020389557	-118.242004395	69.7	
T	34.020366669	-118.241874695	69.7	
T	34.020339966	-118.241744995	69.7	
T	34.020317078	-118.241615295	69.7	
T	34.020294189	-118.241477966	69.8	
T	34.020271301	-118.241340637	69.7	
T	34.020244598	-118.241203308	69.7	
T	34.020221710	-118.241065979	69.7	
T	34.020195007	-118.240921021	69.7	
T	34.020164490	-118.240783691	69.7	
T	34.020133972	-118.240646362	69.7	
T	34.020107269	-118.240516663	69.6	
T	34.020084381	-118.240402222	69.6	
T	34.020061493	-118.240295410	69.6	
T	34.020042419	-118.240188599	69.6	
T	34.020023346	-118.240104675	69.6	
T	34.020004272	-118.240020752	69.6	
T	34.019996643	-118.239967346	69.6	
T	34.019985199	-118.239921570	69.5	
T	34.019973755	-118.239875793	69.5	
T	34.019966125	-118.239845276	69.5	
T	34.019958496	-118.239814758	69.5	
T	34.019950867	-118.239799500	69.5	
T	34.019943237	-118.239784241	69.5	
T	34.019939423	-118.239776611	69.5	
T	34.019935608	-118.239768982	69.5	
T	34.019931793	-118.239768982	69.5	
T	34.019927979	-118.239768982	69.5	
T	34.019927979	-118.239768982	69.5	
T	34.019939423	-118.239723206	69.5	
T	34.019931793	-118.239685059	69.5	
T	34.019927979	-118.239624023	69.5	
T	34.019912720	-118.239540100	69.4	
T	34.019901276	-118.239463806	69.4	
T	34.019889832	-118.239372253	69.4	
T	34.019859314	-118.239273071	69.4	
T	34.019836426	-118.239173889	69.4	
T	34.019813538	-118.239074707	69.4	
T	34.019786835	-118.238967896	69.3	
T	34.019760132	-118.238861084	69.3	
T	34.019737244	-118.238761902	69.3	
T	34.019714355	-118.238662720	69.2	
T	34.019691467	-118.238578796	69.2	
T	34.019664764	-118.238494873	69.2	
T	34.019641876	-118.238426208	69.1	
T	34.019618988	-118.238365173	69.1	
T	34.019599915	-118.238311768	69.1	
T	34.019577026	-118.238273621	69.1	
T	34.019554138	-118.238243103	69.1	
T	34.019527435	-118.238235474	69.1	
T	34.019500732	-118.238220215	69.0	
T	34.019470215	-118.238220215	69.0	
T	34.019435883	-118.238227844	69.0	
T	34.019416809	-118.238235474	69.0	
T	34.019390106	-118.238243103	69.0	
T	34.019371033	-118.238250732	68.9	
T	34.019351959	-118.238258362	68.9	
T	34.019336700	-118.238265991	68.9	
T	34.019317627	-118.238273621	68.9	
T	34.019298553	-118.238273621	68.9	
T	34.019271851	-118.238273621	68.9	
T	34.019245148	-118.238273621	68.9	
T	34.019214630	-118.238258362	68.9	
T	34.019180298	-118.238243103	68.9	
T	34.019142151	-118.238250732	68.8	
T	34.019107819	-118.238250732	68.8	
T	34.019081116	-118.238258362	68.8	
T	34.019058228	-118.238258362	68.8	
T	34.019042969	-118.238258362	68.8	
T	34.019027710	-118.238258362	68.8	
T	34.019016266	-118.238265991	68.8	
T	34.019004822	-118.238273621	68.8	
T	34.018993378	-118.238273621	68.8	
T	34.018981934	-118.238281250	68.8	
T	34.018974304	-118.238281250	68.8	
T	34.018959045	-118.238281250	68.7	
T	34.018943787	-118.238281250	68.7	
T	34.018924713	-118.238288879	68.7	
T	34.018901825	-118.238288879	68.7	
T	34.018878937	-118.238288879	68.7	
T	34.018852234	-118.238281250	68.7	
T	34.018825531	-118.238281250	68.6	
T	34.018795013	-118.238281250	68.6	
T	34.018764496	-118.238281250	68.6	
T	34.018730164	-118.238281250	68.6	
T	34.018692017	-118.238281250	68.5	
T	34.018661499	-118.238281250	68.5	
T	34.018634796	-118.238281250	68.5	
T	34.018604279	-118.238273621	68.5	
T	34.018577576	-118.238265991	68.5	
T	34.018547058	-118.238250732	68.5	
T	34.018524170	-118.238235474	68.5	
T	34.018505096	-118.238220215	68.5	
T	34.018501282	-118.238197327	68.5	
T	34.018486023	-118.238166809	68.5	
T	34.018474579	-118.238136292	68.5	
T	34.018463135	-118.238113403	68.5	
T	34.018463135	-118.238082886	68.5	
T	34.018463135	-118.238052368	68.4	
T	34.018459320	-118.238021851	68.4	
T	34.018455505	-118.237991333	68.4	
T	34.018455505	-118.237960815	68.4	
T	34.018459320	-118.237930298	68.4	
T	34.018459320	-118.237915039	68.4	
T	34.018463135	-118.237892151	68.4	
T	34.018478394	-118.237876892	68.4	
T	34.018486023	-118.237861633	68.4	
T	34.018497467	-118.237846375	68.4	
T	34.018512726	-118.237838745	68.4	
T	34.018531799	-118.237831116	68.4	
T	34.018547058	-118.237823486	68.4	
T	34.018562317	-118.237823486	68.4	
T	34.018573761	-118.237808228	68.4	
T	34.018585205	-118.237800598	68.4	
T	34.018589020	-118.237792969	68.4	
T	34.018600464	-118.237785339	68.4	
T	34.018608093	-118.237777710	68.4	
T	34.018619537	-118.237770081	68.4	
T	34.018627167	-118.237770081	68.4	
T	34.018642426	-118.237762451	68.4	
T	34.018657684	-118.237762451	68.4	
T	34.018676758	-118.237762451	68.5	
T	34.018692017	-118.237762451	68.5	
T	34.018714905	-118.237762451	68.5	
T	34.018741608	-118.237770081	68.5	
T	34.018772125	-118.237762451	68.5	
T	34.018795013	-118.237754822	68.5	
T	34.018817902	-118.237754822	68.5	
T	34.018844604	-118.237747192	68.6	
T	34.018859863	-118.237739563	68.6	
T	34.018867493	-118.237739563	68.6	
T	34.018871307	-118.237731934	68.6	
T	34.018867493	-118.237731934	68.6	
T	34.018867493	-118.237731934	68.6	
T	34.018901825	-118.237739563	68.6	
T	34.018913269	-118.237739563	68.6	
T	34.018920898	-118.237731934	68.6	
T	34.018932343	-118.237731934	68.6	
T	34.018943787	-118.237731934	68.6	
T	34.018951416	-118.237731934	68.6	
T	34.018962860	-118.237731934	68.7	
T	34.018966675	-118.237739563	68.7	
T	34.018970490	-118.237739563	68.7	
T	34.018974304	-118.237739563	68.7	
T	34.018997192	-118.237731934	68.7	
T	34.019012451	-118.237724304	68.7	
T	34.019020081	-118.237716675	68.7	
T	34.019031525	-118.237709045	68.7	
T	34.019039154	-118.237701416	68.7	
T	34.019046783	-118.237686157	68.7	
T	34.019065857	-118.237670898	68.7	
T	34.019096375	-118.237648010	68.7	
T	34.019126892	-118.237632751	68.8	
T	34.019142151	-118.237602234	68.8	
T	34.019149780	-118.237579346	68.8	
T	34.019145966	-118.237548828	68.8	
T	34.019149780	-118.237518311	68.7	
T	34.019149780	-118.237495422	68.7	
T	34.019149780	-118.237472534	68.7	
T	34.019149780	-118.237449646	68.7	
T	34.019149780	-118.237434387	68.7	
T	34.019145966	-118.237419128	68.7	
T	34.019142151	-118.237396240	68.7	
T	34.019134521	-118.237373352	68.7	
T	34.019126892	-118.237358093	68.7	
T	34.019123077	-118.237335205	68.7	
T	34.019119263	-118.237304688	68.7	
T	34.019111633	-118.237281799	68.7	
T	34.019107819	-118.237266541	68.7	
T	34.019100189	-118.237243652	68.7	
T	34.019096375	-118.237228394	68.6	
T	34.019088745	-118.237213135	68.6	
T	34.019081116	-118.237197876	68.6	
T	34.019073486	-118.237190247	68.6	
T	34.019065857	-118.237190247	68.6	
T	34.019058228	-118.237182617	68.6	
T	34.019050598	-118.237174988	68.6	
T	34.019039154	-118.237159729	68.6	
T	34.019031525	-118.237144470	68.6	
T	34.019016266	-118.237136841	68.6	
T	34.019001007	-118.237121582	68.6	
T	34.018989563	-118.237113953	68.6	
T	34.018981934	-118.237113953	68.6	
T	34.018966675	-118.237113953	68.5	
T	34.018951416	-118.237113953	68.5	
T	34.018936157	-118.237113953	68.5	
T	34.018924713	-118.237121582	68.5	
T	34.018913269	-118.237121582	68.5	
T	34.018909454	-118.237129211	68.5	
T	34.018909454	-118.237136841	68.5	
T	34.018909454	-118.237136841	68.5	
T	34.018985748	-118.237197876	68.6	
T	34.018993378	-118.237197876	68.6	
T	34.018993378	-118.237197876	68.6	
T	34.019073486	-118.237144470	68.6	
T	34.019069672	-118.237152100	68.6	
T	34.019069672	-118.237152100	68.6	
T	34.019012451	-118.237236023	68.6	
T	34.019008636	-118.237243652	68.6	
T	34.019004822	-118.237243652	68.6	
T	34.019004822	-118.237243652	68.6	
T	34.019004822	-118.237243652	68.6	
T	34.019054413	-118.237152100	68.6	
T	34.019058228	-118.237136841	68.6	
T	34.019062042	-118.237129211	68.6	
T	34.019065857	-118.237121582	68.6	
T	34.019065857	-118.237106323	68.6	
T	34.019062042	-118.237098694	68.6	
T	34.019058228	-118.237091064	68.6	
T	34.019058228	-118.237083435	68.6	
T	34.019054413	-118.237075806	68.6	
T	34.019054413	-118.237083435	68.6	
T	34.019065857	-118.237068176	68.6	
T	34.019081116	-118.237060547	68.6	
T	34.019081116	-118.237068176	68.6	
T	34.019084930	-118.237068176	68.6	
T	34.019084930	-118.237075806	68.6	
T	34.019084930	-118.237068176	68.6	
T	34.019088745	-118.237075806	68.6	
T	34.019088745	-118.237075806	68.6	
T	34.019115448	-118.237174988	68.7	
T	34.019119263	-118.237182617	68.7	
T	34.019115448	-118.237182617	68.7	
T	34.019115448	-118.237182617	68.7	
T	34.019115448	-118.237182617	68.7	
T	34.019176483	-118.237152100	68.7	
T	34.019176483	-118.237152100	68.7	
T	34.019203186	-118.237152100	68.7	
T	34.019203186	-118.237144470	68.7	
T	34.019199371	-118.237136841	68.7	
T	34.019199371	-118.237136841	68.7	
T	34.019199371	-118.237136841	68.7	
T	34.019111633	-118.237167358	68.7	
T	34.019107819	-118.237174988	68.7	
T	34.019107819	-118.237174988	68.7	
T	34.019107819	-118.237174988	68.7	
T	34.019172668	-118.237159729	68.7	
T	34.019176483	-118.237152100	68.7	
T	34.019176483	-118.237144470	68.7	
T	34.019176483	-118.237136841	68.7	
T	34.019176483	-118.237129211	68.7	
T	34.019172668	-118.237129211	68.7	
T	34.019168854	-118.237121582	68.7	
T	34.019165039	-118.237129211	68.7	
T	34.019161224	-118.237129211	68.7	
T	34.019161224	-118.237129211	68.7	
T	34.019130707	-118.237174988	68.7	
T	34.019134521	-118.237174988	68.7	
T	34.019134521	-118.237182617	68.7	
T	34.019138336	-118.237182617	68.7	
T	34.019142151	-118.237182617	68.7	
T	34.019142151	-118.237182617	68.7	
T	34.019142151	-118.237182617	68.7	
T	34.019138336	-118.237136841	68.7	
T	34.019138336	-118.237129211	68.7	
T	34.019142151	-118.237129211	68.7	
T	34.019145966	-118.237129211	68.7	
T	34.019142151	-118.237121582	68.7	
T	34.019142151	-118.237121582	68.7	
T	34.019184113	-118.237091064	68.7	
T	34.019191742	-118.237091064	68.7	
T	34.019199371	-118.237091064	68.7	
T	34.019199371	-118.237098694	68.7	
T	34.019203186	-118.237098694	68.7	
T	34.019210815	-118.237098694	68.7	
T	34.019214630	-118.237098694	68.7	
T	34.019218445	-118.237098694	68.7	
T	34.019222260	-118.237091064	68.7	
T	34.019226074	-118.237091064	68.7	
T	34.019226074	-118.237098694	68.7	
T	34.019229889	-118.237098694	68.7	
T	34.019226074	-118.237098694	68.7	
T	34.019229889	-118.237098694	68.7	
T	34.019229889	-118.237106323	68.7	
T	34.019229889	-118.237106323	68.7	
T	34.019233704	-118.237106323	68.7	
T	34.019237518	-118.237106323	68.8	
T	34.019241333	-118.237106323	68.8	
T	34.019237518	-118.237106323	68.8	
T	34.019241333	-118.237106323	68.8	
T	34.019241333	-118.237106323	68.8	
T	34.019149780	-118.237091064	68.7	
T	34.019149780	-118.237098694	68.7	
T	34.019145966	-118.237091064	68.7	
T	34.019145966	-118.237091064	68.7	
T	34.019145966	-118.237091064	68.7	
T	34.019115448	-118.237197876	68.7	
T	34.019115448	-118.237205505	68.7	
T	34.019111633	-118.237213135	68.7	
T	34.019107819	-118.237213135	68.7	
T	34.019107819	-118.237213135	68.7	
T	34.019107819	-118.237213135	68.7	
T	34.019165039	-118.237129211	68.7	
T	34.019168854	-118.237129211	68.7	
T	34.019176483	-118.237129211	68.7	
T	34.019176483	-118.237121582	68.7	
T	34.019176483	-118.237121582	68.7	
T	34.019111633	-118.237197876	68.7	
T	34.019107819	-118.237197876	68.7	
T	34.019107819	-118.237197876	68.7	
T	34.019107819	-118.237197876	68.7	
T	34.019142151	-118.237098694	68.7	
T	34.019138336	-118.237098694	68.7	
T	34.019142151	-118.237098694	68.7	
T	34.019142151	-118.237098694	68.7	
T	34.019111633	-118.237205505	68.7	
T	34.019111633	-118.237213135	68.7	
T	34.019107819	-118.237213135	68.7	
T	34.019107819	-118.237213135	68.7	
T	34.019107819	-118.237213135	68.7	
T	34.019126892	-118.237106323	68.7	
T	34.019130707	-118.237106323	68.7	
T	34.019134521	-118.237106323	68.7	
T	34.019134521	-118.237106323	68.7	
T	34.019134521	-118.237106323	68.7	
T	34.019184113	-118.237205505	68.7	
T	34.019187927	-118.237213135	68.7	
T	34.019195557	-118.237213135	68.7	
T	34.019203186	-118.237220764	68.7	
T	34.019207001	-118.237220764	68.7	
T	34.019210815	-118.237228394	68.7	
T	34.019214630	-118.237228394	68.7	
T	34.019210815	-118.237228394	68.7	
T	34.019210815	-118.237228394	68.7	
T	34.019168854	-118.237136841	68.7	
T	34.019165039	-118.237136841	68.7	
T	34.019157410	-118.237129211	68.7	
T	34.019145966	-118.237121582	68.7	
T	34.019145966	-118.237121582	68.7	
T	34.019054413	-118.237098694	68.6	
T	34.019050598	-118.237098694	68.6	
T	34.019046783	-118.237091064	68.6	
T	34.019042969	-118.237091064	68.6	
T	34.019042969	-118.237091064	68.6	
T	34.019123077	-118.237152100	68.7	
T	34.019130707	-118.237159729	68.7	
T	34.019138336	-118.237167358	68.7	
T	34.019145966	-118.237174988	68.7	
T	34.019145966	-118.237174988	68.7	
T	34.019145966	-118.237174988	68.7	
T	34.019237518	-118.237205505	68.8	
T	34.019241333	-118.237205505	68.8	
T	34.019245148	-118.237213135	68.8	
T	34.019245148	-118.237213135	68.8	
T	34.019245148	-118.237213135	68.8	
T	34.019165039	-118.237159729	68.7	
T	34.019157410	-118.237152100	68.7	
T	34.019149780	-118.237136841	68.7	
T	34.019138336	-118.237129211	68.7	
T	34.019138336	-118.237129211	68.7	
T	34.019107819	-118.237106323	68.7	
T	34.019111633	-118.237098694	68.7	
T	34.019111633	-118.237098694	68.7	
T	34.019191742	-118.237159729	68.7	
T	34.019195557	-118.237159729	68.7	
T	34.019199371	-118.237159729	68.7	
T	34.019199371	-118.237167358	68.7	
T	34.019199371	-118.237167358	68.7	
T	34.019199371	-118.237167358	68.7	
T	34.019123077	-118.237098694	68.7	
T	34.019119263	-118.237091064	68.7	
T	34.019119263	-118.237098694	68.7	
T	34.019119263	-118.237098694	68.7	
T	34.019130707	-118.237205505	68.7	
T	34.019130707	-118.237213135	68.7	
T	34.019130707	-118.237213135	68.7	
T	34.019130707	-118.237213135	68.7	
T	34.019111633	-118.237098694	68.7	
T	34.019111633	-118.237091064	68.7	
T	34.019111633	-118.237083435	68.7	
T	34.019111633	-118.237075806	68.7	
T	34.019115448	-118.237075806	68.7	
T	34.019119263	-118.237068176	68.7	
T	34.019126892	-118.237060547	68.7	
T	34.019130707	-118.237052917	68.7	
T	34.019134521	-118.237052917	68.7	
T	34.019134521	-118.237045288	68.7	
T	34.019134521	-118.237045288	68.7	
T	34.019134521	-118.237045288	68.7	
T	34.019046783	-118.237014771	68.6	
T	34.019046783	-118.237030029	68.6	
T	34.019046783	-118.237045288	68.6	
T	34.019046783	-118.237045288	68.6	
T	34.019046783	-118.237045288	68.6	
T	34.019073486	-118.237144470	68.6	
T	34.019073486	-118.237152100	68.6	
T	34.019073486	-118.237152100	68.6	
T	34.019073486	-118.237152100	68.6	
T	34.019161224	-118.237129211	68.7	
T	34.019165039	-118.237129211	68.7	
T	34.019165039	-118.237129211	68.7	
T	34.019165039	-118.237129211	68.7	
T	34.019149780	-118.237236023	68.7	
T	34.019168854	-118.237243652	68.7	
T	34.019180298	-118.237251282	68.7	
T	34.019180298	-118.237251282	68.7	
T	34.019222260	-118.237152100	68.7	
T	34.019226074	-118.237152100	68.7	
T	34.019226074	-118.237159729	68.7	
T	34.019226074	-118.237159729	68.7	
T	34.019226074	-118.237159729	68.7	
T	34.019149780	-118.237098694	68.7	
T	34.019142151	-118.237091064	68.7	
T	34.019138336	-118.237091064	68.7	
T	34.019134521	-118.237098694	68.7	
T	34.019134521	-118.237098694	68.7	
T	34.019172668	-118.237197876	68.7	
T	34.019176483	-118.237197876	68.7	
T	34.019176483	-118.237205505	68.7	
T	34.019176483	-118.237205505	68.7	
T	34.019176483	-118.237205505	68.7	
T	34.019084930	-118.237190247	68.6	
T	34.019081116	-118.237190247	68.6	
T	34.019084930	-118.237190247	68.6	
T	34.019084930	-118.237190247	68.6	
T	34.019062042	-118.237083435	68.6	
T	34.019065857	-118.237091064	68.6	
T	34.019065857	-118.237091064	68.6	
T	34.019088745	-118.237197876	68.6	
T	34.019092560	-118.237197876	68.6	
T	34.019088745	-118.237197876	68.6	
T	34.019088745	-118.237205505	68.6	
T	34.019088745	-118.237205505	68.6	
T	34.019092560	-118.237098694	68.6	
T	34.019092560	-118.237106323	68.6	
T	34.019092560	-118.237106323	68.6	
T	34.019042969	-118.237197876	68.6	
T	34.019035339	-118.237205505	68.6	
T	34.019031525	-118.237205505	68.6	
T	34.019027710	-118.237213135	68.6	
T	34.019027710	-118.237213135	68.6	
T	34.019027710	-118.237213135	68.6	
T	34.019100189	-118.237144470	68.7	
T	34.019104004	-118.237144470	68.7	
T	34.019107819	-118.237144470	68.7	
T	34.019107819	-118.237144470	68.7	
T	34.019107819	-118.237144470	68.7	
T	34.019020081	-118.237098694	68.6	
T	34.019020081	-118.237098694	68.6	
T	34.018955231	-118.237182617	68.5	
T	34.018955231	-118.237190247	68.5	
T	34.018955231	-118.237190247	68.5	
T	34.019042969	-118.237159729	68.6	
T	34.019046783	-118.237159729	68.6	
T	34.019046783	-118.237159729	68.6	
T	34.019046783	-118.237159729	68.6	
T	34.019100189	-118.237068176	68.7	
T	34.019096375	-118.237068176	68.6	
T	34.019092560	-118.237060547	68.6	
T	34.019092560	-118.237060547	68.6	
T	34.019165039	-118.237144470	68.7	
T	34.019168854	-118.237152100	68.7	
T	34.019172668	-118.237152100	68.7	
T	34.019176483	-118.237159729	68.7	
T	34.019191742	-118.237159729	68.7	
T	34.019195557	-118.237159729	68.7	
T	34.019195557	-118.237167358	68.7	
T	34.019199371	-118.237167358	68.7	
T	34.019195557	-118.237174988	68.7	
T	34.019199371	-118.237174988	68.7	
T	34.019199371	-118.237174988	68.7	
T	34.019199371	-118.237174988	68.7	
T	34.019115448	-118.237121582	68.7	
T	34.019111633	-118.237121582	68.7	
T	34.019107819	-118.237121582	68.7	
T	34.019104004	-118.237121582	68.7	
T	34.019104004	-118.237121582	68.7	
T	34.019145966	-118.237022400	68.7	
T	34.019149780	-118.237030029	68.7	
T	34.019153595	-118.237022400	68.7	
T	34.019157410	-118.237030029	68.7	
T	34.019157410	-118.237030029	68.7	
T	34.019065857	-118.237045288	68.6	
T	34.019065857	-118.237052917	68.6	
T	34.019065857	-118.237052917	68.6	
T	34.019065857	-118.237052917	68.6	
T	34.019027710	-118.237121582	68.6	
T	34.019023895	-118.237121582	68.6	
T	34.019020081	-118.237121582	68.6	
T	34.019012451	-118.237121582	68.6	
T	34.019008636	-118.237121582	68.6	
T	34.019004822	-118.237121582	68.6	
T	34.019001007	-118.237121582	68.6	
T	34.018993378	-118.237121582	68.6	
T	34.018989563	-118.237113953	68.6	
T	34.018981934	-118.237113953	68.6	
T	34.018981934	-118.237121582	68.6	
T	34.018978119	-118.237129211	68.6	
T	34.018978119	-118.237121582	68.6	
T	34.018978119	-118.237129211	68.6	
T	34.018978119	-118.237129211	68.6	
T	34.019062042	-118.237068176	68.6	
T	34.019065857	-118.237068176	68.6	
T	34.019069672	-118.237060547	68.6	
T	34.019069672	-118.237045288	68.6	
T	34.019069672	-118.237030029	68.6	
T	34.019069672	-118.237022400	68.6	
T	34.019073486	-118.237022400	68.6	
T	34.019077301	-118.237022400	68.6	
T	34.019077301	-118.237014771	68.6	
T	34.019084930	-118.237022400	68.6	
T	34.019088745	-118.237037659	68.6	
T	34.019096375	-118.237045288	68.6	
T	34.019096375	-118.237045288	68.6	
T	34.019096375	-118.237045288	68.6	
T	34.019165039	-118.237121582	68.7	
T	34.019168854	-118.237121582	68.7	
T	34.019168854	-118.237121582	68.7	
T	34.019168854	-118.237121582	68.7	
T	34.019111633	-118.237098694	68.7	
T	34.019111633	-118.237091064	68.7	
T	34.019104004	-118.237091064	68.7	
T	34.019100189	-118.237091064	68.7	
T	34.019092560	-118.237091064	68.6	
T	34.019088745	-118.237098694	68.6	
T	34.019084930	-118.237098694	68.6	
T	34.019084930	-118.237098694	68.6	
T	34.019134521	-118.237190247	68.7	
T	34.019138336	-118.237190247	68.7	
T	34.019142151	-118.237182617	68.7	
T	34.019142151	-118.237182617	68.7	
T	34.019073486	-118.237113953	68.6	
T	34.019073486	-118.237106323	68.6	
T	34.019069672	-118.237106323	68.6	
T	34.019069672	-118.237098694	68.6	
T	34.019065857	-118.237098694	68.6	
T	34.019065857	-118.237091064	68.6	
T	34.019062042	-118.237083435	68.6	
T	34.019058228	-118.237083435	68.6	
T	34.019058228	-118.237083435	68.6	
T	34.019104004	-118.237106323	68.7	
T	34.019107819	-118.237113953	68.7	
T	34.019111633	-118.237113953	68.7	
T	34.019115448	-118.237113953	68.7	
T	34.019115448	-118.237121582	68.7	
T	34.019115448	-118.237121582	68.7	
T	34.019115448	-118.237121582	68.7	
T	34.019149780	-118.237106323	68.7	
T	34.019149780	-118.237098694	68.7	
T	34.019153595	-118.237098694	68.7	
T	34.019153595	-118.237098694	68.7	
T	34.019084930	-118.237022400	68.6	
T	34.019084930	-118.237014771	68.6	
T	34.019084930	-118.237014771	68.6	
T	34.019065857	-118.237068176	68.6	
T	34.019065857	-118.237075806	68.6	
T	34.019062042	-118.237075806	68.6	
T	34.019058228	-118.237075806	68.6	
T	34.019062042	-118.237075806	68.6	
T	34.019062042	-118.237068176	68.6	
T	34.019062042	-118.237068176	68.6	
T	34.019104004	-118.237083435	68.7	
T	34.019107819	-118.237091064	68.7	
T	34.019115448	-118.237098694	68.7	
T	34.019119263	-118.237098694	68.7	
T	34.019123077	-118.237098694	68.7	
T	34.019119263	-118.237106323	68.7	
T	34.019119263	-118.237098694	68.7	
T	34.019119263	-118.237106323	68.7	
T	34.019119263	-118.237106323	68.7	
T	34.019027710	-118.237075806	68.6	
T	34.019031525	-118.237075806	68.6	
T	34.019027710	-118.237075806	68.6	
T	34.019023895	-118.237075806	68.6	
T	34.019023895	-118.237075806	68.6	
T	34.019008636	-118.237190247	68.6	
T	34.019023895	-118.237197876	68.6	
T	34.019039154	-118.237220764	68.6	
T	34.019050598	-118.237228394	68.6	
T	34.019058228	-118.237236023	68.6	
T	34.019062042	-118.237236023	68.6	
T	34.019062042	-118.237228394	68.6	
T	34.019062042	-118.237220764	68.6	
T	34.019062042	-118.237213135	68.6	
T	34.019062042	-118.237213135	68.6	
T	34.019001007	-118.237197876	68.6	
T	34.018993378	-118.237197876	68.6	
T	34.018989563	-118.237197876	68.6	
T	34.018978119	-118.237205505	68.6	
T	34.018970490	-118.237213135	68.6	
T	34.018962860	-118.237220764	68.6	
T	34.018955231	-118.237220764	68.5	
T	34.018955231	-118.237228394	68.5	
T	34.018947601	-118.237236023	68.5	
T	34.018951416	-118.237236023	68.5	
T	34.018951416	-118.237243652	68.5	
T	34.018947601	-118.237243652	68.5	
T	34.018943787	-118.237243652	68.5	
T	34.018943787	-118.237243652	68.5	
T	34.018943787	-118.237243652	68.5	
T	34.018955231	-118.237152100	68.5	
T	34.018955231	-118.237144470	68.5	
T	34.018955231	-118.237129211	68.5	
T	34.018955231	-118.237121582	68.5	
T	34.018962860	-118.237121582	68.5	
T	34.018966675	-118.237113953	68.5	
T	34.018966675	-118.237106323	68.5	
T	34.018966675	-118.237106323	68.5	
T	34.018966675	-118.237106323	68.5	
T	34.019046783	-118.237174988	68.6	
T	34.019046783	-118.237182617	68.6	
T	34.019050598	-118.237190247	68.6	
T	34.019050598	-118.237190247	68.6	
T	34.019050598	-118.237190247	68.6	
T	34.019050598	-118.237075806	68.6	
T	34.019046783	-118.237068176	68.6	
T	34.019046783	-118.237068176	68.6	
T	34.019050598	-118.237098694	68.6	
T	34.019046783	-118.237091064	68.6	
T	34.019050598	-118.237091064	68.6	
T	34.019046783	-118.237091064	68.6	
T	34.019046783	-118.237098694	68.6	
T	34.019042969	-118.237098694	68.6	
T	34.019039154	-118.237098694	68.6	
T	34.019035339	-118.237091064	68.6	
T	34.019031525	-118.237091064	68.6	
T	34.019027710	-118.237091064	68.6	
T	34.019023895	-118.237091064	68.6	
T	34.019020081	-118.237091064	68.6	
T	34.019020081	-118.237083435	68.6	
T	34.019016266	-118.237083435	68.6	
T	34.019012451	-118.237091064	68.6	
T	34.019008636	-118.237091064	68.6	
T	34.019004822	-118.237091064	68.6	
T	34.019004822	-118.237098694	68.6	
T	34.019004822	-118.237106323	68.6	
T	34.019001007	-118.237106323	68.6	
T	34.018997192	-118.237098694	68.6	
T	34.018993378	-118.237091064	68.6	
T	34.018989563	-118.237083435	68.6	
T	34.018985748	-118.237075806	68.6	
T	34.018985748	-118.237068176	68.6	
T	34.018981934	-118.237068176	68.6	
T	34.018981934	-118.237060547	68.6	
T	34.018985748	-118.237068176	68.6	
T	34.018981934	-118.237060547	68.6	
T	34.018974304	-118.237037659	68.5	
T	34.018974304	-118.237030029	68.5	
T	34.018981934	-118.237030029	68.6	
T	34.018981934	-118.237022400	68.6	
T	34.018981934	-118.237022400	68.6	
T	34.019054413	-118.237098694	68.6	
T	34.019062042	-118.237106323	68.6	
T	34.019069672	-118.237106323	68.6	
T	34.019077301	-118.237113953	68.6	
T	34.019077301	-118.237113953	68.6	
T	34.019138336	-118.237037659	68.7	
T	34.019138336	-118.237030029	68.7	
T	34.019142151	-118.237030029	68.7	
T	34.019142151	-118.237030029	68.7	
T	34.019165039	-118.237007141	68.7	
T	34.019168854	-118.237007141	68.7	
T	34.019172668	-118.237007141	68.7	
T	34.019176483	-118.236999512	68.7	
T	34.019184113	-118.236984253	68.7	
T	34.019191742	-118.236976624	68.7	
T	34.019191742	-118.236968994	68.7	
T	34.019199371	-118.236961365	68.7	
T	34.019203186	-118.236953735	68.7	
T	34.019210815	-118.236946106	68.7	
T	34.019214630	-118.236938477	68.7	
T	34.019210815	-118.236938477	68.7	
T	34.019207001	-118.236938477	68.7	
T	34.019203186	-118.236938477	68.7	
T	34.019199371	-118.236938477	68.7	
T	34.019199371	-118.236938477	68.7	
T	34.019130707	-118.237007141	68.7	
T	34.019126892	-118.237007141	68.7	
T	34.019119263	-118.237014771	68.7	
T	34.019111633	-118.237014771	68.7	
T	34.019111633	-118.237014771	68.7	
T	34.019058228	-118.237098694	68.6	
T	34.019054413	-118.237106323	68.6	
T	34.019046783	-118.237113953	68.6	
T	34.019050598	-118.237113953	68.6	
T	34.019050598	-118.237113953	68.6	
T	34.019123077	-118.237045288	68.7	
T	34.019123077	-118.237045288	68.7	
T	34.019062042	-118.237129211	68.6	
T	34.019058228	-118.237136841	68.6	
T	34.019062042	-118.237136841	68.6	
T	34.019062042	-118.237136841	68.6	
T	34.019027710	-118.237159729	68.6	
T	34.019020081	-118.237159729	68.6	
T	34.019016266	-118.237159729	68.6	
T	34.019020081	-118.237159729	68.6	
T	34.019020081	-118.237152100	68.6	
T	34.019020081	-118.237144470	68.6	
T	34.019023895	-118.237129211	68.6	
T	34.019023895	-118.237121582	68.6	
T	34.019031525	-118.237106323	68.6	
T	34.019031525	-118.237106323	68.6	
T	34.019004822	-118.237045288	68.6	
T	34.019001007	-118.237045288	68.6	
T	34.018997192	-118.237052917	68.6	
T	34.018997192	-118.237052917	68.6	
T	34.019065857	-118.237121582	68.6	
T	34.019069672	-118.237121582	68.6	
T	34.019073486	-118.237121582	68.6	
T	34.019073486	-118.237121582	68.6	
T	34.019069672	-118.237083435	68.6	
T	34.019077301	-118.237083435	68.6	
T	34.019081116	-118.237091064	68.6	
T	34.019084930	-118.237091064	68.6	
T	34.019088745	-118.237091064	68.6	
T	34.019096375	-118.237083435	68.6	
T	34.019100189	-118.237083435	68.7	
T	34.019100189	-118.237075806	68.7	
T	34.019100189	-118.237068176	68.7	
T	34.019107819	-118.237068176	68.7	
T	34.019111633	-118.237075806	68.7	
T	34.019111633	-118.237068176	68.7	
T	34.019104004	-118.237068176	68.7	
T	34.019100189	-118.237060547	68.7	
T	34.019100189	-118.237060547	68.7	
T	34.019100189	-118.237060547	68.7	
T	34.019172668	-118.237129211	68.7	
T	34.019168854	-118.237136841	68.7	
T	34.019172668	-118.237136841	68.7	
T	34.019176483	-118.237136841	68.7	
T	34.019176483	-118.237136841	68.7	
T	34.019126892	-118.237121582	68.7	
T	34.019130707	-118.237129211	68.7	
T	34.019130707	-118.237136841	68.7	
T	34.019134521	-118.237136841	68.7	
T	34.019145966	-118.237136841	68.7	
T	34.019149780	-118.237136841	68.7	
T	34.019153595	-118.237136841	68.7	
T	34.019153595	-118.237136841	68.7	
T	34.019153595	-118.237136841	68.7	
T	34.019084930	-118.237060547	68.6	
T	34.019073486	-118.237060547	68.6	
T	34.019065857	-118.237060547	68.6	
T	34.019058228	-118.237060547	68.6	
T	34.019054413	-118.237052917	68.6	
T	34.019050598	-118.237060547	68.6	
T	34.019046783	-118.237060547	68.6	
T	34.019042969	-118.237060547	68.6	
T	34.019035339	-118.237052917	68.6	
T	34.019031525	-118.237045288	68.6	
T	34.019027710	-118.237045288	68.6	
T	34.019023895	-118.237045288	68.6	
T	34.019020081	-118.237045288	68.6	
T	34.019016266	-118.237045288	68.6	
T	34.019008636	-118.237045288	68.6	
T	34.019012451	-118.237052917	68.6	
T	34.019012451	-118.237052917	68.6	
T	34.019069672	-118.237144470	68.6	
T	34.019073486	-118.237144470	68.6	
T	34.019073486	-118.237136841	68.6	
T	34.019073486	-118.237136841	68.6	
T	34.019073486	-118.237136841	68.6	
T	34.019149780	-118.237197876	68.7	
T	34.019153595	-118.237205505	68.7	
T	34.019161224	-118.237205505	68.7	
T	34.019165039	-118.237213135	68.7	
T	34.019172668	-118.237213135	68.7	
T	34.019180298	-118.237220764	68.7	
T	34.019191742	-118.237220764	68.7	
T	34.019199371	-118.237220764	68.7	
T	34.019207001	-118.237228394	68.7	
T	34.019214630	-118.237220764	68.7	
T	34.019218445	-118.237228394	68.7	
T	34.019218445	-118.237220764	68.7	
T	34.019226074	-118.237213135	68.7	
T	34.019229889	-118.237213135	68.7	
T	34.019233704	-118.237213135	68.7	
T	34.019237518	-118.237205505	68.8	
T	34.019241333	-118.237213135	68.8	
T	34.019245148	-118.237213135	68.8	
T	34.019245148	-118.237220764	68.8	
T	34.019245148	-118.237213135	68.8	
T	34.019252777	-118.237205505	68.8	
T	34.019248962	-118.237197876	68.8	
T	34.019248962	-118.237190247	68.8	
T	34.019252777	-118.237190247	68.8	
T	34.019252777	-118.237182617	68.8	
T	34.019252777	-118.237190247	68.8	
T	34.019248962	-118.237182617	68.8	
T	34.019252777	-118.237182617	68.8	
T	34.019241333	-118.237182617	68.8	
T	34.019241333	-118.237182617	68.8	
T	34.019241333	-118.237182617	68.8	
T	34.019191742	-118.237136841	68.7	
T	34.019187927	-118.237144470	68.7	
T	34.019176483	-118.237152100	68.7	
T	34.019165039	-118.237152100	68.7	
T	34.019157410	-118.237152100	68.7	
T	34.019145966	-118.237159729	68.7	
T	34.019134521	-118.237159729	68.7	
T	34.019126892	-118.237152100	68.7	
T	34.019123077	-118.237152100	68.7	
T	34.019119263	-118.237152100	68.7	
T	34.019115448	-118.237152100	68.7	
T	34.019111633	-118.237159729	68.7	
T	34.019111633	-118.237159729	68.7	
T	34.019084930	-118.237052917	68.6	
T	34.019081116	-118.237052917	68.6	
T	34.019081116	-118.237045288	68.6	
T	34.019077301	-118.237037659	68.6	
T	34.019077301	-118.237037659	68.6	
T	34.019077301	-118.237037659	68.6	
T	34.019012451	-118.237113953	68.6	
T	34.019004822	-118.237113953	68.6	
T	34.019001007	-118.237113953	68.6	
T	34.018997192	-118.237113953	68.6	
T	34.018993378	-118.237113953	68.6	
T	34.018985748	-118.237113953	68.6	
T	34.018981934	-118.237113953	68.6	
T	34.018978119	-118.237106323	68.5	
T	34.018974304	-118.237106323	68.5	
T	34.018966675	-118.237106323	68.5	
T	34.018966675	-118.237098694	68.5	
T	34.018970490	-118.237098694	68.5	
T	34.018966675	-118.237098694	68.5	
T	34.018966675	-118.237091064	68.5	
T	34.018966675	-118.237091064	68.5	
T	34.018913269	-118.237007141	68.5	
T	34.018905640	-118.237007141	68.5	
T	34.018909454	-118.236999512	68.5	
T	34.018905640	-118.236999512	68.5	
T	34.018905640	-118.236999512	68.5	
T	34.018905640	-118.236999512	68.5	
T	34.019001007	-118.237022400	68.6	
T	34.019001007	-118.237030029	68.6	
T	34.019001007	-118.237030029	68.6	
T	34.018913269	-118.236991882	68.5	
T	34.018909454	-118.236991882	68.5	
T	34.018886566	-118.236984253	68.5	
T	34.018878937	-118.236976624	68.5	
T	34.018875122	-118.236976624	68.5	
T	34.018871307	-118.236976624	68.5	
T	34.018867493	-118.236976624	68.4	
T	34.018859863	-118.236976624	68.4	
T	34.018856049	-118.236976624	68.4	
T	34.018848419	-118.236984253	68.4	
T	34.018848419	-118.236991882	68.4	
T	34.018848419	-118.236999512	68.4	
T	34.018848419	-118.237007141	68.4	
T	34.018844604	-118.236999512	68.4	
T	34.018840790	-118.236999512	68.4	
T	34.018844604	-118.236999512	68.4	
T	34.018844604	-118.237007141	68.4	
T	34.018848419	-118.237014771	68.4	
T	34.018848419	-118.237022400	68.4	
T	34.018848419	-118.237022400	68.4	
T	34.018936157	-118.236976624	68.5	
T	34.018939972	-118.236976624	68.5	
T	34.018947601	-118.236976624	68.5	
T	34.018947601	-118.236976624	68.5	
T	34.018875122	-118.236938477	68.5	
T	34.018875122	-118.236930847	68.5	
T	34.018867493	-118.236923218	68.5	
T	34.018863678	-118.236907959	68.5	
T	34.018863678	-118.236900330	68.5	
T	34.018859863	-118.236885071	68.5	
T	34.018863678	-118.236885071	68.5	
T	34.018871307	-118.236892700	68.5	
T	34.018867493	-118.236885071	68.5	
T	34.018867493	-118.236869812	68.5	
T	34.018863678	-118.236862183	68.5	
T	34.018859863	-118.236846924	68.5	
T	34.018863678	-118.236854553	68.5	
T	34.018867493	-118.236854553	68.5	
T	34.018871307	-118.236862183	68.5	
T	34.018867493	-118.236854553	68.5	
T	34.018863678	-118.236862183	68.5	
T	34.018859863	-118.236862183	68.5	
T	34.018852234	-118.236862183	68.5	
T	34.018848419	-118.236854553	68.5	
T	34.018852234	-118.236854553	68.5	
T	34.018852234	-118.236862183	68.5	
T	34.018852234	-118.236862183	68.5	
T	34.018852234	-118.236862183	68.5	
T	34.018867493	-118.236976624	68.4	
T	34.018863678	-118.236976624	68.4	
T	34.018863678	-118.236976624	68.4	
T	34.018863678	-118.236976624	68.4	
T	34.018951416	-118.237007141	68.5	
T	34.018947601	-118.237007141	68.5	
T	34.018943787	-118.237007141	68.5	
T	34.018939972	-118.237007141	68.5	
T	34.018939972	-118.237007141	68.5	
T	34.018890381	-118.236923218	68.5	
T	34.018886566	-118.236915588	68.5	
T	34.018890381	-118.236907959	68.5	
T	34.018886566	-118.236907959	68.5	
T	34.018882751	-118.236900330	68.5	
T	34.018878937	-118.236900330	68.5	
T	34.018875122	-118.236900330	68.5	
T	34.018871307	-118.236892700	68.5	
T	34.018867493	-118.236892700	68.5	
T	34.018863678	-118.236892700	68.5	
T	34.018859863	-118.236892700	68.5	
T	34.018856049	-118.236885071	68.5	
T	34.018852234	-118.236877441	68.5	
T	34.018848419	-118.236869812	68.5	
T	34.018844604	-118.236862183	68.5	
T	34.018836975	-118.236862183	68.4	
T	34.018836975	-118.236854553	68.5	
T	34.018833160	-118.236854553	68.4	
T	34.018833160	-118.236846924	68.4	
T	34.018836975	-118.236854553	68.5	
T	34.018836975	-118.236854553	68.5	
T	34.018836975	-118.236854553	68.5	
T	34.018856049	-118.236961365	68.4	
T	34.018859863	-118.236968994	68.4	
T	34.018859863	-118.236968994	68.4	
T	34.018947601	-118.236991882	68.5	
T	34.018951416	-118.236991882	68.5	
T	34.018955231	-118.236999512	68.5	
T	34.018959045	-118.237007141	68.5	
T	34.018959045	-118.237007141	68.5	
T	34.018989563	-118.237022400	68.6	
T	34.018985748	-118.237022400	68.6	
T	34.018985748	-118.237030029	68.6	
T	34.018981934	-118.237030029	68.6	
T	34.018981934	-118.237030029	68.6	
T	34.018981934	-118.237030029	68.6	
T	34.018943787	-118.237068176	68.5	
T	34.018947601	-118.237060547	68.5	
T	34.018947601	-118.237060547	68.5	
T	34.018962860	-118.236953735	68.5	
T	34.018959045	-118.236946106	68.5	
T	34.018955231	-118.236938477	68.5	
T	34.018959045	-118.236938477	68.5	
T	34.018962860	-118.236930847	68.5	
T	34.018966675	-118.236930847	68.5	
T	34.018970490	-118.236923218	68.5	
T	34.018974304	-118.236923218	68.6	
T	34.018978119	-118.236923218	68.6	
T	34.018978119	-118.236915588	68.6	
T	34.018985748	-118.236930847	68.6	
T	34.018981934	-118.236946106	68.6	
T	34.018985748	-118.236946106	68.6	
T	34.018981934	-118.236946106	68.6	
T	34.018985748	-118.236938477	68.6	
T	34.018985748	-118.236938477	68.6	
T	34.018985748	-118.236938477	68.6	
T	34.019004822	-118.237052917	68.6	
T	34.019004822	-118.237060547	68.6	
T	34.019004822	-118.237060547	68.6	
T	34.018974304	-118.237007141	68.5	
T	34.018974304	-118.236999512	68.5	
T	34.018970490	-118.236999512	68.5	
T	34.018970490	-118.236991882	68.5	
T	34.018966675	-118.236991882	68.5	
T	34.018966675	-118.236999512	68.5	
T	34.018966675	-118.236991882	68.5	
T	34.018962860	-118.236984253	68.5	
T	34.018959045	-118.236984253	68.5	
T	34.018955231	-118.236984253	68.5	
T	34.018951416	-118.236984253	68.5	
T	34.018947601	-118.236976624	68.5	
T	34.018943787	-118.236976624	68.5	
T	34.018939972	-118.236968994	68.5	
T	34.018939972	-118.236961365	68.5	
T	34.018939972	-118.236953735	68.5	
T	34.018936157	-118.236953735	68.5	
T	34.018936157	-118.236946106	68.5	
T	34.018939972	-118.236938477	68.5	
T	34.018936157	-118.236946106	68.5	
T	34.018936157	-118.236953735	68.5	
T	34.018939972	-118.236953735	68.5	
T	34.018939972	-118.236953735	68.5	
T	34.018913269	-118.236991882	68.5	
T	34.018909454	-118.236984253	68.5	
T	34.018905640	-118.236984253	68.5	
T	34.018905640	-118.236984253	68.5	
T	34.018905640	-118.236984253	68.5	
T	34.018875122	-118.236953735	68.5	
T	34.018871307	-118.236961365	68.5	
T	34.018867493	-118.236961365	68.5	
T	34.018863678	-118.236961365	68.4	
T	34.018863678	-118.236968994	68.4	
T	34.018859863	-118.236968994	68.4	
T	34.018852234	-118.236961365	68.4	
T	34.018848419	-118.236961365	68.4	
T	34.018844604	-118.236953735	68.4	
T	34.018840790	-118.236953735	68.4	
T	34.018840790	-118.236946106	68.4	
T	34.018836975	-118.236946106	68.4	
T	34.018836975	-118.236938477	68.4	
T	34.018836975	-118.236930847	68.4	
T	34.018836975	-118.236923218	68.4	
T	34.018840790	-118.236923218	68.4	
T	34.018844604	-118.236915588	68.4	
T	34.018840790	-118.236907959	68.4	
T	34.018840790	-118.236900330	68.4	
T	34.018836975	-118.236892700	68.4	
T	34.018840790	-118.236892700	68.4	
T	34.018844604	-118.236892700	68.4	
T	34.018840790	-118.236885071	68.4	
T	34.018840790	-118.236885071	68.4	
T	34.018836975	-118.236854553	68.5	
T	34.018836975	-118.236846924	68.5	
T	34.018844604	-118.236846924	68.5	
T	34.018844604	-118.236846924	68.5	
T	34.018836975	-118.236846924	68.5	
T	34.018833160	-118.236846924	68.4	
T	34.018833160	-118.236854553	68.4	
T	34.018833160	-118.236854553	68.4	
T	34.018886566	-118.236946106	68.5	
T	34.018894196	-118.236946106	68.5	
T	34.018890381	-118.236946106	68.5	
T	34.018890381	-118.236961365	68.5	
T	34.018905640	-118.236984253	68.5	
T	34.018913269	-118.236999512	68.5	
T	34.018917084	-118.237014771	68.5	
T	34.018924713	-118.237030029	68.5	
T	34.018928528	-118.237037659	68.5	
T	34.018932343	-118.237052917	68.5	
T	34.018936157	-118.237060547	68.5	
T	34.018939972	-118.237068176	68.5	
T	34.018943787	-118.237068176	68.5	
T	34.018947601	-118.237068176	68.5	
T	34.018947601	-118.237068176	68.5	
T	34.018928528	-118.236961365	68.5	
T	34.018932343	-118.236961365	68.5	
T	34.018936157	-118.236961365	68.5	
T	34.018936157	-118.236961365	68.5	
T	34.018936157	-118.236961365	68.5	
T	34.019008636	-118.237022400	68.6	
T	34.019012451	-118.237030029	68.6	
T	34.019008636	-118.237037659	68.6	
T	34.019008636	-118.237037659	68.6	
T	34.018974304	-118.236938477	68.6	
T	34.018970490	-118.236930847	68.5	
T	34.018970490	-118.236923218	68.5	
T	34.018966675	-118.236923218	68.5	
T	34.018959045	-118.236900330	68.5	
T	34.018962860	-118.236892700	68.5	
T	34.018959045	-118.236885071	68.5	
T	34.018955231	-118.236877441	68.5	
T	34.018951416	-118.236869812	68.5	
T	34.018947601	-118.236862183	68.5	
T	34.018943787	-118.236862183	68.5	
T	34.018939972	-118.236854553	68.5	
T	34.018947601	-118.236869812	68.5	
T	34.018943787	-118.236869812	68.5	
T	34.018939972	-118.236862183	68.5	
T	34.018943787	-118.236862183	68.5	
T	34.018943787	-118.236869812	68.5	
T	34.018943787	-118.236877441	68.5	
T	34.018947601	-118.236900330	68.5	
T	34.018947601	-118.236900330	68.5	
T	34.018951416	-118.237014771	68.5	
T	34.018955231	-118.237014771	68.5	
T	34.018951416	-118.237014771	68.5	
T	34.018955231	-118.237014771	68.5	
T	34.018955231	-118.237014771	68.5	
T	34.018947601	-118.236999512	68.5	
T	34.018943787	-118.236991882	68.5	
T	34.018939972	-118.236991882	68.5	
T	34.018936157	-118.236984253	68.5	
T	34.018936157	-118.236991882	68.5	
T	34.018939972	-118.236999512	68.5	
T	34.018936157	-118.236991882	68.5	
T	34.018928528	-118.236991882	68.5	
T	34.018924713	-118.236984253	68.5	
T	34.018920898	-118.236976624	68.5	
T	34.018913269	-118.236976624	68.5	
T	34.018913269	-118.236968994	68.5	
T	34.018909454	-118.236968994	68.5	
T	34.018901825	-118.236968994	68.5	
T	34.018898010	-118.236961365	68.5	
T	34.018894196	-118.236961365	68.5	
T	34.018886566	-118.236961365	68.5	
T	34.018882751	-118.236961365	68.5	
T	34.018875122	-118.236961365	68.5	
T	34.018867493	-118.236961365	68.5	
T	34.018863678	-118.236961365	68.4	
T	34.018859863	-118.236961365	68.4	
T	34.018859863	-118.236953735	68.4	
T	34.018856049	-118.236953735	68.4	
T	34.018848419	-118.236946106	68.4	
T	34.018848419	-118.236938477	68.4	
T	34.018844604	-118.236938477	68.4	
T	34.018848419	-118.236946106	68.4	
T	34.018848419	-118.236938477	68.4	
T	34.018852234	-118.236938477	68.4	
T	34.018856049	-118.236930847	68.4	
T	34.018859863	-118.236923218	68.5	
T	34.018863678	-118.236907959	68.5	
T	34.018867493	-118.236907959	68.5	
T	34.018867493	-118.236900330	68.5	
T	34.018871307	-118.236892700	68.5	
T	34.018867493	-118.236885071	68.5	
T	34.018871307	-118.236877441	68.5	
T	34.018875122	-118.236869812	68.5	
T	34.018878937	-118.236862183	68.5	
T	34.018882751	-118.236854553	68.5	
T	34.018886566	-118.236839294	68.5	
T	34.018886566	-118.236824036	68.5	
T	34.018886566	-118.236816406	68.5	
T	34.018886566	-118.236808777	68.5	
T	34.018882751	-118.236808777	68.5	
T	34.018875122	-118.236808777	68.5	
T	34.018871307	-118.236801147	68.5	
T	34.018882751	-118.236808777	68.5	
T	34.018886566	-118.236824036	68.5	
T	34.018882751	-118.236824036	68.5	
T	34.018878937	-118.236816406	68.5	
T	34.018882751	-118.236824036	68.5	
T	34.018886566	-118.236824036	68.5	
T	34.018890381	-118.236824036	68.5	
T	34.018894196	-118.236831665	68.5	
T	34.018898010	-118.236831665	68.5	
T	34.018901825	-118.236831665	68.5	
T	34.018901825	-118.236816406	68.5	
T	34.018905640	-118.236816406	68.5	
T	34.018909454	-118.236816406	68.5	
T	34.018913269	-118.236816406	68.5	
T	34.018913269	-118.236816406	68.5	
T	34.018932343	-118.236923218	68.5	
T	34.018932343	-118.236930847	68.5	
T	34.018936157	-118.236946106	68.5	
T	34.018936157	-118.236953735	68.5	
T	34.018936157	-118.236953735	68.5	
T	34.018936157	-118.236953735	68.5	
T	34.019020081	-118.236930847	68.6	
T	34.019020081	-118.236923218	68.6	
T	34.019020081	-118.236923218	68.6	
T	34.019020081	-118.236923218	68.6	
T	34.018962860	-118.236885071	68.5	
T	34.018959045	-118.236885071	68.5	
T	34.018955231	-118.236877441	68.5	
T	34.018947601	-118.236869812	68.5	
T	34.018939972	-118.236869812	68.5	
T	34.018936157	-118.236862183	68.5	
T	34.018928528	-118.236862183	68.5	
T	34.018928528	-118.236854553	68.5	
T	34.018924713	-118.236862183	68.5	
T	34.018920898	-118.236862183	68.5	
T	34.018928528	-118.236885071	68.5	
T	34.018928528	-118.236892700	68.5	
T	34.018928528	-118.236900330	68.5	
T	34.018917084	-118.236900330	68.5	
T	34.018913269	-118.236907959	68.5	
T	34.018905640	-118.236923218	68.5	
T	34.018898010	-118.236930847	68.5	
T	34.018886566	-118.236946106	68.5	
T	34.018882751	-118.236946106	68.5	
T	34.018875122	-118.236953735	68.5	
T	34.018863678	-118.236968994	68.4	
T	34.018852234	-118.236984253	68.4	
T	34.018859863	-118.236946106	68.4	
T	34.018867493	-118.236907959	68.5	
T	34.018871307	-118.236885071	68.5	
T	34.018875122	-118.236839294	68.5	
T	34.018878937	-118.236808777	68.5	
T	34.018882751	-118.236778259	68.5	
T	34.018890381	-118.236755371	68.5	
T	34.018901825	-118.236740112	68.5	
T	34.018901825	-118.236747742	68.5	
T	34.018898010	-118.236755371	68.5	
T	34.018898010	-118.236740112	68.5	
T	34.018901825	-118.236724854	68.5	
T	34.018901825	-118.236717224	68.5	
T	34.018905640	-118.236701965	68.5	
T	34.018913269	-118.236701965	68.5	
T	34.018917084	-118.236709595	68.5	
T	34.018928528	-118.236717224	68.5	
T	34.018928528	-118.236709595	68.5	
T	34.018936157	-118.236709595	68.5	
T	34.018939972	-118.236709595	68.5	
T	34.018947601	-118.236709595	68.5	
T	34.018955231	-118.236709595	68.5	
T	34.018959045	-118.236709595	68.5	
T	34.018966675	-118.236709595	68.5	
T	34.018974304	-118.236717224	68.6	
T	34.018978119	-118.236709595	68.6	
T	34.018985748	-118.236717224	68.6	
T	34.018993378	-118.236724854	68.6	
T	34.019001007	-118.236724854	68.6	
T	34.019004822	-118.236724854	68.6	
T	34.019008636	-118.236717224	68.6	
T	34.019008636	-118.236709595	68.6	
T	34.019008636	-118.236701965	68.6	
T	34.019001007	-118.236701965	68.6	
T	34.018997192	-118.236701965	68.6	
T	34.018993378	-118.236701965	68.6	
T	34.018989563	-118.236709595	68.6	
T	34.018985748	-118.236717224	68.6	
T	34.018989563	-118.236709595	68.6	
T	34.018993378	-118.236709595	68.6	
T	34.018997192	-118.236709595	68.6	
T	34.018993378	-118.236717224	68.6	
T	34.018981934	-118.236732483	68.6	
T	34.018970490	-118.236755371	68.6	
T	34.018970490	-118.236755371	68.6	
T	34.018939972	-118.236854553	68.5	
T	34.018936157	-118.236869812	68.5	
T	34.018936157	-118.236877441	68.5	
T	34.018932343	-118.236869812	68.5	
T	34.018932343	-118.236869812	68.5	
T	34.018966675	-118.236763000	68.6	
T	34.018978119	-118.236709595	68.6	
T	34.018989563	-118.236671448	68.6	
T	34.019001007	-118.236633301	68.6	
T	34.019012451	-118.236595154	68.6	
T	34.019001007	-118.236595154	68.6	
T	34.018985748	-118.236595154	68.6	
T	34.018985748	-118.236587524	68.6	
T	34.018978119	-118.236610413	68.6	
T	34.018974304	-118.236618042	68.5	
T	34.018966675	-118.236633301	68.5	
T	34.018947601	-118.236671448	68.5	
T	34.018936157	-118.236694336	68.5	
T	34.018928528	-118.236709595	68.5	
T	34.018928528	-118.236709595	68.5	
T	34.018905640	-118.236824036	68.5	
T	34.018909454	-118.236839294	68.5	
T	34.018917084	-118.236854553	68.5	
T	34.018920898	-118.236869812	68.5	
T	34.018920898	-118.236869812	68.5	
T	34.018951416	-118.236763000	68.5	
T	34.018947601	-118.236755371	68.5	
T	34.018947601	-118.236747742	68.5	
T	34.018943787	-118.236755371	68.5	
T	34.018943787	-118.236755371	68.5	
T	34.018943787	-118.236755371	68.5	
T	34.018943787	-118.236862183	68.5	
T	34.018939972	-118.236869812	68.5	
T	34.018936157	-118.236877441	68.5	
T	34.018932343	-118.236885071	68.5	
T	34.018932343	-118.236885071	68.5	
T	34.018951416	-118.236999512	68.5	
T	34.018962860	-118.237014771	68.5	
T	34.018962860	-118.237030029	68.5	
T	34.018962860	-118.237030029	68.5	
T	34.018997192	-118.237098694	68.6	
T	34.019001007	-118.237106323	68.6	
T	34.019004822	-118.237113953	68.6	
T	34.019008636	-118.237113953	68.6	
T	34.019008636	-118.237121582	68.6	
T	34.019016266	-118.237129211	68.6	
T	34.019023895	-118.237136841	68.6	
T	34.019031525	-118.237136841	68.6	
T	34.019035339	-118.237144470	68.6	
T	34.019046783	-118.237152100	68.6	
T	34.019046783	-118.237159729	68.6	
T	34.019042969	-118.237159729	68.6	
T	34.019039154	-118.237159729	68.6	
T	34.019042969	-118.237167358	68.6	
T	34.019046783	-118.237174988	68.6	
T	34.019042969	-118.237174988	68.6	
T	34.019035339	-118.237167358	68.6	
T	34.019031525	-118.237152100	68.6	
T	34.019042969	-118.237159729	68.6	
T	34.019046783	-118.237159729	68.6	
T	34.019058228	-118.237159729	68.6	
T	34.019062042	-118.237159729	68.6	
T	34.019062042	-118.237152100	68.6	
T	34.019058228	-118.237144470	68.6	
T	34.019058228	-118.237152100	68.6	
T	34.019065857	-118.237152100	68.6	
T	34.019073486	-118.237152100	68.6	
T	34.019077301	-118.237159729	68.6	
T	34.019081116	-118.237152100	68.6	
T	34.019084930	-118.237152100	68.6	
T	34.019088745	-118.237152100	68.6	
T	34.019092560	-118.237152100	68.6	
T	34.019096375	-118.237152100	68.6	
T	34.019100189	-118.237152100	68.7	
T	34.019104004	-118.237152100	68.7	
T	34.019107819	-118.237159729	68.7	
T	34.019111633	-118.237159729	68.7	
T	34.019115448	-118.237159729	68.7	
T	34.019123077	-118.237167358	68.7	
T	34.019126892	-118.237174988	68.7	
T	34.019130707	-118.237182617	68.7	
T	34.019134521	-118.237190247	68.7	
T	34.019138336	-118.237190247	68.7	
T	34.019142151	-118.237197876	68.7	
T	34.019145966	-118.237197876	68.7	
T	34.019149780	-118.237197876	68.7	
T	34.019157410	-118.237197876	68.7	
T	34.019161224	-118.237205505	68.7	
T	34.019165039	-118.237213135	68.7	
T	34.019165039	-118.237205505	68.7	
T	34.019161224	-118.237197876	68.7	
T	34.019165039	-118.237197876	68.7	
T	34.019165039	-118.237190247	68.7	
T	34.019165039	-118.237197876	68.7	
T	34.019168854	-118.237213135	68.7	
T	34.019172668	-118.237213135	68.7	
T	34.019176483	-118.237220764	68.7	
T	34.019176483	-118.237228394	68.7	
T	34.019180298	-118.237236023	68.7	
T	34.019176483	-118.237228394	68.7	
T	34.019176483	-118.237213135	68.7	
T	34.019176483	-118.237205505	68.7	
T	34.019172668	-118.237197876	68.7	
T	34.019168854	-118.237182617	68.7	
T	34.019168854	-118.237167358	68.7	
T	34.019168854	-118.237159729	68.7	
T	34.019172668	-118.237152100	68.7	
T	34.019172668	-118.237144470	68.7	
T	34.019180298	-118.237144470	68.7	
T	34.019187927	-118.237144470	68.7	
T	34.019191742	-118.237152100	68.7	
T	34.019195557	-118.237144470	68.7	
T	34.019199371	-118.237144470	68.7	
T	34.019203186	-118.237144470	68.7	
T	34.019207001	-118.237136841	68.7	
T	34.019207001	-118.237129211	68.7	
T	34.019210815	-118.237113953	68.7	
T	34.019210815	-118.237106323	68.7	
T	34.019214630	-118.237091064	68.7	
T	34.019218445	-118.237083435	68.7	
T	34.019218445	-118.237075806	68.7	
T	34.019214630	-118.237068176	68.7	
T	34.019210815	-118.237052917	68.7	
T	34.019203186	-118.237045288	68.7	
T	34.019195557	-118.237030029	68.7	
T	34.019191742	-118.237014771	68.7	
T	34.019191742	-118.236999512	68.7	
T	34.019187927	-118.236984253	68.7	
T	34.019180298	-118.236976624	68.7	
T	34.019176483	-118.236968994	68.7	
T	34.019168854	-118.236961365	68.7	
T	34.019165039	-118.236946106	68.7	
T	34.019168854	-118.236930847	68.7	
T	34.019168854	-118.236907959	68.7	
T	34.019172668	-118.236900330	68.7	
T	34.019168854	-118.236885071	68.7	
T	34.019165039	-118.236877441	68.7	
T	34.019157410	-118.236869812	68.7	
T	34.019149780	-118.236862183	68.7	
T	34.019149780	-118.236854553	68.7	
T	34.019149780	-118.236846924	68.7	
T	34.019149780	-118.236839294	68.6	
T	34.019153595	-118.236831665	68.7	
T	34.019149780	-118.236824036	68.6	
T	34.019142151	-118.236816406	68.6	
T	34.019142151	-118.236808777	68.6	
T	34.019145966	-118.236801147	68.6	
T	34.019149780	-118.236801147	68.6	
T	34.019149780	-118.236793518	68.6	
T	34.019149780	-118.236785889	68.6	
T	34.019142151	-118.236778259	68.6	
T	34.019145966	-118.236763000	68.6	
T	34.019145966	-118.236755371	68.6	
T	34.019145966	-118.236747742	68.6	
T	34.019142151	-118.236747742	68.6	
T	34.019130707	-118.236793518	68.6	
T	34.019126892	-118.236808777	68.6	
T	34.019119263	-118.236831665	68.6	
T	34.019115448	-118.236862183	68.6	
T	34.019115448	-118.236862183	68.6	
T	34.019046783	-118.236938477	68.6	
T	34.019042969	-118.236946106	68.6	
T	34.019039154	-118.236946106	68.6	
T	34.019031525	-118.236953735	68.6	
T	34.019031525	-118.236961365	68.6	
T	34.019027710	-118.236961365	68.6	
T	34.019027710	-118.236968994	68.6	
T	34.019020081	-118.236968994	68.6	
T	34.019016266	-118.236961365	68.6	
T	34.019012451	-118.236961365	68.6	
T	34.019008636	-118.236961365	68.6	
T	34.019004822	-118.236961365	68.6	
T	34.019001007	-118.236961365	68.6	
T	34.019001007	-118.236953735	68.6	
T	34.019004822	-118.236953735	68.6	
T	34.019012451	-118.236953735	68.6	
T	34.019012451	-118.236953735	68.6	
T	34.019016266	-118.237075806	68.6	
T	34.019012451	-118.237098694	68.6	
T	34.019008636	-118.237106323	68.6	
T	34.019004822	-118.237121582	68.6	
T	34.018985748	-118.237113953	68.6	
T	34.018989563	-118.237113953	68.6	
T	34.018989563	-118.237106323	68.6	
T	34.018981934	-118.237106323	68.6	
T	34.018978119	-118.237098694	68.5	
T	34.018974304	-118.237091064	68.5	
T	34.018966675	-118.237075806	68.5	
T	34.018959045	-118.237068176	68.5	
T	34.018955231	-118.237052917	68.5	
T	34.018955231	-118.237045288	68.5	
T	34.018947601	-118.237022400	68.5	
T	34.018939972	-118.237007141	68.5	
T	34.018932343	-118.236991882	68.5	
T	34.018928528	-118.236976624	68.5	
T	34.018924713	-118.236961365	68.5	
T	34.018917084	-118.236961365	68.5	
T	34.018913269	-118.236953735	68.5	
T	34.018901825	-118.236946106	68.5	
T	34.018894196	-118.236946106	68.5	
T	34.018886566	-118.236938477	68.5	
T	34.018882751	-118.236930847	68.5	
T	34.018875122	-118.236923218	68.5	
T	34.018867493	-118.236923218	68.5	
T	34.018859863	-118.236915588	68.5	
T	34.018856049	-118.236907959	68.5	
T	34.018848419	-118.236900330	68.4	
T	34.018844604	-118.236892700	68.4	
T	34.018836975	-118.236892700	68.4	
T	34.018833160	-118.236885071	68.4	
T	34.018829346	-118.236885071	68.4	
T	34.018825531	-118.236885071	68.4	
T	34.018852234	-118.236915588	68.4	
T	34.018878937	-118.236930847	68.5	
T	34.018917084	-118.236961365	68.5	
T	34.018951416	-118.236976624	68.5	
T	34.018970490	-118.236999512	68.5	
T	34.018970490	-118.237007141	68.5	
T	34.018974304	-118.237007141	68.5	
T	34.018974304	-118.237007141	68.5	
T	34.018970490	-118.236991882	68.5	
T	34.018974304	-118.236991882	68.5	
T	34.018970490	-118.236984253	68.5	
T	34.018970490	-118.236976624	68.5	
T	34.018974304	-118.236976624	68.5	
T	34.018974304	-118.236968994	68.5	
T	34.018970490	-118.236961365	68.5	
T	34.018966675	-118.236961365	68.5	
T	34.018974304	-118.236961365	68.6	
T	34.018978119	-118.236953735	68.6	
T	34.018978119	-118.236946106	68.6	
T	34.018974304	-118.236938477	68.6	
T	34.018978119	-118.236930847	68.6	
T	34.018981934	-118.236923218	68.6	
T	34.018985748	-118.236923218	68.6	
T	34.018985748	-118.236907959	68.6	
T	34.018989563	-118.236907959	68.6	
T	34.018989563	-118.236900330	68.6	
T	34.018985748	-118.236900330	68.6	
T	34.018981934	-118.236900330	68.6	
T	34.018978119	-118.236900330	68.6	
T	34.018981934	-118.236892700	68.6	
T	34.018981934	-118.236892700	68.6	
T	34.018981934	-118.236892700	68.6	
T	34.019031525	-118.236991882	68.6	
T	34.019031525	-118.236999512	68.6	
T	34.019031525	-118.237014771	68.6	
T	34.019035339	-118.237022400	68.6	
T	34.019035339	-118.237022400	68.6	
T	34.019016266	-118.236999512	68.6	
T	34.019016266	-118.236991882	68.6	
T	34.019020081	-118.236991882	68.6	
T	34.019023895	-118.236991882	68.6	
T	34.019023895	-118.236984253	68.6	
T	34.019020081	-118.236984253	68.6	
T	34.019020081	-118.236976624	68.6	
T	34.019023895	-118.236984253	68.6	
T	34.019027710	-118.236984253	68.6	
T	34.019027710	-118.236984253	68.6	
T	34.019069672	-118.236968994	68.6	
T	34.019073486	-118.236961365	68.6	
T	34.019073486	-118.236953735	68.6	
T	34.019073486	-118.236946106	68.6	
T	34.019073486	-118.236938477	68.6	
T	34.019069672	-118.236938477	68.6	
T	34.019054413	-118.236938477	68.6	
T	34.019039154	-118.236930847	68.6	
T	34.019027710	-118.236930847	68.6	
T	34.019027710	-118.236930847	68.6	
T	34.019027710	-118.236930847	68.6	
T	34.019023895	-118.236854553	68.6	
T	34.019027710	-118.236846924	68.6	
T	34.019027710	-118.236839294	68.6	
T	34.019023895	-118.236846924	68.6	
T	34.019023895	-118.236854553	68.6	
T	34.019023895	-118.236877441	68.6	
T	34.019023895	-118.236877441	68.6	
T	34.019027710	-118.236984253	68.6	
T	34.019031525	-118.236984253	68.6	
T	34.019031525	-118.236984253	68.6	
T	34.019001007	-118.236984253	68.6	
T	34.019001007	-118.236976624	68.6	
T	34.019001007	-118.236976624	68.6	
T	34.019001007	-118.236869812	68.6	
T	34.019001007	-118.236862183	68.6	
T	34.018997192	-118.236869812	68.6	
T	34.018993378	-118.236869812	68.6	
T	34.018993378	-118.236869812	68.6	
T	34.018993378	-118.236869812	68.6	
T	34.018966675	-118.236976624	68.5	
T	34.018959045	-118.236976624	68.5	
T	34.018959045	-118.236984253	68.5	
T	34.018959045	-118.236991882	68.5	
T	34.018959045	-118.236991882	68.5	
T	34.018959045	-118.236991882	68.5	
T	34.018939972	-118.236953735	68.5	
T	34.018939972	-118.236946106	68.5	
T	34.018939972	-118.236938477	68.5	
T	34.018936157	-118.236938477	68.5	
T	34.018932343	-118.236938477	68.5	
T	34.018928528	-118.236930847	68.5	
T	34.018928528	-118.236923218	68.5	
T	34.018924713	-118.236915588	68.5	
T	34.018920898	-118.236907959	68.5	
T	34.018924713	-118.236900330	68.5	
T	34.018928528	-118.236892700	68.5	
T	34.018932343	-118.236885071	68.5	
T	34.018939972	-118.236877441	68.5	
T	34.018943787	-118.236869812	68.5	
T	34.018947601	-118.236854553	68.5	
T	34.018951416	-118.236854553	68.5	
T	34.018955231	-118.236854553	68.5	
T	34.018962860	-118.236846924	68.5	
T	34.018966675	-118.236839294	68.6	
T	34.018974304	-118.236831665	68.6	
T	34.019008636	-118.236915588	68.6	
T	34.019016266	-118.236923218	68.6	
T	34.019035339	-118.236961365	68.6	
T	34.019042969	-118.236968994	68.6	
T	34.019050598	-118.236991882	68.6	
T	34.019062042	-118.237007141	68.6	
T	34.019065857	-118.237014771	68.6	
T	34.019073486	-118.237022400	68.6	
T	34.019077301	-118.237030029	68.6	
T	34.019081116	-118.237030029	68.6	
T	34.019084930	-118.237030029	68.6	
T	34.019084930	-118.237037659	68.6	
T	34.019088745	-118.237045288	68.6	
T	34.019092560	-118.237045288	68.6	
T	34.019088745	-118.237052917	68.6	
T	34.019100189	-118.237052917	68.6	
T	34.019100189	-118.237052917	68.6	
T	34.019016266	-118.237098694	68.6	
T	34.019012451	-118.237098694	68.6	
T	34.019012451	-118.237098694	68.6	
T	34.018936157	-118.237159729	68.5	
T	34.018928528	-118.237159729	68.5	
T	34.018932343	-118.237159729	68.5	
T	34.018932343	-118.237159729	68.5	
T	34.018932343	-118.237159729	68.5	
T	34.019027710	-118.237136841	68.6	
T	34.019035339	-118.237129211	68.6	
T	34.019042969	-118.237121582	68.6	
T	34.019050598	-118.237121582	68.6	
T	34.019058228	-118.237121582	68.6	
T	34.019058228	-118.237121582	68.6	
T	34.019058228	-118.237121582	68.6	
T	34.019084930	-118.237129211	68.6	
T	34.019081116	-118.237129211	68.6	
T	34.019084930	-118.237129211	68.6	
T	34.019088745	-118.237136841	68.6	
T	34.019104004	-118.237113953	68.7	
T	34.019111633	-118.237106323	68.7	
T	34.019119263	-118.237098694	68.7	
T	34.019126892	-118.237091064	68.7	
T	34.019126892	-118.237083435	68.7	
T	34.019130707	-118.237083435	68.7	
T	34.019126892	-118.237083435	68.7	
T	34.019123077	-118.237083435	68.7	
T	34.019123077	-118.237083435	68.7	
T	34.019123077	-118.237083435	68.7	
T	34.019107819	-118.237075806	68.7	
T	34.019104004	-118.237075806	68.7	
T	34.019100189	-118.237075806	68.7	
T	34.019100189	-118.237075806	68.7	
T	34.019187927	-118.237045288	68.7	
T	34.019191742	-118.237045288	68.7	
T	34.019191742	-118.237045288	68.7	
T	34.019153595	-118.237052917	68.7	
T	34.019149780	-118.237052917	68.7	
T	34.019145966	-118.237060547	68.7	
T	34.019149780	-118.237060547	68.7	
T	34.019149780	-118.237068176	68.7	
T	34.019149780	-118.237068176	68.7	
T	34.019084930	-118.237121582	68.6	
T	34.019081116	-118.237121582	68.6	
T	34.019081116	-118.237129211	68.6	
T	34.019065857	-118.237136841	68.6	
T	34.019062042	-118.237136841	68.6	
T	34.019062042	-118.237129211	68.6	
T	34.019062042	-118.237129211	68.6	
T	34.019142151	-118.237075806	68.7	
T	34.019142151	-118.237083435	68.7	
T	34.019145966	-118.237083435	68.7	
T	34.019145966	-118.237083435	68.7	
T	34.019149780	-118.237083435	68.7	
T	34.019153595	-118.237083435	68.7	
T	34.019157410	-118.237083435	68.7	
T	34.019157410	-118.237083435	68.7	
T	34.019191742	-118.237083435	68.7	
T	34.019187927	-118.237083435	68.7	
T	34.019184113	-118.237083435	68.7	
T	34.019184113	-118.237083435	68.7	
T	34.019184113	-118.237083435	68.7	
T	34.019210815	-118.237075806	68.7	
T	34.019210815	-118.237075806	68.7	
T	34.019180298	-118.237052917	68.7	
T	34.019184113	-118.237045288	68.7	
T	34.019191742	-118.237045288	68.7	
T	34.019191742	-118.237037659	68.7	
T	34.019199371	-118.237030029	68.7	
T	34.019195557	-118.237030029	68.7	
T	34.019199371	-118.237030029	68.7	
T	34.019203186	-118.237022400	68.7	
T	34.019195557	-118.237022400	68.7	
T	34.019191742	-118.237014771	68.7	
T	34.019191742	-118.237022400	68.7	
T	34.019187927	-118.237022400	68.7	
T	34.019184113	-118.237022400	68.7	
T	34.019184113	-118.237030029	68.7	
T	34.019180298	-118.237030029	68.7	
T	34.019180298	-118.237037659	68.7	
T	34.019176483	-118.237037659	68.7	
T	34.019176483	-118.237045288	68.7	
T	34.019165039	-118.237052917	68.7	
T	34.019165039	-118.237052917	68.7	
T	34.019184113	-118.237045288	68.7	
T	34.019187927	-118.237045288	68.7	
T	34.019184113	-118.237045288	68.7	
T	34.019187927	-118.237037659	68.7	
T	34.019191742	-118.237037659	68.7	
T	34.019187927	-118.237037659	68.7	
T	34.019191742	-118.237037659	68.7	
T	34.019195557	-118.237030029	68.7	
T	34.019199371	-118.237030029	68.7	
T	34.019203186	-118.237030029	68.7	
T	34.019207001	-118.237022400	68.7	
T	34.019214630	-118.237022400	68.7	
T	34.019218445	-118.237022400	68.7	
T	34.019226074	-118.237022400	68.7	
T	34.019229889	-118.237014771	68.7	
T	34.019233704	-118.237014771	68.7	
T	34.019241333	-118.237014771	68.7	
T	34.019248962	-118.237007141	68.7	
T	34.019245148	-118.237007141	68.7	
T	34.019237518	-118.237007141	68.7	
T	34.019233704	-118.237007141	68.7	
T	34.019233704	-118.237014771	68.7	
T	34.019233704	-118.237014771	68.7	
T	34.019145966	-118.237060547	68.7	
T	34.019142151	-118.237060547	68.7	
T	34.019142151	-118.237060547	68.7	
T	34.019065857	-118.237121582	68.6	
T	34.019058228	-118.237129211	68.6	
T	34.019054413	-118.237129211	68.6	
T	34.019050598	-118.237129211	68.6	
T	34.019050598	-118.237129211	68.6	
T	34.018970490	-118.237174988	68.6	
T	34.018966675	-118.237174988	68.5	
T	34.018962860	-118.237182617	68.5	
T	34.018962860	-118.237182617	68.5	
T	34.018962860	-118.237182617	68.5	
T	34.019054413	-118.237182617	68.6	
T	34.019058228	-118.237174988	68.6	
T	34.019062042	-118.237174988	68.6	
T	34.019062042	-118.237174988	68.6	
T	34.019096375	-118.237152100	68.6	
T	34.019100189	-118.237152100	68.7	
T	34.019104004	-118.237144470	68.7	
T	34.019107819	-118.237144470	68.7	
T	34.019111633	-118.237136841	68.7	
T	34.019123077	-118.237136841	68.7	
T	34.019126892	-118.237129211	68.7	
T	34.019130707	-118.237129211	68.7	
T	34.019134521	-118.237121582	68.7	
T	34.019134521	-118.237121582	68.7	
T	34.019134521	-118.237121582	68.7	
T	34.019134521	-118.237113953	68.7	
T	34.019138336	-118.237106323	68.7	
T	34.019145966	-118.237106323	68.7	
T	34.019153595	-118.237106323	68.7	
T	34.019161224	-118.237098694	68.7	
T	34.019168854	-118.237098694	68.7	
T	34.019176483	-118.237098694	68.7	
T	34.019187927	-118.237083435	68.7	
T	34.019195557	-118.237083435	68.7	
T	34.019199371	-118.237083435	68.7	
T	34.019203186	-118.237083435	68.7	
T	34.019210815	-118.237075806	68.7	
T	34.019218445	-118.237075806	68.7	
T	34.019218445	-118.237068176	68.7	
T	34.019218445	-118.237075806	68.7	
T	34.019214630	-118.237083435	68.7	
T	34.019210815	-118.237091064	68.7	
T	34.019203186	-118.237098694	68.7	
T	34.019195557	-118.237106323	68.7	
T	34.019184113	-118.237113953	68.7	
T	34.019176483	-118.237121582	68.7	
T	34.019165039	-118.237129211	68.7	
T	34.019165039	-118.237129211	68.7	
T	34.019165039	-118.237129211	68.7	
T	34.019073486	-118.237159729	68.6	
T	34.019069672	-118.237159729	68.6	
T	34.019065857	-118.237159729	68.6	
T	34.019062042	-118.237159729	68.6	
T	34.019058228	-118.237159729	68.6	
T	34.019054413	-118.237167358	68.6	
T	34.019046783	-118.237167358	68.6	
T	34.019039154	-118.237167358	68.6	
T	34.019035339	-118.237167358	68.6	
T	34.019031525	-118.237167358	68.6	
T	34.019027710	-118.237174988	68.6	
T	34.019023895	-118.237174988	68.6	
T	34.019020081	-118.237174988	68.6	
T	34.019020081	-118.237182617	68.6	
T	34.019016266	-118.237182617	68.6	
T	34.019020081	-118.237174988	68.6	
T	34.019016266	-118.237174988	68.6	
T	34.019016266	-118.237167358	68.6	
T	34.019012451	-118.237159729	68.6	
T	34.019008636	-118.237159729	68.6	
T	34.019004822	-118.237167358	68.6	
T	34.018997192	-118.237167358	68.6	
T	34.019001007	-118.237174988	68.6	
T	34.018997192	-118.237174988	68.6	
T	34.019001007	-118.237182617	68.6	
T	34.018997192	-118.237182617	68.6	
T	34.019001007	-118.237182617	68.6	
T	34.019004822	-118.237190247	68.6	
T	34.019008636	-118.237190247	68.6	
T	34.019012451	-118.237190247	68.6	
T	34.019042969	-118.237167358	68.6	
T	34.019058228	-118.237152100	68.6	
T	34.019073486	-118.237144470	68.6	
T	34.019092560	-118.237129211	68.6	
T	34.019107819	-118.237121582	68.7	
T	34.019123077	-118.237113953	68.7	
T	34.019130707	-118.237106323	68.7	
T	34.019138336	-118.237106323	68.7	
T	34.019149780	-118.237098694	68.7	
T	34.019165039	-118.237091064	68.7	
T	34.019176483	-118.237083435	68.7	
T	34.019191742	-118.237075806	68.7	
T	34.019207001	-118.237068176	68.7	
T	34.019226074	-118.237060547	68.7	
T	34.019241333	-118.237052917	68.7	
T	34.019248962	-118.237052917	68.8	
T	34.019260406	-118.237045288	68.8	
T	34.019275665	-118.237045288	68.8	
T	34.019287109	-118.237045288	68.8	
T	34.019298553	-118.237045288	68.8	
T	34.019309998	-118.237037659	68.8	
T	34.019313812	-118.237037659	68.8	
T	34.019321442	-118.237045288	68.8	
T	34.019313812	-118.237052917	68.8	
T	34.019313812	-118.237060547	68.8	
T	34.019321442	-118.237068176	68.8	
T	34.019317627	-118.237068176	68.8	
T	34.019317627	-118.237075806	68.8	
T	34.019309998	-118.237083435	68.8	
T	34.019313812	-118.237083435	68.8	
T	34.019321442	-118.237083435	68.8	
T	34.019325256	-118.237091064	68.8	
T	34.019321442	-118.237091064	68.8	
T	34.019313812	-118.237091064	68.8	
T	34.019302368	-118.237091064	68.8	
T	34.019294739	-118.237091064	68.8	
T	34.019283295	-118.237098694	68.8	
T	34.019275665	-118.237098694	68.8	
T	34.019252777	-118.237106323	68.8	
T	34.019241333	-118.237106323	68.8	
T	34.019229889	-118.237106323	68.7	
T	34.019222260	-118.237106323	68.7	
T	34.019214630	-118.237106323	68.7	
T	34.019207001	-118.237106323	68.7	
T	34.019203186	-118.237106323	68.7	
T	34.019199371	-118.237113953	68.7	
T	34.019191742	-118.237113953	68.7	
T	34.019184113	-118.237121582	68.7	
T	34.019180298	-118.237121582	68.7	
T	34.019176483	-118.237129211	68.7	
T	34.019165039	-118.237129211	68.7	
T	34.019157410	-118.237129211	68.7	
T	34.019149780	-118.237129211	68.7	
T	34.019142151	-118.237129211	68.7	
T	34.019134521	-118.237129211	68.7	
T	34.019123077	-118.237129211	68.7	
T	34.019119263	-118.237129211	68.7	
T	34.019115448	-118.237129211	68.7	
T	34.019111633	-118.237121582	68.7	
T	34.019111633	-118.237113953	68.7	
T	34.019107819	-118.237113953	68.7	
T	34.019104004	-118.237106323	68.7	
T	34.019107819	-118.237106323	68.7	
T	34.019104004	-118.237106323	68.7	
T	34.019096375	-118.237106323	68.6	
T	34.019073486	-118.237106323	68.6	
T	34.019062042	-118.237106323	68.6	
T	34.019058228	-118.237113953	68.6	
T	34.019046783	-118.237113953	68.6	
T	34.019035339	-118.237113953	68.6	
T	34.019023895	-118.237121582	68.6	
T	34.019016266	-118.237121582	68.6	
T	34.019012451	-118.237121582	68.6	
T	34.019016266	-118.237121582	68.6	
T	34.019020081	-118.237121582	68.6	
T	34.019023895	-118.237129211	68.6	
T	34.019023895	-118.237121582	68.6	
T	34.019027710	-118.237121582	68.6	
T	34.019031525	-118.237121582	68.6	
T	34.019031525	-118.237113953	68.6	
T	34.019031525	-118.237121582	68.6	
T	34.019035339	-118.237121582	68.6	
T	34.019039154	-118.237121582	68.6	
T	34.019039154	-118.237121582	68.6	
T	34.019084930	-118.237121582	68.6	
T	34.019081116	-118.237121582	68.6	
T	34.019077301	-118.237129211	68.6	
T	34.019077301	-118.237129211	68.6	
T	34.019172668	-118.237136841	68.7	
T	34.019176483	-118.237136841	68.7	
T	34.019176483	-118.237136841	68.7	
T	34.019207001	-118.237106323	68.7	
T	34.019218445	-118.237106323	68.7	
T	34.019222260	-118.237106323	68.7	
T	34.019229889	-118.237106323	68.7	
T	34.019233704	-118.237106323	68.7	
T	34.019233704	-118.237106323	68.7	
T	34.019233704	-118.237106323	68.7	
T	34.019157410	-118.237159729	68.7	
T	34.019157410	-118.237159729	68.7	
T	34.019069672	-118.237174988	68.6	
T	34.019069672	-118.237182617	68.6	
T	34.019065857	-118.237182617	68.6	
T	34.019065857	-118.237182617	68.6	
T	34.019062042	-118.237236023	68.6	
T	34.019062042	-118.237243652	68.6	
T	34.019058228	-118.237243652	68.6	
T	34.019050598	-118.237258911	68.6	
T	34.019046783	-118.237274170	68.6	
T	34.019042969	-118.237274170	68.6	
T	34.019039154	-118.237281799	68.6	
T	34.019035339	-118.237281799	68.6	
T	34.019031525	-118.237289429	68.6	
T	34.019027710	-118.237289429	68.6	
T	34.019027710	-118.237297058	68.6	
T	34.019023895	-118.237289429	68.6	
T	34.019023895	-118.237297058	68.6	
T	34.019023895	-118.237297058	68.6	
T	34.018997192	-118.237319946	68.6	
T	34.018985748	-118.237335205	68.6	
T	34.018978119	-118.237342834	68.6	
T	34.018974304	-118.237350464	68.6	
T	34.018966675	-118.237350464	68.6	
T	34.018962860	-118.237350464	68.6	
T	34.018959045	-118.237350464	68.6	
T	34.018955231	-118.237350464	68.6	
T	34.018951416	-118.237342834	68.6	
T	34.018947601	-118.237342834	68.6	
T	34.018943787	-118.237342834	68.6	
T	34.018939972	-118.237342834	68.6	
T	34.018932343	-118.237342834	68.6	
T	34.018928528	-118.237342834	68.6	
T	34.018924713	-118.237335205	68.6	
T	34.018917084	-118.237342834	68.6	
T	34.018913269	-118.237342834	68.6	
T	34.018917084	-118.237335205	68.6	
T	34.018924713	-118.237335205	68.6	
T	34.018924713	-118.237319946	68.6	
T	34.018928528	-118.237312317	68.6	
T	34.018928528	-118.237304688	68.5	
T	34.018932343	-118.237304688	68.6	
T	34.018932343	-118.237297058	68.5	
T	34.018936157	-118.237297058	68.6	
T	34.018936157	-118.237304688	68.6	
T	34.018932343	-118.237304688	68.6	
T	34.018932343	-118.237297058	68.5	
T	34.018932343	-118.237297058	68.5	
T	34.018974304	-118.237274170	68.6	
T	34.018985748	-118.237266541	68.6	
T	34.018989563	-118.237258911	68.6	
T	34.018997192	-118.237251282	68.6	
T	34.019001007	-118.237251282	68.6	
T	34.019008636	-118.237251282	68.6	
T	34.019012451	-118.237251282	68.6	
T	34.019020081	-118.237243652	68.6	
T	34.019023895	-118.237243652	68.6	
T	34.019027710	-118.237243652	68.6	
T	34.019027710	-118.237236023	68.6	
T	34.019031525	-118.237236023	68.6	
T	34.019035339	-118.237236023	68.6	
T	34.019039154	-118.237236023	68.6	
T	34.019046783	-118.237236023	68.6	
T	34.019046783	-118.237228394	68.6	
T	34.019050598	-118.237228394	68.6	
T	34.019054413	-118.237228394	68.6	
T	34.019058228	-118.237228394	68.6	
T	34.019058228	-118.237228394	68.6	
T	34.019050598	-118.237236023	68.6	
T	34.019058228	-118.237236023	68.6	
T	34.019062042	-118.237228394	68.6	
T	34.019058228	-118.237228394	68.6	
T	34.019058228	-118.237236023	68.6	
T	34.019058228	-118.237228394	68.6	
T	34.019069672	-118.237236023	68.6	
T	34.019073486	-118.237228394	68.6	
T	34.019084930	-118.237213135	68.6	
T	34.019084930	-118.237213135	68.6	
T	34.019126892	-118.237159729	68.7	
T	34.019126892	-118.237159729	68.7	
T	34.019126892	-118.237152100	68.7	
T	34.019130707	-118.237152100	68.7	
T	34.019130707	-118.237144470	68.7	
T	34.019130707	-118.237144470	68.7	
T	34.019126892	-118.237152100	68.7	
T	34.019119263	-118.237152100	68.7	
T	34.019115448	-118.237152100	68.7	
T	34.019107819	-118.237144470	68.7	
T	34.019104004	-118.237152100	68.7	
T	34.019104004	-118.237144470	68.7	
T	34.019100189	-118.237144470	68.7	
T	34.019096375	-118.237144470	68.6	
T	34.019100189	-118.237144470	68.7	
T	34.019100189	-118.237136841	68.7	
T	34.019092560	-118.237144470	68.6	
T	34.019084930	-118.237152100	68.6	
T	34.019084930	-118.237159729	68.6	
T	34.019088745	-118.237159729	68.6	
T	34.019092560	-118.237152100	68.6	
T	34.019092560	-118.237159729	68.6	
T	34.019088745	-118.237159729	68.6	
T	34.019092560	-118.237152100	68.6	
T	34.019096375	-118.237152100	68.6	
T	34.019100189	-118.237152100	68.7	
T	34.019100189	-118.237152100	68.7	
T	34.019107819	-118.237144470	68.7	
T	34.019104004	-118.237144470	68.7	
T	34.019104004	-118.237152100	68.7	
T	34.019107819	-118.237152100	68.7	
T	34.019107819	-118.237152100	68.7	
T	34.019111633	-118.237144470	68.7	
T	34.019119263	-118.237136841	68.7	
T	34.019123077	-118.237136841	68.7	
T	34.019126892	-118.237136841	68.7	
T	34.019126892	-118.237129211	68.7	
T	34.019130707	-118.237136841	68.7	
T	34.019134521	-118.237136841	68.7	
T	34.019130707	-118.237136841	68.7	
T	34.019130707	-118.237129211	68.7	
T	34.019130707	-118.237121582	68.7	
T	34.019134521	-118.237121582	68.7	
T	34.019134521	-118.237113953	68.7	
T	34.019138336	-118.237113953	68.7	
T	34.019142151	-118.237113953	68.7	
T	34.019145966	-118.237113953	68.7	
T	34.019149780	-118.237106323	68.7	
T	34.019153595	-118.237106323	68.7	
T	34.019161224	-118.237106323	68.7	
T	34.019165039	-118.237098694	68.7	
T	34.019168854	-118.237091064	68.7	
T	34.019172668	-118.237091064	68.7	
T	34.019176483	-118.237091064	68.7	
T	34.019180298	-118.237091064	68.7	
T	34.019184113	-118.237091064	68.7	
T	34.019187927	-118.237083435	68.7	
T	34.019191742	-118.237083435	68.7	
T	34.019195557	-118.237083435	68.7	
T	34.019195557	-118.237083435	68.7	
T	34.019199371	-118.237075806	68.7	
T	34.019195557	-118.237068176	68.7	
T	34.019199371	-118.237068176	68.7	
T	34.019199371	-118.237060547	68.7	
T	34.019203186	-118.237060547	68.7	
T	34.019203186	-118.237052917	68.7	
T	34.019203186	-118.237060547	68.7	
T	34.019199371	-118.237060547	68.7	
T	34.019195557	-118.237052917	68.7	
T	34.019195557	-118.237060547	68.7	
T	34.019191742	-118.237060547	68.7	
T	34.019187927	-118.237068176	68.7	
T	34.019176483	-118.237075806	68.7	
T	34.019180298	-118.237075806	68.7	
T	34.019180298	-118.237083435	68.7	
T	34.019176483	-118.237083435	68.7	
T	34.019176483	-118.237091064	68.7	
T	34.019176483	-118.237098694	68.7	
T	34.019180298	-118.237098694	68.7	
T	34.019180298	-118.237106323	68.7	
T	34.019180298	-118.237113953	68.7	
T	34.019187927	-118.237113953	68.7	
T	34.019187927	-118.237106323	68.7	
T	34.019187927	-118.237106323	68.7	
T	34.019180298	-118.237106323	68.7	
T	34.019180298	-118.237113953	68.7	
T	34.019176483	-118.237113953	68.7	
T	34.019172668	-118.237113953	68.7	
T	34.019172668	-118.237113953	68.7	
T	34.019130707	-118.237121582	68.7	
T	34.019126892	-118.237129211	68.7	
T	34.019123077	-118.237129211	68.7	
T	34.019119263	-118.237136841	68.7	
T	34.019115448	-118.237136841	68.7	
T	34.019119263	-118.237136841	68.7	
T	34.019115448	-118.237144470	68.7	
T	34.019111633	-118.237144470	68.7	
T	34.019104004	-118.237144470	68.7	
T	34.019100189	-118.237152100	68.7	
T	34.019096375	-118.237152100	68.6	
T	34.019088745	-118.237159729	68.6	
T	34.019084930	-118.237167358	68.6	
T	34.019081116	-118.237167358	68.6	
T	34.019088745	-118.237167358	68.6	
T	34.019092560	-118.237159729	68.6	
T	34.019092560	-118.237159729	68.6	
T	34.019126892	-118.237098694	68.7	
T	34.019126892	-118.237106323	68.7	
T	34.019126892	-118.237113953	68.7	
T	34.019123077	-118.237121582	68.7	
T	34.019126892	-118.237121582	68.7	
T	34.019126892	-118.237113953	68.7	
T	34.019130707	-118.237113953	68.7	
T	34.019134521	-118.237091064	68.7	
T	34.019138336	-118.237091064	68.7	
T	34.019138336	-118.237091064	68.7	
T	34.019142151	-118.237098694	68.7	
T	34.019145966	-118.237106323	68.7	
T	34.019149780	-118.237106323	68.7	
T	34.019149780	-118.237106323	68.7	
T	34.019149780	-118.237106323	68.7	
T	34.019161224	-118.237136841	68.7	
T	34.019165039	-118.237136841	68.7	
T	34.019165039	-118.237144470	68.7	
T	34.019168854	-118.237144470	68.7	
T	34.019165039	-118.237144470	68.7	
T	34.019165039	-118.237144470	68.7	
T	34.019165039	-118.237144470	68.7	
T	34.019157410	-118.237152100	68.7	
T	34.019153595	-118.237152100	68.7	
T	34.019149780	-118.237152100	68.7	
T	34.019145966	-118.237159729	68.7	
T	34.019142151	-118.237159729	68.7	
T	34.019138336	-118.237159729	68.7	
T	34.019130707	-118.237167358	68.7	
T	34.019119263	-118.237167358	68.7	
T	34.019111633	-118.237167358	68.7	
T	34.019104004	-118.237182617	68.7	
T	34.019096375	-118.237190247	68.6	
T	34.019084930	-118.237197876	68.6	
T	34.019081116	-118.237205505	68.6	
T	34.019077301	-118.237205505	68.6	
T	34.019081116	-118.237205505	68.6	
T	34.019077301	-118.237205505	68.6	
T	34.019077301	-118.237205505	68.6	
T	34.019073486	-118.237182617	68.6	
T	34.019073486	-118.237174988	68.6	
T	34.019073486	-118.237174988	68.6	
T	34.019065857	-118.237174988	68.6	
T	34.019062042	-118.237182617	68.6	
T	34.019058228	-118.237182617	68.6	
T	34.019058228	-118.237190247	68.6	
T	34.019054413	-118.237190247	68.6	
T	34.019050598	-118.237182617	68.6	
T	34.019050598	-118.237190247	68.6	
T	34.019046783	-118.237190247	68.6	
T	34.019042969	-118.237182617	68.6	
T	34.019039154	-118.237190247	68.6	
T	34.019031525	-118.237190247	68.6	
T	34.019031525	-118.237197876	68.6	
T	34.019027710	-118.237197876	68.6	
T	34.019020081	-118.237197876	68.6	
T	34.019020081	-118.237190247	68.6	
T	34.019016266	-118.237190247	68.6	
T	34.019012451	-118.237190247	68.6	
T	34.019008636	-118.237190247	68.6	
T	34.019004822	-118.237190247	68.6	
T	34.019001007	-118.237190247	68.6	
T	34.018997192	-118.237190247	68.6	
T	34.018993378	-118.237197876	68.6	
T	34.018989563	-118.237197876	68.6	
T	34.018985748	-118.237197876	68.6	
T	34.018989563	-118.237197876	68.6	
T	34.018993378	-118.237197876	68.6	
T	34.018993378	-118.237197876	68.6	
T	34.019050598	-118.237174988	68.6	
T	34.019058228	-118.237167358	68.6	
T	34.019062042	-118.237167358	68.6	
T	34.019065857	-118.237167358	68.6	
T	34.019069672	-118.237159729	68.6	
T	34.019073486	-118.237159729	68.6	
T	34.019077301	-118.237159729	68.6	
T	34.019081116	-118.237152100	68.6	
T	34.019084930	-118.237152100	68.6	
T	34.019084930	-118.237159729	68.6	
T	34.019088745	-118.237159729	68.6	
T	34.019092560	-118.237152100	68.6	
T	34.019096375	-118.237152100	68.6	
T	34.019092560	-118.237152100	68.6	
T	34.019088745	-118.237152100	68.6	
T	34.019084930	-118.237159729	68.6	
T	34.019081116	-118.237159729	68.6	
T	34.019084930	-118.237159729	68.6	
T	34.019077301	-118.237167358	68.6	
T	34.019073486	-118.237167358	68.6	
T	34.019069672	-118.237174988	68.6	
T	34.019065857	-118.237174988	68.6	
T	34.019062042	-118.237174988	68.6	
T	34.019069672	-118.237174988	68.6	
T	34.019073486	-118.237174988	68.6	
T	34.019081116	-118.237167358	68.6	
T	34.019077301	-118.237174988	68.6	
T	34.019073486	-118.237182617	68.6	
T	34.019073486	-118.237190247	68.6	
T	34.019073486	-118.237190247	68.6	
T	34.019069672	-118.237174988	68.6	
T	34.019069672	-118.237167358	68.6	
T	34.019073486	-118.237167358	68.6	
T	34.019073486	-118.237174988	68.6	
T	34.019081116	-118.237159729	68.6	
T	34.019084930	-118.237159729	68.6	
T	34.019088745	-118.237159729	68.6	
T	34.019096375	-118.237159729	68.6	
T	34.019100189	-118.237152100	68.7	
T	34.019100189	-118.237144470	68.7	
T	34.019100189	-118.237136841	68.7	
T	34.019104004	-118.237136841	68.7	
T	34.019104004	-118.237144470	68.7	
T	34.019104004	-118.237152100	68.7	
T	34.019104004	-118.237152100	68.7	
T	34.019138336	-118.237152100	68.7	
T	34.019142151	-118.237159729	68.7	
T	34.019145966	-118.237152100	68.7	
T	34.019149780	-118.237152100	68.7	
T	34.019153595	-118.237152100	68.7	
T	34.019157410	-118.237152100	68.7	
T	34.019157410	-118.237144470	68.7	
T	34.019161224	-118.237136841	68.7	
T	34.019165039	-118.237129211	68.7	
T	34.019161224	-118.237129211	68.7	
T	34.019161224	-118.237121582	68.7	
T	34.019161224	-118.237113953	68.7	
T	34.019161224	-118.237113953	68.7	
T	34.019165039	-118.237091064	68.7	
T	34.019168854	-118.237083435	68.7	
T	34.019165039	-118.237083435	68.7	
T	34.019165039	-118.237083435	68.7	
T	34.019145966	-118.237113953	68.7	
T	34.019134521	-118.237121582	68.7	
T	34.019130707	-118.237121582	68.7	
T	34.019126892	-118.237129211	68.7	
T	34.019126892	-118.237129211	68.7	
T	34.019134521	-118.237106323	68.7	
T	34.019134521	-118.237113953	68.7	
T	34.019134521	-118.237121582	68.7	
T	34.019134521	-118.237121582	68.7	
T	34.019180298	-118.237106323	68.7	
T	34.019176483	-118.237106323	68.7	
T	34.019176483	-118.237113953	68.7	
T	34.019180298	-118.237106323	68.7	
T	34.019187927	-118.237106323	68.7	
T	34.019191742	-118.237106323	68.7	
T	34.019195557	-118.237106323	68.7	
T	34.019199371	-118.237113953	68.7	
T	34.019203186	-118.237106323	68.7	
T	34.019210815	-118.237106323	68.7	
T	34.019214630	-118.237106323	68.7	
T	34.019218445	-118.237106323	68.7	
T	34.019222260	-118.237106323	68.7	
T	34.019226074	-118.237106323	68.7	
T	34.019229889	-118.237098694	68.7	
T	34.019233704	-118.237098694	68.7	
T	34.019237518	-118.237098694	68.8	
T	34.019241333	-118.237098694	68.8	
T	34.019237518	-118.237098694	68.8	
T	34.019241333	-118.237091064	68.8	
T	34.019237518	-118.237091064	68.8	
T	34.019237518	-118.237091064	68.8	
T	34.019252777	-118.237083435	68.8	
T	34.019256592	-118.237083435	68.8	
T	34.019260406	-118.237083435	68.8	
T	34.019264221	-118.237083435	68.8	
T	34.019271851	-118.237083435	68.8	
T	34.019271851	-118.237083435	68.8	
T	34.019271851	-118.237083435	68.8	
T	34.019184113	-118.237129211	68.7	
T	34.019176483	-118.237129211	68.7	
T	34.019172668	-118.237129211	68.7	
T	34.019168854	-118.237136841	68.7	
T	34.019161224	-118.237136841	68.7	
T	34.019153595	-118.237152100	68.7	
T	34.019149780	-118.237152100	68.7	
T	34.019145966	-118.237152100	68.7	
T	34.019142151	-118.237159729	68.7	
T	34.019138336	-118.237152100	68.7	
T	34.019130707	-118.237152100	68.7	
T	34.019126892	-118.237152100	68.7	
T	34.019123077	-118.237144470	68.7	
T	34.019111633	-118.237152100	68.7	
T	34.019104004	-118.237152100	68.7	
T	34.019100189	-118.237159729	68.7	
T	34.019092560	-118.237159729	68.6	
T	34.019088745	-118.237159729	68.6	
T	34.019088745	-118.237167358	68.6	
T	34.019084930	-118.237167358	68.6	
T	34.019081116	-118.237167358	68.6	
T	34.019081116	-118.237174988	68.6	
T	34.019077301	-118.237174988	68.6	
T	34.019077301	-118.237182617	68.6	
T	34.019081116	-118.237190247	68.6	
T	34.019084930	-118.237197876	68.6	
T	34.019084930	-118.237205505	68.6	
T	34.019084930	-118.237213135	68.6	
T	34.019084930	-118.237205505	68.6	
T	34.019088745	-118.237213135	68.6	
T	34.019084930	-118.237213135	68.6	
T	34.019084930	-118.237220764	68.6	
T	34.019088745	-118.237220764	68.6	
T	34.019088745	-118.237228394	68.6	
T	34.019088745	-118.237228394	68.6	
T	34.019050598	-118.237266541	68.6	
T	34.019050598	-118.237258911	68.6	
T	34.019054413	-118.237251282	68.6	
T	34.019054413	-118.237251282	68.6	
T	34.019081116	-118.237152100	68.6	
T	34.019088745	-118.237144470	68.6	
T	34.019088745	-118.237152100	68.6	
T	34.019084930	-118.237159729	68.6	
T	34.019084930	-118.237159729	68.6	
T	34.019042969	-118.237258911	68.6	
T	34.019035339	-118.237266541	68.6	
T	34.019023895	-118.237274170	68.6	
T	34.019020081	-118.237281799	68.6	
T	34.019012451	-118.237281799	68.6	
T	34.019016266	-118.237281799	68.6	
T	34.019004822	-118.237289429	68.6	
T	34.018997192	-118.237297058	68.6	
T	34.018989563	-118.237297058	68.6	
T	34.018985748	-118.237297058	68.6	
T	34.018981934	-118.237304688	68.6	
T	34.018978119	-118.237297058	68.6	
T	34.018978119	-118.237304688	68.6	
T	34.018974304	-118.237304688	68.6	
T	34.018974304	-118.237312317	68.6	
T	34.018970490	-118.237312317	68.6	
T	34.018966675	-118.237319946	68.6	
T	34.018959045	-118.237319946	68.6	
T	34.018955231	-118.237319946	68.6	
T	34.018947601	-118.237327576	68.6	
T	34.018943787	-118.237327576	68.6	
T	34.018939972	-118.237327576	68.6	
T	34.018936157	-118.237327576	68.6	
T	34.018939972	-118.237319946	68.6	
T	34.018943787	-118.237319946	68.6	
T	34.018939972	-118.237327576	68.6	
T	34.018939972	-118.237335205	68.6	
T	34.018939972	-118.237335205	68.6	
T	34.019016266	-118.237266541	68.6	
T	34.019020081	-118.237266541	68.6	
T	34.019027710	-118.237258911	68.6	
T	34.019027710	-118.237258911	68.6	
T	34.019092560	-118.237213135	68.6	
T	34.019100189	-118.237197876	68.7	
T	34.019104004	-118.237197876	68.7	
T	34.019107819	-118.237190247	68.7	
T	34.019107819	-118.237190247	68.7	
T	34.019161224	-118.237121582	68.7	
T	34.019165039	-118.237121582	68.7	
T	34.019172668	-118.237113953	68.7	
T	34.019172668	-118.237121582	68.7	
T	34.019172668	-118.237121582	68.7	
T	34.019096375	-118.237182617	68.6	
T	34.019092560	-118.237182617	68.6	
T	34.019092560	-118.237182617	68.6	
T	34.019111633	-118.237213135	68.7	
T	34.019107819	-118.237213135	68.7	
T	34.019111633	-118.237213135	68.7	
T	34.019107819	-118.237205505	68.7	
T	34.019104004	-118.237205505	68.7	
T	34.019100189	-118.237213135	68.7	
T	34.019096375	-118.237213135	68.6	
T	34.019088745	-118.237220764	68.6	
T	34.019081116	-118.237220764	68.6	
T	34.019077301	-118.237220764	68.6	
T	34.019073486	-118.237220764	68.6	
T	34.019069672	-118.237220764	68.6	
T	34.019065857	-118.237220764	68.6	
T	34.019062042	-118.237228394	68.6	
T	34.019058228	-118.237236023	68.6	
T	34.019046783	-118.237243652	68.6	
T	34.019039154	-118.237251282	68.6	
T	34.019031525	-118.237258911	68.6	
T	34.019023895	-118.237258911	68.6	
T	34.019016266	-118.237266541	68.6	
T	34.019008636	-118.237266541	68.6	
T	34.019004822	-118.237266541	68.6	
T	34.019008636	-118.237266541	68.6	
T	34.019008636	-118.237266541	68.6	
T	34.019039154	-118.237258911	68.6	
T	34.019046783	-118.237243652	68.6	
T	34.019054413	-118.237236023	68.6	
T	34.019062042	-118.237220764	68.6	
T	34.019065857	-118.237220764	68.6	
T	34.019077301	-118.237205505	68.6	
T	34.019073486	-118.237205505	68.6	
T	34.019077301	-118.237197876	68.6	
T	34.019081116	-118.237197876	68.6	
T	34.019088745	-118.237182617	68.6	
T	34.019096375	-118.237174988	68.6	
T	34.019104004	-118.237159729	68.7	
T	34.019111633	-118.237152100	68.7	
T	34.019115448	-118.237136841	68.7	
T	34.019126892	-118.237129211	68.7	
T	34.019134521	-118.237121582	68.7	
T	34.019138336	-118.237113953	68.7	
T	34.019145966	-118.237106323	68.7	
T	34.019149780	-118.237098694	68.7	
T	34.019153595	-118.237098694	68.7	
T	34.019149780	-118.237098694	68.7	
T	34.019138336	-118.237113953	68.7	
T	34.019130707	-118.237121582	68.7	
T	34.019126892	-118.237129211	68.7	
T	34.019126892	-118.237136841	68.7	
T	34.019126892	-118.237144470	68.7	
T	34.019123077	-118.237152100	68.7	
T	34.019119263	-118.237159729	68.7	
T	34.019119263	-118.237159729	68.7	
T	34.019107819	-118.237167358	68.7	
T	34.019104004	-118.237167358	68.7	
T	34.019100189	-118.237174988	68.7	
T	34.019100189	-118.237182617	68.7	
T	34.019096375	-118.237182617	68.6	
T	34.019100189	-118.237182617	68.7	
T	34.019096375	-118.237182617	68.6	
T	34.019088745	-118.237190247	68.6	
T	34.019084930	-118.237190247	68.6	
T	34.019088745	-118.237182617	68.6	
T	34.019092560	-118.237174988	68.6	
T	34.019092560	-118.237174988	68.6	
T	34.019123077	-118.237159729	68.7	
T	34.019130707	-118.237167358	68.7	
T	34.019134521	-118.237159729	68.7	
T	34.019138336	-118.237159729	68.7	
T	34.019142151	-118.237159729	68.7	
T	34.019145966	-118.237159729	68.7	
T	34.019149780	-118.237159729	68.7	
T	34.019157410	-118.237152100	68.7	
T	34.019161224	-118.237152100	68.7	
T	34.019165039	-118.237152100	68.7	
T	34.019168854	-118.237152100	68.7	
T	34.019176483	-118.237144470	68.7	
T	34.019180298	-118.237144470	68.7	
T	34.019180298	-118.237152100	68.7	
T	34.019184113	-118.237152100	68.7	
T	34.019187927	-118.237152100	68.7	
T	34.019191742	-118.237144470	68.7	
T	34.019187927	-118.237136841	68.7	
T	34.019191742	-118.237136841	68.7	
T	34.019195557	-118.237136841	68.7	
T	34.019199371	-118.237136841	68.7	
T	34.019203186	-118.237136841	68.7	
T	34.019203186	-118.237129211	68.7	
T	34.019207001	-118.237129211	68.7	
T	34.019210815	-118.237121582	68.7	
T	34.019214630	-118.237121582	68.7	
T	34.019222260	-118.237113953	68.7	
T	34.019226074	-118.237106323	68.7	
T	34.019229889	-118.237106323	68.7	
T	34.019233704	-118.237098694	68.7	
T	34.019241333	-118.237091064	68.8	
T	34.019245148	-118.237091064	68.8	
T	34.019241333	-118.237091064	68.8	
T	34.019237518	-118.237091064	68.8	
T	34.019241333	-118.237091064	68.8	
T	34.019245148	-118.237083435	68.8	
T	34.019252777	-118.237083435	68.8	
T	34.019256592	-118.237083435	68.8	
T	34.019260406	-118.237083435	68.8	
T	34.019264221	-118.237075806	68.8	
T	34.019268036	-118.237068176	68.8	
T	34.019271851	-118.237068176	68.8	
T	34.019268036	-118.237068176	68.8	
T	34.019268036	-118.237068176	68.8	
T	34.019248962	-118.237091064	68.8	
T	34.019245148	-118.237098694	68.8	
T	34.019245148	-118.237106323	68.8	
T	34.019241333	-118.237106323	68.8	
T	34.019237518	-118.237113953	68.8	
T	34.019226074	-118.237129211	68.7	
T	34.019226074	-118.237129211	68.7	
T	34.019153595	-118.237197876	68.7	
T	34.019149780	-118.237197876	68.7	
T	34.019149780	-118.237197876	68.7	
T	34.019126892	-118.237251282	68.7	
T	34.019119263	-118.237251282	68.7	
T	34.019111633	-118.237258911	68.7	
T	34.019107819	-118.237258911	68.7	
T	34.019104004	-118.237258911	68.7	
T	34.019104004	-118.237258911	68.7	
T	34.019187927	-118.237213135	68.7	
T	34.019187927	-118.237205505	68.7	
T	34.019187927	-118.237197876	68.7	
T	34.019191742	-118.237197876	68.7	
T	34.019191742	-118.237197876	68.7	
T	34.019191742	-118.237197876	68.7	
T	34.019199371	-118.237083435	68.7	
T	34.019203186	-118.237083435	68.7	
T	34.019199371	-118.237075806	68.7	
T	34.019199371	-118.237075806	68.7	
T	34.019195557	-118.237083435	68.7	
T	34.019199371	-118.237083435	68.7	
T	34.019203186	-118.237083435	68.7	
T	34.019199371	-118.237083435	68.7	
T	34.019199371	-118.237083435	68.7	
T	34.019229889	-118.237045288	68.7	
T	34.019233704	-118.237045288	68.7	
T	34.019237518	-118.237045288	68.7	
T	34.019237518	-118.237045288	68.7	
T	34.019229889	-118.237075806	68.7	
T	34.019233704	-118.237075806	68.7	
T	34.019233704	-118.237068176	68.7	
T	34.019226074	-118.237083435	68.7	
T	34.019218445	-118.237083435	68.7	
T	34.019214630	-118.237091064	68.7	
T	34.019195557	-118.237106323	68.7	
T	34.019191742	-118.237106323	68.7	
T	34.019184113	-118.237113953	68.7	
T	34.019176483	-118.237113953	68.7	
T	34.019165039	-118.237113953	68.7	
T	34.019157410	-118.237113953	68.7	
T	34.019149780	-118.237113953	68.7	
T	34.019145966	-118.237113953	68.7	
T	34.019142151	-118.237113953	68.7	
T	34.019138336	-118.237113953	68.7	
T	34.019134521	-118.237113953	68.7	
T	34.019130707	-118.237121582	68.7	
T	34.019126892	-118.237129211	68.7	
T	34.019123077	-118.237136841	68.7	
T	34.019115448	-118.237144470	68.7	
T	34.019111633	-118.237152100	68.7	
T	34.019107819	-118.237152100	68.7	
T	34.019104004	-118.237152100	68.7	
T	34.019100189	-118.237159729	68.7	
T	34.019096375	-118.237159729	68.6	
T	34.019096375	-118.237152100	68.6	
T	34.019092560	-118.237152100	68.6	
T	34.019092560	-118.237159729	68.6	
T	34.019096375	-118.237152100	68.6	
T	34.019100189	-118.237144470	68.7	
T	34.019104004	-118.237136841	68.7	
T	34.019100189	-118.237144470	68.7	
T	34.019100189	-118.237136841	68.7	
T	34.019100189	-118.237129211	68.7	
T	34.019104004	-118.237121582	68.7	
T	34.019104004	-118.237121582	68.7	
T	34.019100189	-118.237174988	68.7	
T	34.019096375	-118.237174988	68.6	
T	34.019096375	-118.237174988	68.6	
T	34.019126892	-118.237152100	68.7	
T	34.019130707	-118.237144470	68.7	
T	34.019130707	-118.237136841	68.7	
T	34.019134521	-118.237129211	68.7	
T	34.019138336	-118.237121582	68.7	
T	34.019149780	-118.237098694	68.7	
T	34.019157410	-118.237091064	68.7	
T	34.019165039	-118.237083435	68.7	
T	34.019168854	-118.237075806	68.7	
T	34.019176483	-118.237068176	68.7	
T	34.019180298	-118.237060547	68.7	
T	34.019184113	-118.237060547	68.7	
T	34.019187927	-118.237060547	68.7	
T	34.019191742	-118.237052917	68.7	
T	34.019195557	-118.237052917	68.7	
T	34.019199371	-118.237052917	68.7	
T	34.019195557	-118.237052917	68.7	
T	34.019191742	-118.237052917	68.7	
T	34.019191742	-118.237060547	68.7	
T	34.019187927	-118.237060547	68.7	
T	34.019184113	-118.237060547	68.7	
T	34.019172668	-118.237075806	68.7	
T	34.019161224	-118.237083435	68.7	
T	34.019153595	-118.237091064	68.7	
T	34.019149780	-118.237098694	68.7	
T	34.019145966	-118.237098694	68.7	
T	34.019149780	-118.237091064	68.7	
T	34.019153595	-118.237098694	68.7	
T	34.019161224	-118.237098694	68.7	
T	34.019165039	-118.237098694	68.7	
T	34.019176483	-118.237098694	68.7	
T	34.019180298	-118.237091064	68.7	
T	34.019184113	-118.237091064	68.7	
T	34.019187927	-118.237091064	68.7	
T	34.019191742	-118.237091064	68.7	
T	34.019191742	-118.237098694	68.7	
T	34.019187927	-118.237098694	68.7	
T	34.019184113	-118.237098694	68.7	
T	34.019184113	-118.237106323	68.7	
T	34.019180298	-118.237113953	68.7	
T	34.019157410	-118.237129211	68.7	
T	34.019149780	-118.237144470	68.7	
T	34.019145966	-118.237152100	68.7	
T	34.019138336	-118.237159729	68.7	
T	34.019138336	-118.237159729	68.7	
T	34.019138336	-118.237159729	68.7	
T	34.019123077	-118.237167358	68.7	
T	34.019126892	-118.237167358	68.7	
T	34.019130707	-118.237159729	68.7	
T	34.019130707	-118.237159729	68.7	
T	34.019153595	-118.237144470	68.7	
T	34.019157410	-118.237144470	68.7	
T	34.019161224	-118.237144470	68.7	
T	34.019165039	-118.237144470	68.7	
T	34.019165039	-118.237144470	68.7	
T	34.019165039	-118.237144470	68.7	
T	34.019096375	-118.237213135	68.6	
T	34.019092560	-118.237213135	68.6	
T	34.019092560	-118.237220764	68.6	
T	34.019092560	-118.237213135	68.6	
T	34.019096375	-118.237213135	68.6	
T	34.019096375	-118.237213135	68.6	
T	34.019096375	-118.237213135	68.6	
T	34.019100189	-118.237159729	68.7	
T	34.019100189	-118.237167358	68.7	
T	34.019096375	-118.237174988	68.6	
T	34.019092560	-118.237182617	68.6	
T	34.019088745	-118.237182617	68.6	
T	34.019088745	-118.237190247	68.6	
T	34.019092560	-118.237190247	68.6	
T	34.019092560	-118.237182617	68.6	
T	34.019096375	-118.237182617	68.6	
T	34.019096375	-118.237182617	68.6	
T	34.019096375	-118.237190247	68.6	
T	34.019100189	-118.237182617	68.7	
T	34.019107819	-118.237174988	68.7	
T	34.019111633	-118.237174988	68.7	
T	34.019107819	-118.237167358	68.7	
T	34.019107819	-118.237167358	68.7	
T	34.019107819	-118.237167358	68.7	
T	34.019145966	-118.237167358	68.7	
T	34.019149780	-118.237159729	68.7	
T	34.019157410	-118.237152100	68.7	
T	34.019157410	-118.237144470	68.7	
T	34.019153595	-118.237144470	68.7	
T	34.019149780	-118.237144470	68.7	
T	34.019149780	-118.237144470	68.7	
T	34.019126892	-118.237136841	68.7	
T	34.019123077	-118.237136841	68.7	
T	34.019119263	-118.237144470	68.7	
T	34.019119263	-118.237152100	68.7	
T	34.019119263	-118.237152100	68.7	
T	34.019119263	-118.237174988	68.7	
T	34.019123077	-118.237174988	68.7	
T	34.019138336	-118.237174988	68.7	
T	34.019145966	-118.237174988	68.7	
T	34.019149780	-118.237167358	68.7	
T	34.019149780	-118.237159729	68.7	
T	34.019149780	-118.237159729	68.7	
T	34.019161224	-118.237190247	68.7	
T	34.019165039	-118.237182617	68.7	
T	34.019172668	-118.237174988	68.7	
T	34.019176483	-118.237167358	68.7	
T	34.019176483	-118.237159729	68.7	
T	34.019176483	-118.237152100	68.7	
T	34.019172668	-118.237136841	68.7	
T	34.019176483	-118.237136841	68.7	
T	34.019176483	-118.237129211	68.7	
T	34.019184113	-118.237121582	68.7	
T	34.019191742	-118.237113953	68.7	
T	34.019203186	-118.237106323	68.7	
T	34.019207001	-118.237106323	68.7	
T	34.019210815	-118.237106323	68.7	
T	34.019214630	-118.237098694	68.7	
T	34.019222260	-118.237098694	68.7	
T	34.019226074	-118.237091064	68.7	
T	34.019229889	-118.237091064	68.7	
T	34.019233704	-118.237091064	68.7	
T	34.019233704	-118.237083435	68.7	
T	34.019233704	-118.237075806	68.7	
T	34.019233704	-118.237075806	68.7	
T	34.019233704	-118.237075806	68.7	
T	34.019237518	-118.237075806	68.7	
T	34.019233704	-118.237075806	68.7	
T	34.019237518	-118.237075806	68.7	
T	34.019237518	-118.237075806	68.7	
T	34.019218445	-118.237098694	68.7	
T	34.019218445	-118.237091064	68.7	
T	34.019210815	-118.237091064	68.7	
T	34.019207001	-118.237091064	68.7	
T	34.019203186	-118.237091064	68.7	
T	34.019203186	-118.237091064	68.7	
T	34.019180298	-118.237098694	68.7	
T	34.019176483	-118.237098694	68.7	
T	34.019172668	-118.237106323	68.7	
T	34.019168854	-118.237106323	68.7	
T	34.019165039	-118.237106323	68.7	
T	34.019161224	-118.237113953	68.7	
T	34.019157410	-118.237113953	68.7	
T	34.019157410	-118.237113953	68.7	
T	34.019149780	-118.237121582	68.7	
T	34.019145966	-118.237121582	68.7	
T	34.019145966	-118.237129211	68.7	
T	34.019145966	-118.237136841	68.7	
T	34.019142151	-118.237144470	68.7	
T	34.019142151	-118.237152100	68.7	
T	34.019145966	-118.237152100	68.7	
T	34.019138336	-118.237152100	68.7	
T	34.019134521	-118.237159729	68.7	
T	34.019138336	-118.237159729	68.7	
T	34.019134521	-118.237167358	68.7	
T	34.019130707	-118.237167358	68.7	
T	34.019126892	-118.237167358	68.7	
T	34.019119263	-118.237174988	68.7	
T	34.019115448	-118.237174988	68.7	
T	34.019115448	-118.237182617	68.7	
T	34.019111633	-118.237182617	68.7	
T	34.019111633	-118.237182617	68.7	
T	34.019111633	-118.237197876	68.7	
T	34.019115448	-118.237197876	68.7	
T	34.019119263	-118.237197876	68.7	
T	34.019115448	-118.237197876	68.7	
T	34.019111633	-118.237197876	68.7	
T	34.019107819	-118.237205505	68.7	
T	34.019104004	-118.237213135	68.7	
T	34.019100189	-118.237213135	68.7	
T	34.019100189	-118.237220764	68.7	
T	34.019096375	-118.237228394	68.6	
T	34.019084930	-118.237243652	68.6	
T	34.019081116	-118.237243652	68.6	
T	34.019077301	-118.237243652	68.6	
T	34.019077301	-118.237243652	68.6	
T	34.019077301	-118.237297058	68.6	
T	34.019081116	-118.237297058	68.6	
T	34.019084930	-118.237297058	68.6	
T	34.019088745	-118.237281799	68.6	
T	34.019088745	-118.237281799	68.6	
T	34.019088745	-118.237281799	68.6	
T	34.019031525	-118.237243652	68.6	
T	34.019035339	-118.237228394	68.6	
T	34.019039154	-118.237220764	68.6	
T	34.019039154	-118.237220764	68.6	
T	34.019035339	-118.237190247	68.6	
T	34.019039154	-118.237182617	68.6	
T	34.019035339	-118.237182617	68.6	
T	34.019035339	-118.237190247	68.6	
T	34.019042969	-118.237174988	68.6	
T	34.019046783	-118.237174988	68.6	
T	34.019046783	-118.237167358	68.6	
T	34.019046783	-118.237159729	68.6	
T	34.019050598	-118.237144470	68.6	
T	34.019054413	-118.237136841	68.6	
T	34.019058228	-118.237136841	68.6	
T	34.019058228	-118.237129211	68.6	
T	34.019058228	-118.237121582	68.6	
T	34.019062042	-118.237113953	68.6	
T	34.019062042	-118.237106323	68.6	
T	34.019065857	-118.237098694	68.6	
T	34.019069672	-118.237098694	68.6	
T	34.019073486	-118.237091064	68.6	
T	34.019077301	-118.237098694	68.6	
T	34.019084930	-118.237098694	68.6	
T	34.019088745	-118.237098694	68.6	
T	34.019092560	-118.237098694	68.6	
T	34.019092560	-118.237106323	68.6	
T	34.019096375	-118.237106323	68.6	
T	34.019100189	-118.237121582	68.7	
T	34.019104004	-118.237136841	68.7	
T	34.019107819	-118.237152100	68.7	
T	34.019111633	-118.237152100	68.7	
T	34.019115448	-118.237152100	68.7	
T	34.019119263	-118.237152100	68.7	
T	34.019123077	-118.237159729	68.7	
T	34.019126892	-118.237167358	68.7	
T	34.019126892	-118.237174988	68.7	
T	34.019130707	-118.237182617	68.7	
T	34.019134521	-118.237190247	68.7	
T	34.019138336	-118.237190247	68.7	
T	34.019142151	-118.237190247	68.7	
T	34.019145966	-118.237197876	68.7	
T	34.019149780	-118.237197876	68.7	
T	34.019149780	-118.237205505	68.7	
T	34.019153595	-118.237220764	68.7	
T	34.019153595	-118.237228394	68.7	
T	34.019157410	-118.237228394	68.7	
T	34.019157410	-118.237236023	68.7	
T	34.019161224	-118.237243652	68.7	
T	34.019165039	-118.237251282	68.7	
T	34.019168854	-118.237258911	68.7	
T	34.019172668	-118.237266541	68.7	
T	34.019176483	-118.237274170	68.7	
T	34.019180298	-118.237281799	68.7	
T	34.019184113	-118.237281799	68.7	
T	34.019187927	-118.237289429	68.7	
T	34.019191742	-118.237289429	68.7	
T	34.019191742	-118.237281799	68.7	
T	34.019187927	-118.237289429	68.7	
T	34.019172668	-118.237274170	68.7	
T	34.019168854	-118.237274170	68.7	
T	34.019168854	-118.237266541	68.7	
T	34.019168854	-118.237258911	68.7	
T	34.019168854	-118.237258911	68.7	
T	34.019145966	-118.237243652	68.7	
T	34.019145966	-118.237251282	68.7	
T	34.019142151	-118.237251282	68.7	
T	34.019138336	-118.237251282	68.7	
T	34.019142151	-118.237236023	68.7	
T	34.019145966	-118.237236023	68.7	
T	34.019145966	-118.237228394	68.7	
T	34.019149780	-118.237236023	68.7	
T	34.019149780	-118.237236023	68.7	
T	34.019138336	-118.237220764	68.7	
T	34.019138336	-118.237213135	68.7	
T	34.019138336	-118.237220764	68.7	
T	34.019134521	-118.237213135	68.7	
T	34.019130707	-118.237213135	68.7	
T	34.019126892	-118.237213135	68.7	
T	34.019123077	-118.237213135	68.7	
T	34.019123077	-118.237205505	68.7	
T	34.019119263	-118.237213135	68.7	
T	34.019123077	-118.237213135	68.7	
T	34.019123077	-118.237220764	68.7	
T	34.019123077	-118.237220764	68.7	
T	34.019107819	-118.237197876	68.7	
T	34.019100189	-118.237190247	68.7	
T	34.019088745	-118.237182617	68.6	
T	34.019084930	-118.237182617	68.6	
T	34.019084930	-118.237190247	68.6	
T	34.019077301	-118.237190247	68.6	
T	34.019081116	-118.237190247	68.6	
T	34.019081116	-118.237197876	68.6	
T	34.019084930	-118.237197876	68.6	
T	34.019084930	-118.237197876	68.6	
T	34.019092560	-118.237197876	68.6	
T	34.019092560	-118.237190247	68.6	
T	34.019096375	-118.237190247	68.6	
T	34.019100189	-118.237197876	68.7	
T	34.019100189	-118.237197876	68.7	
T	34.019092560	-118.237152100	68.6	
T	34.019084930	-118.237152100	68.6	
T	34.019084930	-118.237144470	68.6	
T	34.019081116	-118.237144470	68.6	
T	34.019081116	-118.237152100	68.6	
T	34.019073486	-118.237152100	68.6	
T	34.019069672	-118.237144470	68.6	
T	34.019065857	-118.237136841	68.6	
T	34.019062042	-118.237129211	68.6	
T	34.019058228	-118.237129211	68.6	
T	34.019050598	-118.237129211	68.6	
T	34.019046783	-118.237129211	68.6	
T	34.019046783	-118.237113953	68.6	
T	34.019039154	-118.237106323	68.6	
T	34.019035339	-118.237113953	68.6	
T	34.019031525	-118.237106323	68.6	
T	34.019035339	-118.237098694	68.6	
T	34.019035339	-118.237106323	68.6	
T	34.019031525	-118.237106323	68.6	
T	34.019035339	-118.237113953	68.6	
T	34.019035339	-118.237121582	68.6	
T	34.019035339	-118.237129211	68.6	
T	34.019035339	-118.237136841	68.6	
T	34.019035339	-118.237136841	68.6	
T	34.019077301	-118.237167358	68.6	
T	34.019084930	-118.237174988	68.6	
T	34.019088745	-118.237174988	68.6	
T	34.019088745	-118.237174988	68.6	
T	34.019104004	-118.237167358	68.7	
T	34.019107819	-118.237167358	68.7	
T	34.019111633	-118.237167358	68.7	
T	34.019111633	-118.237167358	68.7	
T	34.019111633	-118.237167358	68.7	
T	34.019134521	-118.237106323	68.7	
T	34.019138336	-118.237106323	68.7	
T	34.019142151	-118.237098694	68.7	
T	34.019145966	-118.237091064	68.7	
T	34.019149780	-118.237091064	68.7	
T	34.019153595	-118.237083435	68.7	
T	34.019153595	-118.237075806	68.7	
T	34.019157410	-118.237075806	68.7	
T	34.019153595	-118.237075806	68.7	
T	34.019153595	-118.237075806	68.7	
T	34.019126892	-118.237106323	68.7	
T	34.019126892	-118.237098694	68.7	
T	34.019119263	-118.237113953	68.7	
T	34.019100189	-118.237113953	68.7	
T	34.019096375	-118.237106323	68.6	
T	34.019092560	-118.237106323	68.6	
T	34.019088745	-118.237106323	68.6	
T	34.019088745	-118.237106323	68.6	
T	34.019119263	-118.237129211	68.7	
T	34.019115448	-118.237129211	68.7	
T	34.019115448	-118.237129211	68.7	
T	34.019096375	-118.237106323	68.6	
T	34.019100189	-118.237106323	68.7	
T	34.019100189	-118.237098694	68.7	
T	34.019104004	-118.237106323	68.7	
T	34.019104004	-118.237106323	68.7	
T	34.019138336	-118.237083435	68.7	
T	34.019142151	-118.237083435	68.7	
T	34.019161224	-118.237068176	68.7	
T	34.019165039	-118.237068176	68.7	
T	34.019165039	-118.237060547	68.7	
T	34.019168854	-118.237060547	68.7	
T	34.019172668	-118.237060547	68.7	
T	34.019176483	-118.237052917	68.7	
T	34.019172668	-118.237060547	68.7	
T	34.019165039	-118.237075806	68.7	
T	34.019165039	-118.237083435	68.7	
T	34.019161224	-118.237091064	68.7	
T	34.019153595	-118.237091064	68.7	
T	34.019149780	-118.237091064	68.7	
T	34.019145966	-118.237083435	68.7	
T	34.019145966	-118.237083435	68.7	
T	34.019138336	-118.237083435	68.7	
T	34.019134521	-118.237083435	68.7	
T	34.019126892	-118.237091064	68.7	
T	34.019123077	-118.237098694	68.7	
T	34.019123077	-118.237106323	68.7	
T	34.019126892	-118.237106323	68.7	
T	34.019126892	-118.237106323	68.7	
T	34.019111633	-118.237106323	68.7	
T	34.019107819	-118.237106323	68.7	
T	34.019104004	-118.237106323	68.7	
T	34.019096375	-118.237113953	68.6	
T	34.019092560	-118.237113953	68.6	
T	34.019092560	-118.237121582	68.6	
T	34.019088745	-118.237129211	68.6	
T	34.019084930	-118.237136841	68.6	
T	34.019084930	-118.237136841	68.6	
T	34.019111633	-118.237152100	68.7	
T	34.019111633	-118.237152100	68.7	
T	34.019107819	-118.237167358	68.7	
T	34.019111633	-118.237167358	68.7	
T	34.019111633	-118.237174988	68.7	
T	34.019107819	-118.237182617	68.7	
T	34.019107819	-118.237182617	68.7	
T	34.019107819	-118.237197876	68.7	
T	34.019111633	-118.237197876	68.7	
T	34.019111633	-118.237205505	68.7	
T	34.019115448	-118.237205505	68.7	
T	34.019119263	-118.237213135	68.7	
T	34.019123077	-118.237213135	68.7	
T	34.019123077	-118.237205505	68.7	
T	34.019123077	-118.237205505	68.7	
T	34.019138336	-118.237159729	68.7	
T	34.019138336	-118.237152100	68.7	
T	34.019138336	-118.237152100	68.7	
T	34.019138336	-118.237152100	68.7	
T	34.019165039	-118.237174988	68.7	
T	34.019172668	-118.237167358	68.7	
T	34.019168854	-118.237174988	68.7	
T	34.019165039	-118.237174988	68.7	
T	34.019165039	-118.237174988	68.7	
T	34.019077301	-118.237144470	68.6	
T	34.019081116	-118.237136841	68.6	
T	34.019084930	-118.237129211	68.6	
T	34.019084930	-118.237129211	68.6	
T	34.019084930	-118.237113953	68.6	
T	34.019088745	-118.237113953	68.6	
T	34.019092560	-118.237113953	68.6	
T	34.019096375	-118.237113953	68.6	
T	34.019096375	-118.237113953	68.6	
T	34.019104004	-118.237098694	68.7	
T	34.019107819	-118.237098694	68.7	
T	34.019115448	-118.237098694	68.7	
T	34.019119263	-118.237098694	68.7	
T	34.019123077	-118.237098694	68.7	
T	34.019126892	-118.237106323	68.7	
T	34.019126892	-118.237098694	68.7	
T	34.019126892	-118.237098694	68.7	
T	34.019126892	-118.237106323	68.7	
T	34.019130707	-118.237098694	68.7	
T	34.019138336	-118.237098694	68.7	
T	34.019126892	-118.237098694	68.7	
T	34.019126892	-118.237098694	68.7	
T	34.019107819	-118.237106323	68.7	
T	34.019111633	-118.237106323	68.7	
T	34.019104004	-118.237144470	68.7	
T	34.019100189	-118.237152100	68.7	
T	34.019100189	-118.237159729	68.7	
T	34.019100189	-118.237159729	68.7	
T	34.019065857	-118.237159729	68.6	
T	34.019069672	-118.237152100	68.6	
T	34.019069672	-118.237144470	68.6	
T	34.019073486	-118.237144470	68.6	
T	34.019065857	-118.237152100	68.6	
T	34.019062042	-118.237152100	68.6	
T	34.019065857	-118.237152100	68.6	
T	34.019069672	-118.237152100	68.6	
T	34.019069672	-118.237152100	68.6	
T	34.019096375	-118.237152100	68.6	
T	34.019100189	-118.237144470	68.7	
T	34.019100189	-118.237136841	68.7	
T	34.019100189	-118.237136841	68.7	
T	34.019084930	-118.237152100	68.6	
T	34.019081116	-118.237159729	68.6	
T	34.019077301	-118.237159729	68.6	
T	34.019073486	-118.237167358	68.6	
T	34.019065857	-118.237167358	68.6	
T	34.019062042	-118.237167358	68.6	
T	34.019062042	-118.237167358	68.6	
T	34.019046783	-118.237213135	68.6	
T	34.019050598	-118.237220764	68.6	
T	34.019058228	-118.237213135	68.6	
T	34.019065857	-118.237213135	68.6	
T	34.019065857	-118.237213135	68.6	
T	34.019088745	-118.237190247	68.6	
T	34.019096375	-118.237182617	68.6	
T	34.019100189	-118.237182617	68.7	
T	34.019100189	-118.237174988	68.7	
T	34.019104004	-118.237174988	68.7	
T	34.019100189	-118.237174988	68.7	
T	34.019100189	-118.237174988	68.7	
T	34.019008636	-118.237190247	68.6	
T	34.019004822	-118.237190247	68.6	
T	34.019001007	-118.237190247	68.6	
T	34.019001007	-118.237190247	68.6	
T	34.019012451	-118.237197876	68.6	
T	34.019016266	-118.237197876	68.6	
T	34.019020081	-118.237197876	68.6	
T	34.019020081	-118.237197876	68.6	
T	34.019008636	-118.237167358	68.6	
T	34.019004822	-118.237167358	68.6	
T	34.019004822	-118.237159729	68.6	
T	34.019008636	-118.237159729	68.6	
T	34.019008636	-118.237159729	68.6	
T	34.019012451	-118.237136841	68.6	
T	34.019016266	-118.237136841	68.6	
T	34.019016266	-118.237144470	68.6	
T	34.019016266	-118.237144470	68.6	
T	34.019016266	-118.237144470	68.6	
T	34.019096375	-118.237152100	68.6	
T	34.019096375	-118.237144470	68.6	
T	34.019100189	-118.237144470	68.7	
T	34.019100189	-118.237136841	68.7	
T	34.019100189	-118.237144470	68.7	
T	34.019100189	-118.237136841	68.7	
T	34.019100189	-118.237136841	68.7	
T	34.019100189	-118.237136841	68.7	
T	34.019123077	-118.237129211	68.7	
T	34.019119263	-118.237129211	68.7	
T	34.019123077	-118.237129211	68.7	
T	34.019123077	-118.237129211	68.7	
T	34.019081116	-118.237136841	68.6	
T	34.019084930	-118.237136841	68.6	
T	34.019088745	-118.237136841	68.6	
T	34.019092560	-118.237136841	68.6	
T	34.019104004	-118.237136841	68.7	
T	34.019111633	-118.237129211	68.7	
T	34.019123077	-118.237129211	68.7	
T	34.019134521	-118.237129211	68.7	
T	34.019142151	-118.237129211	68.7	
T	34.019149780	-118.237129211	68.7	
T	34.019153595	-118.237129211	68.7	
T	34.019161224	-118.237129211	68.7	
T	34.019172668	-118.237129211	68.7	
T	34.019180298	-118.237121582	68.7	
T	34.019172668	-118.237129211	68.7	
T	34.019165039	-118.237129211	68.7	
T	34.019161224	-118.237136841	68.7	
T	34.019142151	-118.237136841	68.7	
T	34.019153595	-118.237144470	68.7	
T	34.019111633	-118.237190247	68.7	
T	34.019096375	-118.237190247	68.6	
T	34.019088745	-118.237197876	68.6	
T	34.019081116	-118.237197876	68.6	
T	34.019081116	-118.237197876	68.6	
T	34.019100189	-118.237152100	68.7	
T	34.019096375	-118.237152100	68.6	
T	34.019092560	-118.237152100	68.6	
T	34.019077301	-118.237152100	68.6	
T	34.019084930	-118.237152100	68.6	
T	34.019084930	-118.237144470	68.6	
T	34.019084930	-118.237144470	68.6	
T	34.019084930	-118.237144470	68.6	
T	34.019073486	-118.237174988	68.6	
T	34.019077301	-118.237174988	68.6	
T	34.019081116	-118.237174988	68.6	
T	34.019081116	-118.237174988	68.6	
T	34.019081116	-118.237174988	68.6	
T	34.019119263	-118.237182617	68.7	
T	34.019123077	-118.237190247	68.7	
T	34.019123077	-118.237190247	68.7	
T	34.019134521	-118.237220764	68.7	
T	34.019138336	-118.237220764	68.7	
T	34.019134521	-118.237213135	68.7	
T	34.019138336	-118.237220764	68.7	
T	34.019142151	-118.237228394	68.7	
T	34.019142151	-118.237228394	68.7	
T	34.019142151	-118.237228394	68.7	
T	34.019130707	-118.237144470	68.7	
T	34.019134521	-118.237144470	68.7	
T	34.019138336	-118.237152100	68.7	
T	34.019138336	-118.237152100	68.7	
T	34.019138336	-118.237152100	68.7	
T	34.019161224	-118.237106323	68.7	
T	34.019157410	-118.237106323	68.7	
T	34.019157410	-118.237106323	68.7	
T	34.019157410	-118.237106323	68.7	
T	34.019069672	-118.237113953	68.6	
T	34.019065857	-118.237121582	68.6	
T	34.019062042	-118.237121582	68.6	
T	34.019062042	-118.237121582	68.6	
T	34.019062042	-118.237129211	68.6	
T	34.019062042	-118.237136841	68.6	
T	34.019050598	-118.237144470	68.6	
T	34.019046783	-118.237144470	68.6	
T	34.019042969	-118.237144470	68.6	
T	34.019039154	-118.237144470	68.6	
T	34.019031525	-118.237152100	68.6	
T	34.019027710	-118.237159729	68.6	
T	34.019031525	-118.237159729	68.6	
T	34.019027710	-118.237159729	68.6	
T	34.019027710	-118.237159729	68.6	
T	34.019023895	-118.237167358	68.6	
T	34.019020081	-118.237174988	68.6	
T	34.019020081	-118.237167358	68.6	
T	34.019023895	-118.237167358	68.6	
T	34.019020081	-118.237167358	68.6	
T	34.019020081	-118.237167358	68.6	
T	34.019020081	-118.237167358	68.6	
T	34.019054413	-118.237159729	68.6	
T	34.019058228	-118.237159729	68.6	
T	34.019062042	-118.237167358	68.6	
T	34.019069672	-118.237167358	68.6	
T	34.019073486	-118.237159729	68.6	
T	34.019077301	-118.237159729	68.6	
T	34.019077301	-118.237167358	68.6	
T	34.019081116	-118.237167358	68.6	
T	34.019081116	-118.237159729	68.6	
T	34.019084930	-118.237159729	68.6	
T	34.019084930	-118.237152100	68.6	
T	34.019084930	-118.237159729	68.6	
T	34.019081116	-118.237159729	68.6	
T	34.019081116	-118.237159729	68.6	
T	34.019088745	-118.237152100	68.6	
T	34.019100189	-118.237152100	68.7	
T	34.019111633	-118.237152100	68.7	
T	34.019119263	-118.237144470	68.7	
T	34.019126892	-118.237144470	68.7	
T	34.019126892	-118.237136841	68.7	
T	34.019130707	-118.237136841	68.7	
T	34.019134521	-118.237121582	68.7	
T	34.019138336	-118.237121582	68.7	
T	34.019142151	-118.237121582	68.7	
T	34.019142151	-118.237113953	68.7	
T	34.019138336	-118.237113953	68.7	
T	34.019130707	-118.237106323	68.7	
T	34.019130707	-118.237106323	68.7	
T	34.019130707	-118.237106323	68.7	
T	34.019039154	-118.237113953	68.6	
T	34.019035339	-118.237113953	68.6	
T	34.019027710	-118.237106323	68.6	
T	34.019016266	-118.237106323	68.6	
T	34.019016266	-118.237106323	68.6	
T	34.019016266	-118.237106323	68.6	
T	34.019092560	-118.237144470	68.6	
T	34.019100189	-118.237144470	68.7	
T	34.019092560	-118.237144470	68.6	
T	34.019088745	-118.237144470	68.6	
T	34.019084930	-118.237144470	68.6	
T	34.019084930	-118.237144470	68.6	
T	34.019084930	-118.237144470	68.6	
T	34.018993378	-118.237121582	68.6	
T	34.018985748	-118.237121582	68.6	
T	34.018981934	-118.237113953	68.6	
T	34.018978119	-118.237113953	68.5	
T	34.018978119	-118.237113953	68.5	
T	34.018951416	-118.237106323	68.5	
T	34.018947601	-118.237106323	68.5	
T	34.018943787	-118.237106323	68.5	
T	34.018939972	-118.237106323	68.5	
T	34.018939972	-118.237113953	68.5	
T	34.018943787	-118.237113953	68.5	
T	34.018943787	-118.237121582	68.5	
T	34.018955231	-118.237121582	68.5	
T	34.018962860	-118.237121582	68.5	
T	34.018966675	-118.237121582	68.5	
T	34.018966675	-118.237121582	68.5	
T	34.019062042	-118.237121582	68.6	
T	34.019058228	-118.237121582	68.6	
T	34.019054413	-118.237121582	68.6	
T	34.019062042	-118.237121582	68.6	
T	34.019138336	-118.237113953	68.7	
T	34.019180298	-118.237121582	68.7	
T	34.019218445	-118.237121582	68.7	
T	34.019248962	-118.237121582	68.8	
T	34.019279480	-118.237121582	68.8	
T	34.019302368	-118.237113953	68.8	
T	34.019325256	-118.237113953	68.8	
T	34.019340515	-118.237113953	68.8	
T	34.019348145	-118.237113953	68.8	
T	34.019363403	-118.237121582	68.8	
T	34.019367218	-118.237121582	68.8	
T	34.019374847	-118.237113953	68.9	
T	34.019390106	-118.237113953	68.9	
T	34.019401550	-118.237113953	68.9	
T	34.019405365	-118.237113953	68.9	
T	34.019397736	-118.237113953	68.9	
T	34.019390106	-118.237113953	68.9	
T	34.019382477	-118.237106323	68.9	
T	34.019382477	-118.237106323	68.9	
T	34.019344330	-118.237121582	68.8	
T	34.019340515	-118.237121582	68.8	
T	34.019336700	-118.237121582	68.8	
T	34.019332886	-118.237121582	68.8	
T	34.019325256	-118.237121582	68.8	
T	34.019325256	-118.237121582	68.8	
T	34.019329071	-118.237129211	68.8	
T	34.019336700	-118.237129211	68.8	
T	34.019344330	-118.237129211	68.8	
T	34.019348145	-118.237129211	68.8	
T	34.019348145	-118.237136841	68.8	
T	34.019344330	-118.237136841	68.8	
T	34.019329071	-118.237136841	68.8	
T	34.019329071	-118.237136841	68.8	
T	34.019218445	-118.237152100	68.7	
T	34.019191742	-118.237152100	68.7	
T	34.019172668	-118.237152100	68.7	
T	34.019153595	-118.237152100	68.7	
T	34.019153595	-118.237152100	68.7	
T	34.019073486	-118.237144470	68.6	
T	34.019077301	-118.237144470	68.6	
T	34.019081116	-118.237144470	68.6	
T	34.019084930	-118.237144470	68.6	
T	34.019096375	-118.237144470	68.6	
T	34.019100189	-118.237136841	68.7	
T	34.019111633	-118.237136841	68.7	
T	34.019119263	-118.237136841	68.7	
T	34.019126892	-118.237136841	68.7	
T	34.019138336	-118.237129211	68.7	
T	34.019142151	-118.237121582	68.7	
T	34.019149780	-118.237121582	68.7	
T	34.019138336	-118.237121582	68.7	
T	34.019134521	-118.237121582	68.7	
T	34.019130707	-118.237129211	68.7	
T	34.019126892	-118.237136841	68.7	
T	34.019145966	-118.237136841	68.7	
T	34.019149780	-118.237136841	68.7	
T	34.019149780	-118.237129211	68.7	
T	34.019149780	-118.237121582	68.7	
T	34.019157410	-118.237129211	68.7	
T	34.019168854	-118.237129211	68.7	
T	34.019161224	-118.237129211	68.7	
T	34.019153595	-118.237129211	68.7	
T	34.019157410	-118.237129211	68.7	
T	34.019153595	-118.237113953	68.7	
T	34.019142151	-118.237113953	68.7	
T	34.019130707	-118.237113953	68.7	
T	34.019126892	-118.237106323	68.7	
T	34.019119263	-118.237098694	68.7	
T	34.019119263	-118.237091064	68.7	
T	34.019107819	-118.237091064	68.7	
T	34.019111633	-118.237083435	68.7	
T	34.019111633	-118.237083435	68.7	
T	34.019149780	-118.237136841	68.7	
T	34.019149780	-118.237144470	68.7	
T	34.019149780	-118.237144470	68.7	
T	34.019149780	-118.237144470	68.7	
T	34.019233704	-118.237190247	68.7	
T	34.019229889	-118.237190247	68.7	
T	34.019229889	-118.237190247	68.7	
T	34.019142151	-118.237167358	68.7	
T	34.019138336	-118.237159729	68.7	
T	34.019149780	-118.237159729	68.7	
T	34.019161224	-118.237152100	68.7	
T	34.019168854	-118.237136841	68.7	
T	34.019176483	-118.237129211	68.7	
T	34.019180298	-118.237121582	68.7	
T	34.019184113	-118.237121582	68.7	
T	34.019187927	-118.237121582	68.7	
T	34.019187927	-118.237129211	68.7	
T	34.019184113	-118.237129211	68.7	
T	34.019180298	-118.237129211	68.7	
T	34.019172668	-118.237144470	68.7	
T	34.019168854	-118.237152100	68.7	
T	34.019172668	-118.237159729	68.7	
T	34.019176483	-118.237159729	68.7	
T	34.019176483	-118.237167358	68.7	
T	34.019172668	-118.237167358	68.7	
T	34.019176483	-118.237167358	68.7	
T	34.019180298	-118.237174988	68.7	
T	34.019176483	-118.237167358	68.7	
T	34.019168854	-118.237159729	68.7	
T	34.019165039	-118.237152100	68.7	
T	34.019168854	-118.237152100	68.7	
T	34.019165039	-118.237159729	68.7	
T	34.019168854	-118.237159729	68.7	
T	34.019172668	-118.237159729	68.7	
T	34.019153595	-118.237167358	68.7	
T	34.019142151	-118.237174988	68.7	
T	34.019126892	-118.237174988	68.7	
T	34.019126892	-118.237174988	68.7	
T	34.019023895	-118.237167358	68.6	
T	34.019020081	-118.237167358	68.6	
T	34.019023895	-118.237167358	68.6	
T	34.019027710	-118.237174988	68.6	
T	34.019016266	-118.237190247	68.6	
T	34.019012451	-118.237197876	68.6	
T	34.019020081	-118.237197876	68.6	
T	34.019012451	-118.237197876	68.6	
T	34.019027710	-118.237182617	68.6	
T	34.019027710	-118.237182617	68.6	
T	34.019027710	-118.237182617	68.6	
T	34.019100189	-118.237129211	68.7	
T	34.019107819	-118.237121582	68.7	
T	34.019107819	-118.237113953	68.7	
T	34.019123077	-118.237113953	68.7	
T	34.019123077	-118.237106323	68.7	
T	34.019138336	-118.237083435	68.7	
T	34.019142151	-118.237075806	68.7	
T	34.019145966	-118.237075806	68.7	
T	34.019149780	-118.237068176	68.7	
T	34.019149780	-118.237060547	68.7	
T	34.019153595	-118.237060547	68.7	
T	34.019157410	-118.237052917	68.7	
T	34.019161224	-118.237052917	68.7	
T	34.019165039	-118.237045288	68.7	
T	34.019161224	-118.237045288	68.7	
T	34.019165039	-118.237037659	68.7	
T	34.019165039	-118.237030029	68.7	
T	34.019165039	-118.237022400	68.7	
T	34.019165039	-118.237014771	68.7	
T	34.019168854	-118.237007141	68.7	
T	34.019168854	-118.237007141	68.7	
T	34.019172668	-118.237014771	68.7	
T	34.019165039	-118.237030029	68.7	
T	34.019157410	-118.237037659	68.7	
T	34.019157410	-118.237045288	68.7	
T	34.019176483	-118.237037659	68.7	
T	34.019187927	-118.237030029	68.7	
T	34.019203186	-118.237030029	68.7	
T	34.019207001	-118.237037659	68.7	
T	34.019207001	-118.237045288	68.7	
T	34.019210815	-118.237052917	68.7	
T	34.019210815	-118.237060547	68.7	
T	34.019210815	-118.237060547	68.7	
T	34.019138336	-118.237121582	68.7	
T	34.019130707	-118.237121582	68.7	
T	34.019126892	-118.237121582	68.7	
T	34.019123077	-118.237121582	68.7	
T	34.019123077	-118.237121582	68.7	
T	34.019123077	-118.237121582	68.7	
T	34.019023895	-118.237174988	68.6	
T	34.019004822	-118.237182617	68.6	
T	34.018993378	-118.237190247	68.6	
T	34.018978119	-118.237197876	68.6	
T	34.018970490	-118.237213135	68.6	
T	34.018955231	-118.237228394	68.5	
T	34.018939972	-118.237228394	68.5	
T	34.018932343	-118.237243652	68.5	
T	34.018928528	-118.237258911	68.5	
T	34.018909454	-118.237281799	68.5	
T	34.018905640	-118.237304688	68.5	
T	34.018898010	-118.237342834	68.5	
T	34.018890381	-118.237388611	68.6	
T	34.018898010	-118.237434387	68.6	
T	34.018905640	-118.237472534	68.6	
T	34.018920898	-118.237525940	68.6	
T	34.018939972	-118.237564087	68.6	
T	34.018939972	-118.237609863	68.6	
T	34.018924713	-118.237648010	68.6	
T	34.018894196	-118.237678528	68.6	
T	34.018833160	-118.237693787	68.6	
T	34.018787384	-118.237701416	68.5	
T	34.018737793	-118.237693787	68.5	
T	34.018684387	-118.237693787	68.5	
T	34.018630981	-118.237693787	68.4	
T	34.018585205	-118.237693787	68.4	
T	34.018543243	-118.237716675	68.4	
T	34.018508911	-118.237739563	68.4	
T	34.018489838	-118.237762451	68.4	
T	34.018478394	-118.237792969	68.4	
T	34.018474579	-118.237815857	68.4	
T	34.018478394	-118.237831116	68.4	
T	34.018489838	-118.237846375	68.4	
T	34.018497467	-118.237854004	68.4	
T	34.018508911	-118.237869263	68.4	
T	34.018516541	-118.237861633	68.4	
T	34.018527985	-118.237854004	68.4	
T	34.018531799	-118.237854004	68.4	
T	34.018539429	-118.237854004	68.4	
T	34.018539429	-118.237854004	68.4	
T	34.018539429	-118.237854004	68.4	
T	34.018520355	-118.237945557	68.4	
T	34.018516541	-118.237953186	68.4	
T	34.018516541	-118.237953186	68.4	
T	34.018516541	-118.237953186	68.4	
T	34.018493652	-118.237960815	68.4	
T	34.018486023	-118.237960815	68.4	
T	34.018478394	-118.237960815	68.4	
T	34.018474579	-118.237960815	68.4	
T	34.018466949	-118.237968445	68.4	
T	34.018463135	-118.237968445	68.4	
T	34.018455505	-118.237968445	68.4	
T	34.018447876	-118.237960815	68.4	
T	34.018436432	-118.237983704	68.4	
T	34.018424988	-118.238037109	68.4	
T	34.018421173	-118.238059998	68.4	
T	34.018432617	-118.238075256	68.4	
T	34.018451691	-118.238082886	68.4	
T	34.018474579	-118.238090515	68.5	
T	34.018493652	-118.238098145	68.5	
T	34.018493652	-118.238098145	68.5	
T	34.018508911	-118.238136292	68.5	
T	34.018508911	-118.238143921	68.5	
T	34.018505096	-118.238136292	68.5	
T	34.018501282	-118.238128662	68.5	
T	34.018505096	-118.238128662	68.5	
T	34.018501282	-118.238128662	68.5	
T	34.018493652	-118.238128662	68.5	
T	34.018493652	-118.238128662	68.5	
T	34.018421173	-118.238182068	68.5	
T	34.018417358	-118.238189697	68.5	
T	34.018413544	-118.238197327	68.5	
T	34.018409729	-118.238197327	68.5	
T	34.018409729	-118.238189697	68.5	
T	34.018413544	-118.238189697	68.5	
T	34.018413544	-118.238189697	68.5	
T	34.018398285	-118.238273621	68.4	
T	34.018402100	-118.238265991	68.4	
T	34.018405914	-118.238265991	68.4	
T	34.018409729	-118.238265991	68.4	
T	34.018413544	-118.238265991	68.4	
T	34.018417358	-118.238258362	68.4	
T	34.018421173	-118.238258362	68.4	
T	34.018424988	-118.238258362	68.4	
T	34.018428802	-118.238258362	68.4	
T	34.018424988	-118.238265991	68.4	
T	34.018432617	-118.238265991	68.4	
T	34.018436432	-118.238265991	68.5	
T	34.018447876	-118.238296509	68.4	
T	34.018451691	-118.238304138	68.4	
T	34.018451691	-118.238311768	68.4	
T	34.018451691	-118.238319397	68.4	
T	34.018463135	-118.238319397	68.5	
T	34.018470764	-118.238327026	68.5	
T	34.018466949	-118.238334656	68.4	
T	34.018470764	-118.238334656	68.4	
T	34.018478394	-118.238319397	68.5	
T	34.018482208	-118.238311768	68.5	
T	34.018489838	-118.238296509	68.5	
T	34.018497467	-118.238288879	68.5	
T	34.018505096	-118.238273621	68.5	
T	34.018516541	-118.238265991	68.5	
T	34.018527985	-118.238250732	68.5	
T	34.018539429	-118.238243103	68.5	
T	34.018554688	-118.238220215	68.5	
T	34.018569946	-118.238197327	68.5	
T	34.018581390	-118.238182068	68.5	
T	34.018589020	-118.238159180	68.5	
T	34.018604279	-118.238136292	68.5	
T	34.018615723	-118.238128662	68.5	
T	34.018623352	-118.238121033	68.5	
T	34.018634796	-118.238113403	68.5	
T	34.018646240	-118.238098145	68.5	
T	34.018657684	-118.238082886	68.5	
T	34.018672943	-118.238067627	68.5	
T	34.018684387	-118.238044739	68.5	
T	34.018695831	-118.238029480	68.5	
T	34.018711090	-118.237998962	68.5	
T	34.018722534	-118.237976074	68.5	
T	34.018730164	-118.237960815	68.5	
T	34.018741608	-118.237945557	68.5	
T	34.018745422	-118.237937927	68.5	
T	34.018749237	-118.237930298	68.5	
T	34.018753052	-118.237930298	68.5	
T	34.018756866	-118.237930298	68.5	
T	34.018760681	-118.237930298	68.5	
T	34.018760681	-118.237937927	68.5	
T	34.018760681	-118.237945557	68.5	
T	34.018760681	-118.237960815	68.5	
T	34.018756866	-118.237968445	68.5	
T	34.018753052	-118.237976074	68.5	
T	34.018745422	-118.237983704	68.5	
T	34.018741608	-118.237991333	68.5	
T	34.018733978	-118.238006592	68.5	
T	34.018726349	-118.238021851	68.5	
T	34.018718719	-118.238037109	68.5	
T	34.018711090	-118.238044739	68.5	
T	34.018707275	-118.238052368	68.5	
T	34.018703461	-118.238059998	68.5	
T	34.018699646	-118.238075256	68.5	
T	34.018692017	-118.238082886	68.5	
T	34.018688202	-118.238098145	68.5	
T	34.018676758	-118.238105774	68.5	
T	34.018669128	-118.238121033	68.5	
T	34.018661499	-118.238136292	68.5	
T	34.018653870	-118.238143921	68.5	
T	34.018650055	-118.238151550	68.5	
T	34.018646240	-118.238159180	68.5	
T	34.018642426	-118.238166809	68.6	
T	34.018634796	-118.238174438	68.6	
T	34.018630981	-118.238189697	68.6	
T	34.018627167	-118.238189697	68.6	
T	34.018623352	-118.238197327	68.6	
T	34.018615723	-118.238197327	68.6	
T	34.018615723	-118.238204956	68.5	
T	34.018608093	-118.238212585	68.5	
T	34.018604279	-118.238212585	68.5	
T	34.018600464	-118.238212585	68.5	
T	34.018596649	-118.238220215	68.5	
T	34.018596649	-118.238220215	68.5	
T	34.018611908	-118.238197327	68.5	
T	34.018619537	-118.238174438	68.5	
T	34.018623352	-118.238166809	68.5	
T	34.018627167	-118.238151550	68.5	
T	34.018630981	-118.238143921	68.5	
T	34.018634796	-118.238143921	68.5	
T	34.018634796	-118.238136292	68.5	
T	34.018638611	-118.238136292	68.5	
T	34.018642426	-118.238136292	68.5	
T	34.018642426	-118.238128662	68.5	
T	34.018642426	-118.238136292	68.5	
T	34.018646240	-118.238136292	68.5	
T	34.018642426	-118.238136292	68.5	
T	34.018634796	-118.238151550	68.5	
T	34.018630981	-118.238151550	68.5	
T	34.018623352	-118.238159180	68.5	
T	34.018623352	-118.238166809	68.5	
T	34.018615723	-118.238166809	68.5	
T	34.018611908	-118.238166809	68.5	
T	34.018608093	-118.238166809	68.5	
T	34.018604279	-118.238166809	68.5	
T	34.018600464	-118.238166809	68.5	
T	34.018596649	-118.238166809	68.5	
T	34.018592834	-118.238166809	68.5	
T	34.018589020	-118.238174438	68.5	
T	34.018585205	-118.238182068	68.5	
T	34.018581390	-118.238189697	68.5	
T	34.018577576	-118.238204956	68.5	
T	34.018573761	-118.238204956	68.5	
T	34.018573761	-118.238212585	68.5	
T	34.018569946	-118.238212585	68.5	
T	34.018569946	-118.238212585	68.5	
T	34.018554688	-118.238235474	68.5	
T	34.018554688	-118.238243103	68.5	
T	34.018550873	-118.238243103	68.5	
T	34.018547058	-118.238243103	68.5	
T	34.018547058	-118.238235474	68.5	
T	34.018543243	-118.238235474	68.5	
T	34.018512726	-118.238281250	68.5	
T	34.018505096	-118.238281250	68.5	
T	34.018505096	-118.238288879	68.5	
T	34.018501282	-118.238288879	68.5	
T	34.018501282	-118.238288879	68.5	
T	34.018486023	-118.238296509	68.5	
T	34.018489838	-118.238288879	68.5	
T	34.018497467	-118.238288879	68.5	
T	34.018501282	-118.238281250	68.5	
T	34.018516541	-118.238258362	68.5	
T	34.018516541	-118.238250732	68.5	
T	34.018516541	-118.238243103	68.5	
T	34.018516541	-118.238243103	68.5	
T	34.018524170	-118.238220215	68.5	
T	34.018527985	-118.238204956	68.5	
T	34.018531799	-118.238197327	68.5	
T	34.018531799	-118.238189697	68.5	
T	34.018527985	-118.238182068	68.5	
T	34.018527985	-118.238174438	68.5	
T	34.018527985	-118.238166809	68.5	
T	34.018531799	-118.238166809	68.5	
T	34.018535614	-118.238166809	68.5	
T	34.018531799	-118.238174438	68.5	
T	34.018531799	-118.238166809	68.5	
T	34.018535614	-118.238166809	68.5	
T	34.018543243	-118.238151550	68.5	
T	34.018547058	-118.238151550	68.5	
T	34.018547058	-118.238143921	68.5	
T	34.018550873	-118.238143921	68.5	
T	34.018554688	-118.238136292	68.5	
T	34.018554688	-118.238143921	68.5	
T	34.018554688	-118.238136292	68.5	
T	34.018550873	-118.238128662	68.5	
T	34.018547058	-118.238128662	68.5	
T	34.018547058	-118.238136292	68.5	
T	34.018543243	-118.238136292	68.5	
T	34.018543243	-118.238136292	68.5	
T	34.018478394	-118.238220215	68.5	
T	34.018466949	-118.238220215	68.5	
T	34.018474579	-118.238212585	68.5	
T	34.018474579	-118.238204956	68.5	
T	34.018474579	-118.238197327	68.5	
T	34.018478394	-118.238197327	68.5	
T	34.018482208	-118.238189697	68.5	
T	34.018478394	-118.238189697	68.5	
T	34.018478394	-118.238197327	68.5	
T	34.018482208	-118.238197327	68.5	
T	34.018482208	-118.238197327	68.5	
T	34.018493652	-118.238182068	68.5	
T	34.018501282	-118.238174438	68.5	
T	34.018501282	-118.238166809	68.5	
T	34.018501282	-118.238174438	68.5	
T	34.018505096	-118.238166809	68.5	
T	34.018508911	-118.238166809	68.5	
T	34.018512726	-118.238166809	68.5	
T	34.018512726	-118.238174438	68.5	
T	34.018508911	-118.238182068	68.5	
T	34.018508911	-118.238182068	68.5	
T	34.018505096	-118.238204956	68.5	
T	34.018508911	-118.238204956	68.5	
T	34.018497467	-118.238227844	68.5	
T	34.018489838	-118.238235474	68.5	
T	34.018489838	-118.238243103	68.5	
T	34.018486023	-118.238243103	68.5	
T	34.018482208	-118.238243103	68.5	
T	34.018478394	-118.238250732	68.5	
T	34.018474579	-118.238258362	68.5	
T	34.018470764	-118.238258362	68.5	
T	34.018466949	-118.238265991	68.5	
T	34.018463135	-118.238265991	68.5	
T	34.018466949	-118.238273621	68.5	
T	34.018470764	-118.238273621	68.5	
T	34.018470764	-118.238273621	68.5	
T	34.018516541	-118.238235474	68.5	
T	34.018524170	-118.238235474	68.5	
T	34.018527985	-118.238235474	68.5	
T	34.018531799	-118.238227844	68.5	
T	34.018527985	-118.238235474	68.5	
T	34.018527985	-118.238243103	68.5	
T	34.018527985	-118.238243103	68.5	
T	34.018527985	-118.238243103	68.5	
T	34.018558502	-118.238227844	68.5	
T	34.018554688	-118.238227844	68.5	
T	34.018547058	-118.238227844	68.5	
T	34.018550873	-118.238220215	68.5	
T	34.018547058	-118.238220215	68.5	
T	34.018547058	-118.238212585	68.5	
T	34.018550873	-118.238212585	68.5	
T	34.018554688	-118.238204956	68.5	
T	34.018550873	-118.238212585	68.5	
T	34.018550873	-118.238235474	68.5	
T	34.018558502	-118.238250732	68.5	
T	34.018554688	-118.238265991	68.5	
T	34.018543243	-118.238273621	68.5	
T	34.018531799	-118.238265991	68.5	
T	34.018520355	-118.238258362	68.5	
T	34.018505096	-118.238250732	68.5	
T	34.018501282	-118.238243103	68.5	
T	34.018505096	-118.238243103	68.5	
T	34.018508911	-118.238235474	68.5	
T	34.018497467	-118.238235474	68.5	
T	34.018489838	-118.238235474	68.5	
T	34.018474579	-118.238235474	68.5	
T	34.018463135	-118.238235474	68.5	
T	34.018447876	-118.238227844	68.5	
T	34.018424988	-118.238220215	68.5	
T	34.018405914	-118.238212585	68.4	
T	34.018394470	-118.238204956	68.4	
T	34.018375397	-118.238204956	68.4	
T	34.018367767	-118.238204956	68.4	
T	34.018363953	-118.238204956	68.4	
T	34.018363953	-118.238197327	68.4	
T	34.018371582	-118.238182068	68.4	
T	34.018379211	-118.238166809	68.4	
T	34.018386841	-118.238128662	68.4	
T	34.018398285	-118.238082886	68.4	
T	34.018398285	-118.238044739	68.4	
T	34.018409729	-118.238006592	68.4	
T	34.018451691	-118.237968445	68.4	
T	34.018486023	-118.237937927	68.4	
T	34.018512726	-118.237915039	68.4	
T	34.018527985	-118.237876892	68.4	
T	34.018543243	-118.237861633	68.4	
T	34.018566132	-118.237854004	68.4	
T	34.018585205	-118.237846375	68.4	
T	34.018608093	-118.237846375	68.4	
T	34.018630981	-118.237838745	68.4	
T	34.018653870	-118.237823486	68.5	
T	34.018672943	-118.237800598	68.5	
T	34.018692017	-118.237762451	68.5	
T	34.018711090	-118.237724304	68.5	
T	34.018722534	-118.237678528	68.5	
T	34.018726349	-118.237625122	68.5	
T	34.018722534	-118.237571716	68.5	
T	34.018733978	-118.237525940	68.5	
T	34.018741608	-118.237480164	68.5	
T	34.018745422	-118.237426758	68.5	
T	34.018749237	-118.237380981	68.5	
T	34.018779755	-118.237350464	68.5	
T	34.018779755	-118.237319946	68.5	
T	34.018798828	-118.237289429	68.5	
T	34.018775940	-118.237266541	68.4	
T	34.018787384	-118.237274170	68.5	
T	34.018779755	-118.237266541	68.5	
T	34.018775940	-118.237266541	68.4	
T	34.018768311	-118.237258911	68.4	
T	34.018775940	-118.237266541	68.4	
T	34.018783569	-118.237274170	68.5	
T	34.018779755	-118.237281799	68.5	
T	34.018779755	-118.237289429	68.5	
T	34.018768311	-118.237289429	68.5	
T	34.018779755	-118.237297058	68.5	
T	34.018783569	-118.237304688	68.5	
T	34.018783569	-118.237312317	68.5	
T	34.018783569	-118.237304688	68.5	
T	34.018787384	-118.237312317	68.5	
T	34.018783569	-118.237312317	68.5	
T	34.018783569	-118.237319946	68.5	
T	34.018787384	-118.237327576	68.5	
T	34.018795013	-118.237312317	68.5	
T	34.018798828	-118.237327576	68.5	
T	34.018806458	-118.237319946	68.5	
T	34.018810272	-118.237304688	68.5	
T	34.018821716	-118.237327576	68.5	
T	34.018829346	-118.237350464	68.5	
T	34.018833160	-118.237365723	68.5	
T	34.018848419	-118.237373352	68.5	
T	34.018859863	-118.237380981	68.5	
T	34.018867493	-118.237358093	68.5	
T	34.018875122	-118.237350464	68.5	
T	34.018871307	-118.237365723	68.5	
T	34.018878937	-118.237365723	68.5	
T	34.018882751	-118.237358093	68.5	
T	34.018890381	-118.237358093	68.5	
T	34.018901825	-118.237358093	68.6	
T	34.018913269	-118.237350464	68.6	
T	34.018920898	-118.237350464	68.6	
T	34.018928528	-118.237350464	68.6	
T	34.018936157	-118.237350464	68.6	
T	34.018943787	-118.237350464	68.6	
T	34.018951416	-118.237342834	68.6	
T	34.018955231	-118.237335205	68.6	
T	34.018966675	-118.237327576	68.6	
T	34.018974304	-118.237319946	68.6	
T	34.018978119	-118.237312317	68.6	
T	34.018989563	-118.237312317	68.6	
T	34.018993378	-118.237304688	68.6	
T	34.019001007	-118.237297058	68.6	
T	34.019004822	-118.237297058	68.6	
T	34.019008636	-118.237297058	68.6	
T	34.019031525	-118.237266541	68.6	
T	34.019039154	-118.237251282	68.6	
T	34.019046783	-118.237251282	68.6	
T	34.019050598	-118.237251282	68.6	
T	34.019058228	-118.237236023	68.6	
T	34.019065857	-118.237220764	68.6	
T	34.019073486	-118.237213135	68.6	
T	34.019077301	-118.237213135	68.6	
T	34.019081116	-118.237205505	68.6	
T	34.019081116	-118.237197876	68.6	
T	34.019073486	-118.237197876	68.6	
T	34.019069672	-118.237190247	68.6	
T	34.019042969	-118.237182617	68.6	
T	34.019035339	-118.237174988	68.6	
T	34.019020081	-118.237174988	68.6	
T	34.019004822	-118.237167358	68.6	
T	34.019004822	-118.237159729	68.6	
T	34.018997192	-118.237159729	68.6	
T	34.018993378	-118.237152100	68.6	
T	34.018997192	-118.237152100	68.6	
T	34.019004822	-118.237152100	68.6	
T	34.019004822	-118.237144470	68.6	
T	34.019020081	-118.237144470	68.6	
T	34.019027710	-118.237144470	68.6	
T	34.019031525	-118.237144470	68.6	
T	34.019039154	-118.237144470	68.6	
T	34.019046783	-118.237144470	68.6	
T	34.019042969	-118.237152100	68.6	
T	34.019039154	-118.237159729	68.6	
T	34.019050598	-118.237159729	68.6	
T	34.019058228	-118.237159729	68.6	
T	34.019069672	-118.237159729	68.6	
T	34.019077301	-118.237159729	68.6	
T	34.019084930	-118.237152100	68.6	
T	34.019092560	-118.237152100	68.6	
T	34.019100189	-118.237144470	68.7	
T	34.019104004	-118.237136841	68.7	
T	34.019111633	-118.237136841	68.7	
T	34.019115448	-118.237136841	68.7	
T	34.019126892	-118.237129211	68.7	
T	34.019130707	-118.237121582	68.7	
T	34.019134521	-118.237129211	68.7	
T	34.019138336	-118.237121582	68.7	
T	34.019153595	-118.237121582	68.7	
T	34.019172668	-118.237113953	68.7	
T	34.019176483	-118.237121582	68.7	
T	34.019191742	-118.237113953	68.7	
T	34.019203186	-118.237106323	68.7	
T	34.019226074	-118.237091064	68.7	
T	34.019241333	-118.237083435	68.8	
T	34.019271851	-118.237075806	68.8	
T	34.019287109	-118.237075806	68.8	
T	34.019309998	-118.237068176	68.8	
T	34.019340515	-118.237060547	68.8	
T	34.019359589	-118.237045288	68.8	
T	34.019374847	-118.237037659	68.8	
T	34.019393921	-118.237030029	68.8	
T	34.019405365	-118.237022400	68.8	
T	34.019420624	-118.237014771	68.9	
T	34.019443512	-118.237007141	68.9	
T	34.019439697	-118.237007141	68.9	
T	34.019424438	-118.237007141	68.9	
T	34.019393921	-118.237014771	68.8	
T	34.019386292	-118.237022400	68.8	
T	34.019382477	-118.237022400	68.8	
T	34.019382477	-118.237022400	68.8	
T	34.019470215	-118.236976624	68.9	
T	34.019481659	-118.236968994	68.9	
T	34.019481659	-118.236968994	68.9	
T	34.019481659	-118.236968994	68.9	
T	34.019409180	-118.236999512	68.8	
T	34.019416809	-118.236999512	68.8	
T	34.019420624	-118.236999512	68.9	
T	34.019412994	-118.237007141	68.8	
T	34.019401550	-118.237014771	68.8	
T	34.019390106	-118.237022400	68.8	
T	34.019390106	-118.237014771	68.8	
T	34.019393921	-118.237014771	68.8	
T	34.019382477	-118.237022400	68.8	
T	34.019382477	-118.237022400	68.8	
T	34.019420624	-118.237007141	68.9	
T	34.019420624	-118.237014771	68.9	
T	34.019428253	-118.237014771	68.9	
T	34.019405365	-118.237030029	68.9	
T	34.019401550	-118.237037659	68.9	
T	34.019390106	-118.237052917	68.8	
T	34.019390106	-118.237052917	68.8	
T	34.019390106	-118.237060547	68.9	
T	34.019378662	-118.237060547	68.8	
T	34.019367218	-118.237068176	68.8	
T	34.019348145	-118.237075806	68.8	
T	34.019363403	-118.237068176	68.8	
T	34.019397736	-118.237052917	68.9	
T	34.019416809	-118.237052917	68.9	
T	34.019447327	-118.237037659	68.9	
T	34.019462585	-118.237037659	68.9	
T	34.019451141	-118.237091064	68.9	
T	34.019439697	-118.237091064	68.9	
T	34.019435883	-118.237098694	68.9	
T	34.019420624	-118.237098694	68.9	
T	34.019405365	-118.237106323	68.9	
T	34.019390106	-118.237113953	68.9	
T	34.019382477	-118.237113953	68.9	
T	34.019390106	-118.237113953	68.9	
T	34.019393921	-118.237113953	68.9	
T	34.019386292	-118.237113953	68.9	
T	34.019382477	-118.237121582	68.9	
T	34.019386292	-118.237121582	68.9	
T	34.019382477	-118.237121582	68.9	
T	34.019409180	-118.237083435	68.9	
T	34.019390106	-118.237060547	68.9	
T	34.019367218	-118.237068176	68.8	
T	34.019374847	-118.237068176	68.8	
T	34.019374847	-118.237060547	68.8	
T	34.019374847	-118.237068176	68.8	
T	34.019367218	-118.237068176	68.8	
T	34.019371033	-118.237060547	68.8	
T	34.019374847	-118.237060547	68.8	
T	34.019260406	-118.237129211	68.8	
T	34.019199371	-118.237159729	68.7	
T	34.019157410	-118.237182617	68.7	
T	34.019145966	-118.237190247	68.7	
T	34.019142151	-118.237190247	68.7	
T	34.019138336	-118.237190247	68.7	
T	34.019134521	-118.237197876	68.7	
T	34.019138336	-118.237197876	68.7	
T	34.019153595	-118.237190247	68.7	
T	34.019161224	-118.237190247	68.7	
T	34.019149780	-118.237197876	68.7	
T	34.019142151	-118.237197876	68.7	
T	34.019161224	-118.237182617	68.7	
T	34.019168854	-118.237182617	68.7	
T	34.019180298	-118.237174988	68.7	
T	34.019203186	-118.237174988	68.7	
T	34.019218445	-118.237167358	68.7	
T	34.019268036	-118.237136841	68.8	
T	34.019283295	-118.237129211	68.8	
T	34.019294739	-118.237121582	68.8	
T	34.019248962	-118.237152100	68.8	
T	34.019187927	-118.237190247	68.7	
T	34.019149780	-118.237205505	68.7	
T	34.019126892	-118.237220764	68.7	
T	34.019126892	-118.237220764	68.7	
T	34.019126892	-118.237220764	68.7	
T	34.019145966	-118.237136841	68.7	
T	34.019168854	-118.237129211	68.7	
T	34.019184113	-118.237113953	68.7	
T	34.019199371	-118.237106323	68.7	
T	34.019195557	-118.237106323	68.7	
T	34.019218445	-118.237091064	68.7	
T	34.019229889	-118.237083435	68.7	
T	34.019241333	-118.237075806	68.8	
T	34.019245148	-118.237068176	68.8	
T	34.019252777	-118.237060547	68.8	
T	34.019248962	-118.237052917	68.8	
T	34.019237518	-118.237052917	68.7	
T	34.019245148	-118.237045288	68.7	
T	34.019245148	-118.237045288	68.7	
T	34.019241333	-118.237037659	68.7	
T	34.019237518	-118.237045288	68.7	
T	34.019229889	-118.237052917	68.7	
T	34.019218445	-118.237060547	68.7	
T	34.019229889	-118.237060547	68.7	
T	34.019237518	-118.237068176	68.7	
T	34.019229889	-118.237068176	68.7	
T	34.019218445	-118.237075806	68.7	
T	34.019214630	-118.237075806	68.7	
T	34.019203186	-118.237083435	68.7	
T	34.019187927	-118.237098694	68.7	
T	34.019184113	-118.237098694	68.7	
T	34.019176483	-118.237098694	68.7	
T	34.019172668	-118.237098694	68.7	
T	34.019165039	-118.237106323	68.7	
T	34.019157410	-118.237106323	68.7	
T	34.019161224	-118.237113953	68.7	
T	34.019165039	-118.237106323	68.7	
T	34.019168854	-118.237106323	68.7	
T	34.019161224	-118.237113953	68.7	
T	34.019176483	-118.237106323	68.7	
T	34.019191742	-118.237098694	68.7	
T	34.019252777	-118.237060547	68.8	
T	34.019268036	-118.237052917	68.8	
T	34.019283295	-118.237045288	68.8	
T	34.019306183	-118.237037659	68.8	
T	34.019321442	-118.237037659	68.8	
T	34.019336700	-118.237030029	68.8	
T	34.019359589	-118.237022400	68.8	
T	34.019374847	-118.237014771	68.8	
T	34.019390106	-118.237007141	68.8	
T	34.019401550	-118.236999512	68.8	
T	34.019409180	-118.236991882	68.8	
T	34.019397736	-118.236999512	68.8	
T	34.019386292	-118.237007141	68.8	
T	34.019382477	-118.236999512	68.8	
T	34.019382477	-118.236999512	68.8	
T	34.019390106	-118.237022400	68.8	
T	34.019378662	-118.237045288	68.8	
T	34.019363403	-118.237052917	68.8	
T	34.019359589	-118.237060547	68.8	
T	34.019329071	-118.237083435	68.8	
T	34.019309998	-118.237098694	68.8	
T	34.019298553	-118.237106323	68.8	
T	34.019287109	-118.237113953	68.8	
T	34.019283295	-118.237121582	68.8	
T	34.019279480	-118.237129211	68.8	
T	34.019256592	-118.237129211	68.8	
T	34.019260406	-118.237129211	68.8	
T	34.019256592	-118.237136841	68.8	
T	34.019233704	-118.237159729	68.7	
T	34.019229889	-118.237167358	68.7	
T	34.019233704	-118.237159729	68.7	
T	34.019233704	-118.237159729	68.7	
T	34.019199371	-118.237121582	68.7	
T	34.019191742	-118.237129211	68.7	
T	34.019176483	-118.237136841	68.7	
T	34.019153595	-118.237152100	68.7	
T	34.019134521	-118.237167358	68.7	
T	34.019111633	-118.237182617	68.7	
T	34.019092560	-118.237197876	68.6	
T	34.019084930	-118.237205505	68.6	
T	34.019077301	-118.237213135	68.6	
T	34.019073486	-118.237205505	68.6	
T	34.019069672	-118.237205505	68.6	
T	34.019073486	-118.237205505	68.6	
T	34.019081116	-118.237205505	68.6	
T	34.019084930	-118.237197876	68.6	
T	34.019073486	-118.237197876	68.6	
T	34.019062042	-118.237213135	68.6	
T	34.019058228	-118.237228394	68.6	
T	34.019069672	-118.237220764	68.6	
T	34.019069672	-118.237220764	68.6	
T	34.019126892	-118.237213135	68.7	
T	34.019149780	-118.237205505	68.7	
T	34.019165039	-118.237197876	68.7	
T	34.019187927	-118.237197876	68.7	
T	34.019195557	-118.237197876	68.7	
T	34.019161224	-118.237213135	68.7	
T	34.019172668	-118.237213135	68.7	
T	34.019180298	-118.237213135	68.7	
T	34.019187927	-118.237213135	68.7	
T	34.019191742	-118.237205505	68.7	
T	34.019195557	-118.237205505	68.7	
T	34.019195557	-118.237197876	68.7	
T	34.019199371	-118.237197876	68.7	
T	34.019203186	-118.237197876	68.7	
T	34.019180298	-118.237197876	68.7	
T	34.019222260	-118.237159729	68.7	
T	34.019218445	-118.237152100	68.7	
T	34.019226074	-118.237152100	68.7	
T	34.019226074	-118.237144470	68.7	
T	34.019229889	-118.237136841	68.7	
T	34.019226074	-118.237129211	68.7	
T	34.019226074	-118.237129211	68.7	
T	34.019287109	-118.237045288	68.8	
T	34.019290924	-118.237037659	68.8	
T	34.019287109	-118.237030029	68.8	
T	34.019283295	-118.237014771	68.8	
T	34.019290924	-118.237007141	68.8	
T	34.019294739	-118.236999512	68.8	
T	34.019290924	-118.236999512	68.8	
T	34.019287109	-118.236991882	68.8	
T	34.019287109	-118.236991882	68.8	
T	34.019222260	-118.237007141	68.7	
T	34.019218445	-118.237014771	68.7	
T	34.019222260	-118.237022400	68.7	
T	34.019226074	-118.237030029	68.7	
T	34.019229889	-118.237037659	68.7	
T	34.019241333	-118.237045288	68.7	
T	34.019237518	-118.237045288	68.7	
T	34.019237518	-118.237052917	68.7	
T	34.019241333	-118.237052917	68.7	
T	34.019245148	-118.237052917	68.7	
T	34.019256592	-118.237052917	68.8	
T	34.019260406	-118.237060547	68.8	
T	34.019332886	-118.237091064	68.8	
T	34.019329071	-118.237091064	68.8	
T	34.019317627	-118.237091064	68.8	
T	34.019313812	-118.237083435	68.8	
T	34.019313812	-118.237083435	68.8	
T	34.019226074	-118.237136841	68.7	
T	34.019203186	-118.237144470	68.7	
T	34.019199371	-118.237152100	68.7	
T	34.019207001	-118.237159729	68.7	
T	34.019222260	-118.237182617	68.7	
T	34.019237518	-118.237174988	68.8	
T	34.019241333	-118.237174988	68.8	
T	34.019256592	-118.237159729	68.8	
T	34.019264221	-118.237167358	68.8	
T	34.019279480	-118.237159729	68.8	
T	34.019294739	-118.237159729	68.8	
T	34.019287109	-118.237167358	68.8	
T	34.019283295	-118.237167358	68.8	
T	34.019271851	-118.237167358	68.8	
T	34.019271851	-118.237167358	68.8	
T	34.019172668	-118.237182617	68.7	
T	34.019130707	-118.237197876	68.7	
T	34.019126892	-118.237197876	68.7	
T	34.019119263	-118.237205505	68.7	
T	34.019115448	-118.237205505	68.7	
T	34.019111633	-118.237205505	68.7	
T	34.019111633	-118.237205505	68.7	
T	34.019111633	-118.237205505	68.7	
T	34.019123077	-118.237136841	68.7	
T	34.019119263	-118.237129211	68.7	
T	34.019119263	-118.237129211	68.7	
T	34.019111633	-118.237136841	68.7	
T	34.019104004	-118.237136841	68.7	
T	34.019088745	-118.237144470	68.6	
T	34.019081116	-118.237159729	68.6	
T	34.019081116	-118.237167358	68.6	
T	34.019084930	-118.237174988	68.6	
T	34.019088745	-118.237167358	68.6	
T	34.019088745	-118.237167358	68.6	
T	34.019081116	-118.237159729	68.6	
T	34.019081116	-118.237174988	68.6	
T	34.019084930	-118.237174988	68.6	
T	34.019084930	-118.237167358	68.6	
T	34.019084930	-118.237167358	68.6	
T	34.019084930	-118.237167358	68.6	
T	34.019123077	-118.237174988	68.7	
T	34.019130707	-118.237174988	68.7	
T	34.019134521	-118.237167358	68.7	
T	34.019138336	-118.237167358	68.7	
T	34.019145966	-118.237159729	68.7	
T	34.019145966	-118.237152100	68.7	
T	34.019138336	-118.237174988	68.7	
T	34.019134521	-118.237182617	68.7	
T	34.019134521	-118.237182617	68.7	
T	34.019138336	-118.237167358	68.7	
T	34.019142151	-118.237167358	68.7	
T	34.019145966	-118.237167358	68.7	
T	34.019149780	-118.237159729	68.7	
T	34.019149780	-118.237159729	68.7	
T	34.019199371	-118.237152100	68.7	
T	34.019187927	-118.237159729	68.7	
T	34.019180298	-118.237167358	68.7	
T	34.019176483	-118.237167358	68.7	
T	34.019180298	-118.237167358	68.7	
T	34.019184113	-118.237167358	68.7	
T	34.019187927	-118.237167358	68.7	
T	34.019187927	-118.237167358	68.7	
T	34.019237518	-118.237129211	68.8	
T	34.019245148	-118.237121582	68.8	
T	34.019256592	-118.237113953	68.8	
T	34.019260406	-118.237106323	68.8	
T	34.019268036	-118.237106323	68.8	
T	34.019268036	-118.237113953	68.8	
T	34.019264221	-118.237113953	68.8	
T	34.019260406	-118.237113953	68.8	
T	34.019264221	-118.237113953	68.8	
T	34.019256592	-118.237113953	68.8	
T	34.019226074	-118.237136841	68.7	
T	34.019207001	-118.237152100	68.7	
T	34.019176483	-118.237174988	68.7	
T	34.019104004	-118.237236023	68.7	
T	34.019096375	-118.237251282	68.6	
T	34.019077301	-118.237258911	68.6	
T	34.019073486	-118.237266541	68.6	
T	34.019065857	-118.237266541	68.6	
T	34.019062042	-118.237274170	68.6	
T	34.019058228	-118.237274170	68.6	
T	34.019042969	-118.237297058	68.6	
T	34.019027710	-118.237304688	68.6	
T	34.019020081	-118.237304688	68.6	
T	34.019016266	-118.237304688	68.6	
T	34.019012451	-118.237304688	68.6	
T	34.019016266	-118.237304688	68.6	
T	34.019020081	-118.237297058	68.6	
T	34.019027710	-118.237289429	68.6	
T	34.019058228	-118.237266541	68.6	
T	34.019065857	-118.237266541	68.6	
T	34.019069672	-118.237258911	68.6	
T	34.019058228	-118.237266541	68.6	
T	34.019062042	-118.237258911	68.6	
T	34.019062042	-118.237251282	68.6	
T	34.019065857	-118.237243652	68.6	
T	34.019069672	-118.237236023	68.6	
T	34.019081116	-118.237228394	68.6	
T	34.019084930	-118.237220764	68.6	
T	34.019088745	-118.237213135	68.6	
T	34.019092560	-118.237205505	68.6	
T	34.019081116	-118.237220764	68.6	
T	34.019065857	-118.237236023	68.6	
T	34.019069672	-118.237236023	68.6	
T	34.019069672	-118.237236023	68.6	
T	34.019062042	-118.237220764	68.6	
T	34.019073486	-118.237205505	68.6	
T	34.019073486	-118.237197876	68.6	
T	34.019069672	-118.237197876	68.6	
T	34.019065857	-118.237197876	68.6	
T	34.019069672	-118.237190247	68.6	
T	34.019073486	-118.237190247	68.6	
T	34.019077301	-118.237190247	68.6	
T	34.019088745	-118.237174988	68.6	
T	34.019081116	-118.237182617	68.6	
T	34.019077301	-118.237182617	68.6	
T	34.019081116	-118.237182617	68.6	
T	34.019069672	-118.237197876	68.6	
T	34.019065857	-118.237205505	68.6	
T	34.019054413	-118.237213135	68.6	
T	34.019050598	-118.237220764	68.6	
T	34.019046783	-118.237220764	68.6	
T	34.019035339	-118.237213135	68.6	
T	34.019023895	-118.237205505	68.6	
T	34.019016266	-118.237197876	68.6	
T	34.019012451	-118.237197876	68.6	
T	34.019008636	-118.237197876	68.6	
T	34.019016266	-118.237182617	68.6	
T	34.019020081	-118.237174988	68.6	
T	34.019027710	-118.237167358	68.6	
T	34.019042969	-118.237159729	68.6	
T	34.019050598	-118.237159729	68.6	
T	34.019062042	-118.237159729	68.6	
T	34.019077301	-118.237152100	68.6	
T	34.019084930	-118.237136841	68.6	
T	34.019084930	-118.237121582	68.6	
T	34.019092560	-118.237113953	68.6	
T	34.019096375	-118.237106323	68.6	
T	34.019100189	-118.237091064	68.7	
T	34.019115448	-118.237091064	68.7	
T	34.019126892	-118.237075806	68.7	
T	34.019149780	-118.237052917	68.7	
T	34.019165039	-118.237037659	68.7	
T	34.019176483	-118.237030029	68.7	
T	34.019203186	-118.237030029	68.7	
T	34.019207001	-118.237022400	68.7	
T	34.019207001	-118.237014771	68.7	
T	34.019207001	-118.237007141	68.7	
T	34.019226074	-118.237007141	68.7	
T	34.019241333	-118.236984253	68.7	
T	34.019245148	-118.236976624	68.7	
T	34.019260406	-118.236961365	68.7	
T	34.019264221	-118.236961365	68.7	
T	34.019260406	-118.236961365	68.7	
T	34.019241333	-118.236984253	68.7	
T	34.019233704	-118.236999512	68.7	
T	34.019226074	-118.237007141	68.7	
T	34.019210815	-118.237030029	68.7	
T	34.019191742	-118.237052917	68.7	
T	34.019180298	-118.237060547	68.7	
T	34.019115448	-118.237121582	68.7	
T	34.019111633	-118.237129211	68.7	
T	34.019111633	-118.237136841	68.7	
T	34.019100189	-118.237152100	68.7	
T	34.019088745	-118.237159729	68.6	
T	34.019004822	-118.237228394	68.6	
T	34.018974304	-118.237251282	68.6	
T	34.018974304	-118.237258911	68.6	
T	34.018981934	-118.237274170	68.6	
T	34.018989563	-118.237289429	68.6	
T	34.019004822	-118.237304688	68.6	
T	34.019008636	-118.237327576	68.6	
T	34.019016266	-118.237342834	68.6	
T	34.019012451	-118.237365723	68.6	
T	34.019012451	-118.237388611	68.6	
T	34.019008636	-118.237396240	68.6	
T	34.019016266	-118.237403870	68.6	
T	34.019012451	-118.237403870	68.6	
T	34.019020081	-118.237396240	68.6	
T	34.019023895	-118.237403870	68.6	
T	34.019027710	-118.237411499	68.6	
T	34.019031525	-118.237403870	68.6	
T	34.019050598	-118.237396240	68.6	
T	34.019069672	-118.237388611	68.6	
T	34.019096375	-118.237380981	68.7	
T	34.019123077	-118.237365723	68.7	
T	34.019138336	-118.237350464	68.7	
T	34.019149780	-118.237335205	68.7	
T	34.019165039	-118.237327576	68.7	
T	34.019176483	-118.237319946	68.7	
T	34.019191742	-118.237319946	68.7	
T	34.019180298	-118.237327576	68.7	
T	34.019176483	-118.237335205	68.7	
T	34.019172668	-118.237342834	68.7	
T	34.019168854	-118.237350464	68.7	
T	34.019172668	-118.237358093	68.7	
T	34.019165039	-118.237365723	68.7	
T	34.019161224	-118.237373352	68.7	
T	34.019153595	-118.237380981	68.7	
T	34.019142151	-118.237396240	68.7	
T	34.019138336	-118.237403870	68.7	
T	34.019149780	-118.237396240	68.7	
T	34.019161224	-118.237388611	68.7	
T	34.019176483	-118.237373352	68.7	
T	34.019191742	-118.237365723	68.7	
T	34.019207001	-118.237358093	68.7	
T	34.019214630	-118.237350464	68.7	
T	34.019214630	-118.237342834	68.7	
T	34.019222260	-118.237335205	68.7	
T	34.019229889	-118.237335205	68.7	
T	34.019237518	-118.237327576	68.8	
T	34.019283295	-118.237281799	68.8	
T	34.019306183	-118.237251282	68.8	
T	34.019325256	-118.237228394	68.8	
T	34.019348145	-118.237213135	68.8	
T	34.019374847	-118.237190247	68.9	
T	34.019374847	-118.237197876	68.9	
T	34.019306183	-118.237258911	68.8	
T	34.019283295	-118.237274170	68.8	
T	34.019264221	-118.237281799	68.8	
T	34.019241333	-118.237304688	68.8	
T	34.019233704	-118.237319946	68.7	
T	34.019210815	-118.237342834	68.7	
T	34.019210815	-118.237342834	68.7	
T	34.019298553	-118.237396240	68.8	
T	34.019302368	-118.237396240	68.8	
T	34.019294739	-118.237396240	68.8	
T	34.019298553	-118.237388611	68.8	
T	34.019294739	-118.237396240	68.8	
T	34.019287109	-118.237403870	68.8	
T	34.019290924	-118.237411499	68.8	
T	34.019283295	-118.237411499	68.8	
T	34.019275665	-118.237411499	68.8	
T	34.019271851	-118.237411499	68.8	
T	34.019271851	-118.237411499	68.8	
T	34.019157410	-118.237472534	68.7	
T	34.019134521	-118.237487793	68.7	
T	34.019100189	-118.237503052	68.7	
T	34.019073486	-118.237510681	68.7	
T	34.019111633	-118.237396240	68.7	
T	34.019111633	-118.237342834	68.7	
T	34.019100189	-118.237312317	68.7	
T	34.019077301	-118.237297058	68.6	
T	34.019069672	-118.237274170	68.6	
T	34.019107819	-118.237243652	68.7	
T	34.019134521	-118.237220764	68.7	
T	34.019153595	-118.237197876	68.7	
T	34.019153595	-118.237197876	68.7	
T	34.019233704	-118.237121582	68.7	
T	34.019264221	-118.237083435	68.8	
T	34.019283295	-118.237060547	68.8	
T	34.019275665	-118.237052917	68.8	
T	34.019256592	-118.237052917	68.8	
T	34.019241333	-118.237060547	68.7	
T	34.019222260	-118.237068176	68.7	
T	34.019199371	-118.237075806	68.7	
T	34.019172668	-118.237083435	68.7	
T	34.019069672	-118.237159729	68.6	
T	34.019012451	-118.237190247	68.6	
T	34.018955231	-118.237220764	68.5	
T	34.018898010	-118.237243652	68.5	
T	34.018856049	-118.237258911	68.5	
T	34.018806458	-118.237274170	68.5	
T	34.018775940	-118.237281799	68.5	
T	34.018749237	-118.237289429	68.4	
T	34.018756866	-118.237281799	68.4	
T	34.018768311	-118.237281799	68.5	
T	34.018795013	-118.237274170	68.5	
T	34.018810272	-118.237266541	68.5	
T	34.018833160	-118.237266541	68.5	
T	34.018810272	-118.237297058	68.5	
T	34.018795013	-118.237319946	68.5	
T	34.018756866	-118.237342834	68.5	
T	34.018726349	-118.237365723	68.5	
T	34.018726349	-118.237373352	68.5	
T	34.018714905	-118.237388611	68.5	
T	34.018703461	-118.237403870	68.5	
T	34.018676758	-118.237426758	68.4	
T	34.018669128	-118.237426758	68.4	
T	34.018653870	-118.237434387	68.4	
T	34.018657684	-118.237434387	68.4	
T	34.018665314	-118.237434387	68.4	
T	34.018669128	-118.237434387	68.4	
T	34.018669128	-118.237442017	68.4	
T	34.018684387	-118.237434387	68.4	
T	34.018707275	-118.237426758	68.5	
T	34.018726349	-118.237419128	68.5	
T	34.018745422	-118.237411499	68.5	
T	34.018772125	-118.237396240	68.5	
T	34.018787384	-118.237388611	68.5	
T	34.018817902	-118.237373352	68.5	
T	34.018951416	-118.237281799	68.6	
T	34.019016266	-118.237236023	68.6	
T	34.019077301	-118.237197876	68.6	
T	34.019130707	-118.237159729	68.7	
T	34.019176483	-118.237129211	68.7	
T	34.019210815	-118.237098694	68.7	
T	34.019248962	-118.237075806	68.8	
T	34.019279480	-118.237052917	68.8	
T	34.019302368	-118.237030029	68.8	
T	34.019325256	-118.237014771	68.8	
T	34.019348145	-118.236999512	68.8	
T	34.019359589	-118.236991882	68.8	
T	34.019386292	-118.236976624	68.8	
T	34.019409180	-118.236953735	68.8	
T	34.019397736	-118.236961365	68.8	
T	34.019390106	-118.236968994	68.8	
T	34.019378662	-118.236968994	68.8	
T	34.019371033	-118.236968994	68.8	
T	34.019363403	-118.236976624	68.8	
T	34.019351959	-118.236984253	68.8	
T	34.019336700	-118.236991882	68.8	
T	34.019340515	-118.236991882	68.8	
T	34.019355774	-118.236984253	68.8	
T	34.019374847	-118.236968994	68.8	
T	34.019409180	-118.236953735	68.8	
T	34.019435883	-118.236930847	68.8	
T	34.019405365	-118.236953735	68.8	
T	34.019374847	-118.236984253	68.8	
T	34.019340515	-118.237007141	68.8	
T	34.019313812	-118.237030029	68.8	
T	34.019187927	-118.237098694	68.7	
T	34.019165039	-118.237113953	68.7	
T	34.019016266	-118.237190247	68.6	
T	34.018959045	-118.237213135	68.5	
T	34.018939972	-118.237228394	68.5	
T	34.018917084	-118.237243652	68.5	
T	34.018924713	-118.237243652	68.5	
T	34.018928528	-118.237251282	68.5	
T	34.018943787	-118.237258911	68.5	
T	34.018962860	-118.237243652	68.6	
T	34.018974304	-118.237228394	68.6	
T	34.018989563	-118.237228394	68.6	
T	34.018970490	-118.237213135	68.6	
T	34.018959045	-118.237213135	68.5	
T	34.018966675	-118.237220764	68.6	
T	34.018974304	-118.237228394	68.6	
T	34.019020081	-118.237228394	68.6	
T	34.019027710	-118.237228394	68.6	
T	34.019031525	-118.237236023	68.6	
T	34.019039154	-118.237236023	68.6	
T	34.019046783	-118.237236023	68.6	
T	34.019069672	-118.237228394	68.6	
T	34.019073486	-118.237228394	68.6	
T	34.019073486	-118.237220764	68.6	
T	34.019054413	-118.237228394	68.6	
T	34.019042969	-118.237213135	68.6	
T	34.019031525	-118.237213135	68.6	
T	34.019027710	-118.237205505	68.6	
T	34.019027710	-118.237213135	68.6	
T	34.019027710	-118.237213135	68.6	
T	34.018978119	-118.237266541	68.6	
T	34.018970490	-118.237266541	68.6	
T	34.018966675	-118.237266541	68.6	
T	34.018962860	-118.237266541	68.6	
T	34.018962860	-118.237266541	68.6	
T	34.018939972	-118.237243652	68.5	
T	34.018936157	-118.237236023	68.5	
T	34.018943787	-118.237228394	68.5	
T	34.018951416	-118.237228394	68.5	
T	34.018959045	-118.237228394	68.6	
T	34.018962860	-118.237228394	68.6	
T	34.018962860	-118.237220764	68.6	
T	34.018966675	-118.237213135	68.6	
T	34.018966675	-118.237205505	68.6	
T	34.018966675	-118.237213135	68.6	
T	34.018966675	-118.237213135	68.6	
T	34.019004822	-118.237220764	68.6	
T	34.019001007	-118.237220764	68.6	
T	34.019004822	-118.237213135	68.6	
T	34.019004822	-118.237213135	68.6	
T	34.019001007	-118.237197876	68.6	
T	34.018997192	-118.237197876	68.6	
T	34.018993378	-118.237197876	68.6	
T	34.018989563	-118.237197876	68.6	
T	34.018959045	-118.237205505	68.5	
T	34.018943787	-118.237213135	68.5	
T	34.018936157	-118.237220764	68.5	
T	34.018920898	-118.237228394	68.5	
T	34.018920898	-118.237236023	68.5	
T	34.018924713	-118.237243652	68.5	
T	34.018924713	-118.237243652	68.5	
T	34.018924713	-118.237243652	68.5	
T	34.018936157	-118.237350464	68.6	
T	34.018936157	-118.237358093	68.6	
T	34.018932343	-118.237358093	68.6	
T	34.018928528	-118.237358093	68.6	
T	34.018924713	-118.237358093	68.6	
T	34.018920898	-118.237358093	68.6	
T	34.018901825	-118.237350464	68.6	
T	34.018901825	-118.237350464	68.6	
T	34.019001007	-118.237319946	68.6	
T	34.019016266	-118.237319946	68.6	
T	34.019035339	-118.237312317	68.6	
T	34.019046783	-118.237312317	68.6	
T	34.019058228	-118.237304688	68.6	
T	34.019058228	-118.237304688	68.6	
T	34.019058228	-118.237304688	68.6	
T	34.019092560	-118.237205505	68.6	
T	34.019096375	-118.237197876	68.6	
T	34.019092560	-118.237197876	68.6	
T	34.019092560	-118.237197876	68.6	
T	34.019157410	-118.237121582	68.7	
T	34.019172668	-118.237113953	68.7	
T	34.019180298	-118.237106323	68.7	
T	34.019187927	-118.237106323	68.7	
T	34.019168854	-118.237113953	68.7	
T	34.019157410	-118.237113953	68.7	
T	34.019149780	-118.237113953	68.7	
T	34.019149780	-118.237113953	68.7	
T	34.019149780	-118.237113953	68.7	
T	34.019058228	-118.237113953	68.6	
T	34.019050598	-118.237113953	68.6	
T	34.019042969	-118.237113953	68.6	
T	34.019039154	-118.237113953	68.6	
T	34.019039154	-118.237113953	68.6	
T	34.019039154	-118.237113953	68.6	
T	34.019084930	-118.237129211	68.6	
T	34.019096375	-118.237121582	68.6	
T	34.019100189	-118.237121582	68.7	
T	34.019104004	-118.237121582	68.7	
T	34.019111633	-118.237113953	68.7	
T	34.019126892	-118.237113953	68.7	
T	34.019138336	-118.237106323	68.7	
T	34.019149780	-118.237098694	68.7	
T	34.019157410	-118.237098694	68.7	
T	34.019165039	-118.237091064	68.7	
T	34.019172668	-118.237091064	68.7	
T	34.019176483	-118.237083435	68.7	
T	34.019172668	-118.237083435	68.7	
T	34.019161224	-118.237091064	68.7	
T	34.019161224	-118.237083435	68.7	
T	34.019157410	-118.237083435	68.7	
T	34.019157410	-118.237075806	68.7	
T	34.019153595	-118.237068176	68.7	
T	34.019157410	-118.237068176	68.7	
T	34.019149780	-118.237068176	68.7	
T	34.019126892	-118.237083435	68.7	
T	34.019130707	-118.237068176	68.7	
T	34.019134521	-118.237068176	68.7	
T	34.019130707	-118.237060547	68.7	
T	34.019126892	-118.237052917	68.7	
T	34.019115448	-118.237052917	68.7	
T	34.019111633	-118.237052917	68.7	
T	34.019107819	-118.237052917	68.7	
T	34.019100189	-118.237052917	68.6	
T	34.019100189	-118.237052917	68.6	
T	34.019111633	-118.237037659	68.7	
T	34.019111633	-118.237030029	68.7	
T	34.019115448	-118.237030029	68.7	
T	34.019123077	-118.237022400	68.7	
T	34.019134521	-118.237014771	68.7	
T	34.019142151	-118.237014771	68.7	
T	34.019153595	-118.237014771	68.7	
T	34.019161224	-118.237014771	68.7	
T	34.019172668	-118.237007141	68.7	
T	34.019180298	-118.237014771	68.7	
T	34.019187927	-118.237014771	68.7	
T	34.019191742	-118.237007141	68.7	
T	34.019199371	-118.237007141	68.7	
T	34.019203186	-118.237007141	68.7	
T	34.019203186	-118.237014771	68.7	
T	34.019210815	-118.237014771	68.7	
T	34.019207001	-118.237022400	68.7	
T	34.019210815	-118.237022400	68.7	
T	34.019214630	-118.237030029	68.7	
T	34.019214630	-118.237030029	68.7	
T	34.019191742	-118.237045288	68.7	
T	34.019199371	-118.237045288	68.7	
T	34.019203186	-118.237045288	68.7	
T	34.019195557	-118.237052917	68.7	
T	34.019191742	-118.237052917	68.7	
T	34.019180298	-118.237060547	68.7	
T	34.019172668	-118.237068176	68.7	
T	34.019161224	-118.237068176	68.7	
T	34.019149780	-118.237068176	68.7	
T	34.019145966	-118.237068176	68.7	
T	34.019138336	-118.237068176	68.7	
T	34.019134521	-118.237068176	68.7	
T	34.019130707	-118.237068176	68.7	
T	34.019134521	-118.237068176	68.7	
T	34.019130707	-118.237075806	68.7	
T	34.019130707	-118.237075806	68.7	
T	34.019149780	-118.237121582	68.7	
T	34.019145966	-118.237121582	68.7	
T	34.019142151	-118.237129211	68.7	
T	34.019142151	-118.237129211	68.7	
T	34.019142151	-118.237113953	68.7	
T	34.019145966	-118.237106323	68.7	
T	34.019138336	-118.237106323	68.7	
T	34.019123077	-118.237098694	68.7	
T	34.019115448	-118.237098694	68.7	
T	34.019111633	-118.237098694	68.7	
T	34.019100189	-118.237106323	68.7	
T	34.019096375	-118.237106323	68.6	
T	34.019107819	-118.237098694	68.7	
T	34.019104004	-118.237098694	68.7	
T	34.019115448	-118.237098694	68.7	
T	34.019111633	-118.237098694	68.7	
T	34.019111633	-118.237098694	68.7	
T	34.019172668	-118.237068176	68.7	
T	34.019180298	-118.237060547	68.7	
T	34.019187927	-118.237052917	68.7	
T	34.019199371	-118.237045288	68.7	
T	34.019207001	-118.237037659	68.7	
T	34.019214630	-118.237030029	68.7	
T	34.019210815	-118.237030029	68.7	
T	34.019207001	-118.237030029	68.7	
T	34.019203186	-118.237030029	68.7	
T	34.019207001	-118.237022400	68.7	
T	34.019214630	-118.237014771	68.7	
T	34.019214630	-118.237022400	68.7	
T	34.019207001	-118.237030029	68.7	
T	34.019203186	-118.237037659	68.7	
T	34.019207001	-118.237037659	68.7	
T	34.019207001	-118.237037659	68.7	
T	34.019134521	-118.237106323	68.7	
T	34.019123077	-118.237106323	68.7	
T	34.019115448	-118.237113953	68.7	
T	34.019111633	-118.237113953	68.7	
T	34.019111633	-118.237113953	68.7	
T	34.019020081	-118.237159729	68.6	
T	34.019004822	-118.237167358	68.6	
T	34.018993378	-118.237174988	68.6	
T	34.018989563	-118.237174988	68.6	
T	34.018978119	-118.237182617	68.6	
T	34.018966675	-118.237190247	68.6	
T	34.018970490	-118.237182617	68.6	
T	34.018974304	-118.237174988	68.6	
T	34.018978119	-118.237174988	68.6	
T	34.019020081	-118.237152100	68.6	
T	34.019023895	-118.237152100	68.6	
T	34.019027710	-118.237152100	68.6	
T	34.019023895	-118.237152100	68.6	
T	34.019027710	-118.237152100	68.6	
T	34.019027710	-118.237152100	68.6	
T	34.019027710	-118.237152100	68.6	
T	34.019031525	-118.237152100	68.6	
T	34.019027710	-118.237159729	68.6	
T	34.019027710	-118.237167358	68.6	
T	34.019023895	-118.237167358	68.6	
T	34.019035339	-118.237159729	68.6	
T	34.019039154	-118.237152100	68.6	
T	34.019035339	-118.237152100	68.6	
T	34.019031525	-118.237152100	68.6	
T	34.019023895	-118.237152100	68.6	
T	34.019008636	-118.237159729	68.6	
T	34.019004822	-118.237159729	68.6	
T	34.018989563	-118.237167358	68.6	
T	34.018989563	-118.237167358	68.6	
T	34.018951416	-118.237182617	68.5	
T	34.018939972	-118.237190247	68.5	
T	34.018947601	-118.237182617	68.5	
T	34.018951416	-118.237182617	68.5	
T	34.018947601	-118.237190247	68.5	
T	34.018955231	-118.237182617	68.5	
T	34.018978119	-118.237152100	68.6	
T	34.018985748	-118.237144470	68.6	
T	34.018989563	-118.237144470	68.6	
T	34.018993378	-118.237144470	68.6	
T	34.018993378	-118.237136841	68.6	
T	34.019001007	-118.237136841	68.6	
T	34.019001007	-118.237136841	68.6	
T	34.019001007	-118.237136841	68.6	
T	34.018978119	-118.237106323	68.5	
T	34.018978119	-118.237098694	68.5	
T	34.018981934	-118.237098694	68.6	
T	34.018985748	-118.237098694	68.6	
T	34.018978119	-118.237106323	68.5	
T	34.018978119	-118.237129211	68.6	
T	34.018989563	-118.237121582	68.6	
T	34.018997192	-118.237121582	68.6	
T	34.019004822	-118.237113953	68.6	
T	34.019004822	-118.237129211	68.6	
T	34.019004822	-118.237121582	68.6	
T	34.019001007	-118.237129211	68.6	
T	34.019001007	-118.237129211	68.6	
T	34.019016266	-118.237159729	68.6	
T	34.019020081	-118.237167358	68.6	
T	34.019012451	-118.237174988	68.6	
T	34.019016266	-118.237174988	68.6	
T	34.019016266	-118.237182617	68.6	
T	34.019016266	-118.237190247	68.6	
T	34.019008636	-118.237197876	68.6	
T	34.019008636	-118.237205505	68.6	
T	34.019004822	-118.237205505	68.6	
T	34.019004822	-118.237213135	68.6	
T	34.019004822	-118.237220764	68.6	
T	34.019008636	-118.237228394	68.6	
T	34.019008636	-118.237236023	68.6	
T	34.019004822	-118.237243652	68.6	
T	34.019001007	-118.237243652	68.6	
T	34.019001007	-118.237243652	68.6	
T	34.019004822	-118.237152100	68.6	
T	34.019008636	-118.237152100	68.6	
T	34.019012451	-118.237144470	68.6	
T	34.019012451	-118.237152100	68.6	
T	34.019012451	-118.237152100	68.6	
T	34.019012451	-118.237152100	68.6	
T	34.019004822	-118.237174988	68.6	
T	34.019008636	-118.237174988	68.6	
T	34.019012451	-118.237174988	68.6	
T	34.019016266	-118.237167358	68.6	
T	34.019020081	-118.237167358	68.6	
T	34.019027710	-118.237167358	68.6	
T	34.019031525	-118.237167358	68.6	
T	34.019031525	-118.237159729	68.6	
T	34.019031525	-118.237152100	68.6	
T	34.019035339	-118.237152100	68.6	
T	34.019031525	-118.237144470	68.6	
T	34.019035339	-118.237144470	68.6	
T	34.019046783	-118.237144470	68.6	
T	34.019050598	-118.237144470	68.6	
T	34.019058228	-118.237129211	68.6	
T	34.019081116	-118.237113953	68.6	
T	34.019084930	-118.237106323	68.6	
T	34.019111633	-118.237083435	68.7	
T	34.019115448	-118.237075806	68.7	
T	34.019119263	-118.237075806	68.7	
T	34.019115448	-118.237068176	68.7	
T	34.019111633	-118.237075806	68.7	
T	34.019104004	-118.237075806	68.7	
T	34.019092560	-118.237083435	68.6	
T	34.019088745	-118.237083435	68.6	
T	34.019077301	-118.237098694	68.6	
T	34.019069672	-118.237106323	68.6	
T	34.019069672	-118.237106323	68.6	
T	34.019008636	-118.237136841	68.6	
T	34.019004822	-118.237136841	68.6	
T	34.018997192	-118.237144470	68.6	
T	34.018985748	-118.237152100	68.6	
T	34.018978119	-118.237152100	68.6	
T	34.018974304	-118.237152100	68.6	
T	34.018974304	-118.237144470	68.6	
T	34.018970490	-118.237144470	68.5	
T	34.018966675	-118.237136841	68.5	
T	34.018966675	-118.237129211	68.5	
T	34.018966675	-118.237129211	68.5	
T	34.018978119	-118.237106323	68.5	
T	34.018978119	-118.237098694	68.5	
T	34.018981934	-118.237098694	68.6	
T	34.018993378	-118.237083435	68.6	
T	34.018997192	-118.237075806	68.6	
T	34.019008636	-118.237060547	68.6	
T	34.019016266	-118.237052917	68.6	
T	34.019031525	-118.237045288	68.6	
T	34.019042969	-118.237037659	68.6	
T	34.019046783	-118.237037659	68.6	
T	34.019058228	-118.237030029	68.6	
T	34.019069672	-118.237030029	68.6	
T	34.019081116	-118.237022400	68.6	
T	34.019084930	-118.237014771	68.6	
T	34.019088745	-118.237007141	68.6	
T	34.019088745	-118.236999512	68.6	
T	34.019096375	-118.236991882	68.6	
T	34.019104004	-118.236991882	68.6	
T	34.019111633	-118.236984253	68.7	
T	34.019115448	-118.236984253	68.7	
T	34.019123077	-118.236976624	68.7	
T	34.019126892	-118.236976624	68.7	
T	34.019138336	-118.236968994	68.7	
T	34.019145966	-118.236968994	68.7	
T	34.019153595	-118.236968994	68.7	
T	34.019153595	-118.236976624	68.7	
T	34.019157410	-118.236976624	68.7	
T	34.019165039	-118.236976624	68.7	
T	34.019184113	-118.236976624	68.7	
T	34.019176483	-118.236984253	68.7	
T	34.019168854	-118.236991882	68.7	
T	34.019157410	-118.237007141	68.7	
T	34.019157410	-118.237007141	68.7	
T	34.019149780	-118.237022400	68.7	
T	34.019153595	-118.237022400	68.7	
T	34.019161224	-118.237014771	68.7	
T	34.019145966	-118.237037659	68.7	
T	34.019145966	-118.237037659	68.7	
T	34.019145966	-118.237037659	68.7	
T	34.019073486	-118.237106323	68.6	
T	34.019065857	-118.237106323	68.6	
T	34.019062042	-118.237113953	68.6	
T	34.019058228	-118.237121582	68.6	
T	34.019031525	-118.237129211	68.6	
T	34.019020081	-118.237136841	68.6	
T	34.019016266	-118.237136841	68.6	
T	34.019012451	-118.237144470	68.6	
T	34.019012451	-118.237144470	68.6	
T	34.019016266	-118.237136841	68.6	
T	34.019012451	-118.237129211	68.6	
T	34.019016266	-118.237129211	68.6	
T	34.019016266	-118.237129211	68.6	
T	34.019004822	-118.237121582	68.6	
T	34.019004822	-118.237129211	68.6	
T	34.019008636	-118.237136841	68.6	
T	34.019004822	-118.237144470	68.6	
T	34.019008636	-118.237144470	68.6	
T	34.019004822	-118.237152100	68.6	
T	34.019001007	-118.237152100	68.6	
T	34.018997192	-118.237144470	68.6	
T	34.018997192	-118.237152100	68.6	
T	34.018989563	-118.237152100	68.6	
T	34.018981934	-118.237144470	68.6	
T	34.018978119	-118.237144470	68.6	
T	34.018989563	-118.237152100	68.6	
T	34.018993378	-118.237152100	68.6	
T	34.019001007	-118.237159729	68.6	
T	34.019004822	-118.237159729	68.6	
T	34.019012451	-118.237167358	68.6	
T	34.019016266	-118.237167358	68.6	
T	34.019020081	-118.237174988	68.6	
T	34.019023895	-118.237182617	68.6	
T	34.019020081	-118.237182617	68.6	
T	34.019020081	-118.237182617	68.6	
T	34.019008636	-118.237174988	68.6	
T	34.019008636	-118.237167358	68.6	
T	34.019004822	-118.237167358	68.6	
T	34.019004822	-118.237167358	68.6	
T	34.019012451	-118.237159729	68.6	
T	34.019023895	-118.237167358	68.6	
T	34.019031525	-118.237174988	68.6	
T	34.019027710	-118.237174988	68.6	
T	34.019035339	-118.237174988	68.6	
T	34.019031525	-118.237174988	68.6	
T	34.019031525	-118.237174988	68.6	
T	34.019031525	-118.237174988	68.6	
T	34.019073486	-118.237136841	68.6	
T	34.019077301	-118.237136841	68.6	
T	34.019081116	-118.237129211	68.6	
T	34.019084930	-118.237136841	68.6	
T	34.019084930	-118.237136841	68.6	
T	34.019084930	-118.237136841	68.6	
T	34.019111633	-118.237174988	68.7	
T	34.019115448	-118.237174988	68.7	
T	34.019115448	-118.237174988	68.7	
T	34.019115448	-118.237174988	68.7	
T	34.019088745	-118.237174988	68.6	
T	34.019084930	-118.237174988	68.6	
T	34.019084930	-118.237174988	68.6	
T	34.019050598	-118.237159729	68.6	
T	34.019046783	-118.237159729	68.6	
T	34.019039154	-118.237159729	68.6	
T	34.019035339	-118.237152100	68.6	
T	34.019031525	-118.237152100	68.6	
T	34.019031525	-118.237159729	68.6	
T	34.019031525	-118.237159729	68.6	
T	34.019081116	-118.237167358	68.6	
T	34.019084930	-118.237159729	68.6	
T	34.019088745	-118.237167358	68.6	
T	34.019092560	-118.237167358	68.6	
T	34.019092560	-118.237174988	68.6	
T	34.019088745	-118.237174988	68.6	
T	34.019088745	-118.237174988	68.6	
T	34.019065857	-118.237182617	68.6	
T	34.019062042	-118.237182617	68.6	
T	34.019058228	-118.237182617	68.6	
T	34.019050598	-118.237174988	68.6	
T	34.019042969	-118.237174988	68.6	
T	34.019031525	-118.237159729	68.6	
T	34.019020081	-118.237159729	68.6	
T	34.019020081	-118.237152100	68.6	
T	34.019008636	-118.237144470	68.6	
T	34.019004822	-118.237144470	68.6	
T	34.019004822	-118.237136841	68.6	
T	34.019001007	-118.237136841	68.6	
T	34.019004822	-118.237144470	68.6	
T	34.019004822	-118.237152100	68.6	
T	34.018997192	-118.237152100	68.6	
T	34.018985748	-118.237159729	68.6	
T	34.018978119	-118.237159729	68.6	
T	34.018981934	-118.237159729	68.6	
T	34.018981934	-118.237152100	68.6	
T	34.018978119	-118.237152100	68.6	
T	34.018978119	-118.237152100	68.6	
T	34.018955231	-118.237144470	68.5	
T	34.018955231	-118.237136841	68.5	
T	34.018959045	-118.237136841	68.5	
T	34.018962860	-118.237136841	68.5	
T	34.018962860	-118.237136841	68.5	
T	34.018962860	-118.237136841	68.5	
T	34.019012451	-118.237129211	68.6	
T	34.019012451	-118.237136841	68.6	
T	34.019016266	-118.237144470	68.6	
T	34.019020081	-118.237152100	68.6	
T	34.019020081	-118.237159729	68.6	
T	34.019023895	-118.237159729	68.6	
T	34.019023895	-118.237167358	68.6	
T	34.019023895	-118.237167358	68.6	
T	34.019035339	-118.237174988	68.6	
T	34.019035339	-118.237174988	68.6	
T	34.019031525	-118.237159729	68.6	
T	34.019035339	-118.237159729	68.6	
T	34.019035339	-118.237152100	68.6	
T	34.019039154	-118.237152100	68.6	
T	34.019035339	-118.237152100	68.6	
T	34.019035339	-118.237144470	68.6	
T	34.019050598	-118.237152100	68.6	
T	34.019058228	-118.237152100	68.6	
T	34.019065857	-118.237159729	68.6	
T	34.019073486	-118.237159729	68.6	
T	34.019088745	-118.237167358	68.6	
T	34.019100189	-118.237174988	68.7	
T	34.019119263	-118.237182617	68.7	
T	34.019130707	-118.237190247	68.7	
T	34.019142151	-118.237190247	68.7	
T	34.019153595	-118.237190247	68.7	
T	34.019161224	-118.237197876	68.7	
T	34.019165039	-118.237205505	68.7	
T	34.019168854	-118.237205505	68.7	
T	34.019176483	-118.237213135	68.7	
T	34.019172668	-118.237213135	68.7	
T	34.019168854	-118.237213135	68.7	
T	34.019168854	-118.237220764	68.7	
T	34.019165039	-118.237213135	68.7	
T	34.019126892	-118.237205505	68.7	
T	34.019115448	-118.237197876	68.7	
T	34.019115448	-118.237197876	68.7	
T	34.019069672	-118.237174988	68.6	
T	34.019062042	-118.237167358	68.6	
T	34.019058228	-118.237159729	68.6	
T	34.019042969	-118.237159729	68.6	
T	34.019035339	-118.237159729	68.6	
T	34.019027710	-118.237152100	68.6	
T	34.019020081	-118.237152100	68.6	
T	34.019012451	-118.237144470	68.6	
T	34.019008636	-118.237136841	68.6	
T	34.019001007	-118.237129211	68.6	
T	34.018993378	-118.237113953	68.6	
T	34.018985748	-118.237106323	68.6	
T	34.018974304	-118.237098694	68.5	
T	34.018966675	-118.237098694	68.5	
T	34.018962860	-118.237091064	68.5	
T	34.018959045	-118.237091064	68.5	
T	34.018955231	-118.237098694	68.5	
T	34.018951416	-118.237091064	68.5	
T	34.018951416	-118.237083435	68.5	
T	34.018955231	-118.237083435	68.5	
T	34.018962860	-118.237091064	68.5	
T	34.018966675	-118.237091064	68.5	
T	34.018974304	-118.237091064	68.5	
T	34.018974304	-118.237091064	68.5	
T	34.018970490	-118.237106323	68.5	
T	34.018966675	-118.237106323	68.5	
T	34.018974304	-118.237106323	68.5	
T	34.018974304	-118.237106323	68.5	
T	34.018993378	-118.237098694	68.6	
T	34.018989563	-118.237091064	68.6	
T	34.018985748	-118.237083435	68.6	
T	34.018989563	-118.237083435	68.6	
T	34.019008636	-118.237083435	68.6	
T	34.019016266	-118.237083435	68.6	
T	34.019016266	-118.237091064	68.6	
T	34.019020081	-118.237091064	68.6	
T	34.019027710	-118.237098694	68.6	
T	34.019020081	-118.237106323	68.6	
T	34.019023895	-118.237106323	68.6	
T	34.019020081	-118.237113953	68.6	
T	34.019020081	-118.237113953	68.6	
T	34.019004822	-118.237136841	68.6	
T	34.019008636	-118.237136841	68.6	
T	34.019012451	-118.237144470	68.6	
T	34.019012451	-118.237152100	68.6	
T	34.019020081	-118.237152100	68.6	
T	34.019020081	-118.237159729	68.6	
T	34.019023895	-118.237152100	68.6	
T	34.019020081	-118.237152100	68.6	
T	34.019001007	-118.237136841	68.6	
T	34.019004822	-118.237136841	68.6	
T	34.019016266	-118.237136841	68.6	
T	34.019023895	-118.237144470	68.6	
T	34.019031525	-118.237152100	68.6	
T	34.019031525	-118.237159729	68.6	
T	34.019039154	-118.237159729	68.6	
T	34.019039154	-118.237159729	68.6	
T	34.019039154	-118.237159729	68.6	
T	34.019096375	-118.237190247	68.6	
T	34.019100189	-118.237182617	68.7	
T	34.019092560	-118.237182617	68.6	
T	34.019092560	-118.237174988	68.6	
T	34.019092560	-118.237174988	68.6	
T	34.019088745	-118.237174988	68.6	
T	34.019084930	-118.237174988	68.6	
T	34.019077301	-118.237167358	68.6	
T	34.019073486	-118.237167358	68.6	
T	34.019073486	-118.237174988	68.6	
T	34.019077301	-118.237167358	68.6	
T	34.019081116	-118.237174988	68.6	
T	34.019081116	-118.237167358	68.6	
T	34.019084930	-118.237159729	68.6	
T	34.019081116	-118.237152100	68.6	
T	34.019077301	-118.237152100	68.6	
T	34.019077301	-118.237144470	68.6	
T	34.019081116	-118.237136841	68.6	
T	34.019077301	-118.237136841	68.6	
T	34.019073486	-118.237129211	68.6	
T	34.019069672	-118.237121582	68.6	
T	34.019073486	-118.237121582	68.6	
T	34.019077301	-118.237121582	68.6	
T	34.019084930	-118.237113953	68.6	
T	34.019088745	-118.237113953	68.6	
T	34.019096375	-118.237113953	68.6	
T	34.019100189	-118.237121582	68.7	
T	34.019111633	-118.237113953	68.7	
T	34.019115448	-118.237113953	68.7	
T	34.019119263	-118.237113953	68.7	
T	34.019123077	-118.237121582	68.7	
T	34.019123077	-118.237121582	68.7	
T	34.019149780	-118.237113953	68.7	
T	34.019157410	-118.237113953	68.7	
T	34.019161224	-118.237113953	68.7	
T	34.019157410	-118.237113953	68.7	
T	34.019157410	-118.237113953	68.7	
T	34.019157410	-118.237113953	68.7	
T	34.019138336	-118.237220764	68.7	
T	34.019134521	-118.237228394	68.7	
T	34.019138336	-118.237220764	68.7	
T	34.019138336	-118.237213135	68.7	
T	34.019138336	-118.237213135	68.7	
T	34.019176483	-118.237213135	68.7	
T	34.019184113	-118.237213135	68.7	
T	34.019187927	-118.237213135	68.7	
T	34.019195557	-118.237213135	68.7	
T	34.019210815	-118.237213135	68.7	
T	34.019218445	-118.237220764	68.7	
T	34.019222260	-118.237228394	68.7	
T	34.019229889	-118.237228394	68.7	
T	34.019237518	-118.237236023	68.8	
T	34.019241333	-118.237236023	68.8	
T	34.019245148	-118.237236023	68.8	
T	34.019252777	-118.237236023	68.8	
T	34.019256592	-118.237236023	68.8	
T	34.019260406	-118.237236023	68.8	
T	34.019264221	-118.237236023	68.8	
T	34.019268036	-118.237236023	68.8	
T	34.019271851	-118.237236023	68.8	
T	34.019283295	-118.237228394	68.8	
T	34.019287109	-118.237228394	68.8	
T	34.019283295	-118.237228394	68.8	
T	34.019279480	-118.237228394	68.8	
T	34.019275665	-118.237228394	68.8	
T	34.019271851	-118.237228394	68.8	
T	34.019275665	-118.237228394	68.8	
T	34.019279480	-118.237228394	68.8	
T	34.019283295	-118.237228394	68.8	
T	34.019283295	-118.237236023	68.8	
T	34.019287109	-118.237243652	68.8	
T	34.019294739	-118.237243652	68.8	
T	34.019298553	-118.237243652	68.8	
T	34.019306183	-118.237236023	68.8	
T	34.019294739	-118.237228394	68.8	
T	34.019283295	-118.237220764	68.8	
T	34.019287109	-118.237220764	68.8	
T	34.019294739	-118.237220764	68.8	
T	34.019302368	-118.237228394	68.8	
T	34.019309998	-118.237220764	68.8	
T	34.019313812	-118.237228394	68.8	
T	34.019302368	-118.237220764	68.8	
T	34.019306183	-118.237220764	68.8	
T	34.019309998	-118.237213135	68.8	
T	34.019313812	-118.237213135	68.8	
T	34.019317627	-118.237213135	68.8	
T	34.019321442	-118.237213135	68.8	
T	34.019309998	-118.237205505	68.8	
T	34.019306183	-118.237197876	68.8	
T	34.019309998	-118.237197876	68.8	
T	34.019321442	-118.237197876	68.8	
T	34.019321442	-118.237190247	68.8	
T	34.019321442	-118.237182617	68.8	
T	34.019317627	-118.237182617	68.8	
T	34.019325256	-118.237174988	68.8	
T	34.019306183	-118.237167358	68.8	
T	34.019290924	-118.237167358	68.8	
T	34.019287109	-118.237167358	68.8	
T	34.019287109	-118.237167358	68.8	
T	34.019287109	-118.237167358	68.8	
T	34.019210815	-118.237152100	68.7	
T	34.019207001	-118.237152100	68.7	
T	34.019207001	-118.237152100	68.7	
T	34.019207001	-118.237159729	68.7	
T	34.019214630	-118.237159729	68.7	
T	34.019218445	-118.237159729	68.7	
T	34.019226074	-118.237159729	68.7	
T	34.019226074	-118.237159729	68.7	
T	34.019210815	-118.237159729	68.7	
T	34.019207001	-118.237159729	68.7	
T	34.019207001	-118.237159729	68.7	
T	34.019203186	-118.237144470	68.7	
T	34.019187927	-118.237144470	68.7	
T	34.019187927	-118.237144470	68.7	
T	34.019184113	-118.237121582	68.7	
T	34.019187927	-118.237113953	68.7	
T	34.019187927	-118.237106323	68.7	
T	34.019187927	-118.237106323	68.7	
T	34.019161224	-118.237106323	68.7	
T	34.019165039	-118.237106323	68.7	
T	34.019165039	-118.237106323	68.7	
T	34.019126892	-118.237091064	68.7	
T	34.019126892	-118.237091064	68.7	
T	34.019123077	-118.237106323	68.7	
T	34.019126892	-118.237106323	68.7	
T	34.019130707	-118.237113953	68.7	
T	34.019130707	-118.237113953	68.7	
T	34.019130707	-118.237113953	68.7	
T	34.019119263	-118.237129211	68.7	
T	34.019123077	-118.237129211	68.7	
T	34.019123077	-118.237129211	68.7	
T	34.019088745	-118.237091064	68.6	
T	34.019084930	-118.237091064	68.6	
T	34.019081116	-118.237083435	68.6	
T	34.019073486	-118.237091064	68.6	
T	34.019073486	-118.237091064	68.6	
T	34.018985748	-118.237121582	68.6	
T	34.018981934	-118.237121582	68.6	
T	34.018978119	-118.237121582	68.6	
T	34.018970490	-118.237129211	68.5	
T	34.018970490	-118.237129211	68.5	
T	34.018951416	-118.237136841	68.5	
T	34.018951416	-118.237144470	68.5	
T	34.018951416	-118.237136841	68.5	
T	34.018955231	-118.237136841	68.5	
T	34.018959045	-118.237136841	68.5	
T	34.018959045	-118.237136841	68.5	
T	34.019050598	-118.237152100	68.6	
T	34.019054413	-118.237152100	68.6	
T	34.019054413	-118.237152100	68.6	
T	34.019054413	-118.237152100	68.6	
T	34.019077301	-118.237144470	68.6	
T	34.019081116	-118.237144470	68.6	
T	34.019084930	-118.237144470	68.6	
T	34.019081116	-118.237136841	68.6	
T	34.019081116	-118.237136841	68.6	
T	34.019092560	-118.237136841	68.6	
T	34.019096375	-118.237136841	68.6	
T	34.019100189	-118.237136841	68.7	
T	34.019100189	-118.237129211	68.7	
T	34.019104004	-118.237121582	68.7	
T	34.019107819	-118.237121582	68.7	
T	34.019107819	-118.237121582	68.7	
T	34.019107819	-118.237121582	68.7	
T	34.019104004	-118.237129211	68.7	
T	34.019100189	-118.237129211	68.7	
T	34.019096375	-118.237129211	68.6	
T	34.019096375	-118.237121582	68.6	
T	34.019081116	-118.237121582	68.6	
T	34.019081116	-118.237121582	68.6	
T	34.019107819	-118.237113953	68.7	
T	34.019104004	-118.237113953	68.7	
T	34.019100189	-118.237113953	68.7	
T	34.019092560	-118.237113953	68.6	
T	34.019088745	-118.237113953	68.6	
T	34.019081116	-118.237113953	68.6	
T	34.019077301	-118.237113953	68.6	
T	34.019073486	-118.237113953	68.6	
T	34.019069672	-118.237113953	68.6	
T	34.019065857	-118.237113953	68.6	
T	34.019062042	-118.237113953	68.6	
T	34.019058228	-118.237106323	68.6	
T	34.019054413	-118.237098694	68.6	
T	34.019054413	-118.237106323	68.6	
T	34.019054413	-118.237106323	68.6	
T	34.019054413	-118.237106323	68.6	
T	34.019042969	-118.237174988	68.6	
T	34.019039154	-118.237174988	68.6	
T	34.019035339	-118.237174988	68.6	
T	34.019035339	-118.237182617	68.6	
T	34.019031525	-118.237174988	68.6	
T	34.019035339	-118.237174988	68.6	
T	34.019027710	-118.237167358	68.6	
T	34.019031525	-118.237167358	68.6	
T	34.019046783	-118.237167358	68.6	
T	34.019062042	-118.237167358	68.6	
T	34.019104004	-118.237174988	68.7	
T	34.019107819	-118.237174988	68.7	
T	34.019104004	-118.237174988	68.7	
T	34.019096375	-118.237182617	68.6	
T	34.019092560	-118.237182617	68.6	
T	34.019088745	-118.237182617	68.6	
T	34.019077301	-118.237174988	68.6	
T	34.019069672	-118.237174988	68.6	
T	34.019062042	-118.237167358	68.6	
T	34.019058228	-118.237167358	68.6	
T	34.019058228	-118.237167358	68.6	
T	34.019012451	-118.237159729	68.6	
T	34.019008636	-118.237159729	68.6	
T	34.019012451	-118.237159729	68.6	
T	34.019016266	-118.237159729	68.6	
T	34.019012451	-118.237159729	68.6	
T	34.019016266	-118.237159729	68.6	
T	34.019016266	-118.237167358	68.6	
T	34.019020081	-118.237167358	68.6	
T	34.019020081	-118.237167358	68.6	
T	34.019012451	-118.237205505	68.6	
T	34.019004822	-118.237220764	68.6	
T	34.019001007	-118.237228394	68.6	
T	34.019004822	-118.237236023	68.6	
T	34.019031525	-118.237220764	68.6	
T	34.019046783	-118.237205505	68.6	
T	34.019054413	-118.237190247	68.6	
T	34.019065857	-118.237174988	68.6	
T	34.019077301	-118.237159729	68.6	
T	34.019077301	-118.237159729	68.6	
T	34.019058228	-118.237159729	68.6	
T	34.019062042	-118.237159729	68.6	
T	34.019058228	-118.237159729	68.6	
T	34.019069672	-118.237144470	68.6	
T	34.019069672	-118.237144470	68.6	
T	34.019042969	-118.237174988	68.6	
T	34.019039154	-118.237174988	68.6	
T	34.019031525	-118.237182617	68.6	
T	34.019039154	-118.237174988	68.6	
T	34.019069672	-118.237144470	68.6	
T	34.019084930	-118.237136841	68.6	
T	34.019104004	-118.237113953	68.7	
T	34.019104004	-118.237113953	68.7	
T	34.019077301	-118.237136841	68.6	
T	34.019073486	-118.237136841	68.6	
T	34.019073486	-118.237144470	68.6	
T	34.019073486	-118.237144470	68.6	
T	34.019073486	-118.237144470	68.6	
T	34.019149780	-118.237152100	68.7	
T	34.019157410	-118.237144470	68.7	
T	34.019165039	-118.237136841	68.7	
T	34.019172668	-118.237136841	68.7	
T	34.019176483	-118.237136841	68.7	
T	34.019187927	-118.237129211	68.7	
T	34.019191742	-118.237121582	68.7	
T	34.019191742	-118.237129211	68.7	
T	34.019180298	-118.237144470	68.7	
T	34.019180298	-118.237144470	68.7	
T	34.019161224	-118.237167358	68.7	
T	34.019165039	-118.237152100	68.7	
T	34.019168854	-118.237136841	68.7	
T	34.019180298	-118.237106323	68.7	
T	34.019180298	-118.237083435	68.7	
T	34.019172668	-118.237083435	68.7	
T	34.019172668	-118.237075806	68.7	
T	34.019165039	-118.237083435	68.7	
T	34.019161224	-118.237083435	68.7	
T	34.019153595	-118.237083435	68.7	
T	34.019149780	-118.237091064	68.7	
T	34.019149780	-118.237098694	68.7	
T	34.019145966	-118.237098694	68.7	
T	34.019142151	-118.237106323	68.7	
T	34.019138336	-118.237106323	68.7	
T	34.019145966	-118.237106323	68.7	
T	34.019149780	-118.237098694	68.7	
T	34.019149780	-118.237098694	68.7	
T	34.019100189	-118.237091064	68.7	
T	34.019092560	-118.237098694	68.6	
T	34.019084930	-118.237098694	68.6	
T	34.019077301	-118.237098694	68.6	
T	34.019073486	-118.237106323	68.6	
T	34.019065857	-118.237106323	68.6	
T	34.019065857	-118.237113953	68.6	
T	34.019062042	-118.237113953	68.6	
T	34.019058228	-118.237113953	68.6	
T	34.019058228	-118.237113953	68.6	
T	34.019046783	-118.237098694	68.6	
T	34.019042969	-118.237091064	68.6	
T	34.019039154	-118.237083435	68.6	
T	34.019035339	-118.237083435	68.6	
T	34.019031525	-118.237075806	68.6	
T	34.019035339	-118.237075806	68.6	
T	34.019035339	-118.237068176	68.6	
T	34.019035339	-118.237068176	68.6	
T	34.019069672	-118.237045288	68.6	
T	34.019073486	-118.237052917	68.6	
T	34.019073486	-118.237045288	68.6	
T	34.019062042	-118.237045288	68.6	
T	34.019073486	-118.237060547	68.6	
T	34.019073486	-118.237068176	68.6	
T	34.019077301	-118.237068176	68.6	
T	34.019065857	-118.237068176	68.6	
T	34.019073486	-118.237060547	68.6	
T	34.019073486	-118.237060547	68.6	
T	34.019050598	-118.237045288	68.6	
T	34.019046783	-118.237037659	68.6	
T	34.019050598	-118.237037659	68.6	
T	34.019046783	-118.237037659	68.6	
T	34.019046783	-118.237037659	68.6	
T	34.019046783	-118.237037659	68.6	
T	34.019023895	-118.237136841	68.6	
T	34.019031525	-118.237152100	68.6	
T	34.019031525	-118.237159729	68.6	
T	34.019039154	-118.237159729	68.6	
T	34.019042969	-118.237159729	68.6	
T	34.019042969	-118.237159729	68.6	
T	34.019042969	-118.237159729	68.6	
T	34.019046783	-118.237167358	68.6	
T	34.019046783	-118.237174988	68.6	
T	34.019046783	-118.237167358	68.6	
T	34.019039154	-118.237159729	68.6	
T	34.019031525	-118.237152100	68.6	
T	34.019023895	-118.237152100	68.6	
T	34.019020081	-118.237144470	68.6	
T	34.019012451	-118.237144470	68.6	
T	34.019004822	-118.237136841	68.6	
T	34.019001007	-118.237129211	68.6	
T	34.018997192	-118.237121582	68.6	
T	34.018993378	-118.237129211	68.6	
T	34.018989563	-118.237129211	68.6	
T	34.018974304	-118.237129211	68.5	
T	34.018978119	-118.237121582	68.6	
T	34.018978119	-118.237121582	68.6	
T	34.018989563	-118.237083435	68.6	
T	34.018985748	-118.237091064	68.6	
T	34.018981934	-118.237091064	68.6	
T	34.018978119	-118.237098694	68.5	
T	34.018974304	-118.237106323	68.5	
T	34.018966675	-118.237121582	68.5	
T	34.018966675	-118.237129211	68.5	
T	34.018962860	-118.237129211	68.5	
T	34.018966675	-118.237136841	68.5	
T	34.018962860	-118.237144470	68.5	
T	34.018966675	-118.237144470	68.5	
T	34.018966675	-118.237152100	68.5	
T	34.018966675	-118.237159729	68.5	
T	34.018966675	-118.237174988	68.5	
T	34.018974304	-118.237182617	68.6	
T	34.018989563	-118.237167358	68.6	
T	34.018997192	-118.237167358	68.6	
T	34.019004822	-118.237174988	68.6	
T	34.019016266	-118.237174988	68.6	
T	34.019031525	-118.237174988	68.6	
T	34.019046783	-118.237167358	68.6	
T	34.019065857	-118.237144470	68.6	
T	34.019069672	-118.237144470	68.6	
T	34.019073486	-118.237136841	68.6	
T	34.019077301	-118.237136841	68.6	
T	34.019077301	-118.237136841	68.6	
T	34.019077301	-118.237098694	68.6	
T	34.019077301	-118.237098694	68.6	
T	34.018997192	-118.237083435	68.6	
T	34.018993378	-118.237083435	68.6	
T	34.018985748	-118.237075806	68.6	
T	34.018978119	-118.237091064	68.5	
T	34.018978119	-118.237098694	68.5	
T	34.018970490	-118.237098694	68.5	
T	34.018966675	-118.237098694	68.5	
T	34.018962860	-118.237091064	68.5	
T	34.018955231	-118.237098694	68.5	
T	34.018947601	-118.237091064	68.5	
T	34.018943787	-118.237091064	68.5	
T	34.018939972	-118.237091064	68.5	
T	34.018939972	-118.237083435	68.5	
T	34.018939972	-118.237075806	68.5	
T	34.018943787	-118.237068176	68.5	
T	34.018939972	-118.237068176	68.5	
T	34.018939972	-118.237060547	68.5	
T	34.018939972	-118.237060547	68.5	
T	34.018970490	-118.237113953	68.5	
T	34.018970490	-118.237106323	68.5	
T	34.018966675	-118.237106323	68.5	
T	34.018966675	-118.237113953	68.5	
T	34.018959045	-118.237121582	68.5	
T	34.018947601	-118.237121582	68.5	
T	34.018943787	-118.237129211	68.5	
T	34.018943787	-118.237121582	68.5	
T	34.018943787	-118.237121582	68.5	
T	34.018943787	-118.237121582	68.5	
T	34.018939972	-118.237098694	68.5	
T	34.018936157	-118.237098694	68.5	
T	34.018936157	-118.237106323	68.5	
T	34.018932343	-118.237106323	68.5	
T	34.018936157	-118.237106323	68.5	
T	34.018936157	-118.237106323	68.5	
T	34.018936157	-118.237106323	68.5	
T	34.018890381	-118.237129211	68.5	
T	34.018894196	-118.237121582	68.5	
T	34.018894196	-118.237129211	68.5	
T	34.018894196	-118.237129211	68.5	
T	34.018898010	-118.237113953	68.5	
T	34.018894196	-118.237106323	68.5	
T	34.018890381	-118.237106323	68.5	
T	34.018890381	-118.237098694	68.5	
T	34.018890381	-118.237106323	68.5	
T	34.018894196	-118.237106323	68.5	
T	34.018901825	-118.237106323	68.5	
T	34.018913269	-118.237098694	68.5	
T	34.018917084	-118.237098694	68.5	
T	34.018920898	-118.237098694	68.5	
T	34.018924713	-118.237098694	68.5	
T	34.018924713	-118.237098694	68.5	
T	34.018947601	-118.237091064	68.5	
T	34.018951416	-118.237091064	68.5	
T	34.018951416	-118.237083435	68.5	
T	34.018966675	-118.237083435	68.5	
T	34.018970490	-118.237083435	68.5	
T	34.018974304	-118.237091064	68.5	
T	34.018978119	-118.237098694	68.5	
T	34.018993378	-118.237098694	68.6	
T	34.018997192	-118.237098694	68.6	
T	34.019001007	-118.237098694	68.6	
T	34.019004822	-118.237098694	68.6	
T	34.019001007	-118.237098694	68.6	
T	34.018997192	-118.237098694	68.6	
T	34.018997192	-118.237098694	68.6	
T	34.019023895	-118.237091064	68.6	
T	34.019027710	-118.237091064	68.6	
T	34.019031525	-118.237098694	68.6	
T	34.019035339	-118.237091064	68.6	
T	34.019046783	-118.237083435	68.6	
T	34.019050598	-118.237075806	68.6	
T	34.019054413	-118.237075806	68.6	
T	34.019058228	-118.237075806	68.6	
T	34.019062042	-118.237075806	68.6	
T	34.019058228	-118.237075806	68.6	
T	34.019058228	-118.237075806	68.6	
T	34.019073486	-118.237075806	68.6	
T	34.019081116	-118.237083435	68.6	
T	34.019084930	-118.237083435	68.6	
T	34.019088745	-118.237083435	68.6	
T	34.019092560	-118.237083435	68.6	
T	34.019100189	-118.237091064	68.7	
T	34.019104004	-118.237083435	68.7	
T	34.019104004	-118.237075806	68.7	
T	34.019100189	-118.237075806	68.7	
T	34.019096375	-118.237075806	68.6	
T	34.019104004	-118.237091064	68.7	
T	34.019107819	-118.237091064	68.7	
T	34.019107819	-118.237098694	68.7	
T	34.019111633	-118.237098694	68.7	
T	34.019111633	-118.237121582	68.7	
T	34.019111633	-118.237129211	68.7	
T	34.019100189	-118.237136841	68.7	
T	34.019092560	-118.237136841	68.6	
T	34.019096375	-118.237144470	68.6	
T	34.019096375	-118.237144470	68.6	
T	34.019107819	-118.237152100	68.7	
T	34.019111633	-118.237152100	68.7	
T	34.019111633	-118.237152100	68.7	
T	34.019084930	-118.237174988	68.6	
T	34.019073486	-118.237190247	68.6	
T	34.019054413	-118.237197876	68.6	
T	34.019042969	-118.237190247	68.6	
T	34.019046783	-118.237182617	68.6	
T	34.019046783	-118.237182617	68.6	
T	34.019001007	-118.237213135	68.6	
T	34.018993378	-118.237220764	68.6	
T	34.018993378	-118.237228394	68.6	
T	34.018985748	-118.237228394	68.6	
T	34.018981934	-118.237228394	68.6	
T	34.018974304	-118.237228394	68.6	
T	34.018978119	-118.237228394	68.6	
T	34.018978119	-118.237228394	68.6	
T	34.018993378	-118.237220764	68.6	
T	34.018981934	-118.237220764	68.6	
T	34.018970490	-118.237213135	68.6	
T	34.018978119	-118.237228394	68.6	
T	34.018978119	-118.237220764	68.6	
T	34.018978119	-118.237220764	68.6	
T	34.018989563	-118.237190247	68.6	
T	34.018993378	-118.237190247	68.6	
T	34.018997192	-118.237190247	68.6	
T	34.019004822	-118.237190247	68.6	
T	34.019004822	-118.237190247	68.6	
T	34.019004822	-118.237190247	68.6	
T	34.018981934	-118.237228394	68.6	
T	34.018978119	-118.237228394	68.6	
T	34.018981934	-118.237228394	68.6	
T	34.018978119	-118.237228394	68.6	
T	34.018978119	-118.237228394	68.6	
T	34.018997192	-118.237167358	68.6	
T	34.018997192	-118.237159729	68.6	
T	34.018993378	-118.237159729	68.6	
T	34.019004822	-118.237159729	68.6	
T	34.019001007	-118.237159729	68.6	
T	34.019004822	-118.237152100	68.6	
T	34.019012451	-118.237152100	68.6	
T	34.019012451	-118.237152100	68.6	
T	34.019012451	-118.237152100	68.6	
T	34.019008636	-118.237159729	68.6	
T	34.019004822	-118.237159729	68.6	
T	34.019004822	-118.237159729	68.6	
T	34.019004822	-118.237159729	68.6	
T	34.019035339	-118.237174988	68.6	
T	34.019039154	-118.237167358	68.6	
T	34.019042969	-118.237159729	68.6	
T	34.019046783	-118.237159729	68.6	
T	34.019035339	-118.237174988	68.6	
T	34.019035339	-118.237167358	68.6	
T	34.019042969	-118.237159729	68.6	
T	34.019046783	-118.237159729	68.6	
T	34.019054413	-118.237159729	68.6	
T	34.019054413	-118.237159729	68.6	
T	34.019081116	-118.237152100	68.6	
T	34.019081116	-118.237159729	68.6	
T	34.019084930	-118.237159729	68.6	
T	34.019084930	-118.237159729	68.6	
T	34.019084930	-118.237159729	68.6	
T	34.019107819	-118.237167358	68.7	
T	34.019111633	-118.237167358	68.7	
T	34.019123077	-118.237182617	68.7	
T	34.019126892	-118.237182617	68.7	
T	34.019126892	-118.237190247	68.7	
T	34.019107819	-118.237174988	68.7	
T	34.019107819	-118.237182617	68.7	
T	34.019104004	-118.237182617	68.7	
T	34.019107819	-118.237182617	68.7	
T	34.019107819	-118.237182617	68.7	
T	34.019107819	-118.237182617	68.7	
T	34.019100189	-118.237136841	68.7	
T	34.019104004	-118.237136841	68.7	
T	34.019107819	-118.237136841	68.7	
T	34.019111633	-118.237136841	68.7	
T	34.019123077	-118.237152100	68.7	
T	34.019119263	-118.237152100	68.7	
T	34.019115448	-118.237159729	68.7	
T	34.019100189	-118.237152100	68.7	
T	34.019096375	-118.237152100	68.6	
T	34.019092560	-118.237152100	68.6	
T	34.019096375	-118.237152100	68.6	
T	34.019096375	-118.237152100	68.6	
T	34.019088745	-118.237144470	68.6	
T	34.019084930	-118.237144470	68.6	
T	34.019081116	-118.237144470	68.6	
T	34.019081116	-118.237136841	68.6	
T	34.019077301	-118.237136841	68.6	
T	34.019065857	-118.237136841	68.6	
T	34.019062042	-118.237144470	68.6	
T	34.019058228	-118.237144470	68.6	
T	34.019050598	-118.237144470	68.6	
T	34.019046783	-118.237144470	68.6	
T	34.019054413	-118.237136841	68.6	
T	34.019058228	-118.237144470	68.6	
T	34.019062042	-118.237152100	68.6	
T	34.019058228	-118.237152100	68.6	
T	34.019058228	-118.237152100	68.6	
T	34.019062042	-118.237152100	68.6	
T	34.019058228	-118.237152100	68.6	
T	34.019058228	-118.237144470	68.6	
T	34.019054413	-118.237144470	68.6	
T	34.019058228	-118.237144470	68.6	
T	34.019062042	-118.237144470	68.6	
T	34.019058228	-118.237136841	68.6	
T	34.019058228	-118.237144470	68.6	
T	34.019058228	-118.237152100	68.6	
T	34.019058228	-118.237159729	68.6	
T	34.019062042	-118.237159729	68.6	
T	34.019065857	-118.237167358	68.6	
T	34.019065857	-118.237167358	68.6	
T	34.019065857	-118.237167358	68.6	
T	34.019042969	-118.237167358	68.6	
T	34.019042969	-118.237174988	68.6	
T	34.019046783	-118.237174988	68.6	
T	34.019050598	-118.237174988	68.6	
T	34.019058228	-118.237174988	68.6	
T	34.019062042	-118.237174988	68.6	
T	34.019065857	-118.237174988	68.6	
T	34.019069672	-118.237174988	68.6	
T	34.019073486	-118.237174988	68.6	
T	34.019077301	-118.237174988	68.6	
T	34.019077301	-118.237174988	68.6	
T	34.019100189	-118.237159729	68.7	
T	34.019096375	-118.237167358	68.6	
T	34.019092560	-118.237167358	68.6	
T	34.019092560	-118.237159729	68.6	
T	34.019092560	-118.237159729	68.6	
T	34.019092560	-118.237159729	68.6	
T	34.019020081	-118.237220764	68.6	
T	34.019016266	-118.237220764	68.6	
T	34.019012451	-118.237228394	68.6	
T	34.019016266	-118.237236023	68.6	
T	34.019020081	-118.237243652	68.6	
T	34.019020081	-118.237251282	68.6	
T	34.019020081	-118.237258911	68.6	
T	34.019020081	-118.237258911	68.6	
T	34.019039154	-118.237289429	68.6	
T	34.019042969	-118.237297058	68.6	
T	34.019046783	-118.237304688	68.6	
T	34.019050598	-118.237304688	68.6	
T	34.019054413	-118.237304688	68.6	
T	34.019054413	-118.237297058	68.6	
T	34.019058228	-118.237297058	68.6	
T	34.019058228	-118.237289429	68.6	
T	34.019058228	-118.237289429	68.6	
T	34.019054413	-118.237266541	68.6	
T	34.019050598	-118.237266541	68.6	
T	34.019046783	-118.237258911	68.6	
T	34.019042969	-118.237258911	68.6	
T	34.019039154	-118.237258911	68.6	
T	34.019031525	-118.237251282	68.6	
T	34.019027710	-118.237251282	68.6	
T	34.019023895	-118.237251282	68.6	
T	34.019027710	-118.237251282	68.6	
T	34.019027710	-118.237251282	68.6	
T	34.019035339	-118.237266541	68.6	
T	34.019039154	-118.237258911	68.6	
T	34.019046783	-118.237258911	68.6	
T	34.019054413	-118.237251282	68.6	
T	34.019054413	-118.237251282	68.6	
T	34.019054413	-118.237251282	68.6	
T	34.019104004	-118.237167358	68.7	
T	34.019107819	-118.237159729	68.7	
T	34.019111633	-118.237152100	68.7	
T	34.019111633	-118.237159729	68.7	
T	34.019107819	-118.237159729	68.7	
T	34.019111633	-118.237159729	68.7	
T	34.019119263	-118.237159729	68.7	
T	34.019119263	-118.237159729	68.7	
T	34.019145966	-118.237129211	68.7	
T	34.019138336	-118.237136841	68.7	
T	34.019130707	-118.237136841	68.7	
T	34.019130707	-118.237136841	68.7	
T	34.019096375	-118.237144470	68.6	
T	34.019092560	-118.237152100	68.6	
T	34.019088745	-118.237152100	68.6	
T	34.019092560	-118.237152100	68.6	
T	34.019065857	-118.237167358	68.6	
T	34.019062042	-118.237174988	68.6	
T	34.019058228	-118.237182617	68.6	
T	34.019058228	-118.237190247	68.6	
T	34.019035339	-118.237182617	68.6	
T	34.019031525	-118.237182617	68.6	
T	34.019027710	-118.237182617	68.6	
T	34.019027710	-118.237182617	68.6	
T	34.019035339	-118.237152100	68.6	
T	34.019039154	-118.237144470	68.6	
T	34.019039154	-118.237144470	68.6	
T	34.019035339	-118.237159729	68.6	
T	34.019031525	-118.237167358	68.6	
T	34.019035339	-118.237174988	68.6	
T	34.019035339	-118.237174988	68.6	
T	34.019035339	-118.237174988	68.6	
T	34.019020081	-118.237159729	68.6	
T	34.019008636	-118.237159729	68.6	
T	34.019004822	-118.237167358	68.6	
T	34.019004822	-118.237174988	68.6	
T	34.019008636	-118.237174988	68.6	
T	34.019008636	-118.237174988	68.6	
T	34.019069672	-118.237159729	68.6	
T	34.019073486	-118.237159729	68.6	
T	34.019081116	-118.237159729	68.6	
T	34.019084930	-118.237159729	68.6	
T	34.019084930	-118.237167358	68.6	
T	34.019088745	-118.237159729	68.6	
T	34.019092560	-118.237152100	68.6	
T	34.019096375	-118.237152100	68.6	
T	34.019092560	-118.237152100	68.6	
T	34.019100189	-118.237152100	68.7	
T	34.019104004	-118.237144470	68.7	
T	34.019100189	-118.237144470	68.7	
T	34.019100189	-118.237144470	68.7	
T	34.019100189	-118.237144470	68.7	
T	34.019119263	-118.237113953	68.7	
T	34.019123077	-118.237113953	68.7	
T	34.019126892	-118.237106323	68.7	
T	34.019130707	-118.237106323	68.7	
T	34.019134521	-118.237098694	68.7	
T	34.019138336	-118.237091064	68.7	
T	34.019142151	-118.237091064	68.7	
T	34.019142151	-118.237098694	68.7	
T	34.019142151	-118.237091064	68.7	
T	34.019149780	-118.237083435	68.7	
T	34.019153595	-118.237083435	68.7	
T	34.019161224	-118.237075806	68.7	
T	34.019165039	-118.237068176	68.7	
T	34.019168854	-118.237068176	68.7	
T	34.019172668	-118.237060547	68.7	
T	34.019176483	-118.237060547	68.7	
T	34.019180298	-118.237052917	68.7	
T	34.019176483	-118.237052917	68.7	
T	34.019176483	-118.237045288	68.7	
T	34.019176483	-118.237052917	68.7	
T	34.019180298	-118.237052917	68.7	
T	34.019187927	-118.237052917	68.7	
T	34.019184113	-118.237052917	68.7	
T	34.019180298	-118.237052917	68.7	
T	34.019176483	-118.237052917	68.7	
T	34.019176483	-118.237060547	68.7	
T	34.019176483	-118.237052917	68.7	
T	34.019176483	-118.237052917	68.7	
T	34.019168854	-118.237060547	68.7	
T	34.019165039	-118.237068176	68.7	
T	34.019165039	-118.237060547	68.7	
T	34.019168854	-118.237060547	68.7	
T	34.019165039	-118.237075806	68.7	
T	34.019157410	-118.237091064	68.7	
T	34.019149780	-118.237106323	68.7	
T	34.019145966	-118.237121582	68.7	
T	34.019138336	-118.237113953	68.7	
T	34.019126892	-118.237121582	68.7	
T	34.019123077	-118.237136841	68.7	
T	34.019115448	-118.237144470	68.7	
T	34.019115448	-118.237144470	68.7	
T	34.019115448	-118.237144470	68.7	
T	34.019100189	-118.237121582	68.7	
T	34.019092560	-118.237129211	68.6	
T	34.019096375	-118.237121582	68.6	
T	34.019100189	-118.237129211	68.7	
T	34.019107819	-118.237121582	68.7	
T	34.019111633	-118.237121582	68.7	
T	34.019119263	-118.237121582	68.7	
T	34.019123077	-118.237113953	68.7	
T	34.019115448	-118.237113953	68.7	
T	34.019119263	-118.237106323	68.7	
T	34.019115448	-118.237113953	68.7	
T	34.019111633	-118.237113953	68.7	
T	34.019111633	-118.237106323	68.7	
T	34.019104004	-118.237106323	68.7	
T	34.019100189	-118.237113953	68.7	
T	34.019100189	-118.237121582	68.7	
T	34.019092560	-118.237121582	68.6	
T	34.019088745	-118.237121582	68.6	
T	34.019084930	-118.237121582	68.6	
T	34.019081116	-118.237121582	68.6	
T	34.019077301	-118.237121582	68.6	
T	34.019077301	-118.237113953	68.6	
T	34.019077301	-118.237113953	68.6	
T	34.019104004	-118.237121582	68.7	
T	34.019107819	-118.237121582	68.7	
T	34.019111633	-118.237121582	68.7	
T	34.019111633	-118.237113953	68.7	
T	34.019111633	-118.237113953	68.7	
T	34.019111633	-118.237113953	68.7	
T	34.019058228	-118.237205505	68.6	
T	34.019050598	-118.237205505	68.6	
T	34.019046783	-118.237213135	68.6	
T	34.019039154	-118.237220764	68.6	
T	34.019035339	-118.237228394	68.6	
T	34.019031525	-118.237228394	68.6	
T	34.019031525	-118.237220764	68.6	
T	34.019027710	-118.237220764	68.6	
T	34.019027710	-118.237220764	68.6	
T	34.019020081	-118.237220764	68.6	
T	34.019020081	-118.237213135	68.6	
T	34.019016266	-118.237213135	68.6	
T	34.019020081	-118.237205505	68.6	
T	34.019023895	-118.237197876	68.6	
T	34.019027710	-118.237190247	68.6	
T	34.019031525	-118.237190247	68.6	
T	34.019031525	-118.237182617	68.6	
T	34.019035339	-118.237182617	68.6	
T	34.019031525	-118.237182617	68.6	
T	34.019031525	-118.237182617	68.6	
T	34.019027710	-118.237258911	68.6	
T	34.019031525	-118.237266541	68.6	
T	34.019027710	-118.237266541	68.6	
T	34.019023895	-118.237266541	68.6	
T	34.019020081	-118.237266541	68.6	
T	34.019020081	-118.237274170	68.6	
T	34.019023895	-118.237274170	68.6	
T	34.019031525	-118.237281799	68.6	
T	34.019035339	-118.237281799	68.6	
T	34.019039154	-118.237281799	68.6	
T	34.019042969	-118.237281799	68.6	
T	34.019050598	-118.237289429	68.6	
T	34.019050598	-118.237281799	68.6	
T	34.019046783	-118.237274170	68.6	
T	34.019042969	-118.237289429	68.6	
T	34.019046783	-118.237289429	68.6	
T	34.019046783	-118.237297058	68.6	
T	34.019042969	-118.237297058	68.6	
T	34.019042969	-118.237304688	68.6	
T	34.019039154	-118.237304688	68.6	
T	34.019042969	-118.237304688	68.6	
T	34.019042969	-118.237304688	68.6	
T	34.019031525	-118.237327576	68.6	
T	34.019035339	-118.237335205	68.6	
T	34.019039154	-118.237335205	68.6	
T	34.019042969	-118.237327576	68.6	
T	34.019065857	-118.237319946	68.6	
T	34.019073486	-118.237319946	68.6	
T	34.019069672	-118.237319946	68.6	
T	34.019069672	-118.237312317	68.6	
T	34.019073486	-118.237312317	68.6	
T	34.019077301	-118.237304688	68.6	
T	34.019073486	-118.237297058	68.6	
T	34.019073486	-118.237281799	68.6	
T	34.019084930	-118.237228394	68.6	
T	34.019092560	-118.237220764	68.6	
T	34.019100189	-118.237205505	68.7	
T	34.019104004	-118.237197876	68.7	
T	34.019107819	-118.237197876	68.7	
T	34.019115448	-118.237174988	68.7	
T	34.019119263	-118.237167358	68.7	
T	34.019119263	-118.237159729	68.7	
T	34.019119263	-118.237167358	68.7	
T	34.019134521	-118.237136841	68.7	
T	34.019145966	-118.237113953	68.7	
T	34.019153595	-118.237106323	68.7	
T	34.019157410	-118.237106323	68.7	
T	34.019157410	-118.237098694	68.7	
T	34.019161224	-118.237091064	68.7	
T	34.019157410	-118.237091064	68.7	
T	34.019157410	-118.237098694	68.7	
T	34.019153595	-118.237106323	68.7	
T	34.019145966	-118.237106323	68.7	
T	34.019138336	-118.237106323	68.7	
T	34.019123077	-118.237121582	68.7	
T	34.019111633	-118.237136841	68.7	
T	34.019100189	-118.237159729	68.7	
T	34.019088745	-118.237190247	68.6	
T	34.019084930	-118.237190247	68.6	
T	34.019088745	-118.237197876	68.6	
T	34.019088745	-118.237205505	68.6	
T	34.019092560	-118.237213135	68.6	
T	34.019096375	-118.237213135	68.6	
T	34.019107819	-118.237205505	68.7	
T	34.019096375	-118.237228394	68.6	
T	34.019088745	-118.237243652	68.6	
T	34.019084930	-118.237258911	68.6	
T	34.019092560	-118.237251282	68.6	
T	34.019100189	-118.237243652	68.7	
T	34.019104004	-118.237251282	68.7	
T	34.019111633	-118.237243652	68.7	
T	34.019111633	-118.237251282	68.7	
T	34.019107819	-118.237251282	68.7	
T	34.019111633	-118.237243652	68.7	
T	34.019119263	-118.237243652	68.7	
T	34.019123077	-118.237243652	68.7	
T	34.019123077	-118.237251282	68.7	
T	34.019126892	-118.237251282	68.7	
T	34.019130707	-118.237243652	68.7	
T	34.019161224	-118.237205505	68.7	
T	34.019165039	-118.237197876	68.7	
T	34.019176483	-118.237182617	68.7	
T	34.019184113	-118.237167358	68.7	
T	34.019195557	-118.237144470	68.7	
T	34.019199371	-118.237129211	68.7	
T	34.019203186	-118.237113953	68.7	
T	34.019199371	-118.237098694	68.7	
T	34.019187927	-118.237121582	68.7	
T	34.019187927	-118.237113953	68.7	
T	34.019187927	-118.237106323	68.7	
T	34.019184113	-118.237091064	68.7	
T	34.019191742	-118.237098694	68.7	
T	34.019195557	-118.237113953	68.7	
T	34.019199371	-118.237121582	68.7	
T	34.019207001	-118.237121582	68.7	
T	34.019207001	-118.237129211	68.7	
T	34.019195557	-118.237129211	68.7	
T	34.019180298	-118.237136841	68.7	
T	34.019180298	-118.237136841	68.7	
T	34.019180298	-118.237136841	68.7	
T	34.019153595	-118.237106323	68.7	
T	34.019145966	-118.237098694	68.7	
T	34.019138336	-118.237098694	68.7	
T	34.019138336	-118.237091064	68.7	
T	34.019142151	-118.237091064	68.7	
T	34.019142151	-118.237083435	68.7	
T	34.019138336	-118.237091064	68.7	
T	34.019138336	-118.237106323	68.7	
T	34.019134521	-118.237106323	68.7	
T	34.019134521	-118.237106323	68.7	
T	34.019081116	-118.237106323	68.6	
T	34.019081116	-118.237113953	68.6	
T	34.019073486	-118.237113953	68.6	
T	34.019069672	-118.237121582	68.6	
T	34.019065857	-118.237121582	68.6	
T	34.019062042	-118.237121582	68.6	
T	34.019062042	-118.237121582	68.6	
T	34.019073486	-118.237106323	68.6	
T	34.019077301	-118.237113953	68.6	
T	34.019081116	-118.237113953	68.6	
T	34.019084930	-118.237113953	68.6	
T	34.019088745	-118.237121582	68.6	
T	34.019092560	-118.237129211	68.6	
T	34.019096375	-118.237144470	68.6	
T	34.019100189	-118.237152100	68.7	
T	34.019107819	-118.237159729	68.7	
T	34.019111633	-118.237167358	68.7	
T	34.019119263	-118.237167358	68.7	
T	34.019123077	-118.237174988	68.7	
T	34.019126892	-118.237182617	68.7	
T	34.019134521	-118.237190247	68.7	
T	34.019138336	-118.237190247	68.7	
T	34.019145966	-118.237182617	68.7	
T	34.019149780	-118.237182617	68.7	
T	34.019149780	-118.237174988	68.7	
T	34.019138336	-118.237167358	68.7	
T	34.019126892	-118.237159729	68.7	
T	34.019119263	-118.237136841	68.7	
T	34.019115448	-118.237136841	68.7	
T	34.019100189	-118.237136841	68.7	
T	34.019096375	-118.237136841	68.6	
T	34.019088745	-118.237136841	68.6	
T	34.019069672	-118.237152100	68.6	
T	34.019062042	-118.237152100	68.6	
T	34.019062042	-118.237144470	68.6	
T	34.019062042	-118.237136841	68.6	
T	34.019065857	-118.237129211	68.6	
T	34.019065857	-118.237136841	68.6	
T	34.019065857	-118.237136841	68.6	
T	34.019062042	-118.237136841	68.6	
T	34.019062042	-118.237129211	68.6	
T	34.019069672	-118.237113953	68.6	
T	34.019081116	-118.237098694	68.6	
T	34.019084930	-118.237098694	68.6	
T	34.019084930	-118.237091064	68.6	
T	34.019088745	-118.237083435	68.6	
T	34.019092560	-118.237083435	68.6	
T	34.019081116	-118.237091064	68.6	
T	34.019069672	-118.237106323	68.6	
T	34.019062042	-118.237113953	68.6	
T	34.019058228	-118.237121582	68.6	
T	34.019054413	-118.237129211	68.6	
T	34.019054413	-118.237144470	68.6	
T	34.019054413	-118.237152100	68.6	
T	34.019054413	-118.237167358	68.6	
T	34.019054413	-118.237174988	68.6	
T	34.019058228	-118.237190247	68.6	
T	34.019058228	-118.237197876	68.6	
T	34.019065857	-118.237213135	68.6	
T	34.019069672	-118.237220764	68.6	
T	34.019077301	-118.237236023	68.6	
T	34.019081116	-118.237251282	68.6	
T	34.019084930	-118.237258911	68.6	
T	34.019088745	-118.237266541	68.6	
T	34.019088745	-118.237274170	68.6	
T	34.019088745	-118.237281799	68.6	
T	34.019092560	-118.237289429	68.6	
T	34.019092560	-118.237297058	68.6	
T	34.019096375	-118.237304688	68.6	
T	34.019100189	-118.237319946	68.7	
T	34.019100189	-118.237327576	68.7	
T	34.019100189	-118.237342834	68.7	
T	34.019104004	-118.237350464	68.7	
T	34.019104004	-118.237358093	68.7	
T	34.019104004	-118.237365723	68.7	
T	34.019107819	-118.237373352	68.7	
T	34.019111633	-118.237388611	68.7	
T	34.019107819	-118.237396240	68.7	
T	34.019107819	-118.237403870	68.7	
T	34.019111633	-118.237403870	68.7	
T	34.019115448	-118.237403870	68.7	
T	34.019111633	-118.237411499	68.7	
T	34.019119263	-118.237419128	68.7	
T	34.019119263	-118.237434387	68.7	
T	34.019119263	-118.237449646	68.7	
T	34.019119263	-118.237464905	68.7	
T	34.019119263	-118.237480164	68.7	
T	34.019111633	-118.237480164	68.7	
T	34.019104004	-118.237480164	68.7	
T	34.019096375	-118.237480164	68.7	
T	34.019084930	-118.237472534	68.7	
T	34.019081116	-118.237464905	68.7	
T	34.019069672	-118.237457275	68.7	
T	34.019062042	-118.237457275	68.7	
T	34.019058228	-118.237457275	68.7	
T	34.019054413	-118.237442017	68.6	
T	34.019046783	-118.237434387	68.6	
T	34.019042969	-118.237426758	68.6	
T	34.019035339	-118.237419128	68.6	
T	34.019027710	-118.237411499	68.6	
T	34.019027710	-118.237403870	68.6	
T	34.019027710	-118.237411499	68.6	
T	34.019027710	-118.237403870	68.6	
T	34.019027710	-118.237396240	68.6	
T	34.019027710	-118.237380981	68.6	
T	34.019031525	-118.237373352	68.6	
T	34.019035339	-118.237365723	68.6	
T	34.019035339	-118.237358093	68.6	
T	34.019035339	-118.237350464	68.6	
T	34.019039154	-118.237342834	68.6	
T	34.019035339	-118.237335205	68.6	
T	34.019039154	-118.237327576	68.6	
T	34.019042969	-118.237319946	68.6	
T	34.019042969	-118.237312317	68.6	
T	34.019042969	-118.237297058	68.6	
T	34.019042969	-118.237289429	68.6	
T	34.019042969	-118.237266541	68.6	
T	34.019039154	-118.237258911	68.6	
T	34.019039154	-118.237251282	68.6	
T	34.019039154	-118.237243652	68.6	
T	34.019035339	-118.237236023	68.6	
T	34.019035339	-118.237228394	68.6	
T	34.019039154	-118.237228394	68.6	
T	34.019058228	-118.237228394	68.6	
T	34.019062042	-118.237236023	68.6	
T	34.019065857	-118.237236023	68.6	
T	34.019073486	-118.237243652	68.6	
T	34.019077301	-118.237243652	68.6	
T	34.019073486	-118.237251282	68.6	
T	34.019065857	-118.237251282	68.6	
T	34.019062042	-118.237251282	68.6	
T	34.019062042	-118.237251282	68.6	
T	34.019031525	-118.237220764	68.6	
T	34.019023895	-118.237220764	68.6	
T	34.019020081	-118.237220764	68.6	
T	34.019012451	-118.237213135	68.6	
T	34.019008636	-118.237213135	68.6	
T	34.019004822	-118.237205505	68.6	
T	34.019001007	-118.237197876	68.6	
T	34.018997192	-118.237197876	68.6	
T	34.018993378	-118.237190247	68.6	
T	34.018989563	-118.237182617	68.6	
T	34.018985748	-118.237182617	68.6	
T	34.018978119	-118.237182617	68.6	
T	34.018974304	-118.237190247	68.6	
T	34.018970490	-118.237190247	68.6	
T	34.018966675	-118.237182617	68.5	
T	34.018962860	-118.237182617	68.5	
T	34.018955231	-118.237174988	68.5	
T	34.018951416	-118.237174988	68.5	
T	34.018947601	-118.237174988	68.5	
T	34.018943787	-118.237174988	68.5	
T	34.018943787	-118.237167358	68.5	
T	34.018947601	-118.237159729	68.5	
T	34.018955231	-118.237152100	68.5	
T	34.018955231	-118.237144470	68.5	
T	34.018951416	-118.237144470	68.5	
T	34.018947601	-118.237144470	68.5	
T	34.018951416	-118.237136841	68.5	
T	34.018947601	-118.237136841	68.5	
T	34.018955231	-118.237121582	68.5	
T	34.018962860	-118.237113953	68.5	
T	34.018966675	-118.237106323	68.5	
T	34.018970490	-118.237113953	68.5	
T	34.018978119	-118.237113953	68.5	
T	34.018981934	-118.237121582	68.6	
T	34.018993378	-118.237129211	68.6	
T	34.018997192	-118.237136841	68.6	
T	34.019001007	-118.237144470	68.6	
T	34.019004822	-118.237152100	68.6	
T	34.019004822	-118.237159729	68.6	
T	34.018997192	-118.237159729	68.6	
T	34.018985748	-118.237167358	68.6	
T	34.018978119	-118.237174988	68.6	
T	34.018974304	-118.237174988	68.6	
T	34.018970490	-118.237174988	68.6	
T	34.018981934	-118.237190247	68.6	
T	34.018985748	-118.237190247	68.6	
T	34.018981934	-118.237197876	68.6	
T	34.018985748	-118.237197876	68.6	
T	34.018989563	-118.237197876	68.6	
T	34.018993378	-118.237190247	68.6	
T	34.018997192	-118.237190247	68.6	
T	34.018989563	-118.237220764	68.6	
T	34.018985748	-118.237220764	68.6	
T	34.018978119	-118.237220764	68.6	
T	34.018974304	-118.237220764	68.6	
T	34.018970490	-118.237213135	68.6	
T	34.018966675	-118.237213135	68.6	
T	34.018959045	-118.237213135	68.5	
T	34.018970490	-118.237213135	68.6	
T	34.018970490	-118.237220764	68.6	
T	34.018966675	-118.237220764	68.6	
T	34.018966675	-118.237228394	68.6	
T	34.018962860	-118.237220764	68.6	
T	34.018962860	-118.237228394	68.6	
T	34.018966675	-118.237236023	68.6	
T	34.018962860	-118.237251282	68.6	
T	34.018966675	-118.237243652	68.6	
T	34.018966675	-118.237236023	68.6	
T	34.018966675	-118.237228394	68.6	
T	34.018966675	-118.237236023	68.6	
T	34.018970490	-118.237236023	68.6	
T	34.018947601	-118.237243652	68.5	
T	34.018943787	-118.237243652	68.5	
T	34.018943787	-118.237243652	68.5	
T	34.018943787	-118.237243652	68.5	
T	34.018981934	-118.237190247	68.6	
T	34.018978119	-118.237190247	68.6	
T	34.018974304	-118.237190247	68.6	
T	34.018970490	-118.237190247	68.6	
T	34.018970490	-118.237190247	68.6	
T	34.018985748	-118.237228394	68.6	
T	34.018989563	-118.237228394	68.6	
T	34.018993378	-118.237236023	68.6	
T	34.018993378	-118.237236023	68.6	
T	34.018993378	-118.237243652	68.6	
T	34.018989563	-118.237243652	68.6	
T	34.018993378	-118.237243652	68.6	
T	34.018993378	-118.237251282	68.6	
T	34.018997192	-118.237251282	68.6	
T	34.019001007	-118.237251282	68.6	
T	34.019001007	-118.237251282	68.6	
T	34.019031525	-118.237243652	68.6	
T	34.019031525	-118.237236023	68.6	
T	34.019035339	-118.237236023	68.6	
T	34.019035339	-118.237236023	68.6	
T	34.019081116	-118.237190247	68.6	
T	34.019084930	-118.237190247	68.6	
T	34.019088745	-118.237190247	68.6	
T	34.019096375	-118.237182617	68.6	
T	34.019100189	-118.237182617	68.7	
T	34.019107819	-118.237182617	68.7	
T	34.019111633	-118.237190247	68.7	
T	34.019115448	-118.237190247	68.7	
T	34.019115448	-118.237190247	68.7	
T	34.019115448	-118.237190247	68.7	
T	34.019126892	-118.237182617	68.7	
T	34.019126892	-118.237174988	68.7	
T	34.019138336	-118.237152100	68.7	
T	34.019142151	-118.237152100	68.7	
T	34.019142151	-118.237159729	68.7	
T	34.019176483	-118.237129211	68.7	
T	34.019180298	-118.237121582	68.7	
T	34.019191742	-118.237121582	68.7	
T	34.019195557	-118.237121582	68.7	
T	34.019195557	-118.237129211	68.7	
T	34.019191742	-118.237144470	68.7	
T	34.019195557	-118.237152100	68.7	
T	34.019195557	-118.237159729	68.7	
T	34.019195557	-118.237167358	68.7	
T	34.019199371	-118.237174988	68.7	
T	34.019195557	-118.237174988	68.7	
T	34.019203186	-118.237197876	68.7	
T	34.019203186	-118.237205505	68.7	
T	34.019199371	-118.237197876	68.7	
T	34.019203186	-118.237190247	68.7	
T	34.019195557	-118.237190247	68.7	
T	34.019191742	-118.237190247	68.7	
T	34.019195557	-118.237197876	68.7	
T	34.019195557	-118.237205505	68.7	
T	34.019199371	-118.237213135	68.7	
T	34.019195557	-118.237197876	68.7	
T	34.019195557	-118.237197876	68.7	
T	34.019195557	-118.237197876	68.7	
T	34.019104004	-118.237167358	68.7	
T	34.019100189	-118.237167358	68.7	
T	34.019096375	-118.237159729	68.6	
T	34.019088745	-118.237144470	68.6	
T	34.019084930	-118.237136841	68.6	
T	34.019084930	-118.237129211	68.6	
T	34.019081116	-118.237136841	68.6	
T	34.019073486	-118.237136841	68.6	
T	34.019073486	-118.237129211	68.6	
T	34.019073486	-118.237121582	68.6	
T	34.019073486	-118.237113953	68.6	
T	34.019073486	-118.237121582	68.6	
T	34.019069672	-118.237121582	68.6	
T	34.019069672	-118.237121582	68.6	
T	34.019073486	-118.237144470	68.6	
T	34.019077301	-118.237144470	68.6	
T	34.019073486	-118.237144470	68.6	
T	34.019073486	-118.237144470	68.6	
T	34.019100189	-118.237091064	68.7	
T	34.019107819	-118.237083435	68.7	
T	34.019111633	-118.237083435	68.7	
T	34.019104004	-118.237106323	68.7	
T	34.019100189	-118.237098694	68.7	
T	34.019104004	-118.237098694	68.7	
T	34.019107819	-118.237098694	68.7	
T	34.019107819	-118.237106323	68.7	
T	34.019111633	-118.237106323	68.7	
T	34.019119263	-118.237098694	68.7	
T	34.019123077	-118.237098694	68.7	
T	34.019126892	-118.237091064	68.7	
T	34.019123077	-118.237098694	68.7	
T	34.019119263	-118.237098694	68.7	
T	34.019115448	-118.237098694	68.7	
T	34.019111633	-118.237098694	68.7	
T	34.019107819	-118.237098694	68.7	
T	34.019107819	-118.237098694	68.7	
T	34.019111633	-118.237068176	68.7	
T	34.019115448	-118.237060547	68.7	
T	34.019119263	-118.237052917	68.7	
T	34.019123077	-118.237045288	68.7	
T	34.019123077	-118.237045288	68.7	
T	34.019134521	-118.236991882	68.7	
T	34.019138336	-118.236976624	68.7	
T	34.019142151	-118.236976624	68.7	
T	34.019145966	-118.236976624	68.7	
T	34.019123077	-118.237037659	68.7	
T	34.019100189	-118.237075806	68.7	
T	34.019069672	-118.237144470	68.6	
T	34.019058228	-118.237159729	68.6	
T	34.019058228	-118.237167358	68.6	
T	34.019054413	-118.237182617	68.6	
T	34.019050598	-118.237197876	68.6	
T	34.019058228	-118.237190247	68.6	
T	34.019062042	-118.237174988	68.6	
T	34.019069672	-118.237167358	68.6	
T	34.019073486	-118.237159729	68.6	
T	34.019081116	-118.237152100	68.6	
T	34.019088745	-118.237136841	68.6	
T	34.019092560	-118.237121582	68.6	
T	34.019096375	-118.237113953	68.6	
T	34.019100189	-118.237113953	68.7	
T	34.019104004	-118.237113953	68.7	
T	34.019104004	-118.237106323	68.7	
T	34.019104004	-118.237098694	68.7	
T	34.019104004	-118.237091064	68.7	
T	34.019104004	-118.237098694	68.7	
T	34.019100189	-118.237091064	68.7	
T	34.019096375	-118.237098694	68.6	
T	34.019092560	-118.237098694	68.6	
T	34.019088745	-118.237098694	68.6	
T	34.019084930	-118.237106323	68.6	
T	34.019081116	-118.237106323	68.6	
T	34.019077301	-118.237098694	68.6	
T	34.019073486	-118.237098694	68.6	
T	34.019073486	-118.237091064	68.6	
T	34.019069672	-118.237083435	68.6	
T	34.019065857	-118.237083435	68.6	
T	34.019062042	-118.237083435	68.6	
T	34.019058228	-118.237083435	68.6	
T	34.019054413	-118.237083435	68.6	
T	34.019058228	-118.237083435	68.6	
T	34.019054413	-118.237083435	68.6	
T	34.019054413	-118.237075806	68.6	
T	34.019054413	-118.237083435	68.6	
T	34.019058228	-118.237083435	68.6	
T	34.019062042	-118.237083435	68.6	
T	34.019069672	-118.237083435	68.6	
T	34.019081116	-118.237091064	68.6	
T	34.019088745	-118.237098694	68.6	
T	34.019100189	-118.237106323	68.7	
T	34.019107819	-118.237121582	68.7	
T	34.019111633	-118.237121582	68.7	
T	34.019111633	-118.237129211	68.7	
T	34.019115448	-118.237136841	68.7	
T	34.019119263	-118.237129211	68.7	
T	34.019119263	-118.237129211	68.7	
T	34.019119263	-118.237129211	68.7	
T	34.019107819	-118.237106323	68.7	
T	34.019104004	-118.237106323	68.7	
T	34.019104004	-118.237098694	68.7	
T	34.019104004	-118.237091064	68.7	
T	34.019107819	-118.237083435	68.7	
T	34.019111633	-118.237083435	68.7	
T	34.019115448	-118.237083435	68.7	
T	34.019119263	-118.237083435	68.7	
T	34.019123077	-118.237083435	68.7	
T	34.019126892	-118.237083435	68.7	
T	34.019134521	-118.237083435	68.7	
T	34.019138336	-118.237083435	68.7	
T	34.019142151	-118.237091064	68.7	
T	34.019145966	-118.237091064	68.7	
T	34.019149780	-118.237091064	68.7	
T	34.019153595	-118.237098694	68.7	
T	34.019161224	-118.237106323	68.7	
T	34.019157410	-118.237129211	68.7	
T	34.019145966	-118.237152100	68.7	
T	34.019145966	-118.237159729	68.7	
T	34.019134521	-118.237174988	68.7	
T	34.019130707	-118.237190247	68.7	
T	34.019126892	-118.237197876	68.7	
T	34.019126892	-118.237205505	68.7	
T	34.019126892	-118.237197876	68.7	
T	34.019123077	-118.237197876	68.7	
T	34.019123077	-118.237182617	68.7	
T	34.019111633	-118.237152100	68.7	
T	34.019107819	-118.237152100	68.7	
T	34.019104004	-118.237159729	68.7	
T	34.019100189	-118.237167358	68.7	
T	34.019100189	-118.237174988	68.7	
T	34.019100189	-118.237190247	68.7	
T	34.019096375	-118.237197876	68.6	
T	34.019092560	-118.237197876	68.6	
T	34.019088745	-118.237197876	68.6	
T	34.019084930	-118.237205505	68.6	
T	34.019081116	-118.237213135	68.6	
T	34.019077301	-118.237213135	68.6	
T	34.019077301	-118.237228394	68.6	
T	34.019073486	-118.237228394	68.6	
T	34.019073486	-118.237236023	68.6	
T	34.019069672	-118.237236023	68.6	
T	34.019069672	-118.237243652	68.6	
T	34.019065857	-118.237243652	68.6	
T	34.019069672	-118.237251282	68.6	
T	34.019073486	-118.237258911	68.6	
T	34.019073486	-118.237266541	68.6	
T	34.019077301	-118.237266541	68.6	
T	34.019077301	-118.237258911	68.6	
T	34.019073486	-118.237251282	68.6	
T	34.019073486	-118.237258911	68.6	
T	34.019073486	-118.237266541	68.6	
T	34.019073486	-118.237274170	68.6	
T	34.019069672	-118.237281799	68.6	
T	34.019069672	-118.237289429	68.6	
T	34.019065857	-118.237297058	68.6	
T	34.019069672	-118.237297058	68.6	
T	34.019069672	-118.237304688	68.6	
T	34.019065857	-118.237304688	68.6	
T	34.019065857	-118.237297058	68.6	
T	34.019062042	-118.237297058	68.6	
T	34.019058228	-118.237281799	68.6	
T	34.019062042	-118.237281799	68.6	
T	34.019062042	-118.237266541	68.6	
T	34.019058228	-118.237258911	68.6	
T	34.019054413	-118.237251282	68.6	
T	34.019050598	-118.237243652	68.6	
T	34.019046783	-118.237243652	68.6	
T	34.019046783	-118.237236023	68.6	
T	34.019039154	-118.237236023	68.6	
T	34.019035339	-118.237236023	68.6	
T	34.019031525	-118.237236023	68.6	
T	34.019027710	-118.237236023	68.6	
T	34.019023895	-118.237228394	68.6	
T	34.019020081	-118.237228394	68.6	
T	34.019016266	-118.237228394	68.6	
T	34.019008636	-118.237228394	68.6	
T	34.019004822	-118.237236023	68.6	
T	34.019001007	-118.237236023	68.6	
T	34.019001007	-118.237228394	68.6	
T	34.019004822	-118.237220764	68.6	
T	34.019008636	-118.237213135	68.6	
T	34.019012451	-118.237205505	68.6	
T	34.019016266	-118.237197876	68.6	
T	34.019020081	-118.237197876	68.6	
T	34.019020081	-118.237190247	68.6	
T	34.019023895	-118.237182617	68.6	
T	34.019027710	-118.237174988	68.6	
T	34.019031525	-118.237167358	68.6	
T	34.019031525	-118.237159729	68.6	
T	34.019031525	-118.237152100	68.6	
T	34.019031525	-118.237144470	68.6	
T	34.019031525	-118.237136841	68.6	
T	34.019031525	-118.237129211	68.6	
T	34.019035339	-118.237121582	68.6	
T	34.019042969	-118.237113953	68.6	
T	34.019046783	-118.237106323	68.6	
T	34.019050598	-118.237106323	68.6	
T	34.019046783	-118.237106323	68.6	
T	34.019042969	-118.237106323	68.6	
T	34.019042969	-118.237098694	68.6	
T	34.019046783	-118.237098694	68.6	
T	34.019046783	-118.237091064	68.6	
T	34.019050598	-118.237083435	68.6	
T	34.019046783	-118.237083435	68.6	
T	34.019050598	-118.237075806	68.6	
T	34.019046783	-118.237083435	68.6	
T	34.019039154	-118.237098694	68.6	
T	34.019031525	-118.237098694	68.6	
T	34.019035339	-118.237098694	68.6	
T	34.019042969	-118.237083435	68.6	
T	34.019046783	-118.237075806	68.6	
T	34.019050598	-118.237068176	68.6	
T	34.019058228	-118.237060547	68.6	
T	34.019054413	-118.237068176	68.6	
T	34.019058228	-118.237052917	68.6	
T	34.019062042	-118.237052917	68.6	
T	34.019062042	-118.237068176	68.6	
T	34.019062042	-118.237068176	68.6	
T	34.019081116	-118.237075806	68.6	
T	34.019081116	-118.237068176	68.6	
T	34.019073486	-118.237075806	68.6	
T	34.019069672	-118.237083435	68.6	
T	34.019065857	-118.237091064	68.6	
T	34.019065857	-118.237098694	68.6	
T	34.019062042	-118.237106323	68.6	
T	34.019062042	-118.237106323	68.6	
T	34.019039154	-118.237220764	68.6	
T	34.019039154	-118.237228394	68.6	
T	34.019039154	-118.237236023	68.6	
T	34.019039154	-118.237236023	68.6	
T	34.019039154	-118.237266541	68.6	
T	34.019039154	-118.237266541	68.6	
T	34.019039154	-118.237266541	68.6	
T	34.019046783	-118.237266541	68.6	
T	34.019046783	-118.237274170	68.6	
T	34.019046783	-118.237274170	68.6	
T	34.019039154	-118.237190247	68.6	
T	34.019042969	-118.237190247	68.6	
T	34.019042969	-118.237190247	68.6	
T	34.019046783	-118.237174988	68.6	
T	34.019046783	-118.237174988	68.6	
T	34.019050598	-118.237190247	68.6	
T	34.019046783	-118.237182617	68.6	
T	34.019046783	-118.237190247	68.6	
T	34.019046783	-118.237190247	68.6	
T	34.019046783	-118.237190247	68.6	
T	34.019104004	-118.237228394	68.7	
T	34.019107819	-118.237228394	68.7	
T	34.019107819	-118.237228394	68.7	
T	34.019115448	-118.237236023	68.7	
T	34.019115448	-118.237243652	68.7	
T	34.019115448	-118.237243652	68.7	
T	34.019119263	-118.237258911	68.7	
T	34.019123077	-118.237258911	68.7	
T	34.019123077	-118.237251282	68.7	
T	34.019123077	-118.237251282	68.7	
T	34.019115448	-118.237236023	68.7	
T	34.019119263	-118.237236023	68.7	
T	34.019119263	-118.237236023	68.7	
T	34.019119263	-118.237236023	68.7	
T	34.019088745	-118.237243652	68.6	
T	34.019084930	-118.237243652	68.6	
T	34.019084930	-118.237243652	68.6	
T	34.019081116	-118.237243652	68.6	
T	34.019081116	-118.237251282	68.6	
T	34.019077301	-118.237251282	68.6	
T	34.019073486	-118.237251282	68.6	
T	34.019073486	-118.237258911	68.6	
T	34.019073486	-118.237258911	68.6	
T	34.019081116	-118.237243652	68.6	
T	34.019081116	-118.237236023	68.6	
T	34.019077301	-118.237236023	68.6	
T	34.019077301	-118.237236023	68.6	
T	34.019088745	-118.237136841	68.6	
T	34.019096375	-118.237129211	68.6	
T	34.019096375	-118.237136841	68.6	
T	34.019100189	-118.237136841	68.7	
T	34.019100189	-118.237136841	68.7	
T	34.019084930	-118.237136841	68.6	
T	34.019084930	-118.237129211	68.6	
T	34.019077301	-118.237136841	68.6	
T	34.019077301	-118.237129211	68.6	
T	34.019077301	-118.237129211	68.6	
T	34.019092560	-118.237106323	68.6	
T	34.019088745	-118.237106323	68.6	
T	34.019088745	-118.237098694	68.6	
T	34.019084930	-118.237106323	68.6	
T	34.019084930	-118.237121582	68.6	
T	34.019081116	-118.237121582	68.6	
T	34.019077301	-118.237121582	68.6	
T	34.019073486	-118.237113953	68.6	
T	34.019073486	-118.237121582	68.6	
T	34.019077301	-118.237113953	68.6	
T	34.019073486	-118.237121582	68.6	
T	34.019073486	-118.237121582	68.6	
T	34.019062042	-118.237106323	68.6	
T	34.019058228	-118.237098694	68.6	
T	34.019054413	-118.237091064	68.6	
T	34.019058228	-118.237091064	68.6	
T	34.019058228	-118.237083435	68.6	
T	34.019054413	-118.237083435	68.6	
T	34.019050598	-118.237083435	68.6	
T	34.019050598	-118.237091064	68.6	
T	34.019050598	-118.237091064	68.6	
T	34.019058228	-118.237098694	68.6	
T	34.019062042	-118.237106323	68.6	
T	34.019065857	-118.237113953	68.6	
T	34.019065857	-118.237113953	68.6	
T	34.019058228	-118.237228394	68.6	
T	34.019058228	-118.237228394	68.6	
T	34.019058228	-118.237228394	68.6	
T	34.019039154	-118.237159729	68.6	
T	34.019042969	-118.237159729	68.6	
T	34.019042969	-118.237152100	68.6	
T	34.019042969	-118.237152100	68.6	
T	34.019050598	-118.237152100	68.6	
T	34.019054413	-118.237159729	68.6	
T	34.019050598	-118.237159729	68.6	
T	34.019054413	-118.237167358	68.6	
T	34.019054413	-118.237167358	68.6	
T	34.019088745	-118.237174988	68.6	
T	34.019088745	-118.237174988	68.6	
T	34.019084930	-118.237182617	68.6	
T	34.019081116	-118.237190247	68.6	
T	34.019084930	-118.237182617	68.6	
T	34.019084930	-118.237182617	68.6	
T	34.019073486	-118.237182617	68.6	
T	34.019073486	-118.237190247	68.6	
T	34.019073486	-118.237182617	68.6	
T	34.019069672	-118.237190247	68.6	
T	34.019058228	-118.237205505	68.6	
T	34.019058228	-118.237213135	68.6	
T	34.019054413	-118.237220764	68.6	
T	34.019050598	-118.237220764	68.6	
T	34.019046783	-118.237220764	68.6	
T	34.019042969	-118.237220764	68.6	
T	34.019039154	-118.237220764	68.6	
T	34.019042969	-118.237220764	68.6	
T	34.019042969	-118.237228394	68.6	
T	34.019039154	-118.237228394	68.6	
T	34.019035339	-118.237228394	68.6	
T	34.019035339	-118.237220764	68.6	
T	34.019046783	-118.237228394	68.6	
T	34.019042969	-118.237228394	68.6	
T	34.019039154	-118.237228394	68.6	
T	34.019035339	-118.237220764	68.6	
T	34.019039154	-118.237220764	68.6	
T	34.019039154	-118.237220764	68.6	
T	34.019054413	-118.237205505	68.6	
T	34.019058228	-118.237205505	68.6	
T	34.019062042	-118.237205505	68.6	
T	34.019065857	-118.237205505	68.6	
T	34.019065857	-118.237205505	68.6	
T	34.019065857	-118.237205505	68.6	
T	34.019088745	-118.237152100	68.6	
T	34.019092560	-118.237144470	68.6	
T	34.019096375	-118.237136841	68.6	
T	34.019100189	-118.237144470	68.7	
T	34.019104004	-118.237136841	68.7	
T	34.019104004	-118.237136841	68.7	
T	34.019100189	-118.237129211	68.7	
T	34.019104004	-118.237136841	68.7	
T	34.019104004	-118.237136841	68.7	
T	34.019107819	-118.237182617	68.7	
T	34.019104004	-118.237182617	68.7	
T	34.019104004	-118.237190247	68.7	
T	34.019100189	-118.237190247	68.7	
T	34.019100189	-118.237167358	68.7	
T	34.019100189	-118.237159729	68.7	
T	34.019104004	-118.237152100	68.7	
T	34.019100189	-118.237152100	68.7	
T	34.019100189	-118.237159729	68.7	
T	34.019100189	-118.237159729	68.7	
T	34.019077301	-118.237190247	68.6	
T	34.019073486	-118.237190247	68.6	
T	34.019069672	-118.237197876	68.6	
T	34.019069672	-118.237190247	68.6	
T	34.019073486	-118.237190247	68.6	
T	34.019069672	-118.237190247	68.6	
T	34.019069672	-118.237190247	68.6	
T	34.019046783	-118.237167358	68.6	
T	34.019042969	-118.237167358	68.6	
T	34.019042969	-118.237174988	68.6	
T	34.019042969	-118.237174988	68.6	
T	34.019042969	-118.237174988	68.6	
T	34.019020081	-118.237182617	68.6	
T	34.019020081	-118.237190247	68.6	
T	34.019020081	-118.237190247	68.6	
T	34.019042969	-118.237144470	68.6	
T	34.019042969	-118.237152100	68.6	
T	34.019046783	-118.237152100	68.6	
T	34.019046783	-118.237152100	68.6	
T	34.019046783	-118.237152100	68.6	
T	34.019054413	-118.237152100	68.6	
T	34.019054413	-118.237144470	68.6	
T	34.019054413	-118.237144470	68.6	
T	34.019054413	-118.237121582	68.6	
T	34.019054413	-118.237113953	68.6	
T	34.019054413	-118.237121582	68.6	
T	34.019054413	-118.237121582	68.6	
T	34.019046783	-118.237129211	68.6	
T	34.019046783	-118.237136841	68.6	
T	34.019046783	-118.237136841	68.6	
T	34.019100189	-118.237121582	68.7	
T	34.019104004	-118.237121582	68.7	
T	34.019104004	-118.237121582	68.7	
T	34.019050598	-118.237205505	68.6	
T	34.019046783	-118.237205505	68.6	
T	34.019042969	-118.237213135	68.6	
T	34.019042969	-118.237213135	68.6	
T	34.019031525	-118.237174988	68.6	
T	34.019027710	-118.237174988	68.6	
T	34.019023895	-118.237167358	68.6	
T	34.019023895	-118.237167358	68.6	
T	34.019023895	-118.237167358	68.6	
T	34.019092560	-118.237091064	68.6	
T	34.019100189	-118.237083435	68.7	
T	34.019100189	-118.237075806	68.7	
T	34.019104004	-118.237068176	68.7	
T	34.019134521	-118.237037659	68.7	
T	34.019138336	-118.237037659	68.7	
T	34.019142151	-118.237030029	68.7	
T	34.019145966	-118.237030029	68.7	
T	34.019149780	-118.237022400	68.7	
T	34.019145966	-118.237030029	68.7	
T	34.019142151	-118.237030029	68.7	
T	34.019142151	-118.237037659	68.7	
T	34.019142151	-118.237045288	68.7	
T	34.019138336	-118.237052917	68.7	
T	34.019142151	-118.237052917	68.7	
T	34.019145966	-118.237045288	68.7	
T	34.019149780	-118.237045288	68.7	
T	34.019153595	-118.237037659	68.7	
T	34.019161224	-118.237037659	68.7	
T	34.019168854	-118.237037659	68.7	
T	34.019172668	-118.237037659	68.7	
T	34.019176483	-118.237037659	68.7	
T	34.019180298	-118.237030029	68.7	
T	34.019180298	-118.237037659	68.7	
T	34.019184113	-118.237045288	68.7	
T	34.019184113	-118.237052917	68.7	
T	34.019184113	-118.237060547	68.7	
T	34.019184113	-118.237068176	68.7	
T	34.019187927	-118.237083435	68.7	
T	34.019168854	-118.237106323	68.7	
T	34.019165039	-118.237121582	68.7	
T	34.019161224	-118.237129211	68.7	
T	34.019157410	-118.237136841	68.7	
T	34.019153595	-118.237136841	68.7	
T	34.019145966	-118.237136841	68.7	
T	34.019142151	-118.237144470	68.7	
T	34.019142151	-118.237144470	68.7	
T	34.019142151	-118.237144470	68.7	
T	34.019115448	-118.237113953	68.7	
T	34.019119263	-118.237106323	68.7	
T	34.019119263	-118.237113953	68.7	
T	34.019126892	-118.237106323	68.7	
T	34.019126892	-118.237113953	68.7	
T	34.019123077	-118.237121582	68.7	
T	34.019123077	-118.237121582	68.7	
T	34.019111633	-118.237159729	68.7	
T	34.019107819	-118.237159729	68.7	
T	34.019104004	-118.237159729	68.7	
T	34.019100189	-118.237159729	68.7	
T	34.019100189	-118.237159729	68.7	
T	34.019119263	-118.237152100	68.7	
T	34.019123077	-118.237152100	68.7	
T	34.019126892	-118.237144470	68.7	
T	34.019130707	-118.237136841	68.7	
T	34.019134521	-118.237136841	68.7	
T	34.019138336	-118.237129211	68.7	
T	34.019142151	-118.237121582	68.7	
T	34.019149780	-118.237121582	68.7	
T	34.019153595	-118.237121582	68.7	
T	34.019157410	-118.237113953	68.7	
T	34.019165039	-118.237113953	68.7	
T	34.019168854	-118.237106323	68.7	
T	34.019172668	-118.237098694	68.7	
T	34.019176483	-118.237106323	68.7	
T	34.019180298	-118.237098694	68.7	
T	34.019176483	-118.237098694	68.7	
T	34.019180298	-118.237106323	68.7	
T	34.019184113	-118.237098694	68.7	
T	34.019191742	-118.237098694	68.7	
T	34.019191742	-118.237091064	68.7	
T	34.019195557	-118.237083435	68.7	
T	34.019199371	-118.237075806	68.7	
T	34.019203186	-118.237068176	68.7	
T	34.019199371	-118.237068176	68.7	
T	34.019199371	-118.237075806	68.7	
T	34.019203186	-118.237068176	68.7	
T	34.019195557	-118.237068176	68.7	
T	34.019187927	-118.237068176	68.7	
T	34.019191742	-118.237068176	68.7	
T	34.019195557	-118.237075806	68.7	
T	34.019195557	-118.237068176	68.7	
T	34.019199371	-118.237075806	68.7	
T	34.019199371	-118.237083435	68.7	
T	34.019203186	-118.237083435	68.7	
T	34.019203186	-118.237075806	68.7	
T	34.019207001	-118.237075806	68.7	
T	34.019207001	-118.237083435	68.7	
T	34.019207001	-118.237091064	68.7	
T	34.019210815	-118.237091064	68.7	
T	34.019210815	-118.237098694	68.7	
T	34.019210815	-118.237098694	68.7	
T	34.019165039	-118.237174988	68.7	
T	34.019153595	-118.237190247	68.7	
T	34.019142151	-118.237205505	68.7	
T	34.019126892	-118.237228394	68.7	
T	34.019123077	-118.237243652	68.7	
T	34.019115448	-118.237243652	68.7	
T	34.019107819	-118.237258911	68.7	
T	34.019100189	-118.237258911	68.7	
T	34.019084930	-118.237266541	68.6	
T	34.019081116	-118.237266541	68.6	
T	34.019081116	-118.237258911	68.6	
T	34.019077301	-118.237251282	68.6	
T	34.019058228	-118.237258911	68.6	
T	34.019050598	-118.237258911	68.6	
T	34.019050598	-118.237266541	68.6	
T	34.019046783	-118.237266541	68.6	
T	34.019039154	-118.237274170	68.6	
T	34.019035339	-118.237281799	68.6	
T	34.019035339	-118.237281799	68.6	
T	34.019008636	-118.237281799	68.6	
T	34.019012451	-118.237281799	68.6	
T	34.019016266	-118.237281799	68.6	
T	34.019020081	-118.237274170	68.6	
T	34.019012451	-118.237274170	68.6	
T	34.019016266	-118.237274170	68.6	
T	34.019020081	-118.237258911	68.6	
T	34.019039154	-118.237236023	68.6	
T	34.019042969	-118.237236023	68.6	
T	34.019054413	-118.237228394	68.6	
T	34.019058228	-118.237228394	68.6	
T	34.019058228	-118.237236023	68.6	
T	34.019058228	-118.237236023	68.6	
T	34.019058228	-118.237236023	68.6	
T	34.019100189	-118.237236023	68.7	
T	34.019096375	-118.237236023	68.6	
T	34.019096375	-118.237236023	68.6	
T	34.019096375	-118.237236023	68.6	
T	34.019100189	-118.237174988	68.7	
T	34.019104004	-118.237167358	68.7	
T	34.019107819	-118.237174988	68.7	
T	34.019111633	-118.237174988	68.7	
T	34.019111633	-118.237190247	68.7	
T	34.019107819	-118.237197876	68.7	
T	34.019107819	-118.237205505	68.7	
T	34.019111633	-118.237205505	68.7	
T	34.019115448	-118.237205505	68.7	
T	34.019115448	-118.237205505	68.7	
T	34.019115448	-118.237205505	68.7	
T	34.019100189	-118.237258911	68.7	
T	34.019104004	-118.237258911	68.7	
T	34.019104004	-118.237258911	68.7	
T	34.019104004	-118.237258911	68.7	
T	34.019111633	-118.237220764	68.7	
T	34.019107819	-118.237220764	68.7	
T	34.019104004	-118.237220764	68.7	
T	34.019100189	-118.237220764	68.7	
T	34.019100189	-118.237220764	68.7	
T	34.019050598	-118.237258911	68.6	
T	34.019046783	-118.237258911	68.6	
T	34.019042969	-118.237266541	68.6	
T	34.019042969	-118.237258911	68.6	
T	34.019042969	-118.237258911	68.6	
T	34.019058228	-118.237274170	68.6	
T	34.019062042	-118.237281799	68.6	
T	34.019065857	-118.237281799	68.6	
T	34.019077301	-118.237266541	68.6	
T	34.019081116	-118.237274170	68.6	
T	34.019084930	-118.237274170	68.6	
T	34.019081116	-118.237274170	68.6	
T	34.019077301	-118.237274170	68.6	
T	34.019073486	-118.237266541	68.6	
T	34.019077301	-118.237258911	68.6	
T	34.019073486	-118.237258911	68.6	
T	34.019069672	-118.237251282	68.6	
T	34.019065857	-118.237251282	68.6	
T	34.019058228	-118.237266541	68.6	
T	34.019062042	-118.237258911	68.6	
T	34.019065857	-118.237251282	68.6	
T	34.019069672	-118.237251282	68.6	
T	34.019069672	-118.237243652	68.6	
T	34.019073486	-118.237236023	68.6	
T	34.019073486	-118.237228394	68.6	
T	34.019077301	-118.237220764	68.6	
T	34.019077301	-118.237213135	68.6	
T	34.019077301	-118.237205505	68.6	
T	34.019077301	-118.237205505	68.6	
T	34.019077301	-118.237182617	68.6	
T	34.019077301	-118.237174988	68.6	
T	34.019073486	-118.237174988	68.6	
T	34.019073486	-118.237182617	68.6	
T	34.019069672	-118.237182617	68.6	
T	34.019069672	-118.237190247	68.6	
T	34.019069672	-118.237182617	68.6	
T	34.019077301	-118.237182617	68.6	
T	34.019077301	-118.237190247	68.6	
T	34.019077301	-118.237182617	68.6	
T	34.019077301	-118.237182617	68.6	
T	34.019073486	-118.237197876	68.6	
T	34.019073486	-118.237190247	68.6	
T	34.019073486	-118.237197876	68.6	
T	34.019073486	-118.237190247	68.6	
T	34.019073486	-118.237190247	68.6	
T	34.019111633	-118.237190247	68.7	
T	34.019115448	-118.237190247	68.7	
T	34.019115448	-118.237182617	68.7	
T	34.019115448	-118.237174988	68.7	
T	34.019115448	-118.237174988	68.7	
T	34.019073486	-118.237190247	68.6	
T	34.019062042	-118.237205505	68.6	
T	34.019058228	-118.237220764	68.6	
T	34.019054413	-118.237228394	68.6	
T	34.019058228	-118.237236023	68.6	
T	34.019054413	-118.237243652	68.6	
T	34.019050598	-118.237243652	68.6	
T	34.019050598	-118.237243652	68.6	
T	34.019042969	-118.237251282	68.6	
T	34.019039154	-118.237251282	68.6	
T	34.019039154	-118.237251282	68.6	
T	34.019031525	-118.237251282	68.6	
T	34.019031525	-118.237243652	68.6	
T	34.019035339	-118.237243652	68.6	
T	34.019039154	-118.237243652	68.6	
T	34.019042969	-118.237236023	68.6	
T	34.019046783	-118.237236023	68.6	
T	34.019058228	-118.237228394	68.6	
T	34.019062042	-118.237220764	68.6	
T	34.019081116	-118.237205505	68.6	
T	34.019084930	-118.237197876	68.6	
T	34.019092560	-118.237197876	68.6	
T	34.019096375	-118.237197876	68.6	
T	34.019096375	-118.237205505	68.6	
T	34.019100189	-118.237213135	68.7	
T	34.019096375	-118.237213135	68.6	
T	34.019100189	-118.237213135	68.7	
T	34.019107819	-118.237213135	68.7	
T	34.019107819	-118.237220764	68.7	
T	34.019111633	-118.237220764	68.7	
T	34.019111633	-118.237213135	68.7	
T	34.019111633	-118.237220764	68.7	
T	34.019107819	-118.237220764	68.7	
T	34.019111633	-118.237213135	68.7	
T	34.019107819	-118.237205505	68.7	
T	34.019104004	-118.237197876	68.7	
T	34.019100189	-118.237190247	68.7	
T	34.019104004	-118.237182617	68.7	
T	34.019107819	-118.237174988	68.7	
T	34.019107819	-118.237167358	68.7	
T	34.019107819	-118.237174988	68.7	
T	34.019107819	-118.237167358	68.7	
T	34.019107819	-118.237167358	68.7	
T	34.019107819	-118.237167358	68.7	
T	34.019104004	-118.237174988	68.7	
T	34.019100189	-118.237174988	68.7	
T	34.019100189	-118.237174988	68.7	
T	34.019073486	-118.237220764	68.6	
T	34.019065857	-118.237228394	68.6	
T	34.019065857	-118.237236023	68.6	
T	34.019062042	-118.237236023	68.6	
T	34.019058228	-118.237243652	68.6	
T	34.019054413	-118.237251282	68.6	
T	34.019054413	-118.237258911	68.6	
T	34.019058228	-118.237266541	68.6	
T	34.019054413	-118.237274170	68.6	
T	34.019050598	-118.237274170	68.6	
T	34.019046783	-118.237274170	68.6	
T	34.019046783	-118.237281799	68.6	
T	34.019054413	-118.237281799	68.6	
T	34.019058228	-118.237274170	68.6	
T	34.019062042	-118.237274170	68.6	
T	34.019062042	-118.237274170	68.6	
T	34.019084930	-118.237266541	68.6	
T	34.019084930	-118.237258911	68.6	
T	34.019088745	-118.237258911	68.6	
T	34.019092560	-118.237258911	68.6	
T	34.019092560	-118.237251282	68.6	
T	34.019096375	-118.237251282	68.6	
T	34.019100189	-118.237251282	68.7	
T	34.019104004	-118.237243652	68.7	
T	34.019107819	-118.237243652	68.7	
T	34.019111633	-118.237243652	68.7	
T	34.019111633	-118.237236023	68.7	
T	34.019111633	-118.237236023	68.7	
T	34.019111633	-118.237236023	68.7	
T	34.019119263	-118.237228394	68.7	
T	34.019119263	-118.237220764	68.7	
T	34.019115448	-118.237213135	68.7	
T	34.019115448	-118.237220764	68.7	
T	34.019111633	-118.237220764	68.7	
T	34.019107819	-118.237228394	68.7	
T	34.019111633	-118.237228394	68.7	
T	34.019111633	-118.237228394	68.7	
T	34.019092560	-118.237243652	68.6	
T	34.019088745	-118.237236023	68.6	
T	34.019084930	-118.237236023	68.6	
T	34.019088745	-118.237236023	68.6	
T	34.019096375	-118.237236023	68.6	
T	34.019100189	-118.237228394	68.7	
T	34.019104004	-118.237228394	68.7	
T	34.019107819	-118.237228394	68.7	
T	34.019111633	-118.237236023	68.7	
T	34.019126892	-118.237236023	68.7	
T	34.019130707	-118.237228394	68.7	
T	34.019134521	-118.237228394	68.7	
T	34.019138336	-118.237228394	68.7	
T	34.019142151	-118.237228394	68.7	
T	34.019145966	-118.237236023	68.7	
T	34.019149780	-118.237236023	68.7	
T	34.019138336	-118.237251282	68.7	
T	34.019142151	-118.237236023	68.7	
T	34.019149780	-118.237228394	68.7	
T	34.019153595	-118.237220764	68.7	
T	34.019161224	-118.237220764	68.7	
T	34.019165039	-118.237213135	68.7	
T	34.019168854	-118.237205505	68.7	
T	34.019172668	-118.237205505	68.7	
T	34.019172668	-118.237197876	68.7	
T	34.019168854	-118.237197876	68.7	
T	34.019165039	-118.237205505	68.7	
T	34.019161224	-118.237205505	68.7	
T	34.019153595	-118.237205505	68.7	
T	34.019149780	-118.237213135	68.7	
T	34.019149780	-118.237213135	68.7	
T	34.019149780	-118.237213135	68.7	
T	34.019130707	-118.237220764	68.7	
T	34.019134521	-118.237213135	68.7	
T	34.019138336	-118.237205505	68.7	
T	34.019142151	-118.237205505	68.7	
T	34.019142151	-118.237197876	68.7	
T	34.019138336	-118.237205505	68.7	
T	34.019134521	-118.237205505	68.7	
T	34.019130707	-118.237205505	68.7	
T	34.019126892	-118.237205505	68.7	
T	34.019126892	-118.237197876	68.7	
T	34.019126892	-118.237197876	68.7	
T	34.019126892	-118.237205505	68.7	
T	34.019126892	-118.237213135	68.7	
T	34.019123077	-118.237220764	68.7	
T	34.019115448	-118.237220764	68.7	
T	34.019119263	-118.237220764	68.7	
T	34.019119263	-118.237220764	68.7	
T	34.019058228	-118.237281799	68.6	
T	34.019050598	-118.237281799	68.6	
T	34.019046783	-118.237281799	68.6	
T	34.019042969	-118.237289429	68.6	
T	34.019035339	-118.237289429	68.6	
T	34.019031525	-118.237289429	68.6	
T	34.019031525	-118.237297058	68.6	
T	34.019027710	-118.237297058	68.6	
T	34.019020081	-118.237304688	68.6	
T	34.019016266	-118.237304688	68.6	
T	34.019016266	-118.237312317	68.6	
T	34.019016266	-118.237319946	68.6	
T	34.019020081	-118.237319946	68.6	
T	34.019023895	-118.237312317	68.6	
T	34.019031525	-118.237304688	68.6	
T	34.019035339	-118.237297058	68.6	
T	34.019039154	-118.237297058	68.6	
T	34.019042969	-118.237289429	68.6	
T	34.019050598	-118.237281799	68.6	
T	34.019050598	-118.237281799	68.6	
T	34.019050598	-118.237281799	68.6	
T	34.019084930	-118.237281799	68.6	
T	34.019084930	-118.237274170	68.6	
T	34.019088745	-118.237274170	68.6	
T	34.019088745	-118.237281799	68.6	
T	34.019092560	-118.237274170	68.6	
T	34.019092560	-118.237274170	68.6	
T	34.019107819	-118.237258911	68.7	
T	34.019111633	-118.237251282	68.7	
T	34.019115448	-118.237251282	68.7	
T	34.019115448	-118.237243652	68.7	
T	34.019119263	-118.237243652	68.7	
T	34.019126892	-118.237228394	68.7	
T	34.019126892	-118.237220764	68.7	
T	34.019126892	-118.237220764	68.7	
T	34.019126892	-118.237220764	68.7	
T	34.019126892	-118.237205505	68.7	
T	34.019126892	-118.237197876	68.7	
T	34.019134521	-118.237190247	68.7	
T	34.019138336	-118.237182617	68.7	
T	34.019138336	-118.237182617	68.7	
T	34.019149780	-118.237167358	68.7	
T	34.019157410	-118.237159729	68.7	
T	34.019161224	-118.237159729	68.7	
T	34.019165039	-118.237152100	68.7	
T	34.019172668	-118.237144470	68.7	
T	34.019172668	-118.237152100	68.7	
T	34.019172668	-118.237152100	68.7	
T	34.019180298	-118.237144470	68.7	
T	34.019180298	-118.237144470	68.7	
T	34.019180298	-118.237144470	68.7	
T	34.019195557	-118.237098694	68.7	
T	34.019191742	-118.237106323	68.7	
T	34.019187927	-118.237098694	68.7	
T	34.019184113	-118.237098694	68.7	
T	34.019184113	-118.237098694	68.7	
T	34.019184113	-118.237098694	68.7	
T	34.019142151	-118.237197876	68.7	
T	34.019138336	-118.237197876	68.7	
T	34.019138336	-118.237197876	68.7	
T	34.019138336	-118.237197876	68.7	
T	34.019123077	-118.237228394	68.7	
T	34.019126892	-118.237220764	68.7	
T	34.019126892	-118.237220764	68.7	
T	34.019126892	-118.237220764	68.7	
T	34.019134521	-118.237197876	68.7	
T	34.019130707	-118.237197876	68.7	
T	34.019126892	-118.237190247	68.7	
T	34.019130707	-118.237190247	68.7	
T	34.019130707	-118.237190247	68.7	
T	34.019130707	-118.237190247	68.7	
T	34.019138336	-118.237174988	68.7	
T	34.019130707	-118.237182617	68.7	
T	34.019126892	-118.237190247	68.7	
T	34.019123077	-118.237190247	68.7	
T	34.019123077	-118.237197876	68.7	
T	34.019119263	-118.237205505	68.7	
T	34.019115448	-118.237213135	68.7	
T	34.019111633	-118.237213135	68.7	
T	34.019107819	-118.237213135	68.7	
T	34.019104004	-118.237213135	68.7	
T	34.019100189	-118.237213135	68.7	
T	34.019092560	-118.237213135	68.6	
T	34.019088745	-118.237213135	68.6	
T	34.019084930	-118.237220764	68.6	
T	34.019081116	-118.237228394	68.6	
T	34.019077301	-118.237228394	68.6	
T	34.019081116	-118.237213135	68.6	
T	34.019084930	-118.237190247	68.6	
T	34.019081116	-118.237182617	68.6	
T	34.019073486	-118.237182617	68.6	
T	34.019073486	-118.237174988	68.6	
T	34.019065857	-118.237167358	68.6	
T	34.019062042	-118.237167358	68.6	
T	34.019058228	-118.237167358	68.6	
T	34.019054413	-118.237167358	68.6	
T	34.019050598	-118.237174988	68.6	
T	34.019046783	-118.237182617	68.6	
T	34.019039154	-118.237182617	68.6	
T	34.019035339	-118.237190247	68.6	
T	34.019031525	-118.237190247	68.6	
T	34.019031525	-118.237197876	68.6	
T	34.019031525	-118.237205505	68.6	
T	34.019031525	-118.237213135	68.6	
T	34.019027710	-118.237213135	68.6	
T	34.019023895	-118.237213135	68.6	
T	34.019020081	-118.237213135	68.6	
T	34.019016266	-118.237197876	68.6	
T	34.019020081	-118.237190247	68.6	
T	34.019016266	-118.237197876	68.6	
T	34.019020081	-118.237197876	68.6	
T	34.019023895	-118.237197876	68.6	
T	34.019027710	-118.237197876	68.6	
T	34.019031525	-118.237190247	68.6	
T	34.019031525	-118.237174988	68.6	
T	34.019039154	-118.237167358	68.6	
T	34.019039154	-118.237167358	68.6	
T	34.019054413	-118.237167358	68.6	
T	34.019062042	-118.237159729	68.6	
T	34.019062042	-118.237152100	68.6	
T	34.019065857	-118.237144470	68.6	
T	34.019065857	-118.237136841	68.6	
T	34.019069672	-118.237129211	68.6	
T	34.019073486	-118.237129211	68.6	
T	34.019073486	-118.237121582	68.6	
T	34.019069672	-118.237121582	68.6	
T	34.019069672	-118.237129211	68.6	
T	34.019062042	-118.237136841	68.6	
T	34.019062042	-118.237144470	68.6	
T	34.019058228	-118.237152100	68.6	
T	34.019065857	-118.237159729	68.6	
T	34.019069672	-118.237159729	68.6	
T	34.019073486	-118.237152100	68.6	
T	34.019073486	-118.237159729	68.6	
T	34.019081116	-118.237152100	68.6	
T	34.019084930	-118.237152100	68.6	
T	34.019088745	-118.237152100	68.6	
T	34.019092560	-118.237152100	68.6	
T	34.019088745	-118.237152100	68.6	
T	34.019100189	-118.237144470	68.7	
T	34.019104004	-118.237136841	68.7	
T	34.019104004	-118.237129211	68.7	
T	34.019104004	-118.237129211	68.7	
T	34.019104004	-118.237129211	68.7	
T	34.019077301	-118.237174988	68.6	
T	34.019073486	-118.237174988	68.6	
T	34.019069672	-118.237174988	68.6	
T	34.019065857	-118.237182617	68.6	
T	34.019065857	-118.237182617	68.6	
T	34.019065857	-118.237182617	68.6	
T	34.019050598	-118.237182617	68.6	
T	34.019054413	-118.237174988	68.6	
T	34.019058228	-118.237167358	68.6	
T	34.019062042	-118.237159729	68.6	
T	34.019062042	-118.237159729	68.6	
T	34.019062042	-118.237159729	68.6	
T	34.019096375	-118.237159729	68.6	
T	34.019100189	-118.237159729	68.7	
T	34.019100189	-118.237159729	68.7	
T	34.019111633	-118.237136841	68.7	
T	34.019107819	-118.237136841	68.7	
T	34.019107819	-118.237144470	68.7	
T	34.019107819	-118.237144470	68.7	
T	34.019107819	-118.237144470	68.7	
T	34.019088745	-118.237182617	68.6	
T	34.019088745	-118.237190247	68.6	
T	34.019088745	-118.237190247	68.6	
T	34.019077301	-118.237182617	68.6	
T	34.019073486	-118.237182617	68.6	
T	34.019069672	-118.237182617	68.6	
T	34.019062042	-118.237190247	68.6	
T	34.019058228	-118.237197876	68.6	
T	34.019054413	-118.237205505	68.6	
T	34.019050598	-118.237213135	68.6	
T	34.019050598	-118.237213135	68.6	
T	34.019023895	-118.237251282	68.6	
T	34.019023895	-118.237258911	68.6	
T	34.019023895	-118.237251282	68.6	
T	34.019027710	-118.237251282	68.6	
T	34.019031525	-118.237251282	68.6	
T	34.019031525	-118.237251282	68.6	
T	34.019035339	-118.237251282	68.6	
T	34.019039154	-118.237251282	68.6	
T	34.019042969	-118.237243652	68.6	
T	34.019050598	-118.237220764	68.6	
T	34.019058228	-118.237213135	68.6	
T	34.019065857	-118.237197876	68.6	
T	34.019069672	-118.237190247	68.6	
T	34.019073486	-118.237190247	68.6	
T	34.019081116	-118.237190247	68.6	
T	34.019088745	-118.237182617	68.6	
T	34.019096375	-118.237174988	68.6	
T	34.019100189	-118.237174988	68.7	
T	34.019104004	-118.237174988	68.7	
T	34.019107819	-118.237167358	68.7	
T	34.019111633	-118.237167358	68.7	
T	34.019115448	-118.237159729	68.7	
T	34.019119263	-118.237159729	68.7	
T	34.019123077	-118.237152100	68.7	
T	34.019119263	-118.237152100	68.7	
T	34.019119263	-118.237152100	68.7	
T	34.019084930	-118.237205505	68.6	
T	34.019084930	-118.237197876	68.6	
T	34.019084930	-118.237205505	68.6	
T	34.019081116	-118.237205505	68.6	
T	34.019084930	-118.237182617	68.6	
T	34.019084930	-118.237174988	68.6	
T	34.019084930	-118.237174988	68.6	
T	34.019107819	-118.237190247	68.7	
T	34.019107819	-118.237197876	68.7	
T	34.019107819	-118.237205505	68.7	
T	34.019107819	-118.237205505	68.7	
T	34.019107819	-118.237205505	68.7	
T	34.019081116	-118.237190247	68.6	
T	34.019077301	-118.237190247	68.6	
T	34.019073486	-118.237197876	68.6	
T	34.019077301	-118.237197876	68.6	
T	34.019077301	-118.237197876	68.6	
T	34.019081116	-118.237159729	68.6	
T	34.019081116	-118.237152100	68.6	
T	34.019081116	-118.237144470	68.6	
T	34.019084930	-118.237136841	68.6	
T	34.019084930	-118.237144470	68.6	
T	34.019084930	-118.237136841	68.6	
T	34.019084930	-118.237136841	68.6	
T	34.019100189	-118.237113953	68.7	
T	34.019100189	-118.237106323	68.7	
T	34.019100189	-118.237113953	68.7	
T	34.019104004	-118.237113953	68.7	
T	34.019104004	-118.237113953	68.7	
T	34.019096375	-118.237106323	68.6	
T	34.019092560	-118.237106323	68.6	
T	34.019092560	-118.237098694	68.6	
T	34.019096375	-118.237098694	68.6	
T	34.019096375	-118.237098694	68.6	
T	34.019088745	-118.237121582	68.6	
T	34.019088745	-118.237129211	68.6	
T	34.019084930	-118.237121582	68.6	
T	34.019084930	-118.237113953	68.6	
T	34.019084930	-118.237098694	68.6	
T	34.019081116	-118.237098694	68.6	
T	34.019084930	-118.237091064	68.6	
T	34.019084930	-118.237098694	68.6	
T	34.019081116	-118.237098694	68.6	
T	34.019081116	-118.237091064	68.6	
T	34.019084930	-118.237098694	68.6	
T	34.019081116	-118.237098694	68.6	
T	34.019081116	-118.237091064	68.6	
T	34.019081116	-118.237091064	68.6	
T	34.019081116	-118.237091064	68.6	
T	34.019077301	-118.237121582	68.6	
T	34.019084930	-118.237121582	68.6	
T	34.019088745	-118.237121582	68.6	
T	34.019088745	-118.237121582	68.6	
T	34.019134521	-118.237136841	68.7	
T	34.019138336	-118.237136841	68.7	
T	34.019138336	-118.237136841	68.7	
T	34.019138336	-118.237136841	68.7	
T	34.019168854	-118.237129211	68.7	
T	34.019165039	-118.237129211	68.7	
T	34.019161224	-118.237121582	68.7	
T	34.019157410	-118.237121582	68.7	
T	34.019153595	-118.237129211	68.7	
T	34.019157410	-118.237129211	68.7	
T	34.019153595	-118.237129211	68.7	
T	34.019153595	-118.237129211	68.7	
T	34.019165039	-118.237243652	68.7	
T	34.019161224	-118.237236023	68.7	
T	34.019161224	-118.237236023	68.7	
T	34.019153595	-118.237266541	68.7	
T	34.019153595	-118.237266541	68.7	
T	34.019153595	-118.237274170	68.7	
T	34.019157410	-118.237274170	68.7	
T	34.019157410	-118.237274170	68.7	
T	34.019157410	-118.237274170	68.7	
T	34.019191742	-118.237174988	68.7	
T	34.019191742	-118.237167358	68.7	
T	34.019191742	-118.237159729	68.7	
T	34.019191742	-118.237159729	68.7	
T	34.019126892	-118.237205505	68.7	
T	34.019123077	-118.237205505	68.7	
T	34.019123077	-118.237197876	68.7	
T	34.019123077	-118.237205505	68.7	
T	34.019126892	-118.237197876	68.7	
T	34.019126892	-118.237197876	68.7	
T	34.019126892	-118.237197876	68.7	
T	34.019123077	-118.237152100	68.7	
T	34.019123077	-118.237144470	68.7	
T	34.019123077	-118.237144470	68.7	
T	34.019191742	-118.237220764	68.7	
T	34.019187927	-118.237228394	68.7	
T	34.019184113	-118.237228394	68.7	
T	34.019184113	-118.237228394	68.7	
T	34.019134521	-118.237136841	68.7	
T	34.019134521	-118.237144470	68.7	
T	34.019130707	-118.237144470	68.7	
T	34.019111633	-118.237144470	68.7	
T	34.019107819	-118.237144470	68.7	
T	34.019107819	-118.237152100	68.7	
T	34.019111633	-118.237152100	68.7	
T	34.019111633	-118.237152100	68.7	
T	34.019111633	-118.237152100	68.7	
T	34.019084930	-118.237251282	68.6	
T	34.019081116	-118.237258911	68.6	
T	34.019077301	-118.237258911	68.6	
T	34.019073486	-118.237251282	68.6	
T	34.019073486	-118.237251282	68.6	
T	34.019073486	-118.237251282	68.6	
T	34.019130707	-118.237167358	68.7	
T	34.019130707	-118.237159729	68.7	
T	34.019134521	-118.237159729	68.7	
T	34.019138336	-118.237152100	68.7	
T	34.019142151	-118.237144470	68.7	
T	34.019145966	-118.237136841	68.7	
T	34.019149780	-118.237129211	68.7	
T	34.019153595	-118.237121582	68.7	
T	34.019157410	-118.237121582	68.7	
T	34.019161224	-118.237129211	68.7	
T	34.019165039	-118.237129211	68.7	
T	34.019168854	-118.237136841	68.7	
T	34.019172668	-118.237136841	68.7	
T	34.019176483	-118.237136841	68.7	
T	34.019180298	-118.237136841	68.7	
T	34.019180298	-118.237144470	68.7	
T	34.019176483	-118.237136841	68.7	
T	34.019172668	-118.237136841	68.7	
T	34.019165039	-118.237129211	68.7	
T	34.019161224	-118.237129211	68.7	
T	34.019161224	-118.237136841	68.7	
T	34.019157410	-118.237144470	68.7	
T	34.019153595	-118.237144470	68.7	
T	34.019149780	-118.237152100	68.7	
T	34.019149780	-118.237152100	68.7	
T	34.019149780	-118.237152100	68.7	
T	34.019073486	-118.237205505	68.6	
T	34.019073486	-118.237205505	68.6	
T	34.019073486	-118.237205505	68.6	
T	34.019107819	-118.237190247	68.7	
T	34.019115448	-118.237190247	68.7	
T	34.019119263	-118.237190247	68.7	
T	34.019123077	-118.237197876	68.7	
T	34.019126892	-118.237197876	68.7	
T	34.019134521	-118.237197876	68.7	
T	34.019134521	-118.237205505	68.7	
T	34.019138336	-118.237205505	68.7	
T	34.019142151	-118.237205505	68.7	
T	34.019145966	-118.237213135	68.7	
T	34.019149780	-118.237213135	68.7	
T	34.019149780	-118.237213135	68.7	
T	34.019165039	-118.237213135	68.7	
T	34.019168854	-118.237213135	68.7	
T	34.019172668	-118.237213135	68.7	
T	34.019176483	-118.237213135	68.7	
T	34.019180298	-118.237220764	68.7	
T	34.019184113	-118.237220764	68.7	
T	34.019184113	-118.237213135	68.7	
T	34.019187927	-118.237213135	68.7	
T	34.019191742	-118.237213135	68.7	
T	34.019195557	-118.237220764	68.7	
T	34.019203186	-118.237228394	68.7	
T	34.019207001	-118.237228394	68.7	
T	34.019210815	-118.237228394	68.7	
T	34.019214630	-118.237228394	68.7	
T	34.019218445	-118.237228394	68.7	
T	34.019218445	-118.237236023	68.7	
T	34.019222260	-118.237236023	68.7	
T	34.019226074	-118.237243652	68.7	
T	34.019229889	-118.237251282	68.7	
T	34.019233704	-118.237258911	68.7	
T	34.019222260	-118.237266541	68.7	
T	34.019210815	-118.237274170	68.7	
T	34.019203186	-118.237281799	68.7	
T	34.019199371	-118.237281799	68.7	
T	34.019195557	-118.237281799	68.7	
T	34.019191742	-118.237281799	68.7	
T	34.019191742	-118.237281799	68.7	
T	34.019145966	-118.237190247	68.7	
T	34.019142151	-118.237182617	68.7	
T	34.019138336	-118.237174988	68.7	
T	34.019130707	-118.237174988	68.7	
T	34.019126892	-118.237174988	68.7	
T	34.019126892	-118.237167358	68.7	
T	34.019123077	-118.237159729	68.7	
T	34.019119263	-118.237159729	68.7	
T	34.019115448	-118.237159729	68.7	
T	34.019111633	-118.237159729	68.7	
T	34.019107819	-118.237167358	68.7	
T	34.019104004	-118.237167358	68.7	
T	34.019092560	-118.237182617	68.6	
T	34.019088745	-118.237190247	68.6	
T	34.019084930	-118.237190247	68.6	
T	34.019081116	-118.237197876	68.6	
T	34.019077301	-118.237197876	68.6	
T	34.019073486	-118.237197876	68.6	
T	34.019069672	-118.237197876	68.6	
T	34.019062042	-118.237197876	68.6	
T	34.019058228	-118.237205505	68.6	
T	34.019054413	-118.237205505	68.6	
T	34.019050598	-118.237213135	68.6	
T	34.019046783	-118.237213135	68.6	
T	34.019042969	-118.237213135	68.6	
T	34.019046783	-118.237213135	68.6	
T	34.019050598	-118.237213135	68.6	
T	34.019050598	-118.237213135	68.6	
T	34.019050598	-118.237213135	68.6	
T	34.019123077	-118.237136841	68.7	
T	34.019119263	-118.237136841	68.7	
T	34.019119263	-118.237129211	68.7	
T	34.019119263	-118.237129211	68.7	
T	34.019165039	-118.237136841	68.7	
T	34.019161224	-118.237136841	68.7	
T	34.019161224	-118.237144470	68.7	
T	34.019157410	-118.237152100	68.7	
T	34.019157410	-118.237152100	68.7	
T	34.019157410	-118.237152100	68.7	
T	34.019092560	-118.237182617	68.6	
T	34.019084930	-118.237174988	68.6	
T	34.019084930	-118.237167358	68.6	
T	34.019081116	-118.237159729	68.6	
T	34.019077301	-118.237152100	68.6	
T	34.019077301	-118.237144470	68.6	
T	34.019077301	-118.237136841	68.6	
T	34.019073486	-118.237136841	68.6	
T	34.019077301	-118.237129211	68.6	
T	34.019077301	-118.237121582	68.6	
T	34.019084930	-118.237129211	68.6	
T	34.019081116	-118.237129211	68.6	
T	34.019081116	-118.237121582	68.6	
T	34.019081116	-118.237121582	68.6	
T	34.019081116	-118.237121582	68.6	
T	34.019081116	-118.237091064	68.6	
T	34.019081116	-118.237083435	68.6	
T	34.019081116	-118.237083435	68.6	
T	34.019126892	-118.237121582	68.7	
T	34.019134521	-118.237129211	68.7	
T	34.019138336	-118.237136841	68.7	
T	34.019142151	-118.237144470	68.7	
T	34.019149780	-118.237144470	68.7	
T	34.019138336	-118.237136841	68.7	
T	34.019126892	-118.237129211	68.7	
T	34.019130707	-118.237129211	68.7	
T	34.019134521	-118.237129211	68.7	
T	34.019134521	-118.237129211	68.7	
T	34.019134521	-118.237129211	68.7	
T	34.019123077	-118.237121582	68.7	
T	34.019126892	-118.237121582	68.7	
T	34.019130707	-118.237121582	68.7	
T	34.019134521	-118.237129211	68.7	
T	34.019134521	-118.237129211	68.7	
T	34.019107819	-118.237182617	68.7	
T	34.019104004	-118.237182617	68.7	
T	34.019107819	-118.237190247	68.7	
T	34.019107819	-118.237197876	68.7	
T	34.019104004	-118.237197876	68.7	
T	34.019100189	-118.237197876	68.7	
T	34.019092560	-118.237190247	68.6	
T	34.019088745	-118.237182617	68.6	
T	34.019081116	-118.237174988	68.6	
T	34.019077301	-118.237167358	68.6	
T	34.019073486	-118.237167358	68.6	
T	34.019065857	-118.237159729	68.6	
T	34.019058228	-118.237152100	68.6	
T	34.019058228	-118.237144470	68.6	
T	34.019054413	-118.237136841	68.6	
T	34.019046783	-118.237129211	68.6	
T	34.019042969	-118.237121582	68.6	
T	34.019035339	-118.237113953	68.6	
T	34.019031525	-118.237106323	68.6	
T	34.019031525	-118.237098694	68.6	
T	34.019027710	-118.237091064	68.6	
T	34.019027710	-118.237098694	68.6	
T	34.019039154	-118.237106323	68.6	
T	34.019042969	-118.237106323	68.6	
T	34.019046783	-118.237113953	68.6	
T	34.019042969	-118.237113953	68.6	
T	34.019042969	-118.237106323	68.6	
T	34.019042969	-118.237106323	68.6	
T	34.019027710	-118.237098694	68.6	
T	34.019023895	-118.237098694	68.6	
T	34.019020081	-118.237098694	68.6	
T	34.019016266	-118.237098694	68.6	
T	34.019012451	-118.237098694	68.6	
T	34.019012451	-118.237091064	68.6	
T	34.019012451	-118.237083435	68.6	
T	34.019012451	-118.237083435	68.6	
T	34.019096375	-118.237129211	68.6	
T	34.019104004	-118.237129211	68.7	
T	34.019107819	-118.237136841	68.7	
T	34.019111633	-118.237136841	68.7	
T	34.019111633	-118.237136841	68.7	
T	34.019111633	-118.237136841	68.7	
T	34.019199371	-118.237152100	68.7	
T	34.019203186	-118.237152100	68.7	
T	34.019207001	-118.237159729	68.7	
T	34.019207001	-118.237167358	68.7	
T	34.019210815	-118.237174988	68.7	
T	34.019210815	-118.237182617	68.7	
T	34.019210815	-118.237190247	68.7	
T	34.019214630	-118.237190247	68.7	
T	34.019218445	-118.237197876	68.7	
T	34.019214630	-118.237197876	68.7	
T	34.019218445	-118.237197876	68.7	
T	34.019222260	-118.237197876	68.7	
T	34.019226074	-118.237197876	68.7	
T	34.019229889	-118.237197876	68.7	
T	34.019233704	-118.237205505	68.7	
T	34.019237518	-118.237205505	68.8	
T	34.019233704	-118.237205505	68.7	
T	34.019229889	-118.237197876	68.7	
T	34.019226074	-118.237197876	68.7	
T	34.019226074	-118.237190247	68.7	
T	34.019229889	-118.237197876	68.7	
T	34.019226074	-118.237197876	68.7	
T	34.019222260	-118.237190247	68.7	
T	34.019222260	-118.237182617	68.7	
T	34.019218445	-118.237174988	68.7	
T	34.019218445	-118.237167358	68.7	
T	34.019222260	-118.237167358	68.7	
T	34.019226074	-118.237167358	68.7	
T	34.019226074	-118.237159729	68.7	
T	34.019218445	-118.237152100	68.7	
T	34.019222260	-118.237152100	68.7	
T	34.019226074	-118.237152100	68.7	
T	34.019226074	-118.237152100	68.7	
T	34.019226074	-118.237152100	68.7	
T	34.019214630	-118.237228394	68.7	
T	34.019210815	-118.237228394	68.7	
T	34.019207001	-118.237228394	68.7	
T	34.019203186	-118.237228394	68.7	
T	34.019203186	-118.237228394	68.7	
T	34.019203186	-118.237228394	68.7	
T	34.019126892	-118.237152100	68.7	
T	34.019126892	-118.237152100	68.7	
T	34.019176483	-118.237243652	68.7	
T	34.019184113	-118.237243652	68.7	
T	34.019187927	-118.237243652	68.7	
T	34.019191742	-118.237251282	68.7	
T	34.019191742	-118.237251282	68.7	
T	34.019149780	-118.237152100	68.7	
T	34.019145966	-118.237136841	68.7	
T	34.019142151	-118.237136841	68.7	
T	34.019138336	-118.237129211	68.7	
T	34.019138336	-118.237129211	68.7	
T	34.019138336	-118.237129211	68.7	
T	34.019157410	-118.237251282	68.7	
T	34.019161224	-118.237274170	68.7	
T	34.019157410	-118.237274170	68.7	
T	34.019157410	-118.237274170	68.7	
T	34.019157410	-118.237274170	68.7	
T	34.019233704	-118.237350464	68.7	
T	34.019245148	-118.237373352	68.8	
T	34.019248962	-118.237388611	68.8	
T	34.019252777	-118.237396240	68.8	
T	34.019252777	-118.237396240	68.8	
T	34.019187927	-118.237319946	68.7	
T	34.019184113	-118.237319946	68.7	
T	34.019187927	-118.237319946	68.7	
T	34.019187927	-118.237319946	68.7	
T	34.019191742	-118.237274170	68.7	
T	34.019165039	-118.237236023	68.7	
T	34.019157410	-118.237228394	68.7	
T	34.019149780	-118.237220764	68.7	
T	34.019145966	-118.237220764	68.7	
T	34.019142151	-118.237228394	68.7	
T	34.019138336	-118.237228394	68.7	
T	34.019134521	-118.237228394	68.7	
T	34.019138336	-118.237228394	68.7	
T	34.019134521	-118.237236023	68.7	
T	34.019134521	-118.237243652	68.7	
T	34.019130707	-118.237243652	68.7	
T	34.019126892	-118.237236023	68.7	
T	34.019123077	-118.237236023	68.7	
T	34.019115448	-118.237236023	68.7	
T	34.019111633	-118.237236023	68.7	
T	34.019119263	-118.237258911	68.7	
T	34.019130707	-118.237289429	68.7	
T	34.019134521	-118.237289429	68.7	
T	34.019134521	-118.237281799	68.7	
T	34.019130707	-118.237289429	68.7	
T	34.019130707	-118.237297058	68.7	
T	34.019138336	-118.237304688	68.7	
T	34.019138336	-118.237297058	68.7	
T	34.019134521	-118.237297058	68.7	
T	34.019130707	-118.237289429	68.7	
T	34.019126892	-118.237274170	68.7	
T	34.019126892	-118.237266541	68.7	
T	34.019123077	-118.237258911	68.7	
T	34.019115448	-118.237251282	68.7	
T	34.019107819	-118.237243652	68.7	
T	34.019100189	-118.237228394	68.7	
T	34.019092560	-118.237220764	68.6	
T	34.019088745	-118.237213135	68.6	
T	34.019084930	-118.237213135	68.6	
T	34.019077301	-118.237197876	68.6	
T	34.019065857	-118.237182617	68.6	
T	34.019058228	-118.237167358	68.6	
T	34.019058228	-118.237182617	68.6	
T	34.019058228	-118.237190247	68.6	
T	34.019062042	-118.237197876	68.6	
T	34.019065857	-118.237205505	68.6	
T	34.019073486	-118.237228394	68.6	
T	34.019073486	-118.237251282	68.6	
T	34.019077301	-118.237266541	68.6	
T	34.019081116	-118.237281799	68.6	
T	34.019084930	-118.237297058	68.6	
T	34.019092560	-118.237312317	68.6	
T	34.019100189	-118.237319946	68.7	
T	34.019100189	-118.237327576	68.7	
T	34.019104004	-118.237335205	68.7	
T	34.019115448	-118.237350464	68.7	
T	34.019119263	-118.237358093	68.7	
T	34.019123077	-118.237358093	68.7	
T	34.019123077	-118.237358093	68.7	
T	34.019123077	-118.237358093	68.7	
T	34.019218445	-118.237380981	68.7	
T	34.019222260	-118.237380981	68.7	
T	34.019226074	-118.237380981	68.8	
T	34.019229889	-118.237388611	68.8	
T	34.019241333	-118.237396240	68.8	
T	34.019245148	-118.237396240	68.8	
T	34.019241333	-118.237403870	68.8	
T	34.019241333	-118.237396240	68.8	
T	34.019241333	-118.237396240	68.8	
T	34.019191742	-118.237304688	68.7	
T	34.019195557	-118.237304688	68.7	
T	34.019195557	-118.237297058	68.7	
T	34.019195557	-118.237289429	68.7	
T	34.019195557	-118.237289429	68.7	
T	34.019130707	-118.237236023	68.7	
T	34.019126892	-118.237236023	68.7	
T	34.019123077	-118.237236023	68.7	
T	34.019119263	-118.237228394	68.7	
T	34.019115448	-118.237220764	68.7	
T	34.019111633	-118.237220764	68.7	
T	34.019096375	-118.237213135	68.6	
T	34.019100189	-118.237213135	68.7	
T	34.019115448	-118.237236023	68.7	
T	34.019126892	-118.237251282	68.7	
T	34.019123077	-118.237266541	68.7	
T	34.019123077	-118.237258911	68.7	
T	34.019123077	-118.237251282	68.7	
T	34.019119263	-118.237243652	68.7	
T	34.019115448	-118.237236023	68.7	
T	34.019115448	-118.237243652	68.7	
T	34.019111633	-118.237243652	68.7	
T	34.019107819	-118.237243652	68.7	
T	34.019104004	-118.237243652	68.7	
T	34.019107819	-118.237243652	68.7	
T	34.019107819	-118.237251282	68.7	
T	34.019107819	-118.237251282	68.7	
T	34.019088745	-118.237197876	68.6	
T	34.019084930	-118.237190247	68.6	
T	34.019084930	-118.237182617	68.6	
T	34.019077301	-118.237152100	68.6	
T	34.019073486	-118.237152100	68.6	
T	34.019077301	-118.237152100	68.6	
T	34.019073486	-118.237152100	68.6	
T	34.019073486	-118.237152100	68.6	
T	34.019062042	-118.237152100	68.6	
T	34.019065857	-118.237152100	68.6	
T	34.019065857	-118.237152100	68.6	
T	34.019138336	-118.237220764	68.7	
T	34.019142151	-118.237220764	68.7	
T	34.019149780	-118.237228394	68.7	
T	34.019149780	-118.237236023	68.7	
T	34.019153595	-118.237243652	68.7	
T	34.019153595	-118.237236023	68.7	
T	34.019153595	-118.237236023	68.7	
T	34.019191742	-118.237281799	68.7	
T	34.019191742	-118.237289429	68.7	
T	34.019195557	-118.237289429	68.7	
T	34.019199371	-118.237297058	68.7	
T	34.019203186	-118.237297058	68.7	
T	34.019207001	-118.237297058	68.7	
T	34.019199371	-118.237297058	68.7	
T	34.019195557	-118.237297058	68.7	
T	34.019195557	-118.237304688	68.7	
T	34.019191742	-118.237304688	68.7	
T	34.019191742	-118.237312317	68.7	
T	34.019187927	-118.237312317	68.7	
T	34.019184113	-118.237312317	68.7	
T	34.019184113	-118.237312317	68.7	
T	34.019184113	-118.237312317	68.7	
T	34.019111633	-118.237220764	68.7	
T	34.019100189	-118.237205505	68.7	
T	34.019092560	-118.237190247	68.6	
T	34.019092560	-118.237174988	68.6	
T	34.019084930	-118.237152100	68.6	
T	34.019084930	-118.237144470	68.6	
T	34.019084930	-118.237136841	68.6	
T	34.019081116	-118.237136841	68.6	
T	34.019077301	-118.237136841	68.6	
T	34.019073486	-118.237136841	68.6	
T	34.019069672	-118.237129211	68.6	
T	34.019065857	-118.237129211	68.6	
T	34.019062042	-118.237129211	68.6	
T	34.019058228	-118.237121582	68.6	
T	34.019054413	-118.237121582	68.6	
T	34.019050598	-118.237121582	68.6	
T	34.019046783	-118.237121582	68.6	
T	34.019042969	-118.237121582	68.6	
T	34.019042969	-118.237113953	68.6	
T	34.019039154	-118.237113953	68.6	
T	34.019035339	-118.237106323	68.6	
T	34.019031525	-118.237106323	68.6	
T	34.019027710	-118.237098694	68.6	
T	34.019027710	-118.237106323	68.6	
T	34.019023895	-118.237106323	68.6	
T	34.019020081	-118.237098694	68.6	
T	34.019023895	-118.237098694	68.6	
T	34.019062042	-118.237136841	68.6	
T	34.019077301	-118.237144470	68.6	
T	34.019077301	-118.237144470	68.6	
T	34.019077301	-118.237144470	68.6	
T	34.019130707	-118.237167358	68.7	
T	34.019130707	-118.237174988	68.7	
T	34.019130707	-118.237167358	68.7	
T	34.019126892	-118.237167358	68.7	
T	34.019126892	-118.237167358	68.7	
T	34.019126892	-118.237167358	68.7	
T	34.019130707	-118.237167358	68.7	
T	34.019126892	-118.237167358	68.7	
T	34.019123077	-118.237174988	68.7	
T	34.019119263	-118.237174988	68.7	
T	34.019115448	-118.237174988	68.7	
T	34.019111633	-118.237182617	68.7	
T	34.019107819	-118.237190247	68.7	
T	34.019104004	-118.237190247	68.7	
T	34.019104004	-118.237197876	68.7	
T	34.019100189	-118.237197876	68.7	
T	34.019100189	-118.237205505	68.7	
T	34.019100189	-118.237213135	68.7	
T	34.019096375	-118.237220764	68.6	
T	34.019092560	-118.237220764	68.6	
T	34.019088745	-118.237220764	68.6	
T	34.019088745	-118.237228394	68.6	
T	34.019088745	-118.237220764	68.6	
T	34.019084930	-118.237228394	68.6	
T	34.019084930	-118.237228394	68.6	
T	34.019145966	-118.237251282	68.7	
T	34.019149780	-118.237243652	68.7	
T	34.019157410	-118.237243652	68.7	
T	34.019161224	-118.237243652	68.7	
T	34.019161224	-118.237236023	68.7	
T	34.019165039	-118.237236023	68.7	
T	34.019168854	-118.237236023	68.7	
T	34.019172668	-118.237228394	68.7	
T	34.019176483	-118.237228394	68.7	
T	34.019172668	-118.237220764	68.7	
T	34.019172668	-118.237228394	68.7	
T	34.019172668	-118.237228394	68.7	
T	34.019172668	-118.237228394	68.7	
T	34.019153595	-118.237174988	68.7	
T	34.019157410	-118.237174988	68.7	
T	34.019161224	-118.237174988	68.7	
T	34.019165039	-118.237174988	68.7	
T	34.019161224	-118.237174988	68.7	
T	34.019161224	-118.237174988	68.7	
T	34.019069672	-118.237174988	68.6	
T	34.019069672	-118.237167358	68.6	
T	34.019065857	-118.237159729	68.6	
T	34.019062042	-118.237159729	68.6	
T	34.019062042	-118.237159729	68.6	
T	34.019096375	-118.237144470	68.6	
T	34.019100189	-118.237144470	68.7	
T	34.019104004	-118.237136841	68.7	
T	34.019111633	-118.237136841	68.7	
T	34.019119263	-118.237144470	68.7	
T	34.019126892	-118.237136841	68.7	
T	34.019126892	-118.237144470	68.7	
T	34.019130707	-118.237144470	68.7	
T	34.019138336	-118.237136841	68.7	
T	34.019142151	-118.237136841	68.7	
T	34.019149780	-118.237136841	68.7	
T	34.019153595	-118.237129211	68.7	
T	34.019161224	-118.237129211	68.7	
T	34.019165039	-118.237129211	68.7	
T	34.019168854	-118.237129211	68.7	
T	34.019172668	-118.237136841	68.7	
T	34.019176483	-118.237136841	68.7	
T	34.019184113	-118.237136841	68.7	
T	34.019187927	-118.237136841	68.7	
T	34.019191742	-118.237129211	68.7	
T	34.019187927	-118.237121582	68.7	
T	34.019184113	-118.237121582	68.7	
T	34.019180298	-118.237121582	68.7	
T	34.019176483	-118.237121582	68.7	
T	34.019180298	-118.237121582	68.7	
T	34.019180298	-118.237113953	68.7	
T	34.019176483	-118.237113953	68.7	
T	34.019180298	-118.237113953	68.7	
T	34.019176483	-118.237113953	68.7	
T	34.019172668	-118.237121582	68.7	
T	34.019168854	-118.237121582	68.7	
T	34.019165039	-118.237106323	68.7	
T	34.019157410	-118.237106323	68.7	
T	34.019153595	-118.237113953	68.7	
T	34.019149780	-118.237113953	68.7	
T	34.019149780	-118.237113953	68.7	
T	34.019149780	-118.237113953	68.7	
T	34.019081116	-118.237190247	68.6	
T	34.019084930	-118.237190247	68.6	
T	34.019084930	-118.237190247	68.6	
T	34.019065857	-118.237205505	68.6	
T	34.019062042	-118.237213135	68.6	
T	34.019062042	-118.237220764	68.6	
T	34.019062042	-118.237220764	68.6	
T	34.019042969	-118.237236023	68.6	
T	34.019039154	-118.237236023	68.6	
T	34.019042969	-118.237236023	68.6	
T	34.019039154	-118.237228394	68.6	
T	34.019039154	-118.237228394	68.6	
T	34.019042969	-118.237197876	68.6	
T	34.019039154	-118.237197876	68.6	
T	34.019035339	-118.237197876	68.6	
T	34.019039154	-118.237197876	68.6	
T	34.019042969	-118.237197876	68.6	
T	34.019042969	-118.237197876	68.6	
T	34.019134521	-118.237182617	68.7	
T	34.019130707	-118.237182617	68.7	
T	34.019126892	-118.237174988	68.7	
T	34.019126892	-118.237167358	68.7	
T	34.019126892	-118.237167358	68.7	
T	34.019039154	-118.237144470	68.6	
T	34.019035339	-118.237144470	68.6	
T	34.019046783	-118.237144470	68.6	
T	34.019046783	-118.237144470	68.6	
T	34.019046783	-118.237144470	68.6	
T	34.019134521	-118.237182617	68.7	
T	34.019138336	-118.237182617	68.7	
T	34.019142151	-118.237182617	68.7	
T	34.019145966	-118.237182617	68.7	
T	34.019145966	-118.237182617	68.7	
T	34.019130707	-118.237174988	68.7	
T	34.019123077	-118.237174988	68.7	
T	34.019119263	-118.237182617	68.7	
T	34.019115448	-118.237182617	68.7	
T	34.019107819	-118.237182617	68.7	
T	34.019100189	-118.237182617	68.7	
T	34.019096375	-118.237190247	68.6	
T	34.019092560	-118.237197876	68.6	
T	34.019088745	-118.237197876	68.6	
T	34.019084930	-118.237205505	68.6	
T	34.019081116	-118.237213135	68.6	
T	34.019077301	-118.237213135	68.6	
T	34.019073486	-118.237213135	68.6	
T	34.019069672	-118.237220764	68.6	
T	34.019069672	-118.237213135	68.6	
T	34.019065857	-118.237205505	68.6	
T	34.019062042	-118.237197876	68.6	
T	34.019058228	-118.237197876	68.6	
T	34.019058228	-118.237190247	68.6	
T	34.019062042	-118.237190247	68.6	
T	34.019065857	-118.237190247	68.6	
T	34.019065857	-118.237190247	68.6	
T	34.019092560	-118.237159729	68.6	
T	34.019096375	-118.237167358	68.6	
T	34.019100189	-118.237174988	68.7	
T	34.019100189	-118.237167358	68.7	
T	34.019104004	-118.237167358	68.7	
T	34.019104004	-118.237167358	68.7	
T	34.019104004	-118.237167358	68.7	
T	34.019115448	-118.237159729	68.7	
T	34.019107819	-118.237159729	68.7	
T	34.019104004	-118.237159729	68.7	
T	34.019100189	-118.237159729	68.7	
T	34.019100189	-118.237159729	68.7	
T	34.019100189	-118.237159729	68.7	
T	34.019081116	-118.237205505	68.6	
T	34.019073486	-118.237213135	68.6	
T	34.019069672	-118.237213135	68.6	
T	34.019065857	-118.237220764	68.6	
T	34.019062042	-118.237213135	68.6	
T	34.019058228	-118.237213135	68.6	
T	34.019050598	-118.237213135	68.6	
T	34.019046783	-118.237213135	68.6	
T	34.019042969	-118.237213135	68.6	
T	34.019039154	-118.237220764	68.6	
T	34.019042969	-118.237220764	68.6	
T	34.019042969	-118.237228394	68.6	
T	34.019042969	-118.237228394	68.6	
T	34.019042969	-118.237228394	68.6	
T	34.019126892	-118.237190247	68.7	
T	34.019123077	-118.237190247	68.7	
T	34.019119263	-118.237190247	68.7	
T	34.019119263	-118.237190247	68.7	
T	34.019088745	-118.237113953	68.6	
T	34.019092560	-118.237106323	68.6	
T	34.019096375	-118.237106323	68.6	
T	34.019104004	-118.237106323	68.7	
T	34.019107819	-118.237106323	68.7	
T	34.019111633	-118.237106323	68.7	
T	34.019115448	-118.237106323	68.7	
T	34.019123077	-118.237098694	68.7	
T	34.019123077	-118.237106323	68.7	
T	34.019126892	-118.237106323	68.7	
T	34.019123077	-118.237106323	68.7	
T	34.019119263	-118.237106323	68.7	
T	34.019119263	-118.237106323	68.7	
T	34.019119263	-118.237106323	68.7	
T	34.019149780	-118.237068176	68.7	
T	34.019145966	-118.237068176	68.7	
T	34.019142151	-118.237068176	68.7	
T	34.019138336	-118.237068176	68.7	
T	34.019138336	-118.237068176	68.7	
T	34.019138336	-118.237068176	68.7	
T	34.019065857	-118.237144470	68.6	
T	34.019058228	-118.237144470	68.6	
T	34.019054413	-118.237136841	68.6	
T	34.019058228	-118.237136841	68.6	
T	34.019062042	-118.237136841	68.6	
T	34.019062042	-118.237136841	68.6	
T	34.019062042	-118.237136841	68.6	
T	34.018997192	-118.237174988	68.6	
T	34.018993378	-118.237174988	68.6	
T	34.018993378	-118.237182617	68.6	
T	34.018989563	-118.237182617	68.6	
T	34.018989563	-118.237190247	68.6	
T	34.018989563	-118.237197876	68.6	
T	34.018989563	-118.237205505	68.6	
T	34.018993378	-118.237197876	68.6	
T	34.018997192	-118.237197876	68.6	
T	34.019004822	-118.237197876	68.6	
T	34.019004822	-118.237190247	68.6	
T	34.019008636	-118.237190247	68.6	
T	34.019008636	-118.237190247	68.6	
T	34.019039154	-118.237159729	68.6	
T	34.019035339	-118.237159729	68.6	
T	34.019031525	-118.237159729	68.6	
T	34.019023895	-118.237159729	68.6	
T	34.019027710	-118.237159729	68.6	
T	34.019023895	-118.237159729	68.6	
T	34.019023895	-118.237152100	68.6	
T	34.019031525	-118.237152100	68.6	
T	34.019031525	-118.237152100	68.6	
T	34.019069672	-118.237159729	68.6	
T	34.019073486	-118.237159729	68.6	
T	34.019073486	-118.237152100	68.6	
T	34.019077301	-118.237152100	68.6	
T	34.019081116	-118.237152100	68.6	
T	34.019084930	-118.237144470	68.6	
T	34.019088745	-118.237144470	68.6	
T	34.019092560	-118.237144470	68.6	
T	34.019088745	-118.237136841	68.6	
T	34.019096375	-118.237136841	68.6	
T	34.019100189	-118.237136841	68.7	
T	34.019104004	-118.237129211	68.7	
T	34.019111633	-118.237129211	68.7	
T	34.019126892	-118.237129211	68.7	
T	34.019134521	-118.237121582	68.7	
T	34.019138336	-118.237113953	68.7	
T	34.019142151	-118.237113953	68.7	
T	34.019149780	-118.237106323	68.7	
T	34.019149780	-118.237098694	68.7	
T	34.019149780	-118.237091064	68.7	
T	34.019149780	-118.237098694	68.7	
T	34.019149780	-118.237091064	68.7	
T	34.019149780	-118.237098694	68.7	
T	34.019149780	-118.237091064	68.7	
T	34.019145966	-118.237091064	68.7	
T	34.019145966	-118.237098694	68.7	
T	34.019149780	-118.237098694	68.7	
T	34.019153595	-118.237098694	68.7	
T	34.019157410	-118.237098694	68.7	
T	34.019153595	-118.237091064	68.7	
T	34.019157410	-118.237091064	68.7	
T	34.019157410	-118.237098694	68.7	
T	34.019153595	-118.237098694	68.7	
T	34.019153595	-118.237098694	68.7	
T	34.019100189	-118.237190247	68.7	
T	34.019100189	-118.237190247	68.7	
T	34.019107819	-118.237213135	68.7	
T	34.019100189	-118.237220764	68.7	
T	34.019104004	-118.237220764	68.7	
T	34.019100189	-118.237220764	68.7	
T	34.019096375	-118.237228394	68.6	
T	34.019088745	-118.237220764	68.6	
T	34.019084930	-118.237228394	68.6	
T	34.019081116	-118.237228394	68.6	
T	34.019084930	-118.237228394	68.6	
T	34.019084930	-118.237236023	68.6	
T	34.019081116	-118.237236023	68.6	
T	34.019081116	-118.237228394	68.6	
T	34.019077301	-118.237228394	68.6	
T	34.019081116	-118.237228394	68.6	
T	34.019077301	-118.237228394	68.6	
T	34.019077301	-118.237228394	68.6	
T	34.019077301	-118.237228394	68.6	
T	34.019062042	-118.237174988	68.6	
T	34.019062042	-118.237182617	68.6	
T	34.019058228	-118.237174988	68.6	
T	34.019058228	-118.237182617	68.6	
T	34.019050598	-118.237182617	68.6	
T	34.019046783	-118.237182617	68.6	
T	34.019046783	-118.237190247	68.6	
T	34.019039154	-118.237190247	68.6	
T	34.019035339	-118.237190247	68.6	
T	34.019031525	-118.237190247	68.6	
T	34.019027710	-118.237190247	68.6	
T	34.019031525	-118.237197876	68.6	
T	34.019023895	-118.237197876	68.6	
T	34.019020081	-118.237197876	68.6	
T	34.019016266	-118.237197876	68.6	
T	34.019008636	-118.237197876	68.6	
T	34.019012451	-118.237197876	68.6	
T	34.019020081	-118.237197876	68.6	
T	34.019027710	-118.237197876	68.6	
T	34.019020081	-118.237197876	68.6	
T	34.019023895	-118.237190247	68.6	
T	34.019016266	-118.237190247	68.6	
T	34.019020081	-118.237182617	68.6	
T	34.019016266	-118.237182617	68.6	
T	34.019016266	-118.237174988	68.6	
T	34.019020081	-118.237174988	68.6	
T	34.019020081	-118.237167358	68.6	
T	34.019020081	-118.237167358	68.6	
T	34.019050598	-118.237144470	68.6	
T	34.019058228	-118.237136841	68.6	
T	34.019058228	-118.237129211	68.6	
T	34.019065857	-118.237121582	68.6	
T	34.019073486	-118.237113953	68.6	
T	34.019084930	-118.237106323	68.6	
T	34.019081116	-118.237106323	68.6	
T	34.019077301	-118.237106323	68.6	
T	34.019073486	-118.237106323	68.6	
T	34.019058228	-118.237106323	68.6	
T	34.019050598	-118.237113953	68.6	
T	34.019042969	-118.237121582	68.6	
T	34.019042969	-118.237121582	68.6	
T	34.019069672	-118.237152100	68.6	
T	34.019062042	-118.237152100	68.6	
T	34.019062042	-118.237159729	68.6	
T	34.019065857	-118.237159729	68.6	
T	34.019065857	-118.237159729	68.6	
T	34.019065857	-118.237159729	68.6	
T	34.019054413	-118.237220764	68.6	
T	34.019046783	-118.237220764	68.6	
T	34.019042969	-118.237228394	68.6	
T	34.019039154	-118.237228394	68.6	
T	34.019035339	-118.237228394	68.6	
T	34.019031525	-118.237228394	68.6	
T	34.019027710	-118.237228394	68.6	
T	34.019023895	-118.237228394	68.6	
T	34.019020081	-118.237236023	68.6	
T	34.019016266	-118.237236023	68.6	
T	34.019008636	-118.237236023	68.6	
T	34.019004822	-118.237236023	68.6	
T	34.019008636	-118.237236023	68.6	
T	34.019016266	-118.237236023	68.6	
T	34.019020081	-118.237236023	68.6	
T	34.019023895	-118.237228394	68.6	
T	34.019020081	-118.237228394	68.6	
T	34.019023895	-118.237228394	68.6	
T	34.019023895	-118.237236023	68.6	
T	34.019020081	-118.237236023	68.6	
T	34.019023895	-118.237236023	68.6	
T	34.019023895	-118.237228394	68.6	
T	34.019023895	-118.237228394	68.6	
T	34.019023895	-118.237228394	68.6	
T	34.019100189	-118.237174988	68.7	
T	34.019107819	-118.237167358	68.7	
T	34.019104004	-118.237167358	68.7	
T	34.019100189	-118.237167358	68.7	
T	34.019100189	-118.237167358	68.7	
T	34.019100189	-118.237167358	68.7	
T	34.019092560	-118.237136841	68.6	
T	34.019100189	-118.237129211	68.7	
T	34.019104004	-118.237121582	68.7	
T	34.019111633	-118.237121582	68.7	
T	34.019115448	-118.237121582	68.7	
T	34.019130707	-118.237121582	68.7	
T	34.019138336	-118.237121582	68.7	
T	34.019142151	-118.237121582	68.7	
T	34.019149780	-118.237121582	68.7	
T	34.019153595	-118.237121582	68.7	
T	34.019161224	-118.237121582	68.7	
T	34.019168854	-118.237113953	68.7	
T	34.019172668	-118.237113953	68.7	
T	34.019180298	-118.237113953	68.7	
T	34.019184113	-118.237113953	68.7	
T	34.019191742	-118.237113953	68.7	
T	34.019195557	-118.237113953	68.7	
T	34.019199371	-118.237121582	68.7	
T	34.019203186	-118.237121582	68.7	
T	34.019207001	-118.237121582	68.7	
T	34.019210815	-118.237129211	68.7	
T	34.019214630	-118.237136841	68.7	
T	34.019222260	-118.237136841	68.7	
T	34.019226074	-118.237144470	68.7	
T	34.019229889	-118.237144470	68.7	
T	34.019237518	-118.237136841	68.8	
T	34.019241333	-118.237144470	68.8	
T	34.019248962	-118.237136841	68.8	
T	34.019252777	-118.237136841	68.8	
T	34.019256592	-118.237136841	68.8	
T	34.019264221	-118.237144470	68.8	
T	34.019271851	-118.237136841	68.8	
T	34.019268036	-118.237136841	68.8	
T	34.019271851	-118.237136841	68.8	
T	34.019275665	-118.237136841	68.8	
T	34.019279480	-118.237129211	68.8	
T	34.019283295	-118.237121582	68.8	
T	34.019290924	-118.237121582	68.8	
T	34.019298553	-118.237113953	68.8	
T	34.019298553	-118.237106323	68.8	
T	34.019302368	-118.237106323	68.8	
T	34.019306183	-118.237106323	68.8	
T	34.019302368	-118.237106323	68.8	
T	34.019298553	-118.237098694	68.8	
T	34.019298553	-118.237106323	68.8	
T	34.019298553	-118.237098694	68.8	
T	34.019294739	-118.237098694	68.8	
T	34.019290924	-118.237098694	68.8	
T	34.019287109	-118.237098694	68.8	
T	34.019283295	-118.237098694	68.8	
T	34.019279480	-118.237098694	68.8	
T	34.019275665	-118.237098694	68.8	
T	34.019271851	-118.237098694	68.8	
T	34.019268036	-118.237098694	68.8	
T	34.019268036	-118.237098694	68.8	
T	34.019191742	-118.237159729	68.7	
T	34.019184113	-118.237152100	68.7	
T	34.019180298	-118.237159729	68.7	
T	34.019176483	-118.237159729	68.7	
T	34.019176483	-118.237159729	68.7	
T	34.019176483	-118.237159729	68.7	
T	34.019100189	-118.237190247	68.7	
T	34.019092560	-118.237190247	68.6	
T	34.019084930	-118.237197876	68.6	
T	34.019081116	-118.237197876	68.6	
T	34.019077301	-118.237197876	68.6	
T	34.019073486	-118.237197876	68.6	
T	34.019073486	-118.237190247	68.6	
T	34.019073486	-118.237190247	68.6	
T	34.019073486	-118.237190247	68.6	
T	34.019031525	-118.237243652	68.6	
T	34.019023895	-118.237251282	68.6	
T	34.019020081	-118.237251282	68.6	
T	34.019012451	-118.237251282	68.6	
T	34.019008636	-118.237258911	68.6	
T	34.019004822	-118.237266541	68.6	
T	34.019001007	-118.237266541	68.6	
T	34.018997192	-118.237274170	68.6	
T	34.019001007	-118.237274170	68.6	
T	34.019004822	-118.237274170	68.6	
T	34.019012451	-118.237274170	68.6	
T	34.019020081	-118.237274170	68.6	
T	34.019020081	-118.237274170	68.6	
T	34.019104004	-118.237228394	68.7	
T	34.019107819	-118.237228394	68.7	
T	34.019111633	-118.237228394	68.7	
T	34.019111633	-118.237220764	68.7	
T	34.019111633	-118.237220764	68.7	
T	34.019111633	-118.237220764	68.7	
T	34.019176483	-118.237136841	68.7	
T	34.019176483	-118.237144470	68.7	
T	34.019184113	-118.237136841	68.7	
T	34.019191742	-118.237136841	68.7	
T	34.019199371	-118.237129211	68.7	
T	34.019203186	-118.237121582	68.7	
T	34.019210815	-118.237121582	68.7	
T	34.019210815	-118.237121582	68.7	
T	34.019210815	-118.237121582	68.7	
T	34.019245148	-118.237022400	68.7	
T	34.019248962	-118.237014771	68.7	
T	34.019252777	-118.237007141	68.7	
T	34.019252777	-118.237007141	68.7	
T	34.019191742	-118.237091064	68.7	
T	34.019187927	-118.237091064	68.7	
T	34.019184113	-118.237098694	68.7	
T	34.019180298	-118.237106323	68.7	
T	34.019180298	-118.237106323	68.7	
T	34.019180298	-118.237106323	68.7	
T	34.019119263	-118.237197876	68.7	
T	34.019119263	-118.237190247	68.7	
T	34.019111633	-118.237197876	68.7	
T	34.019100189	-118.237213135	68.7	
T	34.019100189	-118.237213135	68.7	
T	34.019100189	-118.237213135	68.7	
T	34.019062042	-118.237312317	68.6	
T	34.019058228	-118.237312317	68.6	
T	34.019062042	-118.237312317	68.6	
T	34.019065857	-118.237312317	68.6	
T	34.019065857	-118.237312317	68.6	
T	34.019065857	-118.237312317	68.6	
T	34.019073486	-118.237358093	68.6	
T	34.019069672	-118.237358093	68.6	
T	34.019065857	-118.237358093	68.6	
T	34.019058228	-118.237358093	68.6	
T	34.019054413	-118.237358093	68.6	
T	34.019042969	-118.237358093	68.6	
T	34.019035339	-118.237358093	68.6	
T	34.019031525	-118.237365723	68.6	
T	34.019027710	-118.237365723	68.6	
T	34.019023895	-118.237358093	68.6	
T	34.019020081	-118.237365723	68.6	
T	34.019016266	-118.237358093	68.6	
T	34.019020081	-118.237358093	68.6	
T	34.019023895	-118.237358093	68.6	
T	34.019023895	-118.237358093	68.6	
T	34.019065857	-118.237350464	68.6	
T	34.019073486	-118.237342834	68.6	
T	34.019077301	-118.237342834	68.6	
T	34.019081116	-118.237335205	68.6	
T	34.019077301	-118.237327576	68.6	
T	34.019073486	-118.237319946	68.6	
T	34.019073486	-118.237312317	68.6	
T	34.019077301	-118.237297058	68.6	
T	34.019084930	-118.237289429	68.6	
T	34.019088745	-118.237274170	68.6	
T	34.019092560	-118.237266541	68.6	
T	34.019096375	-118.237251282	68.6	
T	34.019100189	-118.237251282	68.7	
T	34.019104004	-118.237243652	68.7	
T	34.019111633	-118.237228394	68.7	
T	34.019115448	-118.237220764	68.7	
T	34.019123077	-118.237220764	68.7	
T	34.019130707	-118.237213135	68.7	
T	34.019134521	-118.237205505	68.7	
T	34.019138336	-118.237205505	68.7	
T	34.019142151	-118.237197876	68.7	
T	34.019145966	-118.237190247	68.7	
T	34.019149780	-118.237174988	68.7	
T	34.019157410	-118.237167358	68.7	
T	34.019165039	-118.237159729	68.7	
T	34.019172668	-118.237152100	68.7	
T	34.019176483	-118.237144470	68.7	
T	34.019184113	-118.237136841	68.7	
T	34.019191742	-118.237136841	68.7	
T	34.019199371	-118.237129211	68.7	
T	34.019207001	-118.237129211	68.7	
T	34.019218445	-118.237121582	68.7	
T	34.019229889	-118.237113953	68.7	
T	34.019237518	-118.237106323	68.8	
T	34.019248962	-118.237098694	68.8	
T	34.019245148	-118.237098694	68.8	
T	34.019248962	-118.237098694	68.8	
T	34.019256592	-118.237091064	68.8	
T	34.019264221	-118.237091064	68.8	
T	34.019271851	-118.237083435	68.8	
T	34.019275665	-118.237083435	68.8	
T	34.019275665	-118.237091064	68.8	
T	34.019283295	-118.237083435	68.8	
T	34.019287109	-118.237083435	68.8	
T	34.019290924	-118.237075806	68.8	
T	34.019298553	-118.237075806	68.8	
T	34.019309998	-118.237068176	68.8	
T	34.019313812	-118.237060547	68.8	
T	34.019321442	-118.237060547	68.8	
T	34.019325256	-118.237052917	68.8	
T	34.019321442	-118.237052917	68.8	
T	34.019317627	-118.237052917	68.8	
T	34.019313812	-118.237052917	68.8	
T	34.019317627	-118.237045288	68.8	
T	34.019317627	-118.237037659	68.8	
T	34.019321442	-118.237030029	68.8	
T	34.019325256	-118.237022400	68.8	
T	34.019321442	-118.237030029	68.8	
T	34.019317627	-118.237037659	68.8	
T	34.019317627	-118.237045288	68.8	
T	34.019313812	-118.237045288	68.8	
T	34.019309998	-118.237045288	68.8	
T	34.019306183	-118.237045288	68.8	
T	34.019302368	-118.237045288	68.8	
T	34.019309998	-118.237045288	68.8	
T	34.019309998	-118.237037659	68.8	
T	34.019313812	-118.237030029	68.8	
T	34.019321442	-118.237022400	68.8	
T	34.019325256	-118.237014771	68.8	
T	34.019332886	-118.237007141	68.8	
T	34.019329071	-118.236999512	68.8	
T	34.019325256	-118.236991882	68.8	
T	34.019321442	-118.236991882	68.8	
T	34.019321442	-118.236984253	68.8	
T	34.019313812	-118.236984253	68.8	
T	34.019309998	-118.236984253	68.8	
T	34.019298553	-118.236984253	68.8	
T	34.019287109	-118.236991882	68.8	
T	34.019283295	-118.236984253	68.8	
T	34.019283295	-118.236984253	68.8	
T	34.019191742	-118.237014771	68.7	
T	34.019176483	-118.237022400	68.7	
T	34.019168854	-118.237037659	68.7	
T	34.019168854	-118.237037659	68.7	
T	34.019149780	-118.237068176	68.7	
T	34.019149780	-118.237083435	68.7	
T	34.019145966	-118.237083435	68.7	
T	34.019149780	-118.237091064	68.7	
T	34.019145966	-118.237091064	68.7	
T	34.019142151	-118.237091064	68.7	
T	34.019134521	-118.237098694	68.7	
T	34.019126892	-118.237098694	68.7	
T	34.019126892	-118.237098694	68.7	
T	34.019107819	-118.237129211	68.7	
T	34.019107819	-118.237121582	68.7	
T	34.019107819	-118.237129211	68.7	
T	34.019104004	-118.237129211	68.7	
T	34.019100189	-118.237129211	68.7	
T	34.019092560	-118.237129211	68.6	
T	34.019084930	-118.237136841	68.6	
T	34.019088745	-118.237136841	68.6	
T	34.019088745	-118.237144470	68.6	
T	34.019088745	-118.237144470	68.6	
T	34.019069672	-118.237190247	68.6	
T	34.019065857	-118.237190247	68.6	
T	34.019058228	-118.237197876	68.6	
T	34.019054413	-118.237197876	68.6	
T	34.019050598	-118.237205505	68.6	
T	34.019042969	-118.237205505	68.6	
T	34.019039154	-118.237213135	68.6	
T	34.019031525	-118.237213135	68.6	
T	34.019027710	-118.237220764	68.6	
T	34.019020081	-118.237228394	68.6	
T	34.019016266	-118.237228394	68.6	
T	34.019012451	-118.237228394	68.6	
T	34.019008636	-118.237228394	68.6	
T	34.019001007	-118.237236023	68.6	
T	34.018993378	-118.237243652	68.6	
T	34.018989563	-118.237243652	68.6	
T	34.018985748	-118.237243652	68.6	
T	34.018978119	-118.237251282	68.6	
T	34.018974304	-118.237251282	68.6	
T	34.018966675	-118.237251282	68.6	
T	34.018962860	-118.237251282	68.6	
T	34.018959045	-118.237251282	68.6	
T	34.018959045	-118.237258911	68.6	
T	34.018959045	-118.237266541	68.6	
T	34.018966675	-118.237258911	68.6	
T	34.018966675	-118.237258911	68.6	
T	34.018966675	-118.237258911	68.6	
T	34.019054413	-118.237220764	68.6	
T	34.019058228	-118.237228394	68.6	
T	34.019058228	-118.237228394	68.6	
T	34.019058228	-118.237228394	68.6	
T	34.019023895	-118.237213135	68.6	
T	34.019020081	-118.237213135	68.6	
T	34.019016266	-118.237213135	68.6	
T	34.019023895	-118.237205505	68.6	
T	34.019031525	-118.237197876	68.6	
T	34.019023895	-118.237197876	68.6	
T	34.019020081	-118.237197876	68.6	
T	34.019016266	-118.237190247	68.6	
T	34.019020081	-118.237190247	68.6	
T	34.019023895	-118.237190247	68.6	
T	34.019027710	-118.237190247	68.6	
T	34.019027710	-118.237190247	68.6	
T	34.019027710	-118.237190247	68.6	
T	34.019119263	-118.237182617	68.7	
T	34.019123077	-118.237182617	68.7	
T	34.019126892	-118.237190247	68.7	
T	34.019126892	-118.237190247	68.7	
T	34.019084930	-118.237174988	68.6	
T	34.019077301	-118.237182617	68.6	
T	34.019073486	-118.237182617	68.6	
T	34.019065857	-118.237182617	68.6	
T	34.019058228	-118.237190247	68.6	
T	34.019054413	-118.237190247	68.6	
T	34.019050598	-118.237197876	68.6	
T	34.019046783	-118.237205505	68.6	
T	34.019039154	-118.237205505	68.6	
T	34.019031525	-118.237213135	68.6	
T	34.019027710	-118.237220764	68.6	
T	34.019020081	-118.237228394	68.6	
T	34.019012451	-118.237228394	68.6	
T	34.019008636	-118.237228394	68.6	
T	34.019004822	-118.237236023	68.6	
T	34.019001007	-118.237243652	68.6	
T	34.018997192	-118.237243652	68.6	
T	34.019001007	-118.237243652	68.6	
T	34.019004822	-118.237243652	68.6	
T	34.019008636	-118.237236023	68.6	
T	34.019012451	-118.237228394	68.6	
T	34.019008636	-118.237228394	68.6	
T	34.019008636	-118.237220764	68.6	
T	34.019020081	-118.237213135	68.6	
T	34.019023895	-118.237213135	68.6	
T	34.019027710	-118.237213135	68.6	
T	34.019031525	-118.237213135	68.6	
T	34.019031525	-118.237213135	68.6	
T	34.019031525	-118.237213135	68.6	
T	34.019115448	-118.237190247	68.7	
T	34.019119263	-118.237190247	68.7	
T	34.019123077	-118.237190247	68.7	
T	34.019138336	-118.237167358	68.7	
T	34.019142151	-118.237167358	68.7	
T	34.019149780	-118.237159729	68.7	
T	34.019149780	-118.237152100	68.7	
T	34.019153595	-118.237152100	68.7	
T	34.019157410	-118.237144470	68.7	
T	34.019161224	-118.237152100	68.7	
T	34.019165039	-118.237152100	68.7	
T	34.019165039	-118.237144470	68.7	
T	34.019165039	-118.237144470	68.7	
T	34.019184113	-118.237144470	68.7	
T	34.019187927	-118.237144470	68.7	
T	34.019191742	-118.237144470	68.7	
T	34.019191742	-118.237144470	68.7	
T	34.019210815	-118.237121582	68.7	
T	34.019207001	-118.237121582	68.7	
T	34.019207001	-118.237121582	68.7	
T	34.019207001	-118.237121582	68.7	
T	34.019222260	-118.237091064	68.7	
T	34.019229889	-118.237091064	68.7	
T	34.019229889	-118.237083435	68.7	
T	34.019233704	-118.237075806	68.7	
T	34.019237518	-118.237068176	68.7	
T	34.019237518	-118.237060547	68.7	
T	34.019237518	-118.237052917	68.7	
T	34.019233704	-118.237052917	68.7	
T	34.019229889	-118.237060547	68.7	
T	34.019229889	-118.237060547	68.7	
T	34.019229889	-118.237060547	68.7	
T	34.019168854	-118.237144470	68.7	
T	34.019165039	-118.237152100	68.7	
T	34.019165039	-118.237159729	68.7	
T	34.019161224	-118.237159729	68.7	
T	34.019161224	-118.237159729	68.7	
T	34.019161224	-118.237159729	68.7	
T	34.019111633	-118.237258911	68.7	
T	34.019107819	-118.237258911	68.7	
T	34.019100189	-118.237258911	68.7	
T	34.019092560	-118.237266541	68.6	
T	34.019092560	-118.237266541	68.6	
T	34.019092560	-118.237266541	68.6	
T	34.019115448	-118.237159729	68.7	
T	34.019119263	-118.237159729	68.7	
T	34.019123077	-118.237152100	68.7	
T	34.019123077	-118.237152100	68.7	
T	34.019123077	-118.237152100	68.7	
T	34.019176483	-118.237113953	68.7	
T	34.019184113	-118.237106323	68.7	
T	34.019187927	-118.237098694	68.7	
T	34.019191742	-118.237091064	68.7	
T	34.019199371	-118.237083435	68.7	
T	34.019203186	-118.237083435	68.7	
T	34.019207001	-118.237068176	68.7	
T	34.019210815	-118.237060547	68.7	
T	34.019210815	-118.237052917	68.7	
T	34.019210815	-118.237052917	68.7	
T	34.019210815	-118.237052917	68.7	
T	34.019184113	-118.237159729	68.7	
T	34.019176483	-118.237167358	68.7	
T	34.019176483	-118.237174988	68.7	
T	34.019176483	-118.237182617	68.7	
T	34.019153595	-118.237213135	68.7	
T	34.019157410	-118.237213135	68.7	
T	34.019153595	-118.237220764	68.7	
T	34.019153595	-118.237213135	68.7	
T	34.019149780	-118.237213135	68.7	
T	34.019149780	-118.237213135	68.7	
T	34.019165039	-118.237098694	68.7	
T	34.019172668	-118.237098694	68.7	
T	34.019172668	-118.237091064	68.7	
T	34.019176483	-118.237091064	68.7	
T	34.019176483	-118.237083435	68.7	
T	34.019180298	-118.237083435	68.7	
T	34.019184113	-118.237091064	68.7	
T	34.019187927	-118.237083435	68.7	
T	34.019191742	-118.237091064	68.7	
T	34.019195557	-118.237091064	68.7	
T	34.019199371	-118.237083435	68.7	
T	34.019203186	-118.237091064	68.7	
T	34.019203186	-118.237098694	68.7	
T	34.019207001	-118.237106323	68.7	
T	34.019214630	-118.237106323	68.7	
T	34.019218445	-118.237106323	68.7	
T	34.019222260	-118.237106323	68.7	
T	34.019229889	-118.237106323	68.7	
T	34.019233704	-118.237113953	68.7	
T	34.019237518	-118.237113953	68.8	
T	34.019241333	-118.237121582	68.8	
T	34.019245148	-118.237121582	68.8	
T	34.019248962	-118.237129211	68.8	
T	34.019252777	-118.237121582	68.8	
T	34.019252777	-118.237129211	68.8	
T	34.019248962	-118.237129211	68.8	
T	34.019252777	-118.237129211	68.8	
T	34.019252777	-118.237136841	68.8	
T	34.019248962	-118.237136841	68.8	
T	34.019245148	-118.237136841	68.8	
T	34.019245148	-118.237136841	68.8	
T	34.019245148	-118.237136841	68.8	
T	34.019153595	-118.237129211	68.7	
T	34.019157410	-118.237121582	68.7	
T	34.019161224	-118.237121582	68.7	
T	34.019161224	-118.237121582	68.7	
T	34.019161224	-118.237121582	68.7	
T	34.019073486	-118.237159729	68.6	
T	34.019069672	-118.237159729	68.6	
T	34.019065857	-118.237152100	68.6	
T	34.019065857	-118.237152100	68.6	
T	34.019027710	-118.237251282	68.6	
T	34.019023895	-118.237251282	68.6	
T	34.019020081	-118.237258911	68.6	
T	34.019020081	-118.237258911	68.6	
T	34.019020081	-118.237258911	68.6	
T	34.019081116	-118.237182617	68.6	
T	34.019084930	-118.237174988	68.6	
T	34.019088745	-118.237174988	68.6	
T	34.019092560	-118.237174988	68.6	
T	34.019092560	-118.237174988	68.6	
T	34.019165039	-118.237106323	68.7	
T	34.019176483	-118.237106323	68.7	
T	34.019180298	-118.237106323	68.7	
T	34.019184113	-118.237106323	68.7	
T	34.019184113	-118.237106323	68.7	
T	34.019184113	-118.237106323	68.7	
T	34.019115448	-118.237174988	68.7	
T	34.019111633	-118.237182617	68.7	
T	34.019107819	-118.237190247	68.7	
T	34.019104004	-118.237190247	68.7	
T	34.019100189	-118.237197876	68.7	
T	34.019096375	-118.237197876	68.6	
T	34.019092560	-118.237197876	68.6	
T	34.019088745	-118.237197876	68.6	
T	34.019088745	-118.237197876	68.6	
T	34.019088745	-118.237197876	68.6	
T	34.019138336	-118.237228394	68.7	
T	34.019134521	-118.237228394	68.7	
T	34.019138336	-118.237220764	68.7	
T	34.019138336	-118.237213135	68.7	
T	34.019138336	-118.237205505	68.7	
T	34.019138336	-118.237205505	68.7	
T	34.019138336	-118.237205505	68.7	
T	34.019119263	-118.237098694	68.7	
T	34.019123077	-118.237098694	68.7	
T	34.019119263	-118.237098694	68.7	
T	34.019119263	-118.237098694	68.7	
T	34.019119263	-118.237098694	68.7	
T	34.019210815	-118.237091064	68.7	
T	34.019210815	-118.237083435	68.7	
T	34.019214630	-118.237075806	68.7	
T	34.019214630	-118.237075806	68.7	
T	34.019214630	-118.237075806	68.7	
T	34.019157410	-118.237159729	68.7	
T	34.019153595	-118.237167358	68.7	
T	34.019149780	-118.237167358	68.7	
T	34.019149780	-118.237167358	68.7	
T	34.019149780	-118.237167358	68.7	
T	34.019069672	-118.237121582	68.6	
T	34.019065857	-118.237121582	68.6	
T	34.019065857	-118.237121582	68.6	
T	34.019111633	-118.237213135	68.7	
T	34.019123077	-118.237213135	68.7	
T	34.019126892	-118.237213135	68.7	
T	34.019126892	-118.237213135	68.7	
T	34.019058228	-118.237228394	68.6	
T	34.019062042	-118.237228394	68.6	
T	34.019065857	-118.237220764	68.6	
T	34.019069672	-118.237213135	68.6	
T	34.019065857	-118.237213135	68.6	
T	34.019062042	-118.237213135	68.6	
T	34.019065857	-118.237213135	68.6	
T	34.019062042	-118.237213135	68.6	
T	34.019058228	-118.237205505	68.6	
T	34.019050598	-118.237205505	68.6	
T	34.019046783	-118.237205505	68.6	
T	34.019035339	-118.237213135	68.6	
T	34.019031525	-118.237213135	68.6	
T	34.019027710	-118.237213135	68.6	
T	34.019023895	-118.237213135	68.6	
T	34.019020081	-118.237213135	68.6	
T	34.019012451	-118.237220764	68.6	
T	34.019004822	-118.237213135	68.6	
T	34.018997192	-118.237220764	68.6	
T	34.018993378	-118.237220764	68.6	
T	34.018989563	-118.237220764	68.6	
T	34.018981934	-118.237220764	68.6	
T	34.018978119	-118.237220764	68.6	
T	34.018970490	-118.237220764	68.6	
T	34.018962860	-118.237220764	68.6	
T	34.018959045	-118.237220764	68.5	
T	34.018955231	-118.237220764	68.5	
T	34.018947601	-118.237220764	68.5	
T	34.018943787	-118.237220764	68.5	
T	34.018939972	-118.237228394	68.5	
T	34.018936157	-118.237220764	68.5	
T	34.018932343	-118.237220764	68.5	
T	34.018928528	-118.237220764	68.5	
T	34.018928528	-118.237228394	68.5	
T	34.018920898	-118.237228394	68.5	
T	34.018917084	-118.237228394	68.5	
T	34.018913269	-118.237228394	68.5	
T	34.018909454	-118.237228394	68.5	
T	34.018901825	-118.237220764	68.5	
T	34.018905640	-118.237213135	68.5	
T	34.018905640	-118.237205505	68.5	
T	34.018901825	-118.237205505	68.5	
T	34.018901825	-118.237197876	68.5	
T	34.018894196	-118.237197876	68.5	
T	34.018894196	-118.237190247	68.5	
T	34.018898010	-118.237190247	68.5	
T	34.018901825	-118.237182617	68.5	
T	34.018913269	-118.237190247	68.5	
T	34.018913269	-118.237190247	68.5	
T	34.019012451	-118.237197876	68.6	
T	34.019023895	-118.237197876	68.6	
T	34.019031525	-118.237197876	68.6	
T	34.019039154	-118.237205505	68.6	
T	34.019050598	-118.237205505	68.6	
T	34.019054413	-118.237205505	68.6	
T	34.019062042	-118.237220764	68.6	
T	34.019065857	-118.237220764	68.6	
T	34.019069672	-118.237228394	68.6	
T	34.019073486	-118.237236023	68.6	
T	34.019073486	-118.237243652	68.6	
T	34.019077301	-118.237243652	68.6	
T	34.019077301	-118.237251282	68.6	
T	34.019077301	-118.237243652	68.6	
T	34.019077301	-118.237251282	68.6	
T	34.019081116	-118.237251282	68.6	
T	34.019081116	-118.237258911	68.6	
T	34.019077301	-118.237251282	68.6	
T	34.019073486	-118.237243652	68.6	
T	34.019069672	-118.237251282	68.6	
T	34.019069672	-118.237243652	68.6	
T	34.019065857	-118.237243652	68.6	
T	34.019062042	-118.237243652	68.6	
T	34.019058228	-118.237236023	68.6	
T	34.019054413	-118.237236023	68.6	
T	34.019050598	-118.237228394	68.6	
T	34.019046783	-118.237228394	68.6	
T	34.019046783	-118.237220764	68.6	
T	34.019042969	-118.237220764	68.6	
T	34.019042969	-118.237220764	68.6	
T	34.019096375	-118.237129211	68.6	
T	34.019096375	-118.237121582	68.6	
T	34.019100189	-118.237121582	68.7	
T	34.019100189	-118.237121582	68.7	
T	34.019054413	-118.237167358	68.6	
T	34.019050598	-118.237167358	68.6	
T	34.019046783	-118.237167358	68.6	
T	34.019046783	-118.237174988	68.6	
T	34.019042969	-118.237174988	68.6	
T	34.019039154	-118.237182617	68.6	
T	34.019039154	-118.237182617	68.6	
T	34.019126892	-118.237159729	68.7	
T	34.019130707	-118.237159729	68.7	
T	34.019130707	-118.237159729	68.7	
T	34.019130707	-118.237159729	68.7	
T	34.019065857	-118.237182617	68.6	
T	34.019058228	-118.237190247	68.6	
T	34.019054413	-118.237190247	68.6	
T	34.019050598	-118.237190247	68.6	
T	34.019046783	-118.237190247	68.6	
T	34.019039154	-118.237190247	68.6	
T	34.019035339	-118.237190247	68.6	
T	34.019031525	-118.237190247	68.6	
T	34.019031525	-118.237182617	68.6	
T	34.019023895	-118.237182617	68.6	
T	34.019020081	-118.237182617	68.6	
T	34.019020081	-118.237182617	68.6	
T	34.019020081	-118.237182617	68.6	
T	34.019107819	-118.237220764	68.7	
T	34.019107819	-118.237228394	68.7	
T	34.019107819	-118.237236023	68.7	
T	34.019107819	-118.237236023	68.7	
T	34.019107819	-118.237236023	68.7	
T	34.019138336	-118.237243652	68.7	
T	34.019142151	-118.237243652	68.7	
T	34.019145966	-118.237243652	68.7	
T	34.019149780	-118.237243652	68.7	
T	34.019142151	-118.237243652	68.7	
T	34.019138336	-118.237243652	68.7	
T	34.019142151	-118.237243652	68.7	
T	34.019145966	-118.237243652	68.7	
T	34.019149780	-118.237243652	68.7	
T	34.019157410	-118.237243652	68.7	
T	34.019165039	-118.237243652	68.7	
T	34.019172668	-118.237251282	68.7	
T	34.019176483	-118.237251282	68.7	
T	34.019184113	-118.237251282	68.7	
T	34.019191742	-118.237251282	68.7	
T	34.019199371	-118.237251282	68.7	
T	34.019207001	-118.237251282	68.7	
T	34.019214630	-118.237251282	68.7	
T	34.019222260	-118.237251282	68.7	
T	34.019229889	-118.237251282	68.7	
T	34.019237518	-118.237251282	68.8	
T	34.019245148	-118.237258911	68.8	
T	34.019252777	-118.237258911	68.8	
T	34.019256592	-118.237266541	68.8	
T	34.019264221	-118.237274170	68.8	
T	34.019268036	-118.237281799	68.8	
T	34.019271851	-118.237281799	68.8	
T	34.019275665	-118.237289429	68.8	
T	34.019275665	-118.237297058	68.8	
T	34.019279480	-118.237297058	68.8	
T	34.019279480	-118.237304688	68.8	
T	34.019275665	-118.237312317	68.8	
T	34.019271851	-118.237319946	68.8	
T	34.019268036	-118.237319946	68.8	
T	34.019264221	-118.237327576	68.8	
T	34.019268036	-118.237335205	68.8	
T	34.019268036	-118.237342834	68.8	
T	34.019264221	-118.237342834	68.8	
T	34.019260406	-118.237342834	68.8	
T	34.019252777	-118.237350464	68.8	
T	34.019248962	-118.237350464	68.8	
T	34.019245148	-118.237358093	68.8	
T	34.019241333	-118.237358093	68.8	
T	34.019233704	-118.237358093	68.7	
T	34.019229889	-118.237358093	68.7	
T	34.019233704	-118.237358093	68.7	
T	34.019237518	-118.237358093	68.8	
T	34.019241333	-118.237358093	68.8	
T	34.019245148	-118.237358093	68.8	
T	34.019248962	-118.237358093	68.8	
T	34.019256592	-118.237358093	68.8	
T	34.019256592	-118.237350464	68.8	
T	34.019260406	-118.237350464	68.8	
T	34.019264221	-118.237350464	68.8	
T	34.019268036	-118.237350464	68.8	
T	34.019268036	-118.237342834	68.8	
T	34.019260406	-118.237335205	68.8	
T	34.019260406	-118.237327576	68.8	
T	34.019260406	-118.237319946	68.8	
T	34.019260406	-118.237312317	68.8	
T	34.019260406	-118.237304688	68.8	
T	34.019256592	-118.237297058	68.8	
T	34.019260406	-118.237289429	68.8	
T	34.019248962	-118.237281799	68.8	
T	34.019245148	-118.237281799	68.8	
T	34.019241333	-118.237281799	68.8	
T	34.019237518	-118.237274170	68.8	
T	34.019237518	-118.237266541	68.8	
T	34.019233704	-118.237258911	68.7	
T	34.019233704	-118.237251282	68.7	
T	34.019233704	-118.237243652	68.7	
T	34.019229889	-118.237236023	68.7	
T	34.019229889	-118.237228394	68.7	
T	34.019229889	-118.237220764	68.7	
T	34.019229889	-118.237213135	68.7	
T	34.019226074	-118.237213135	68.7	
T	34.019222260	-118.237205505	68.7	
T	34.019222260	-118.237205505	68.7	
T	34.019222260	-118.237205505	68.7	
T	34.019149780	-118.237144470	68.7	
T	34.019149780	-118.237136841	68.7	
T	34.019149780	-118.237144470	68.7	
T	34.019145966	-118.237144470	68.7	
T	34.019145966	-118.237144470	68.7	
T	34.019058228	-118.237182617	68.6	
T	34.019054413	-118.237182617	68.6	
T	34.019058228	-118.237190247	68.6	
T	34.019058228	-118.237190247	68.6	
T	34.019058228	-118.237190247	68.6	
T	34.018989563	-118.237129211	68.6	
T	34.018981934	-118.237121582	68.6	
T	34.018978119	-118.237121582	68.6	
T	34.018978119	-118.237121582	68.6	
T	34.018978119	-118.237121582	68.6	
T	34.019054413	-118.237060547	68.6	
T	34.019050598	-118.237060547	68.6	
T	34.019050598	-118.237052917	68.6	
T	34.019050598	-118.237052917	68.6	
T	34.019050598	-118.237052917	68.6	
T	34.019058228	-118.237159729	68.6	
T	34.019058228	-118.237167358	68.6	
T	34.019058228	-118.237167358	68.6	
T	34.019081116	-118.237236023	68.6	
T	34.019077301	-118.237236023	68.6	
T	34.019077301	-118.237228394	68.6	
T	34.019073486	-118.237228394	68.6	
T	34.019073486	-118.237228394	68.6	
T	34.019073486	-118.237228394	68.6	
T	34.019100189	-118.237228394	68.7	
T	34.019107819	-118.237228394	68.7	
T	34.019115448	-118.237228394	68.7	
T	34.019119263	-118.237228394	68.7	
T	34.019123077	-118.237228394	68.7	
T	34.019126892	-118.237228394	68.7	
T	34.019130707	-118.237228394	68.7	
T	34.019130707	-118.237220764	68.7	
T	34.019126892	-118.237213135	68.7	
T	34.019126892	-118.237205505	68.7	
T	34.019126892	-118.237197876	68.7	
T	34.019126892	-118.237197876	68.7	
T	34.019069672	-118.237106323	68.6	
T	34.019065857	-118.237106323	68.6	
T	34.019065857	-118.237113953	68.6	
T	34.019065857	-118.237113953	68.6	
T	34.019065857	-118.237113953	68.6	
T	34.018978119	-118.237075806	68.5	
T	34.018974304	-118.237075806	68.5	
T	34.018966675	-118.237083435	68.5	
T	34.018962860	-118.237083435	68.5	
T	34.018962860	-118.237083435	68.5	
T	34.018962860	-118.237083435	68.5	
T	34.019027710	-118.237159729	68.6	
T	34.019027710	-118.237167358	68.6	
T	34.019027710	-118.237159729	68.6	
T	34.019027710	-118.237167358	68.6	
T	34.019027710	-118.237167358	68.6	
T	34.019027710	-118.237167358	68.6	
T	34.018943787	-118.237220764	68.5	
T	34.018943787	-118.237236023	68.5	
T	34.018947601	-118.237251282	68.5	
T	34.018947601	-118.237258911	68.5	
T	34.018947601	-118.237266541	68.6	
T	34.018951416	-118.237274170	68.6	
T	34.018951416	-118.237274170	68.6	
T	34.018951416	-118.237274170	68.6	
T	34.019012451	-118.237358093	68.6	
T	34.019016266	-118.237358093	68.6	
T	34.019020081	-118.237365723	68.6	
T	34.019027710	-118.237365723	68.6	
T	34.019031525	-118.237365723	68.6	
T	34.019031525	-118.237358093	68.6	
T	34.019031525	-118.237358093	68.6	
T	34.019115448	-118.237411499	68.7	
T	34.019126892	-118.237426758	68.7	
T	34.019130707	-118.237434387	68.7	
T	34.019130707	-118.237426758	68.7	
T	34.019134521	-118.237426758	68.7	
T	34.019138336	-118.237426758	68.7	
T	34.019138336	-118.237426758	68.7	
T	34.019248962	-118.237518311	68.8	
T	34.019256592	-118.237525940	68.8	
T	34.019260406	-118.237533569	68.8	
T	34.019264221	-118.237533569	68.8	
T	34.019271851	-118.237548828	68.8	
T	34.019275665	-118.237548828	68.8	
T	34.019279480	-118.237556458	68.9	
T	34.019283295	-118.237548828	68.9	
T	34.019283295	-118.237548828	68.9	
T	34.019203186	-118.237449646	68.8	
T	34.019172668	-118.237403870	68.7	
T	34.019153595	-118.237388611	68.7	
T	34.019153595	-118.237388611	68.7	
T	34.019058228	-118.237312317	68.6	
T	34.019042969	-118.237297058	68.6	
T	34.019035339	-118.237297058	68.6	
T	34.019031525	-118.237289429	68.6	
T	34.019031525	-118.237289429	68.6	
T	34.019031525	-118.237289429	68.6	
T	34.019035339	-118.237251282	68.6	
T	34.019031525	-118.237243652	68.6	
T	34.019031525	-118.237236023	68.6	
T	34.019027710	-118.237228394	68.6	
T	34.019023895	-118.237220764	68.6	
T	34.019023895	-118.237213135	68.6	
T	34.019023895	-118.237213135	68.6	
T	34.019035339	-118.237190247	68.6	
T	34.019039154	-118.237190247	68.6	
T	34.019039154	-118.237190247	68.6	
T	34.019039154	-118.237190247	68.6	
T	34.019126892	-118.237243652	68.7	
T	34.019134521	-118.237258911	68.7	
T	34.019142151	-118.237274170	68.7	
T	34.019153595	-118.237297058	68.7	
T	34.019153595	-118.237297058	68.7	
T	34.019153595	-118.237297058	68.7	
T	34.019069672	-118.237243652	68.6	
T	34.019062042	-118.237236023	68.6	
T	34.019062042	-118.237236023	68.6	
T	34.018993378	-118.237159729	68.6	
T	34.018985748	-118.237152100	68.6	
T	34.018978119	-118.237136841	68.6	
T	34.018970490	-118.237136841	68.5	
T	34.018970490	-118.237136841	68.5	
T	34.018936157	-118.237106323	68.5	
T	34.018928528	-118.237098694	68.5	
T	34.018928528	-118.237091064	68.5	
T	34.018936157	-118.237091064	68.5	
T	34.018939972	-118.237083435	68.5	
T	34.018939972	-118.237083435	68.5	
T	34.018939972	-118.237083435	68.5	
T	34.019031525	-118.237106323	68.6	
T	34.019042969	-118.237113953	68.6	
T	34.019050598	-118.237113953	68.6	
T	34.019054413	-118.237121582	68.6	
T	34.019069672	-118.237129211	68.6	
T	34.019073486	-118.237129211	68.6	
T	34.019073486	-118.237129211	68.6	
T	34.019073486	-118.237129211	68.6	
T	34.019020081	-118.237037659	68.6	
T	34.019012451	-118.237030029	68.6	
T	34.019008636	-118.237030029	68.6	
T	34.019008636	-118.237030029	68.6	
T	34.019008636	-118.237030029	68.6	
T	34.019058228	-118.237121582	68.6	
T	34.019058228	-118.237129211	68.6	
T	34.019062042	-118.237136841	68.6	
T	34.019062042	-118.237136841	68.6	
T	34.019062042	-118.237136841	68.6	
T	34.019100189	-118.237243652	68.7	
T	34.019104004	-118.237243652	68.7	
T	34.019104004	-118.237251282	68.7	
T	34.019107819	-118.237251282	68.7	
T	34.019107819	-118.237251282	68.7	
T	34.019107819	-118.237251282	68.7	
T	34.019184113	-118.237319946	68.7	
T	34.019187927	-118.237327576	68.7	
T	34.019191742	-118.237335205	68.7	
T	34.019203186	-118.237342834	68.7	
T	34.019210815	-118.237350464	68.7	
T	34.019214630	-118.237358093	68.7	
T	34.019218445	-118.237358093	68.7	
T	34.019226074	-118.237373352	68.7	
T	34.019233704	-118.237388611	68.8	
T	34.019241333	-118.237396240	68.8	
T	34.019245148	-118.237411499	68.8	
T	34.019248962	-118.237426758	68.8	
T	34.019256592	-118.237442017	68.8	
T	34.019260406	-118.237449646	68.8	
T	34.019264221	-118.237449646	68.8	
T	34.019271851	-118.237457275	68.8	
T	34.019275665	-118.237457275	68.8	
T	34.019275665	-118.237449646	68.8	
T	34.019271851	-118.237449646	68.8	
T	34.019268036	-118.237449646	68.8	
T	34.019256592	-118.237434387	68.8	
T	34.019256592	-118.237426758	68.8	
T	34.019252777	-118.237426758	68.8	
T	34.019252777	-118.237426758	68.8	
T	34.019180298	-118.237327576	68.7	
T	34.019161224	-118.237289429	68.7	
T	34.019142151	-118.237258911	68.7	
T	34.019134521	-118.237251282	68.7	
T	34.019134521	-118.237251282	68.7	
T	34.019081116	-118.237159729	68.6	
T	34.019073486	-118.237152100	68.6	
T	34.019069672	-118.237136841	68.6	
T	34.019058228	-118.237121582	68.6	
T	34.019058228	-118.237113953	68.6	
T	34.019054413	-118.237106323	68.6	
T	34.019046783	-118.237098694	68.6	
T	34.019042969	-118.237091064	68.6	
T	34.019039154	-118.237091064	68.6	
T	34.019039154	-118.237083435	68.6	
T	34.019039154	-118.237083435	68.6	
T	34.019020081	-118.237068176	68.6	
T	34.019020081	-118.237075806	68.6	
T	34.019023895	-118.237075806	68.6	
T	34.019023895	-118.237083435	68.6	
T	34.019027710	-118.237083435	68.6	
T	34.019027710	-118.237075806	68.6	
T	34.019023895	-118.237075806	68.6	
T	34.019023895	-118.237075806	68.6	
T	34.019023895	-118.237075806	68.6	
T	34.019111633	-118.237052917	68.7	
T	34.019115448	-118.237060547	68.7	
T	34.019119263	-118.237052917	68.7	
T	34.019123077	-118.237060547	68.7	
T	34.019123077	-118.237060547	68.7	
T	34.019088745	-118.237159729	68.6	
T	34.019092560	-118.237167358	68.6	
T	34.019096375	-118.237167358	68.6	
T	34.019092560	-118.237167358	68.6	
T	34.019092560	-118.237167358	68.6	
T	34.019092560	-118.237167358	68.6	
T	34.019020081	-118.237098694	68.6	
T	34.019020081	-118.237091064	68.6	
T	34.019016266	-118.237091064	68.6	
T	34.019012451	-118.237083435	68.6	
T	34.019012451	-118.237083435	68.6	
T	34.019012451	-118.237083435	68.6	
T	34.019065857	-118.237174988	68.6	
T	34.019069672	-118.237174988	68.6	
T	34.019073486	-118.237182617	68.6	
T	34.019084930	-118.237190247	68.6	
T	34.019084930	-118.237190247	68.6	
T	34.019084930	-118.237190247	68.6	
T	34.019031525	-118.237098694	68.6	
T	34.019023895	-118.237068176	68.6	
T	34.019023895	-118.237060547	68.6	
T	34.019023895	-118.237060547	68.6	
T	34.019081116	-118.237152100	68.6	
T	34.019084930	-118.237152100	68.6	
T	34.019084930	-118.237159729	68.6	
T	34.019084930	-118.237159729	68.6	
T	34.019031525	-118.237068176	68.6	
T	34.019023895	-118.237068176	68.6	
T	34.019020081	-118.237068176	68.6	
T	34.019016266	-118.237068176	68.6	
T	34.019016266	-118.237060547	68.6	
T	34.019012451	-118.237060547	68.6	
T	34.019012451	-118.237052917	68.6	
T	34.019012451	-118.237052917	68.6	
T	34.019058228	-118.237152100	68.6	
T	34.019062042	-118.237159729	68.6	
T	34.019065857	-118.237167358	68.6	
T	34.019062042	-118.237167358	68.6	
T	34.019062042	-118.237167358	68.6	
T	34.019062042	-118.237167358	68.6	
T	34.018993378	-118.237098694	68.6	
T	34.018997192	-118.237098694	68.6	
T	34.018993378	-118.237098694	68.6	
T	34.018993378	-118.237098694	68.6	
T	34.019084930	-118.237129211	68.6	
T	34.019084930	-118.237136841	68.6	
T	34.019088745	-118.237136841	68.6	
T	34.019088745	-118.237136841	68.6	
T	34.019088745	-118.237136841	68.6	
T	34.019149780	-118.237220764	68.7	
T	34.019149780	-118.237228394	68.7	
T	34.019153595	-118.237228394	68.7	
T	34.019153595	-118.237228394	68.7	
T	34.019100189	-118.237136841	68.7	
T	34.019096375	-118.237136841	68.6	
T	34.019096375	-118.237129211	68.6	
T	34.019096375	-118.237129211	68.6	
T	34.019142151	-118.237220764	68.7	
T	34.019142151	-118.237228394	68.7	
T	34.019142151	-118.237228394	68.7	
T	34.019088745	-118.237144470	68.6	
T	34.019088745	-118.237136841	68.6	
T	34.019084930	-118.237136841	68.6	
T	34.019084930	-118.237136841	68.6	
T	34.019084930	-118.237136841	68.6	
T	34.019084930	-118.237098694	68.6	
T	34.019084930	-118.237091064	68.6	
T	34.019084930	-118.237098694	68.6	
T	34.019081116	-118.237091064	68.6	
T	34.019081116	-118.237091064	68.6	
T	34.019104004	-118.237098694	68.7	
T	34.019100189	-118.237098694	68.7	
T	34.019096375	-118.237098694	68.6	
T	34.019096375	-118.237098694	68.6	
T	34.019096375	-118.237205505	68.6	
T	34.019100189	-118.237213135	68.7	
T	34.019100189	-118.237213135	68.7	
T	34.019100189	-118.237213135	68.7	
T	34.019073486	-118.237098694	68.6	
T	34.019065857	-118.237098694	68.6	
T	34.019069672	-118.237091064	68.6	
T	34.019069672	-118.237091064	68.6	
T	34.019069672	-118.237091064	68.6	
T	34.019149780	-118.237083435	68.7	
T	34.019153595	-118.237083435	68.7	
T	34.019149780	-118.237083435	68.7	
T	34.019149780	-118.237075806	68.7	
T	34.019149780	-118.237075806	68.7	
T	34.019149780	-118.237075806	68.7	
T	34.019100189	-118.237167358	68.7	
T	34.019096375	-118.237174988	68.6	
T	34.019092560	-118.237190247	68.6	
T	34.019092560	-118.237190247	68.6	
T	34.019092560	-118.237190247	68.6	
T	34.019058228	-118.237083435	68.6	
T	34.019054413	-118.237075806	68.6	
T	34.019050598	-118.237068176	68.6	
T	34.019046783	-118.237068176	68.6	
T	34.019046783	-118.237068176	68.6	
T	34.019046783	-118.237068176	68.6	
T	34.019111633	-118.237083435	68.7	
T	34.019111633	-118.237075806	68.7	
T	34.019111633	-118.237075806	68.7	
T	34.019111633	-118.237075806	68.7	
T	34.019031525	-118.237136841	68.6	
T	34.019031525	-118.237136841	68.6	
T	34.019031525	-118.237136841	68.6	
T	34.019111633	-118.237083435	68.7	
T	34.019119263	-118.237083435	68.7	
T	34.019123077	-118.237083435	68.7	
T	34.019123077	-118.237075806	68.7	
T	34.019138336	-118.237060547	68.7	
T	34.019134521	-118.237060547	68.7	
T	34.019130707	-118.237052917	68.7	
T	34.019130707	-118.237052917	68.7	
T	34.019130707	-118.237052917	68.7	
T	34.019039154	-118.237098694	68.6	
T	34.019039154	-118.237106323	68.6	
T	34.019046783	-118.237106323	68.6	
T	34.019050598	-118.237113953	68.6	
T	34.019050598	-118.237113953	68.6	
T	34.019126892	-118.237052917	68.7	
T	34.019123077	-118.237052917	68.7	
T	34.019123077	-118.237052917	68.7	
T	34.019035339	-118.237030029	68.6	
T	34.019039154	-118.237037659	68.6	
T	34.019042969	-118.237037659	68.6	
T	34.019039154	-118.237045288	68.6	
T	34.019039154	-118.237045288	68.6	
T	34.018978119	-118.237136841	68.6	
T	34.018966675	-118.237136841	68.5	
T	34.018959045	-118.237144470	68.5	
T	34.018951416	-118.237152100	68.5	
T	34.018913269	-118.237144470	68.5	
T	34.018913269	-118.237152100	68.5	
T	34.018917084	-118.237159729	68.5	
T	34.018920898	-118.237159729	68.5	
T	34.018920898	-118.237159729	68.5	
T	34.018920898	-118.237159729	68.5	
T	34.018985748	-118.237083435	68.6	
T	34.018993378	-118.237083435	68.6	
T	34.019001007	-118.237075806	68.6	
T	34.019004822	-118.237075806	68.6	
T	34.019042969	-118.237068176	68.6	
T	34.019050598	-118.237068176	68.6	
T	34.019054413	-118.237060547	68.6	
T	34.019069672	-118.237060547	68.6	
T	34.019088745	-118.237052917	68.6	
T	34.019100189	-118.237045288	68.6	
T	34.019107819	-118.237045288	68.7	
T	34.019115448	-118.237037659	68.7	
T	34.019126892	-118.237045288	68.7	
T	34.019130707	-118.237037659	68.7	
T	34.019138336	-118.237037659	68.7	
T	34.019145966	-118.237037659	68.7	
T	34.019149780	-118.237037659	68.7	
T	34.019153595	-118.237037659	68.7	
T	34.019153595	-118.237030029	68.7	
T	34.019149780	-118.237022400	68.7	
T	34.019153595	-118.237030029	68.7	
T	34.019149780	-118.237030029	68.7	
T	34.019145966	-118.237037659	68.7	
T	34.019142151	-118.237037659	68.7	
T	34.019134521	-118.237045288	68.7	
T	34.019123077	-118.237045288	68.7	
T	34.019123077	-118.237045288	68.7	
T	34.019023895	-118.237045288	68.6	
T	34.019020081	-118.237052917	68.6	
T	34.019016266	-118.237052917	68.6	
T	34.019031525	-118.237060547	68.6	
T	34.019031525	-118.237060547	68.6	
T	34.019031525	-118.237060547	68.6	
T	34.019104004	-118.237129211	68.7	
T	34.019100189	-118.237136841	68.7	
T	34.019096375	-118.237136841	68.6	
T	34.019096375	-118.237136841	68.6	
T	34.019096375	-118.237136841	68.6	
T	34.019004822	-118.237121582	68.6	
T	34.019001007	-118.237113953	68.6	
T	34.018997192	-118.237106323	68.6	
T	34.018997192	-118.237106323	68.6	
T	34.018997192	-118.237106323	68.6	
T	34.019035339	-118.237205505	68.6	
T	34.019039154	-118.237197876	68.6	
T	34.019042969	-118.237197876	68.6	
T	34.019042969	-118.237190247	68.6	
T	34.019042969	-118.237190247	68.6	
T	34.019042969	-118.237190247	68.6	
T	34.019027710	-118.237304688	68.6	
T	34.019023895	-118.237304688	68.6	
T	34.019023895	-118.237319946	68.6	
T	34.019020081	-118.237327576	68.6	
T	34.019020081	-118.237327576	68.6	
T	34.019020081	-118.237327576	68.6	
T	34.019050598	-118.237159729	68.6	
T	34.019062042	-118.237129211	68.6	
T	34.019069672	-118.237098694	68.6	
T	34.019073486	-118.237091064	68.6	
T	34.019084930	-118.237068176	68.6	
T	34.019088745	-118.237052917	68.6	
T	34.019100189	-118.237037659	68.6	
T	34.019104004	-118.237022400	68.6	
T	34.019111633	-118.236991882	68.7	
T	34.019123077	-118.236968994	68.7	
T	34.019126892	-118.236946106	68.7	
T	34.019126892	-118.236938477	68.7	
T	34.019123077	-118.236938477	68.7	
T	34.019107819	-118.236961365	68.6	
T	34.019088745	-118.236991882	68.6	
T	34.019077301	-118.237007141	68.6	
T	34.019073486	-118.237030029	68.6	
T	34.019069672	-118.237045288	68.6	
T	34.019069672	-118.237045288	68.6	
T	34.019069672	-118.237045288	68.6	
T	34.019138336	-118.236968994	68.7	
T	34.019142151	-118.236961365	68.7	
T	34.019142151	-118.236946106	68.7	
T	34.019145966	-118.236938477	68.7	
T	34.019145966	-118.236938477	68.7	
T	34.019145966	-118.236938477	68.7	
T	34.019100189	-118.237052917	68.6	
T	34.019096375	-118.237068176	68.6	
T	34.019092560	-118.237091064	68.6	
T	34.019084930	-118.237113953	68.6	
T	34.019050598	-118.237213135	68.6	
T	34.019046783	-118.237220764	68.6	
T	34.019039154	-118.237243652	68.6	
T	34.019031525	-118.237258911	68.6	
T	34.019023895	-118.237274170	68.6	
T	34.019020081	-118.237289429	68.6	
T	34.019016266	-118.237297058	68.6	
T	34.019016266	-118.237304688	68.6	
T	34.019012451	-118.237304688	68.6	
T	34.019016266	-118.237304688	68.6	
T	34.019020081	-118.237304688	68.6	
T	34.019020081	-118.237304688	68.6	
T	34.019020081	-118.237304688	68.6	
T	34.019012451	-118.237190247	68.6	
T	34.019012451	-118.237182617	68.6	
T	34.019008636	-118.237182617	68.6	
T	34.019004822	-118.237174988	68.6	
T	34.019004822	-118.237174988	68.6	
T	34.018974304	-118.237281799	68.6	
T	34.018970490	-118.237289429	68.6	
T	34.018966675	-118.237297058	68.6	
T	34.018966675	-118.237304688	68.6	
T	34.018966675	-118.237304688	68.6	
T	34.018981934	-118.237197876	68.6	
T	34.018981934	-118.237190247	68.6	
T	34.018978119	-118.237190247	68.6	
T	34.018978119	-118.237190247	68.6	
T	34.019069672	-118.237152100	68.6	
T	34.019069672	-118.237144470	68.6	
T	34.019069672	-118.237129211	68.6	
T	34.019069672	-118.237121582	68.6	
T	34.019069672	-118.237121582	68.6	
T	34.019069672	-118.237121582	68.6	
T	34.018997192	-118.237182617	68.6	
T	34.018997192	-118.237174988	68.6	
T	34.019001007	-118.237174988	68.6	
T	34.019001007	-118.237174988	68.6	
T	34.018978119	-118.237068176	68.5	
T	34.018981934	-118.237068176	68.6	
T	34.018985748	-118.237068176	68.6	
T	34.018985748	-118.237068176	68.6	
T	34.018985748	-118.237068176	68.6	
T	34.019046783	-118.236991882	68.6	
T	34.019050598	-118.236991882	68.6	
T	34.019054413	-118.236984253	68.6	
T	34.019054413	-118.236984253	68.6	
T	34.019016266	-118.237083435	68.6	
T	34.019020081	-118.237098694	68.6	
T	34.019020081	-118.237106323	68.6	
T	34.019020081	-118.237113953	68.6	
T	34.019020081	-118.237113953	68.6	
T	34.019020081	-118.237113953	68.6	
T	34.019020081	-118.236999512	68.6	
T	34.019023895	-118.236991882	68.6	
T	34.019027710	-118.236991882	68.6	
T	34.019031525	-118.236984253	68.6	
T	34.019031525	-118.236984253	68.6	
T	34.019031525	-118.236984253	68.6	
T	34.018978119	-118.237075806	68.5	
T	34.018978119	-118.237068176	68.5	
T	34.018978119	-118.237068176	68.5	
T	34.018978119	-118.237068176	68.5	
T	34.019031525	-118.236984253	68.6	
T	34.019035339	-118.236984253	68.6	
T	34.019039154	-118.236984253	68.6	
T	34.019039154	-118.236984253	68.6	
T	34.019039154	-118.236984253	68.6	
T	34.019020081	-118.237091064	68.6	
T	34.019012451	-118.237091064	68.6	
T	34.019004822	-118.237091064	68.6	
T	34.019001007	-118.237098694	68.6	
T	34.019001007	-118.237098694	68.6	
T	34.019001007	-118.237098694	68.6	
T	34.019031525	-118.236991882	68.6	
T	34.019031525	-118.236999512	68.6	
T	34.019035339	-118.236999512	68.6	
T	34.019035339	-118.236999512	68.6	
T	34.019035339	-118.236999512	68.6	
T	34.019042969	-118.237113953	68.6	
T	34.019039154	-118.237121582	68.6	
T	34.019035339	-118.237129211	68.6	
T	34.019035339	-118.237129211	68.6	
T	34.019035339	-118.237129211	68.6	
T	34.019054413	-118.237022400	68.6	
T	34.019058228	-118.237014771	68.6	
T	34.019062042	-118.237014771	68.6	
T	34.019062042	-118.237014771	68.6	
T	34.019062042	-118.237014771	68.6	
T	34.019039154	-118.237121582	68.6	
T	34.019035339	-118.237121582	68.6	
T	34.019035339	-118.237129211	68.6	
T	34.019035339	-118.237129211	68.6	
T	34.019035339	-118.237129211	68.6	
T	34.019020081	-118.237014771	68.6	
T	34.019020081	-118.237007141	68.6	
T	34.019020081	-118.237007141	68.6	
T	34.019020081	-118.237007141	68.6	
T	34.018939972	-118.237060547	68.5	
T	34.018936157	-118.237060547	68.5	
T	34.018932343	-118.237052917	68.5	
T	34.018928528	-118.237052917	68.5	
T	34.018928528	-118.237052917	68.5	
T	34.019004822	-118.237106323	68.6	
T	34.019008636	-118.237106323	68.6	
T	34.019031525	-118.237098694	68.6	
T	34.019054413	-118.237098694	68.6	
T	34.019054413	-118.237098694	68.6	
T	34.019054413	-118.237098694	68.6	
T	34.019115448	-118.237174988	68.7	
T	34.019115448	-118.237182617	68.7	
T	34.019119263	-118.237182617	68.7	
T	34.019119263	-118.237182617	68.7	
T	34.019119263	-118.237182617	68.7	
T	34.019210815	-118.237190247	68.7	
T	34.019214630	-118.237197876	68.7	
T	34.019218445	-118.237197876	68.7	
T	34.019218445	-118.237197876	68.7	
T	34.019218445	-118.237197876	68.7	
T	34.019126892	-118.237213135	68.7	
T	34.019119263	-118.237220764	68.7	
T	34.019111633	-118.237228394	68.7	
T	34.019115448	-118.237228394	68.7	
T	34.019115448	-118.237228394	68.7	
T	34.019081116	-118.237121582	68.6	
T	34.019084930	-118.237121582	68.6	
T	34.019088745	-118.237113953	68.6	
T	34.019092560	-118.237113953	68.6	
T	34.019092560	-118.237113953	68.6	
T	34.019092560	-118.237113953	68.6	
T	34.019180298	-118.237091064	68.7	
T	34.019187927	-118.237091064	68.7	
T	34.019191742	-118.237083435	68.7	
T	34.019195557	-118.237083435	68.7	
T	34.019199371	-118.237083435	68.7	
T	34.019195557	-118.237075806	68.7	
T	34.019195557	-118.237075806	68.7	
T	34.019104004	-118.237091064	68.7	
T	34.019096375	-118.237091064	68.6	
T	34.019088745	-118.237098694	68.6	
T	34.019088745	-118.237098694	68.6	
T	34.019088745	-118.237098694	68.6	
T	34.019027710	-118.237174988	68.6	
T	34.019023895	-118.237174988	68.6	
T	34.019027710	-118.237174988	68.6	
T	34.019027710	-118.237174988	68.6	
T	34.019027710	-118.237174988	68.6	
T	34.019096375	-118.237106323	68.6	
T	34.019107819	-118.237113953	68.7	
T	34.019115448	-118.237113953	68.7	
T	34.019123077	-118.237106323	68.7	
T	34.019123077	-118.237106323	68.7	
T	34.019123077	-118.237106323	68.7	
T	34.019046783	-118.237167358	68.6	
T	34.019050598	-118.237167358	68.6	
T	34.019050598	-118.237167358	68.6	
T	34.019050598	-118.237167358	68.6	
T	34.019138336	-118.237129211	68.7	
T	34.019142151	-118.237129211	68.7	
T	34.019149780	-118.237129211	68.7	
T	34.019149780	-118.237129211	68.7	
T	34.019180298	-118.237098694	68.7	
T	34.019176483	-118.237098694	68.7	
T	34.019172668	-118.237098694	68.7	
T	34.019176483	-118.237098694	68.7	
T	34.019180298	-118.237098694	68.7	
T	34.019187927	-118.237098694	68.7	
T	34.019191742	-118.237091064	68.7	
T	34.019191742	-118.237098694	68.7	
T	34.019187927	-118.237106323	68.7	
T	34.019184113	-118.237106323	68.7	
T	34.019187927	-118.237106323	68.7	
T	34.019187927	-118.237098694	68.7	
T	34.019191742	-118.237098694	68.7	
T	34.019187927	-118.237098694	68.7	
T	34.019191742	-118.237098694	68.7	
T	34.019195557	-118.237091064	68.7	
T	34.019199371	-118.237091064	68.7	
T	34.019195557	-118.237091064	68.7	
T	34.019184113	-118.237098694	68.7	
T	34.019176483	-118.237106323	68.7	
T	34.019176483	-118.237106323	68.7	
T	34.019176483	-118.237106323	68.7	
T	34.019092560	-118.237152100	68.6	
T	34.019084930	-118.237152100	68.6	
T	34.019077301	-118.237152100	68.6	
T	34.019077301	-118.237152100	68.6	
T	34.019153595	-118.237213135	68.7	
T	34.019149780	-118.237213135	68.7	
T	34.019153595	-118.237213135	68.7	
T	34.019157410	-118.237213135	68.7	
T	34.019157410	-118.237213135	68.7	
T	34.019176483	-118.237129211	68.7	
T	34.019180298	-118.237121582	68.7	
T	34.019187927	-118.237129211	68.7	
T	34.019187927	-118.237121582	68.7	
T	34.019187927	-118.237121582	68.7	
T	34.019187927	-118.237121582	68.7	
T	34.019096375	-118.237121582	68.6	
T	34.019088745	-118.237129211	68.6	
T	34.019084930	-118.237136841	68.6	
T	34.019081116	-118.237144470	68.6	
T	34.019081116	-118.237144470	68.6	
T	34.019126892	-118.237068176	68.7	
T	34.019134521	-118.237068176	68.7	
T	34.019138336	-118.237052917	68.7	
T	34.019142151	-118.237045288	68.7	
T	34.019149780	-118.237037659	68.7	
T	34.019157410	-118.237037659	68.7	
T	34.019161224	-118.237030029	68.7	
T	34.019165039	-118.237014771	68.7	
T	34.019165039	-118.237007141	68.7	
T	34.019165039	-118.236991882	68.7	
T	34.019168854	-118.236984253	68.7	
T	34.019165039	-118.236984253	68.7	
T	34.019161224	-118.236976624	68.7	
T	34.019165039	-118.236976624	68.7	
T	34.019153595	-118.236976624	68.7	
T	34.019145966	-118.236984253	68.7	
T	34.019134521	-118.236991882	68.7	
T	34.019123077	-118.236999512	68.7	
T	34.019123077	-118.236999512	68.7	
T	34.019123077	-118.236999512	68.7	
T	34.019046783	-118.237068176	68.6	
T	34.019039154	-118.237068176	68.6	
T	34.019031525	-118.237068176	68.6	
T	34.019046783	-118.237083435	68.6	
T	34.019046783	-118.237083435	68.6	
T	34.019138336	-118.237060547	68.7	
T	34.019138336	-118.237052917	68.7	
T	34.019138336	-118.237045288	68.7	
T	34.019138336	-118.237045288	68.7	
T	34.019149780	-118.237152100	68.7	
T	34.019149780	-118.237159729	68.7	
T	34.019145966	-118.237152100	68.7	
T	34.019138336	-118.237152100	68.7	
T	34.019138336	-118.237152100	68.7	
T	34.019050598	-118.237144470	68.6	
T	34.019046783	-118.237144470	68.6	
T	34.019046783	-118.237136841	68.6	
T	34.019042969	-118.237136841	68.6	
T	34.019042969	-118.237136841	68.6	
T	34.019042969	-118.237136841	68.6	
T	34.019130707	-118.237167358	68.7	
T	34.019126892	-118.237167358	68.7	
T	34.019130707	-118.237167358	68.7	
T	34.019134521	-118.237174988	68.7	
T	34.019134521	-118.237174988	68.7	
T	34.019042969	-118.237182617	68.6	
T	34.019042969	-118.237190247	68.6	
T	34.019039154	-118.237190247	68.6	
T	34.019035339	-118.237190247	68.6	
T	34.019035339	-118.237190247	68.6	
T	34.019062042	-118.237091064	68.6	
T	34.019058228	-118.237091064	68.6	
T	34.019054413	-118.237083435	68.6	
T	34.019046783	-118.237091064	68.6	
T	34.019046783	-118.237091064	68.6	
T	34.019031525	-118.237197876	68.6	
T	34.019027710	-118.237205505	68.6	
T	34.019023895	-118.237205505	68.6	
T	34.019020081	-118.237205505	68.6	
T	34.019020081	-118.237205505	68.6	
T	34.018951416	-118.237289429	68.6	
T	34.018947601	-118.237289429	68.6	
T	34.018943787	-118.237297058	68.6	
T	34.018936157	-118.237304688	68.6	
T	34.018936157	-118.237304688	68.6	
T	34.019020081	-118.237251282	68.6	
T	34.019023895	-118.237251282	68.6	
T	34.019020081	-118.237251282	68.6	
T	34.019020081	-118.237251282	68.6	
T	34.019042969	-118.237136841	68.6	
T	34.019046783	-118.237129211	68.6	
T	34.019050598	-118.237121582	68.6	
T	34.019054413	-118.237121582	68.6	
T	34.019054413	-118.237121582	68.6	
T	34.019027710	-118.237014771	68.6	
T	34.019020081	-118.237014771	68.6	
T	34.019020081	-118.237007141	68.6	
T	34.019020081	-118.237007141	68.6	
T	34.019058228	-118.236991882	68.6	
T	34.019062042	-118.236984253	68.6	
T	34.019065857	-118.236991882	68.6	
T	34.019069672	-118.236999512	68.6	
T	34.019073486	-118.237007141	68.6	
T	34.019077301	-118.237007141	68.6	
T	34.019081116	-118.237014771	68.6	
T	34.019084930	-118.237007141	68.6	
T	34.019092560	-118.237014771	68.6	
T	34.019096375	-118.237014771	68.6	
T	34.019100189	-118.237014771	68.6	
T	34.019104004	-118.237007141	68.6	
T	34.019107819	-118.237007141	68.7	
T	34.019111633	-118.236999512	68.7	
T	34.019111633	-118.236991882	68.7	
T	34.019107819	-118.236991882	68.6	
T	34.019107819	-118.236991882	68.6	
T	34.019031525	-118.237060547	68.6	
T	34.019031525	-118.237052917	68.6	
T	34.019031525	-118.237052917	68.6	
T	34.019069672	-118.237152100	68.6	
T	34.019069672	-118.237152100	68.6	
T	34.019153595	-118.237197876	68.7	
T	34.019157410	-118.237197876	68.7	
T	34.019157410	-118.237190247	68.7	
T	34.019157410	-118.237190247	68.7	
T	34.019092560	-118.237113953	68.6	
T	34.019088745	-118.237113953	68.6	
T	34.019088745	-118.237113953	68.6	
T	34.019065857	-118.237220764	68.6	
T	34.019065857	-118.237228394	68.6	
T	34.019065857	-118.237228394	68.6	
T	34.019012451	-118.237136841	68.6	
T	34.019008636	-118.237129211	68.6	
T	34.019004822	-118.237129211	68.6	
T	34.019004822	-118.237129211	68.6	
T	34.019092560	-118.237167358	68.6	
T	34.019096375	-118.237167358	68.6	
T	34.019096375	-118.237159729	68.6	
T	34.019100189	-118.237159729	68.7	
T	34.019100189	-118.237159729	68.7	
T	34.019073486	-118.237060547	68.6	
T	34.019069672	-118.237052917	68.6	
T	34.019069672	-118.237045288	68.6	
T	34.019065857	-118.237045288	68.6	
T	34.019065857	-118.237045288	68.6	
T	34.019065857	-118.237045288	68.6	
T	34.019046783	-118.237106323	68.6	
T	34.019035339	-118.237113953	68.6	
T	34.019020081	-118.237121582	68.6	
T	34.019001007	-118.237129211	68.6	
T	34.018981934	-118.237144470	68.6	
T	34.018962860	-118.237152100	68.5	
T	34.018943787	-118.237174988	68.5	
T	34.018924713	-118.237197876	68.5	
T	34.018913269	-118.237236023	68.5	
T	34.018909454	-118.237274170	68.5	
T	34.018913269	-118.237319946	68.5	
T	34.018924713	-118.237380981	68.6	
T	34.018928528	-118.237411499	68.6	
T	34.018932343	-118.237434387	68.6	
T	34.018939972	-118.237457275	68.6	
T	34.018939972	-118.237487793	68.6	
T	34.018943787	-118.237518311	68.6	
T	34.018951416	-118.237556458	68.6	
T	34.018955231	-118.237594604	68.6	
T	34.018962860	-118.237632751	68.7	
T	34.018955231	-118.237663269	68.6	
T	34.018943787	-118.237693787	68.6	
T	34.018939972	-118.237709045	68.6	
T	34.018913269	-118.237724304	68.6	
T	34.018886566	-118.237731934	68.6	
T	34.018859863	-118.237731934	68.6	
T	34.018825531	-118.237739563	68.6	
T	34.018787384	-118.237754822	68.5	
T	34.018753052	-118.237762451	68.5	
T	34.018718719	-118.237770081	68.5	
T	34.018688202	-118.237770081	68.5	
T	34.018661499	-118.237770081	68.5	
T	34.018638611	-118.237770081	68.4	
T	34.018615723	-118.237770081	68.4	
T	34.018596649	-118.237770081	68.4	
T	34.018577576	-118.237770081	68.4	
T	34.018562317	-118.237770081	68.4	
T	34.018543243	-118.237770081	68.4	
T	34.018535614	-118.237770081	68.4	
T	34.018527985	-118.237770081	68.4	
T	34.018520355	-118.237770081	68.4	
T	34.018512726	-118.237770081	68.4	
T	34.018497467	-118.237770081	68.4	
T	34.018482208	-118.237762451	68.3	
T	34.018470764	-118.237747192	68.3	
T	34.018455505	-118.237731934	68.3	
T	34.018444061	-118.237716675	68.3	
T	34.018436432	-118.237693787	68.3	
T	34.018428802	-118.237663269	68.3	
T	34.018424988	-118.237648010	68.3	
T	34.018424988	-118.237640381	68.3	
T	34.018421173	-118.237625122	68.3	
T	34.018417358	-118.237609863	68.3	
T	34.018413544	-118.237594604	68.3	
T	34.018417358	-118.237579346	68.3	
T	34.018424988	-118.237564087	68.3	
T	34.018424988	-118.237533569	68.3	
T	34.018428802	-118.237518311	68.2	
T	34.018424988	-118.237503052	68.2	
T	34.018417358	-118.237495422	68.2	
T	34.018413544	-118.237503052	68.2	
T	34.018409729	-118.237503052	68.2	
T	34.018409729	-118.237503052	68.2	
T	34.018409729	-118.237503052	68.2	
T	34.018459320	-118.237541199	68.3	
T	34.018463135	-118.237541199	68.3	
T	34.018470764	-118.237548828	68.3	
T	34.018478394	-118.237556458	68.3	
T	34.018482208	-118.237556458	68.3	
T	34.018482208	-118.237548828	68.3	
T	34.018478394	-118.237548828	68.3	
T	34.018478394	-118.237556458	68.3	
T	34.018482208	-118.237564087	68.3	
T	34.018486023	-118.237571716	68.3	
T	34.018486023	-118.237579346	68.3	
T	34.018482208	-118.237579346	68.3	
T	34.018478394	-118.237579346	68.3	
T	34.018470764	-118.237579346	68.3	
T	34.018466949	-118.237579346	68.3	
T	34.018466949	-118.237586975	68.3	
T	34.018463135	-118.237586975	68.3	
T	34.018459320	-118.237586975	68.3	
T	34.018463135	-118.237594604	68.3	
T	34.018463135	-118.237586975	68.3	
T	34.018463135	-118.237586975	68.3	
T	34.018463135	-118.237594604	68.3	
T	34.018459320	-118.237602234	68.3	
T	34.018459320	-118.237602234	68.3	
T	34.018451691	-118.237571716	68.3	
T	34.018451691	-118.237564087	68.3	
T	34.018451691	-118.237556458	68.3	
T	34.018451691	-118.237556458	68.3	
T	34.018440247	-118.237518311	68.3	
T	34.018436432	-118.237518311	68.3	
T	34.018436432	-118.237510681	68.2	
T	34.018428802	-118.237510681	68.2	
T	34.018428802	-118.237503052	68.2	
T	34.018424988	-118.237503052	68.2	
T	34.018428802	-118.237510681	68.2	
T	34.018428802	-118.237510681	68.2	
T	34.018428802	-118.237510681	68.2	
T	34.018409729	-118.237380981	68.2	
T	34.018405914	-118.237350464	68.2	
T	34.018398285	-118.237335205	68.2	
T	34.018394470	-118.237327576	68.2	
T	34.018394470	-118.237327576	68.2	
T	34.018386841	-118.237289429	68.1	
T	34.018383026	-118.237289429	68.1	
T	34.018379211	-118.237289429	68.1	
T	34.018375397	-118.237289429	68.1	
T	34.018371582	-118.237289429	68.1	
T	34.018371582	-118.237297058	68.1	
T	34.018367767	-118.237297058	68.1	
T	34.018363953	-118.237297058	68.1	
T	34.018360138	-118.237297058	68.1	
T	34.018360138	-118.237304688	68.1	
T	34.018363953	-118.237304688	68.1	
T	34.018363953	-118.237304688	68.1	
T	34.018363953	-118.237304688	68.1	
T	34.018424988	-118.237274170	68.1	
T	34.018444061	-118.237266541	68.2	
T	34.018451691	-118.237243652	68.1	
T	34.018459320	-118.237213135	68.1	
T	34.018463135	-118.237174988	68.1	
T	34.018463135	-118.237136841	68.1	
T	34.018463135	-118.237098694	68.1	
T	34.018463135	-118.237060547	68.1	
T	34.018463135	-118.237030029	68.1	
T	34.018470764	-118.236999512	68.1	
T	34.018470764	-118.236961365	68.1	
T	34.018470764	-118.236930847	68.1	
T	34.018474579	-118.236900330	68.1	
T	34.018478394	-118.236877441	68.1	
T	34.018482208	-118.236854553	68.1	
T	34.018486023	-118.236831665	68.1	
T	34.018489838	-118.236824036	68.1	
T	34.018493652	-118.236808777	68.1	
T	34.018497467	-118.236793518	68.1	
T	34.018501282	-118.236778259	68.1	
T	34.018512726	-118.236763000	68.1	
T	34.018520355	-118.236755371	68.1	
T	34.018531799	-118.236747742	68.2	
T	34.018543243	-118.236740112	68.2	
T	34.018550873	-118.236732483	68.2	
T	34.018562317	-118.236724854	68.2	
T	34.018566132	-118.236724854	68.2	
T	34.018566132	-118.236732483	68.2	
T	34.018566132	-118.236740112	68.2	
T	34.018569946	-118.236740112	68.2	
T	34.018569946	-118.236747742	68.2	
T	34.018573761	-118.236747742	68.2	
T	34.018569946	-118.236747742	68.2	
T	34.018573761	-118.236747742	68.2	
T	34.018569946	-118.236747742	68.2	
T	34.018569946	-118.236747742	68.2	
T	34.018600464	-118.236747742	68.2	
T	34.018611908	-118.236740112	68.2	
T	34.018623352	-118.236740112	68.2	
T	34.018627167	-118.236724854	68.3	
T	34.018634796	-118.236717224	68.3	
T	34.018638611	-118.236709595	68.3	
T	34.018642426	-118.236709595	68.3	
T	34.018650055	-118.236709595	68.3	
T	34.018657684	-118.236701965	68.3	
T	34.018661499	-118.236701965	68.3	
T	34.018665314	-118.236709595	68.3	
T	34.018672943	-118.236709595	68.3	
T	34.018669128	-118.236709595	68.3	
T	34.018669128	-118.236717224	68.3	
T	34.018669128	-118.236717224	68.3	
T	34.018669128	-118.236724854	68.3	
T	34.018684387	-118.236717224	68.3	
T	34.018695831	-118.236709595	68.3	
T	34.018703461	-118.236709595	68.3	
T	34.018714905	-118.236709595	68.3	
T	34.018722534	-118.236701965	68.3	
T	34.018730164	-118.236701965	68.3	
T	34.018733978	-118.236694336	68.3	
T	34.018737793	-118.236694336	68.3	
T	34.018741608	-118.236694336	68.4	
T	34.018749237	-118.236694336	68.4	
T	34.018756866	-118.236686707	68.4	
T	34.018760681	-118.236686707	68.4	
T	34.018764496	-118.236686707	68.4	
T	34.018768311	-118.236686707	68.4	
T	34.018775940	-118.236679077	68.4	
T	34.018779755	-118.236679077	68.4	
T	34.018783569	-118.236671448	68.4	
T	34.018787384	-118.236671448	68.4	
T	34.018783569	-118.236679077	68.4	
T	34.018783569	-118.236671448	68.4	
T	34.018787384	-118.236671448	68.4	
T	34.018791199	-118.236663818	68.4	
T	34.018791199	-118.236663818	68.4	
T	34.018821716	-118.236625671	68.4	
T	34.018833160	-118.236625671	68.4	
T	34.018848419	-118.236625671	68.4	
T	34.018875122	-118.236618042	68.5	
T	34.018901825	-118.236618042	68.5	
T	34.018928528	-118.236618042	68.5	
T	34.018955231	-118.236610413	68.5	
T	34.018978119	-118.236602783	68.6	
T	34.018993378	-118.236595154	68.6	
T	34.019004822	-118.236587524	68.6	
T	34.019012451	-118.236587524	68.6	
T	34.019020081	-118.236579895	68.6	
T	34.019031525	-118.236572266	68.6	
T	34.019039154	-118.236572266	68.6	
T	34.019058228	-118.236572266	68.6	
T	34.019073486	-118.236579895	68.6	
T	34.019107819	-118.236587524	68.6	
T	34.019145966	-118.236610413	68.6	
T	34.019195557	-118.236648560	68.7	
T	34.019233704	-118.236701965	68.7	
T	34.019275665	-118.236778259	68.7	
T	34.019317627	-118.236854553	68.7	
T	34.019363403	-118.236953735	68.8	
T	34.019405365	-118.237052917	68.9	
T	34.019454956	-118.237167358	68.9	
T	34.019493103	-118.237289429	69.0	
T	34.019538879	-118.237419128	69.1	
T	34.019584656	-118.237556458	69.1	
T	34.019626617	-118.237693787	69.1	
T	34.019672394	-118.237831116	69.2	
T	34.019710541	-118.237976074	69.2	
T	34.019752502	-118.238105774	69.2	
T	34.019790649	-118.238243103	69.2	
T	34.019821167	-118.238372803	69.3	
T	34.019851685	-118.238494873	69.3	
T	34.019878387	-118.238609314	69.4	
T	34.019905090	-118.238708496	69.4	
T	34.019924164	-118.238800049	69.4	
T	34.019943237	-118.238883972	69.5	
T	34.019958496	-118.238952637	69.5	
T	34.019962311	-118.239021301	69.5	
T	34.019973755	-118.239082336	69.5	
T	34.019985199	-118.239151001	69.5	
T	34.019989014	-118.239196777	69.5	
T	34.019992828	-118.239242554	69.5	
T	34.019985199	-118.239280701	69.5	
T	34.019985199	-118.239303589	69.5	
T	34.019981384	-118.239318848	69.5	
T	34.019985199	-118.239326477	69.5	
T	34.019977570	-118.239318848	69.5	
T	34.019985199	-118.239326477	69.5	
T	34.019996643	-118.239356995	69.5	
T	34.020011902	-118.239410400	69.5	
T	34.020027161	-118.239501953	69.5	
T	34.020042419	-118.239608765	69.5	
T	34.020061493	-118.239723206	69.6	
T	34.020076752	-118.239845276	69.6	
T	34.020092010	-118.239974976	69.7	
T	34.020114899	-118.240119934	69.7	
T	34.020141602	-118.240249634	69.7	
T	34.020168304	-118.240394592	69.6	
T	34.020195007	-118.240531921	69.7	
T	34.020217896	-118.240684509	69.8	
T	34.020244598	-118.240837097	69.8	
T	34.020275116	-118.240989685	69.8	
T	34.020301819	-118.241149902	69.8	
T	34.020332336	-118.241310120	69.8	
T	34.020362854	-118.241470337	69.8	
T	34.020393372	-118.241630554	69.8	
T	34.020420074	-118.241790771	69.7	
T	34.020446777	-118.241950989	69.7	
T	34.020481110	-118.242103577	69.7	
T	34.020511627	-118.242256165	69.7	
T	34.020542145	-118.242408752	69.6	
T	34.020576477	-118.242553711	69.7	
T	34.020614624	-118.242698669	69.7	
T	34.020648956	-118.242843628	69.6	
T	34.020679474	-118.242980957	69.6	
T	34.020709991	-118.243125916	69.5	
T	34.020740509	-118.243263245	69.5	
T	34.020771027	-118.243408203	69.5	
T	34.020801544	-118.243553162	69.5	
T	34.020835876	-118.243705750	69.5	
T	34.020874023	-118.243850708	69.5	
T	34.020919800	-118.243995667	69.4	
T	34.020973206	-118.244140625	69.4	
T	34.021041870	-118.244277954	69.4	
T	34.021114349	-118.244415283	69.4	
T	34.021190643	-118.244552612	69.4	
T	34.021266937	-118.244682312	69.4	
T	34.021343231	-118.244819641	69.5	
T	34.021423340	-118.244956970	69.5	
T	34.021507263	-118.245086670	69.6	
T	34.021587372	-118.245216370	69.6	
T	34.021667480	-118.245353699	69.6	
T	34.021751404	-118.245483398	69.6	
T	34.021831512	-118.245605469	69.7	
T	34.021907806	-118.245727539	69.7	
T	34.021980286	-118.245849609	69.7	
T	34.022048950	-118.245979309	69.8	
T	34.022121429	-118.246109009	69.8	
T	34.022190094	-118.246238708	69.8	
T	34.022262573	-118.246376038	69.8	
T	34.022335052	-118.246513367	69.9	
T	34.022411346	-118.246643066	69.9	
T	34.022491455	-118.246772766	70.0	
T	34.022575378	-118.246902466	70.1	
T	34.022655487	-118.247032166	70.1	
T	34.022731781	-118.247161865	70.2	
T	34.022811890	-118.247291565	70.3	
T	34.022888184	-118.247421265	70.3	
T	34.022964478	-118.247543335	70.4	
T	34.023036957	-118.247665405	70.4	
T	34.023109436	-118.247787476	70.5	
T	34.023178101	-118.247909546	70.5	
T	34.023246765	-118.248031616	70.6	
T	34.023311615	-118.248161316	70.6	
T	34.023380280	-118.248291016	70.7	
T	34.023452759	-118.248420715	70.7	
T	34.023521423	-118.248542786	70.7	
T	34.023590088	-118.248672485	70.8	
T	34.023662567	-118.248802185	70.9	
T	34.023735046	-118.248931885	70.8	
T	34.023807526	-118.249061584	70.8	
T	34.023880005	-118.249191284	70.9	
T	34.023952484	-118.249320984	71.0	
T	34.024024963	-118.249450684	70.9	
T	34.024101257	-118.249588013	70.9	
T	34.024169922	-118.249725342	70.8	
T	34.024246216	-118.249847412	70.8	
T	34.024311066	-118.249969482	70.8	
T	34.024379730	-118.250083923	70.7	
T	34.024448395	-118.250198364	70.7	
T	34.024513245	-118.250320435	70.7	
T	34.024581909	-118.250434875	70.6	
T	34.024646759	-118.250556946	70.6	
T	34.024703979	-118.250686646	70.5	
T	34.024765015	-118.250808716	70.5	
T	34.024833679	-118.250930786	70.4	
T	34.024902344	-118.251052856	70.3	
T	34.024971008	-118.251182556	70.2	
T	34.025039673	-118.251312256	70.2	
T	34.025108337	-118.251441956	70.1	
T	34.025173187	-118.251571655	70.1	
T	34.025241852	-118.251701355	70.0	
T	34.025306702	-118.251831055	69.9	
T	34.025371552	-118.251968384	69.8	
T	34.025432587	-118.252098083	69.8	
T	34.025497437	-118.252243042	69.8	
T	34.025558472	-118.252380371	69.7	
T	34.025623322	-118.252517700	69.7	
T	34.025688171	-118.252655029	69.7	
T	34.025749207	-118.252784729	69.7	
T	34.025814056	-118.252922058	69.6	
T	34.025875092	-118.253044128	69.6	
T	34.025928497	-118.253158569	69.6	
T	34.025970459	-118.253273010	69.6	
T	34.026020050	-118.253395081	69.5	
T	34.026062012	-118.253524780	69.5	
T	34.026111603	-118.253654480	69.5	
T	34.026165009	-118.253784180	69.5	
T	34.026218414	-118.253906250	69.4	
T	34.026279449	-118.254035950	69.4	
T	34.026344299	-118.254165649	69.4	
T	34.026405334	-118.254295349	69.4	
T	34.026470184	-118.254425049	69.3	
T	34.026538849	-118.254554749	69.3	
T	34.026603699	-118.254692078	69.3	
T	34.026672363	-118.254821777	69.3	
T	34.026744843	-118.254943848	69.2	
T	34.026817322	-118.255073547	69.2	
T	34.026885986	-118.255203247	69.2	
T	34.026950836	-118.255332947	69.2	
T	34.027011871	-118.255477905	69.2	
T	34.027069092	-118.255607605	69.1	
T	34.027126312	-118.255737305	69.1	
T	34.027179718	-118.255851746	69.1	
T	34.027229309	-118.255958557	69.1	
T	34.027275085	-118.256065369	69.0	
T	34.027313232	-118.256156921	69.0	
T	34.027339935	-118.256233215	69.0	
T	34.027366638	-118.256317139	69.0	
T	34.027389526	-118.256385803	69.0	
T	34.027416229	-118.256462097	69.0	
T	34.027431488	-118.256530762	69.0	
T	34.027454376	-118.256599426	69.0	
T	34.027469635	-118.256645203	69.0	
T	34.027477264	-118.256690979	69.0	
T	34.027484894	-118.256721497	69.0	
T	34.027492523	-118.256744385	69.0	
T	34.027503967	-118.256759644	69.0	
T	34.027530670	-118.256752014	69.0	
T	34.027542114	-118.256752014	69.0	
T	34.027549744	-118.256752014	69.0	
T	34.027553558	-118.256759644	69.0	
T	34.027553558	-118.256767273	69.0	
T	34.027545929	-118.256774902	69.0	
T	34.027538300	-118.256774902	69.0	
T	34.027534485	-118.256767273	69.0	
T	34.027526855	-118.256767273	69.0	
T	34.027526855	-118.256767273	69.0	
T	34.027511597	-118.256774902	69.0	
T	34.027511597	-118.256782532	69.0	
T	34.027511597	-118.256774902	69.0	
T	34.027511597	-118.256774902	69.0	
T	34.027545929	-118.256797791	69.0	
T	34.027557373	-118.256820679	69.0	
T	34.027568817	-118.256851196	69.0	
T	34.027595520	-118.256896973	69.0	
T	34.027629852	-118.256950378	68.9	
T	34.027652740	-118.257011414	68.9	
T	34.027679443	-118.257080078	68.9	
T	34.027706146	-118.257141113	68.9	
T	34.027732849	-118.257202148	68.9	
T	34.027759552	-118.257270813	68.9	
T	34.027790070	-118.257354736	68.9	
T	34.027828217	-118.257438660	68.8	
T	34.027854919	-118.257537842	68.8	
T	34.027893066	-118.257644653	68.8	
T	34.027938843	-118.257751465	68.8	
T	34.027984619	-118.257858276	68.7	
T	34.028030396	-118.257965088	68.7	
T	34.028076172	-118.258071899	68.7	
T	34.028125763	-118.258178711	68.7	
T	34.028182983	-118.258285522	68.7	
T	34.028247833	-118.258399963	68.7	
T	34.028308868	-118.258522034	68.7	
T	34.028369904	-118.258636475	68.7	
T	34.028434753	-118.258758545	68.7	
T	34.028491974	-118.258888245	68.7	
T	34.028553009	-118.259017944	68.6	
T	34.028610229	-118.259147644	68.6	
T	34.028667450	-118.259277344	68.6	
T	34.028724670	-118.259422302	68.6	
T	34.028781891	-118.259567261	68.6	
T	34.028846741	-118.259704590	68.6	
T	34.028911591	-118.259849548	68.6	
T	34.028976440	-118.259986877	68.5	
T	34.029041290	-118.260124207	68.5	
T	34.029106140	-118.260261536	68.5	
T	34.029167175	-118.260391235	68.5	
T	34.029228210	-118.260520935	68.5	
T	34.029289246	-118.260650635	68.5	
T	34.029346466	-118.260772705	68.5	
T	34.029399872	-118.260879517	68.5	
T	34.029445648	-118.260971069	68.5	
T	34.029479980	-118.261039734	68.5	
T	34.029499054	-118.261100769	68.5	
T	34.029521942	-118.261154175	68.5	
T	34.029548645	-118.261207581	68.5	
T	34.029575348	-118.261276245	68.5	
T	34.029613495	-118.261352539	68.5	
T	34.029655457	-118.261444092	68.5	
T	34.029701233	-118.261543274	68.5	
T	34.029750824	-118.261657715	68.5	
T	34.029804230	-118.261779785	68.5	
T	34.029861450	-118.261901855	68.5	
T	34.029922485	-118.262023926	68.5	
T	34.029987335	-118.262145996	68.5	
T	34.030052185	-118.262275696	68.5	
T	34.030117035	-118.262405396	68.5	
T	34.030189514	-118.262535095	68.5	
T	34.030254364	-118.262664795	68.5	
T	34.030323029	-118.262786865	68.5	
T	34.030391693	-118.262916565	68.5	
T	34.030456543	-118.263046265	68.5	
T	34.030517578	-118.263175964	68.5	
T	34.030582428	-118.263298035	68.5	
T	34.030647278	-118.263420105	68.5	
T	34.030712128	-118.263549805	68.5	
T	34.030773163	-118.263679504	68.5	
T	34.030838013	-118.263816833	68.5	
T	34.030895233	-118.263946533	68.5	
T	34.030956268	-118.264083862	68.5	
T	34.031017303	-118.264213562	68.5	
T	34.031082153	-118.264343262	68.5	
T	34.031143188	-118.264465332	68.5	
T	34.031200409	-118.264602661	68.5	
T	34.031261444	-118.264724731	68.5	
T	34.031326294	-118.264846802	68.5	
T	34.031387329	-118.264976501	68.5	
T	34.031448364	-118.265098572	68.5	
T	34.031509399	-118.265220642	68.5	
T	34.031570435	-118.265350342	68.4	
T	34.031627655	-118.265487671	68.4	
T	34.031684875	-118.265625000	68.4	
T	34.031738281	-118.265754700	68.4	
T	34.031787872	-118.265869141	68.4	
T	34.031829834	-118.265991211	68.4	
T	34.031852722	-118.266090393	68.4	
T	34.031883240	-118.266174316	68.4	
T	34.031921387	-118.266250610	68.3	
T	34.031948090	-118.266319275	68.4	
T	34.031967163	-118.266380310	68.4	
T	34.031982422	-118.266426086	68.4	
T	34.031990051	-118.266464233	68.4	
T	34.031990051	-118.266487122	68.4	
T	34.031986237	-118.266502380	68.4	
T	34.031974792	-118.266510010	68.4	
T	34.031963348	-118.266525269	68.4	
T	34.031955719	-118.266532898	68.4	
T	34.031951904	-118.266540527	68.3	
T	34.031944275	-118.266548157	68.3	
T	34.031936646	-118.266555786	68.3	
T	34.031932831	-118.266563416	68.3	
T	34.031925201	-118.266571045	68.3	
T	34.031917572	-118.266578674	68.3	
T	34.031913757	-118.266586304	68.3	
T	34.031909943	-118.266586304	68.3	
T	34.031909943	-118.266586304	68.3	
T	34.031913757	-118.266624451	68.3	
T	34.031929016	-118.266654968	68.3	
T	34.031944275	-118.266685486	68.3	
T	34.031951904	-118.266723633	68.3	
T	34.031951904	-118.266769409	68.3	
T	34.031936646	-118.266799927	68.2	
T	34.031906128	-118.266860962	68.2	
T	34.031829834	-118.266914368	68.2	
T	34.031757355	-118.266967773	68.1	
T	34.031681061	-118.267028809	68.1	
T	34.031604767	-118.267082214	68.0	
T	34.031513214	-118.267135620	68.0	
T	34.031433105	-118.267211914	67.9	
T	34.031360626	-118.267257690	67.9	
T	34.031299591	-118.267311096	67.8	
T	34.031250000	-118.267341614	67.8	
T	34.031211853	-118.267364502	67.8	
T	34.031181335	-118.267387390	67.7	
T	34.031150818	-118.267410278	67.7	
T	34.031124115	-118.267425537	67.7	
T	34.031082153	-118.267440796	67.7	
T	34.031021118	-118.267471313	67.6	
T	34.030948639	-118.267517090	67.5	
T	34.030868530	-118.267570496	67.5	
T	34.030780792	-118.267623901	67.4	
T	34.030681610	-118.267692566	67.3	
T	34.030593872	-118.267745972	67.2	
T	34.030502319	-118.267814636	67.1	
T	34.030406952	-118.267883301	67.0	
T	34.030307770	-118.267944336	66.9	
T	34.030197144	-118.268005371	66.8	
T	34.030090332	-118.268058777	66.7	
T	34.029983521	-118.268119812	66.6	
T	34.029876709	-118.268180847	66.4	
T	34.029769897	-118.268249512	66.3	
T	34.029663086	-118.268318176	66.2	
T	34.029563904	-118.268379211	66.1	
T	34.029476166	-118.268440247	66.0	
T	34.029396057	-118.268493652	65.9	
T	34.029312134	-118.268547058	65.8	
T	34.029232025	-118.268600464	65.8	
T	34.029155731	-118.268646240	65.7	
T	34.029083252	-118.268699646	65.6	
T	34.029014587	-118.268745422	65.5	
T	34.028957367	-118.268783569	65.4	
T	34.028919220	-118.268806458	65.4	
T	34.028884888	-118.268836975	65.3	
T	34.028850555	-118.268859863	65.3	
T	34.028823853	-118.268882751	65.3	
T	34.028804779	-118.268898010	65.2	
T	34.028785706	-118.268905640	65.2	
T	34.028766632	-118.268920898	65.2	
T	34.028755188	-118.268920898	65.2	
T	34.028747559	-118.268920898	65.2	
T	34.028747559	-118.268913269	65.2	
T	34.028747559	-118.268905640	65.2	
T	34.028747559	-118.268898010	65.2	
T	34.028747559	-118.268898010	65.2	
T	34.028747559	-118.268898010	65.2	
T	34.028701782	-118.268905640	65.2	
T	34.028659821	-118.268928528	65.1	
T	34.028598785	-118.268966675	65.0	
T	34.028518677	-118.269012451	64.9	
T	34.028434753	-118.269073486	64.9	
T	34.028343201	-118.269134521	64.8	
T	34.028244019	-118.269203186	64.8	
T	34.028137207	-118.269279480	64.7	
T	34.028022766	-118.269348145	64.6	
T	34.027908325	-118.269424438	64.5	
T	34.027797699	-118.269500732	64.4	
T	34.027683258	-118.269577026	64.3	
T	34.027572632	-118.269653320	64.3	
T	34.027458191	-118.269729614	64.2	
T	34.027347565	-118.269805908	64.1	
T	34.027229309	-118.269882202	64.1	
T	34.027118683	-118.269958496	64.1	
T	34.027008057	-118.270019531	64.0	
T	34.026897430	-118.270088196	64.0	
T	34.026790619	-118.270156860	64.0	
T	34.026683807	-118.270225525	64.0	
T	34.026573181	-118.270301819	63.9	
T	34.026470184	-118.270362854	63.9	
T	34.026363373	-118.270431519	63.9	
T	34.026264191	-118.270500183	63.8	
T	34.026176453	-118.270561218	63.8	
T	34.026100159	-118.270606995	63.8	
T	34.026039124	-118.270645142	63.8	
T	34.025989532	-118.270683289	63.8	
T	34.025955200	-118.270706177	63.8	
T	34.025928497	-118.270721436	63.8	
T	34.025909424	-118.270729065	63.8	
T	34.025901794	-118.270736694	63.7	
T	34.025901794	-118.270744324	63.7	
T	34.025905609	-118.270751953	63.7	
T	34.025920868	-118.270729065	63.8	
T	34.025928497	-118.270721436	63.8	
T	34.025932312	-118.270706177	63.8	
T	34.025939941	-118.270698547	63.8	
T	34.025939941	-118.270698547	63.8	
T	34.025890350	-118.270736694	63.7	
T	34.025871277	-118.270751953	63.7	
T	34.025840759	-118.270767212	63.7	
T	34.025791168	-118.270797729	63.7	
T	34.025737762	-118.270828247	63.7	
T	34.025665283	-118.270858765	63.6	
T	34.025600433	-118.270912170	63.6	
T	34.025512695	-118.270973206	63.6	
T	34.025413513	-118.271034241	63.6	
T	34.025306702	-118.271102905	63.5	
T	34.025199890	-118.271171570	63.5	
T	34.025089264	-118.271255493	63.5	
T	34.024974823	-118.271339417	63.4	
T	34.024856567	-118.271423340	63.3	
T	34.024745941	-118.271499634	63.3	
T	34.024635315	-118.271583557	63.3	
T	34.024532318	-118.271652222	63.2	
T	34.024440765	-118.271713257	63.2	
T	34.024360657	-118.271766663	63.1	
T	34.024299622	-118.271812439	63.1	
T	34.024246216	-118.271850586	63.1	
T	34.024211884	-118.271881104	63.0	
T	34.024185181	-118.271896362	63.0	
T	34.024169922	-118.271911621	63.0	
T	34.024162292	-118.271919250	63.0	
T	34.024150848	-118.271926880	63.0	
T	34.024143219	-118.271934509	63.0	
T	34.024135590	-118.271942139	63.0	
T	34.024135590	-118.271949768	63.0	
T	34.024139404	-118.271949768	63.0	
T	34.024131775	-118.271957397	63.0	
T	34.024127960	-118.271957397	63.0	
T	34.024127960	-118.271957397	63.0	
T	34.024143219	-118.271919250	63.0	
T	34.024120331	-118.271934509	63.0	
T	34.024082184	-118.271965027	63.0	
T	34.024032593	-118.272003174	63.0	
T	34.023952484	-118.272071838	62.9	
T	34.023872375	-118.272125244	62.8	
T	34.023788452	-118.272178650	62.8	
T	34.023704529	-118.272239685	62.7	
T	34.023605347	-118.272308350	62.7	
T	34.023509979	-118.272377014	62.6	
T	34.023410797	-118.272438049	62.6	
T	34.023311615	-118.272499084	62.5	
T	34.023220062	-118.272560120	62.5	
T	34.023139954	-118.272613525	62.4	
T	34.023067474	-118.272666931	62.4	
T	34.022998810	-118.272712708	62.4	
T	34.022949219	-118.272743225	62.4	
T	34.022903442	-118.272773743	62.4	
T	34.022865295	-118.272804260	62.4	
T	34.022838593	-118.272819519	62.4	
T	34.022823334	-118.272834778	62.4	
T	34.022811890	-118.272842407	62.4	
T	34.022800446	-118.272850037	62.4	
T	34.022796631	-118.272850037	62.4	
T	34.022804260	-118.272842407	62.4	
T	34.022804260	-118.272842407	62.4	
T	34.022792816	-118.272872925	62.4	
T	34.022766113	-118.272888184	62.4	
T	34.022720337	-118.272918701	62.4	
T	34.022655487	-118.272964478	62.4	
T	34.022583008	-118.273010254	62.3	
T	34.022506714	-118.273063660	62.3	
T	34.022426605	-118.273117065	62.2	
T	34.022338867	-118.273170471	62.2	
T	34.022243500	-118.273231506	62.1	
T	34.022144318	-118.273300171	62.1	
T	34.022041321	-118.273361206	62.0	
T	34.021934509	-118.273429871	62.0	
T	34.021823883	-118.273498535	62.0	
T	34.021705627	-118.273574829	62.0	
T	34.021595001	-118.273643494	61.9	
T	34.021480560	-118.273712158	61.8	
T	34.021366119	-118.273788452	61.7	
T	34.021251678	-118.273864746	61.7	
T	34.021133423	-118.273948669	61.6	
T	34.021015167	-118.274024963	61.5	
T	34.020900726	-118.274101257	61.4	
T	34.020790100	-118.274185181	61.4	
T	34.020683289	-118.274253845	61.3	
T	34.020580292	-118.274322510	61.2	
T	34.020481110	-118.274398804	61.1	
T	34.020389557	-118.274467468	61.0	
T	34.020305634	-118.274528503	60.9	
T	34.020225525	-118.274589539	60.9	
T	34.020149231	-118.274642944	60.9	
T	34.020076752	-118.274688721	60.8	
T	34.019992828	-118.274742126	60.8	
T	34.019905090	-118.274795532	60.7	
T	34.019813538	-118.274856567	60.7	
T	34.019718170	-118.274917603	60.6	
T	34.019626617	-118.274971008	60.6	
T	34.019531250	-118.275032043	60.5	
T	34.019424438	-118.275100708	60.4	
T	34.019313812	-118.275169373	60.4	
T	34.019203186	-118.275238037	60.3	
T	34.019088745	-118.275306702	60.1	
T	34.018978119	-118.275375366	60.0	
T	34.018856049	-118.275444031	60.0	
T	34.018733978	-118.275512695	59.9	
T	34.018611908	-118.275581360	59.8	
T	34.018489838	-118.275657654	59.7	
T	34.018371582	-118.275733948	59.6	
T	34.018249512	-118.275802612	59.5	
T	34.018131256	-118.275878906	59.4	
T	34.018016815	-118.275947571	59.3	
T	34.017902374	-118.276016235	59.3	
T	34.017787933	-118.276092529	59.2	
T	34.017677307	-118.276153564	59.2	
T	34.017566681	-118.276222229	59.1	
T	34.017467499	-118.276283264	58.9	
T	34.017372131	-118.276344299	58.8	
T	34.017280579	-118.276405334	58.8	
T	34.017196655	-118.276458740	58.7	
T	34.017112732	-118.276512146	58.7	
T	34.017036438	-118.276557922	58.7	
T	34.016975403	-118.276596069	58.7	
T	34.016914368	-118.276634216	58.7	
T	34.016868591	-118.276679993	58.7	
T	34.016819000	-118.276718140	58.7	
T	34.016769409	-118.276756287	58.7	
T	34.016719818	-118.276802063	58.7	
T	34.016670227	-118.276840210	58.7	
T	34.016616821	-118.276870728	58.7	
T	34.016563416	-118.276908875	58.7	
T	34.016510010	-118.276947021	58.7	
T	34.016445160	-118.276992798	58.7	
T	34.016380310	-118.277038574	58.7	
T	34.016304016	-118.277091980	58.6	
T	34.016227722	-118.277145386	58.6	
T	34.016139984	-118.277198792	58.6	
T	34.016052246	-118.277252197	58.6	
T	34.015956879	-118.277313232	58.6	
T	34.015861511	-118.277374268	58.6	
T	34.015762329	-118.277435303	58.6	
T	34.015663147	-118.277488708	58.5	
T	34.015560150	-118.277549744	58.5	
T	34.015453339	-118.277618408	58.4	
T	34.015350342	-118.277687073	58.4	
T	34.015243530	-118.277755737	58.4	
T	34.015140533	-118.277816772	58.4	
T	34.015037537	-118.277885437	58.3	
T	34.014934540	-118.277961731	58.3	
T	34.014831543	-118.278030396	58.3	
T	34.014732361	-118.278099060	58.2	
T	34.014625549	-118.278175354	58.1	
T	34.014522552	-118.278244019	58.0	
T	34.014408112	-118.278320312	57.9	
T	34.014297485	-118.278396606	57.8	
T	34.014186859	-118.278465271	57.5	
T	34.014072418	-118.278533936	57.2	
T	34.013965607	-118.278602600	57.0	
T	34.013862610	-118.278671265	56.8	
T	34.013767242	-118.278732300	56.5	
T	34.013668060	-118.278793335	56.4	
T	34.013580322	-118.278846741	56.2	
T	34.013496399	-118.278900146	56.0	
T	34.013416290	-118.278953552	55.9	
T	34.013343811	-118.278999329	55.8	
T	34.013286591	-118.279029846	55.7	
T	34.013244629	-118.279067993	55.7	
T	34.013217926	-118.279083252	55.7	
T	34.013195038	-118.279098511	55.7	
T	34.013187408	-118.279106140	55.7	
T	34.013179779	-118.279113770	55.7	
T	34.013175964	-118.279113770	55.7	
T	34.013175964	-118.279121399	55.7	
T	34.013164520	-118.279121399	55.7	
T	34.013145447	-118.279136658	55.7	
T	34.013114929	-118.279159546	55.7	
T	34.013069153	-118.279190063	55.7	
T	34.013004303	-118.279235840	55.7	
T	34.012889862	-118.279296875	55.6	
T	34.012794495	-118.279357910	55.6	
T	34.012699127	-118.279418945	55.7	
T	34.012592316	-118.279479980	55.7	
T	34.012489319	-118.279541016	55.6	
T	34.012382507	-118.279609680	55.6	
T	34.012271881	-118.279678345	55.6	
T	34.012168884	-118.279739380	55.6	
T	34.012062073	-118.279808044	55.5	
T	34.011955261	-118.279861450	55.5	
T	34.011852264	-118.279922485	55.4	
T	34.011749268	-118.279983521	55.4	
T	34.011657715	-118.280029297	55.3	
T	34.011573792	-118.280075073	55.3	
T	34.011493683	-118.280120850	55.2	
T	34.011417389	-118.280158997	55.2	
T	34.011348724	-118.280197144	55.1	
T	34.011283875	-118.280242920	55.1	
T	34.011234283	-118.280273438	55.1	
T	34.011199951	-118.280303955	55.1	
T	34.011177063	-118.280319214	55.1	
T	34.011161804	-118.280326843	55.1	
T	34.011138916	-118.280342102	55.1	
T	34.011116028	-118.280372620	55.1	
T	34.011104584	-118.280418396	55.2	
T	34.011100769	-118.280464172	55.2	
T	34.011093140	-118.280517578	55.2	
T	34.011085510	-118.280570984	55.2	
T	34.011081696	-118.280624390	55.3	
T	34.011070251	-118.280677795	55.3	
T	34.011066437	-118.280723572	55.3	
T	34.011054993	-118.280776978	55.2	
T	34.011051178	-118.280830383	55.1	
T	34.011070251	-118.281089783	55.0	
T	34.011154175	-118.281204224	55.2	
T	34.011199951	-118.281303406	55.4	
T	34.011215210	-118.281448364	55.4	
T	34.011203766	-118.281578064	55.3	
T	34.011211395	-118.281654358	55.2	
T	34.011215210	-118.281723022	55.2	
T	34.011215210	-118.281799316	55.1	
T	34.011211395	-118.281875610	55.0	
T	34.011180878	-118.281997681	54.8	
T	34.011177063	-118.282081604	54.7	
T	34.011173248	-118.282150269	54.6	
T	34.011177063	-118.282211304	54.6	
T	34.011177063	-118.282257080	54.6	
T	34.011180878	-118.282279968	54.6	
T	34.011192322	-118.282302856	54.6	
T	34.011196136	-118.282310486	54.5	
T	34.011196136	-118.282318115	54.5	
T	34.011188507	-118.282318115	54.5	
T	34.011180878	-118.282318115	54.5	
T	34.011173248	-118.282318115	54.5	
T	34.011169434	-118.282318115	54.6	
T	34.011169434	-118.282318115	54.6	
T	34.011169434	-118.282318115	54.6	
T	34.011146545	-118.282379150	54.5	
T	34.011150360	-118.282417297	54.5	
T	34.011154175	-118.282470703	54.4	
T	34.011154175	-118.282562256	54.4	
T	34.011161804	-118.282669067	54.3	
T	34.011161804	-118.282783508	54.3	
T	34.011161804	-118.282905579	54.3	
T	34.011161804	-118.283035278	54.1	
T	34.011161804	-118.283172607	54.0	
T	34.011161804	-118.283309937	53.8	
T	34.011165619	-118.283454895	53.7	
T	34.011169434	-118.283607483	53.5	
T	34.011165619	-118.283760071	53.3	
T	34.011169434	-118.283920288	53.0	
T	34.011173248	-118.284072876	52.8	
T	34.011177063	-118.284240723	52.7	
T	34.011177063	-118.284400940	52.5	
T	34.011177063	-118.284568787	52.3	
T	34.011177063	-118.284736633	52.2	
T	34.011177063	-118.284904480	52.1	
T	34.011173248	-118.285079956	51.9	
T	34.011169434	-118.285255432	51.8	
T	34.011169434	-118.285423279	51.8	
T	34.011165619	-118.285583496	51.9	
T	34.011161804	-118.285736084	52.0	
T	34.011154175	-118.285881042	52.0	
T	34.011154175	-118.286010742	52.0	
T	34.011157990	-118.286132812	52.0	
T	34.011157990	-118.286247253	52.0	
T	34.011150360	-118.286354065	52.0	
T	34.011138916	-118.286460876	52.1	
T	34.011135101	-118.286544800	52.1	
T	34.011112213	-118.286636353	52.1	
T	34.011108398	-118.286705017	52.2	
T	34.011100769	-118.286758423	52.2	
T	34.011093140	-118.286804199	52.2	
T	34.011089325	-118.286849976	52.2	
T	34.011085510	-118.286872864	52.2	
T	34.011089325	-118.286895752	52.2	
T	34.011085510	-118.286903381	52.2	
T	34.011077881	-118.286903381	52.2	
T	34.011074066	-118.286918640	52.2	
T	34.011070251	-118.286926270	52.2	
T	34.011070251	-118.286949158	52.2	
T	34.011066437	-118.286987305	52.2	
T	34.011062622	-118.287040710	52.1	
T	34.011054993	-118.287109375	52.2	
T	34.011051178	-118.287193298	52.2	
T	34.011043549	-118.287284851	52.3	
T	34.011039734	-118.287384033	52.3	
T	34.011032104	-118.287498474	52.3	
T	34.011028290	-118.287620544	52.3	
T	34.011020660	-118.287750244	52.3	
T	34.011016846	-118.287879944	52.4	
T	34.011013031	-118.288009644	52.4	
T	34.011009216	-118.288154602	52.4	
T	34.011009216	-118.288299561	52.4	
T	34.011001587	-118.288452148	52.4	
T	34.011001587	-118.288604736	52.3	
T	34.010993958	-118.288764954	52.3	
T	34.010986328	-118.288925171	52.3	
T	34.010974884	-118.289085388	52.3	
T	34.010967255	-118.289245605	52.4	
T	34.010963440	-118.289405823	52.4	
T	34.010955811	-118.289566040	52.5	
T	34.010948181	-118.289726257	52.5	
T	34.010948181	-118.289878845	52.6	
T	34.010944366	-118.290039062	52.6	
T	34.010936737	-118.290199280	52.6	
T	34.010925293	-118.290359497	52.5	
T	34.010917664	-118.290519714	52.5	
T	34.010910034	-118.290679932	52.6	
T	34.010902405	-118.290840149	52.5	
T	34.010894775	-118.291007996	52.5	
T	34.010883331	-118.291168213	52.4	
T	34.010875702	-118.291328430	52.4	
T	34.010868073	-118.291488647	52.3	
T	34.010868073	-118.291648865	52.2	
T	34.010868073	-118.291809082	52.2	
T	34.010868073	-118.291969299	52.1	
T	34.010871887	-118.292137146	52.1	
T	34.010875702	-118.292297363	52.0	
T	34.010883331	-118.292465210	51.9	
T	34.010894775	-118.292633057	51.9	
T	34.010902405	-118.292808533	51.8	
T	34.010910034	-118.292984009	51.8	
T	34.010917664	-118.293159485	51.8	
T	34.010921478	-118.293342590	51.7	
T	34.010921478	-118.293518066	51.6	
T	34.010921478	-118.293701172	51.5	
T	34.010921478	-118.293876648	51.5	
T	34.010921478	-118.294052124	51.3	
T	34.010921478	-118.294227600	51.2	
T	34.010917664	-118.294403076	51.1	
T	34.010913849	-118.294578552	51.0	
T	34.010913849	-118.294746399	50.9	
T	34.010913849	-118.294914246	50.8	
T	34.010910034	-118.295082092	50.7	
T	34.010910034	-118.295242310	50.6	
T	34.010910034	-118.295410156	50.5	
T	34.010910034	-118.295578003	50.5	
T	34.010906219	-118.295738220	50.5	
T	34.010902405	-118.295906067	50.4	
T	34.010894775	-118.296066284	50.3	
T	34.010898590	-118.296234131	50.2	
T	34.010898590	-118.296394348	50.1	
T	34.010898590	-118.296562195	50.1	
T	34.010898590	-118.296730042	50.0	
T	34.010902405	-118.296897888	50.0	
T	34.010906219	-118.297073364	49.9	
T	34.010910034	-118.297241211	49.8	
T	34.010910034	-118.297416687	49.8	
T	34.010910034	-118.297576904	49.7	
T	34.010910034	-118.297744751	49.6	
T	34.010910034	-118.297904968	49.5	
T	34.010913849	-118.298065186	49.4	
T	34.010917664	-118.298225403	49.3	
T	34.010921478	-118.298377991	49.2	
T	34.010921478	-118.298538208	49.1	
T	34.010921478	-118.298690796	48.9	
T	34.010925293	-118.298843384	48.8	
T	34.010929108	-118.298988342	48.7	
T	34.010929108	-118.299140930	48.6	
T	34.010921478	-118.299285889	48.5	
T	34.010921478	-118.299430847	48.4	
T	34.010921478	-118.299583435	48.3	
T	34.010917664	-118.299728394	48.1	
T	34.010910034	-118.299880981	48.0	
T	34.010898590	-118.300025940	47.9	
T	34.010890961	-118.300178528	47.8	
T	34.010887146	-118.300331116	47.7	
T	34.010883331	-118.300476074	47.7	
T	34.010883331	-118.300628662	47.5	
T	34.010879517	-118.300781250	47.5	
T	34.010879517	-118.300933838	47.4	
T	34.010875702	-118.301086426	47.3	
T	34.010871887	-118.301239014	47.1	
T	34.010871887	-118.301391602	47.0	
T	34.010871887	-118.301551819	47.0	
T	34.010875702	-118.301712036	46.9	
T	34.010883331	-118.301864624	46.8	
T	34.010883331	-118.302024841	46.6	
T	34.010890961	-118.302192688	46.5	
T	34.010894775	-118.302352905	46.5	
T	34.010894775	-118.302513123	46.5	
T	34.010894775	-118.302680969	46.4	
T	34.010890961	-118.302848816	46.4	
T	34.010894775	-118.303016663	46.4	
T	34.010894775	-118.303184509	46.3	
T	34.010894775	-118.303352356	46.3	
T	34.010894775	-118.303520203	46.3	
T	34.010890961	-118.303688049	46.2	
T	34.010894775	-118.303863525	46.1	
T	34.010894775	-118.304023743	46.0	
T	34.010894775	-118.304183960	45.9	
T	34.010894775	-118.304336548	45.9	
T	34.010894775	-118.304489136	45.8	
T	34.010883331	-118.304641724	45.7	
T	34.010879517	-118.304794312	45.6	
T	34.010871887	-118.304946899	45.5	
T	34.010871887	-118.305099487	45.4	
T	34.010871887	-118.305252075	45.4	
T	34.010871887	-118.305412292	45.3	
T	34.010871887	-118.305564880	45.2	
T	34.010871887	-118.305717468	45.2	
T	34.010871887	-118.305862427	45.1	
T	34.010871887	-118.306015015	45.1	
T	34.010871887	-118.306159973	45.0	
T	34.010871887	-118.306289673	44.9	
T	34.010871887	-118.306427002	44.8	
T	34.010868073	-118.306564331	44.8	
T	34.010868073	-118.306701660	44.7	
T	34.010868073	-118.306846619	44.7	
T	34.010868073	-118.306991577	44.6	
T	34.010871887	-118.307128906	44.5	
T	34.010871887	-118.307273865	44.5	
T	34.010875702	-118.307411194	44.4	
T	34.010879517	-118.307540894	44.4	
T	34.010879517	-118.307662964	44.4	
T	34.010883331	-118.307777405	44.3	
T	34.010875702	-118.307891846	44.2	
T	34.010875702	-118.307998657	44.2	
T	34.010879517	-118.308105469	44.1	
T	34.010879517	-118.308197021	44.1	
T	34.010875702	-118.308280945	44.1	
T	34.010890961	-118.308364868	44.0	
T	34.010906219	-118.308418274	44.0	
T	34.010906219	-118.308464050	44.0	
T	34.010898590	-118.308494568	44.0	
T	34.010894775	-118.308525085	44.0	
T	34.010894775	-118.308555603	44.0	
T	34.010887146	-118.308570862	44.0	
T	34.010887146	-118.308578491	44.0	
T	34.010883331	-118.308586121	44.0	
T	34.010883331	-118.308593750	44.0	
T	34.010883331	-118.308601379	44.0	
T	34.010879517	-118.308601379	44.0	
T	34.010875702	-118.308609009	44.0	
T	34.010875702	-118.308616638	43.9	
T	34.010871887	-118.308616638	43.9	
T	34.010887146	-118.308624268	43.9	
T	34.010894775	-118.308639526	43.9	
T	34.010902405	-118.308677673	43.9	
T	34.010906219	-118.308738708	43.9	
T	34.010910034	-118.308815002	43.9	
T	34.010913849	-118.308906555	43.8	
T	34.010910034	-118.309005737	43.8	
T	34.010913849	-118.309112549	43.8	
T	34.010921478	-118.309226990	43.7	
T	34.010917664	-118.309356689	43.7	
T	34.010917664	-118.309486389	43.6	
T	34.010917664	-118.309623718	43.6	
T	34.010917664	-118.309761047	43.5	
T	34.010917664	-118.309898376	43.5	
T	34.010913849	-118.310035706	43.4	
T	34.010910034	-118.310180664	43.3	
T	34.010910034	-118.310325623	43.2	
T	34.010902405	-118.310470581	43.2	
T	34.010894775	-118.310615540	43.1	
T	34.010887146	-118.310768127	43.0	
T	34.010894775	-118.310913086	42.9	
T	34.010894775	-118.311058044	42.9	
T	34.010894775	-118.311210632	42.8	
T	34.010898590	-118.311363220	42.7	
T	34.010890961	-118.311515808	42.6	
T	34.010890961	-118.311668396	42.5	
T	34.010883331	-118.311828613	42.5	
T	34.010883331	-118.311981201	42.4	
T	34.010887146	-118.312141418	42.4	
T	34.010883331	-118.312301636	42.3	
T	34.010879517	-118.312469482	42.2	
T	34.010875702	-118.312629700	42.2	
T	34.010875702	-118.312789917	42.1	
T	34.010875702	-118.312950134	42.0	
T	34.010879517	-118.313117981	41.9	
T	34.010875702	-118.313285828	41.8	
T	34.010868073	-118.313453674	41.7	
T	34.010868073	-118.313621521	41.6	
T	34.010864258	-118.313781738	41.6	
T	34.010864258	-118.313949585	41.5	
T	34.010868073	-118.314109802	41.4	
T	34.010868073	-118.314270020	41.4	
T	34.010864258	-118.314430237	41.3	
T	34.010864258	-118.314598083	41.2	
T	34.010864258	-118.314758301	41.2	
T	34.010864258	-118.314918518	41.1	
T	34.010860443	-118.315078735	41.0	
T	34.010856628	-118.315231323	41.0	
T	34.010856628	-118.315383911	40.9	
T	34.010856628	-118.315536499	40.8	
T	34.010856628	-118.315696716	40.8	
T	34.010856628	-118.315849304	40.7	
T	34.010864258	-118.316001892	40.6	
T	34.010868073	-118.316154480	40.6	
T	34.010868073	-118.316307068	40.5	
T	34.010871887	-118.316452026	40.5	
T	34.010871887	-118.316596985	40.4	
T	34.010871887	-118.316749573	40.4	
T	34.010871887	-118.316886902	40.3	
T	34.010871887	-118.317024231	40.3	
T	34.010871887	-118.317153931	40.2	
T	34.010875702	-118.317276001	40.2	
T	34.010879517	-118.317382812	40.2	
T	34.010883331	-118.317489624	40.1	
T	34.010883331	-118.317581177	40.0	
T	34.010883331	-118.317665100	40.0	
T	34.010871887	-118.317741394	40.0	
T	34.010871887	-118.317802429	39.9	
T	34.010871887	-118.317855835	39.9	
T	34.010879517	-118.317916870	39.9	
T	34.010887146	-118.317962646	39.9	
T	34.010898590	-118.317993164	39.9	
T	34.010906219	-118.318016052	39.9	
T	34.010910034	-118.318031311	39.9	
T	34.010913849	-118.318038940	39.9	
T	34.010917664	-118.318046570	39.9	
T	34.010913849	-118.318038940	39.9	
T	34.010913849	-118.318031311	39.9	
T	34.010913849	-118.318031311	39.9	
T	34.010913849	-118.318031311	39.9	
T	34.010875702	-118.317924500	39.9	
T	34.010868073	-118.317916870	39.9	
T	34.010864258	-118.317901611	39.9	
T	34.010860443	-118.317893982	39.9	
T	34.010856628	-118.317893982	39.9	
T	34.010856628	-118.317886353	39.9	
T	34.010848999	-118.317886353	39.9	
T	34.010848999	-118.317886353	39.9	
T	34.010852814	-118.317871094	39.9	
T	34.010856628	-118.317863464	39.9	
T	34.010860443	-118.317863464	39.9	
T	34.010864258	-118.317863464	39.9	
T	34.010868073	-118.317863464	39.9	
T	34.010871887	-118.317863464	39.9	
T	34.010875702	-118.317863464	39.9	
T	34.010879517	-118.317863464	39.9	
T	34.010883331	-118.317863464	39.9	
T	34.010887146	-118.317863464	39.9	
T	34.010890961	-118.317863464	39.9	
T	34.010890961	-118.317855835	39.9	
T	34.010890961	-118.317863464	39.9	
T	34.010894775	-118.317863464	39.9	
T	34.010894775	-118.317863464	39.9	
T	34.010936737	-118.317886353	39.9	
T	34.010940552	-118.317886353	39.9	
T	34.010944366	-118.317886353	39.9	
T	34.010990143	-118.317901611	39.9	
T	34.010993958	-118.317909241	39.9	
T	34.011001587	-118.317909241	39.9	
T	34.011009216	-118.317909241	39.9	
T	34.011032104	-118.317909241	39.9	
T	34.011039734	-118.317909241	39.9	
T	34.011043549	-118.317909241	39.9	
T	34.011047363	-118.317909241	39.9	
T	34.011043549	-118.317909241	39.9	
T	34.011043549	-118.317901611	39.9	
T	34.011039734	-118.317901611	39.9	
T	34.011035919	-118.317893982	39.9	
T	34.011035919	-118.317893982	39.9	
T	34.010951996	-118.317893982	39.9	
T	34.010948181	-118.317893982	39.9	
T	34.010936737	-118.317893982	39.9	
T	34.010925293	-118.317893982	39.9	
T	34.010917664	-118.317893982	39.9	
T	34.010910034	-118.317893982	39.9	
T	34.010898590	-118.317886353	39.9	
T	34.010898590	-118.317893982	39.9	
T	34.010902405	-118.317901611	39.9	
T	34.010902405	-118.317909241	39.9	
T	34.010879517	-118.317939758	39.9	
T	34.010879517	-118.317947388	39.9	
T	34.010879517	-118.317955017	39.9	
T	34.010875702	-118.317962646	39.9	
T	34.010871887	-118.317970276	39.9	
T	34.010864258	-118.317977905	39.9	
T	34.010868073	-118.317977905	39.9	
T	34.010864258	-118.317970276	39.9	
T	34.010868073	-118.317970276	39.9	
T	34.010864258	-118.317962646	39.9	
T	34.010860443	-118.317962646	39.9	
T	34.010848999	-118.317970276	39.9	
T	34.010845184	-118.317977905	39.9	
T	34.010837555	-118.317970276	39.9	
T	34.010829926	-118.317970276	39.9	
T	34.010833740	-118.317970276	39.9	
T	34.010833740	-118.317970276	39.9	
T	34.010879517	-118.317970276	39.9	
T	34.010875702	-118.317970276	39.9	
T	34.010879517	-118.317970276	39.9	
T	34.010883331	-118.317970276	39.9	
T	34.010887146	-118.317970276	39.9	
T	34.010887146	-118.317993164	39.9	
T	34.010883331	-118.318000793	39.9	
T	34.010883331	-118.318008423	39.9	
T	34.010879517	-118.318016052	39.9	
T	34.010875702	-118.318016052	39.9	
T	34.010871887	-118.318016052	39.9	
T	34.010875702	-118.318016052	39.9	
T	34.010879517	-118.318016052	39.9	
T	34.010883331	-118.318016052	39.9	
T	34.010883331	-118.318016052	39.9	
T	34.010890961	-118.317977905	39.9	
T	34.010887146	-118.317970276	39.9	
T	34.010890961	-118.317970276	39.9	
T	34.010890961	-118.317970276	39.9	
T	34.010963440	-118.318000793	39.9	
T	34.010967255	-118.318000793	39.9	
T	34.010967255	-118.317993164	39.9	
T	34.010967255	-118.317993164	39.9	
T	34.010993958	-118.317977905	39.9	
T	34.010997772	-118.317977905	39.9	
T	34.010993958	-118.317970276	39.9	
T	34.010993958	-118.317970276	39.9	
T	34.010913849	-118.318016052	39.9	
T	34.010910034	-118.318016052	39.9	
T	34.010910034	-118.318008423	39.9	
T	34.010906219	-118.318008423	39.9	
T	34.010906219	-118.318008423	39.9	
T	34.010917664	-118.317985535	39.9	
T	34.010913849	-118.317985535	39.9	
T	34.010913849	-118.317977905	39.9	
T	34.010913849	-118.317970276	39.9	
T	34.010917664	-118.317962646	39.9	
T	34.010917664	-118.317962646	39.9	
T	34.010936737	-118.317932129	39.9	
T	34.010944366	-118.317932129	39.9	
T	34.010948181	-118.317932129	39.9	
T	34.010951996	-118.317924500	39.9	
T	34.010955811	-118.317924500	39.9	
T	34.010955811	-118.317924500	39.9	
T	34.010955811	-118.317924500	39.9	
T	34.010921478	-118.317970276	39.9	
T	34.010913849	-118.317977905	39.9	
T	34.010917664	-118.317962646	39.9	
T	34.010910034	-118.317970276	39.9	
T	34.010902405	-118.317977905	39.9	
T	34.010898590	-118.317985535	39.9	
T	34.010898590	-118.317977905	39.9	
T	34.010917664	-118.317985535	39.9	
T	34.010917664	-118.317993164	39.9	
T	34.010921478	-118.317985535	39.9	
T	34.010921478	-118.317993164	39.9	
T	34.010913849	-118.318023682	39.9	
T	34.010910034	-118.318023682	39.9	
T	34.010910034	-118.318031311	39.9	
T	34.010906219	-118.318038940	39.9	
T	34.010902405	-118.318038940	39.9	
T	34.010902405	-118.318046570	39.9	
T	34.010898590	-118.318054199	39.9	
T	34.010894775	-118.318054199	39.9	
T	34.010894775	-118.318046570	39.9	
T	34.010898590	-118.318046570	39.9	
T	34.010902405	-118.318046570	39.9	
T	34.010906219	-118.318038940	39.9	
T	34.010906219	-118.318046570	39.9	
T	34.010906219	-118.318046570	39.9	
T	34.010902405	-118.317932129	39.9	
T	34.010898590	-118.317932129	39.9	
T	34.010898590	-118.317924500	39.9	
T	34.010898590	-118.317924500	39.9	
T	34.010898590	-118.317924500	39.9	
T	34.010925293	-118.318031311	39.9	
T	34.010936737	-118.318099976	39.9	
T	34.010936737	-118.318176270	39.9	
T	34.010936737	-118.318260193	39.8	
T	34.010936737	-118.318359375	39.8	
T	34.010936737	-118.318466187	39.7	
T	34.010936737	-118.318580627	39.7	
T	34.010932922	-118.318702698	39.7	
T	34.010932922	-118.318832397	39.6	
T	34.010932922	-118.318954468	39.5	
T	34.010932922	-118.319084167	39.5	
T	34.010925293	-118.319213867	39.5	
T	34.010917664	-118.319335938	39.5	
T	34.010910034	-118.319473267	39.4	
T	34.010902405	-118.319618225	39.4	
T	34.010894775	-118.319763184	39.3	
T	34.010883331	-118.319908142	39.3	
T	34.010875702	-118.320060730	39.2	
T	34.010871887	-118.320213318	39.2	
T	34.010864258	-118.320365906	39.1	
T	34.010864258	-118.320518494	39.0	
T	34.010860443	-118.320678711	38.9	
T	34.010856628	-118.320823669	38.9	
T	34.010856628	-118.320976257	38.8	
T	34.010852814	-118.321128845	38.7	
T	34.010848999	-118.321289062	38.7	
T	34.010845184	-118.321441650	38.6	
T	34.010848999	-118.321601868	38.6	
T	34.010848999	-118.321762085	38.5	
T	34.010856628	-118.321929932	38.5	
T	34.010860443	-118.322082520	38.4	
T	34.010864258	-118.322242737	38.4	
T	34.010871887	-118.322402954	38.3	
T	34.010875702	-118.322563171	38.4	
T	34.010879517	-118.322723389	38.4	
T	34.010887146	-118.322891235	38.3	
T	34.010898590	-118.323051453	38.3	
T	34.010910034	-118.323219299	38.2	
T	34.010925293	-118.323387146	38.2	
T	34.010932922	-118.323547363	38.2	
T	34.010936737	-118.323715210	38.2	
T	34.010948181	-118.323883057	38.2	
T	34.010948181	-118.324050903	38.1	
T	34.010951996	-118.324218750	38.1	
T	34.010951996	-118.324394226	38.1	
T	34.010948181	-118.324569702	38.0	
T	34.010948181	-118.324737549	38.0	
T	34.010951996	-118.324905396	38.0	
T	34.010955811	-118.325065613	37.9	
T	34.010955811	-118.325233459	37.9	
T	34.010959625	-118.325401306	37.8	
T	34.010959625	-118.325561523	37.8	
T	34.010959625	-118.325714111	37.8	
T	34.010963440	-118.325859070	37.7	
T	34.010963440	-118.325996399	37.7	
T	34.010963440	-118.326126099	37.6	
T	34.010963440	-118.326240540	37.6	
T	34.010963440	-118.326347351	37.6	
T	34.010959625	-118.326446533	37.6	
T	34.010959625	-118.326530457	37.6	
T	34.010951996	-118.326606750	37.6	
T	34.010951996	-118.326660156	37.6	
T	34.010951996	-118.326705933	37.5	
T	34.010951996	-118.326751709	37.5	
T	34.010951996	-118.326789856	37.5	
T	34.010948181	-118.326820374	37.5	
T	34.010951996	-118.326843262	37.5	
T	34.010951996	-118.326858521	37.5	
T	34.010955811	-118.326873779	37.5	
T	34.010955811	-118.326889038	37.5	
T	34.010951996	-118.326896667	37.5	
T	34.010951996	-118.326904297	37.5	
T	34.010951996	-118.326911926	37.5	
T	34.010955811	-118.326927185	37.5	
T	34.010951996	-118.326965332	37.4	
T	34.010951996	-118.327003479	37.4	
T	34.010955811	-118.327079773	37.4	
T	34.010955811	-118.327171326	37.4	
T	34.010955811	-118.327270508	37.4	
T	34.010951996	-118.327384949	37.4	
T	34.010955811	-118.327507019	37.3	
T	34.010955811	-118.327636719	37.3	
T	34.010955811	-118.327766418	37.3	
T	34.010963440	-118.327911377	37.2	
T	34.010963440	-118.328048706	37.2	
T	34.010963440	-118.328201294	37.1	
T	34.010963440	-118.328346252	37.1	
T	34.010963440	-118.328491211	37.1	
T	34.010963440	-118.328643799	37.0	
T	34.010963440	-118.328796387	37.0	
T	34.010967255	-118.328948975	36.9	
T	34.010967255	-118.329101562	36.9	
T	34.010971069	-118.329254150	36.9	
T	34.010974884	-118.329406738	36.9	
T	34.010982513	-118.329551697	36.8	
T	34.010986328	-118.329704285	36.8	
T	34.010990143	-118.329856873	36.8	
T	34.010990143	-118.330001831	36.7	
T	34.010990143	-118.330154419	36.7	
T	34.010990143	-118.330307007	36.6	
T	34.010993958	-118.330459595	36.6	
T	34.010993958	-118.330604553	36.5	
T	34.010997772	-118.330772400	36.5	
T	34.010997772	-118.330924988	36.4	
T	34.010997772	-118.331085205	36.4	
T	34.010997772	-118.331237793	36.3	
T	34.010993958	-118.331398010	36.2	
T	34.010993958	-118.331558228	36.2	
T	34.010993958	-118.331718445	36.1	
T	34.011001587	-118.331871033	36.1	
T	34.011001587	-118.332031250	36.1	
T	34.011001587	-118.332191467	36.0	
T	34.011001587	-118.332344055	35.9	
T	34.011001587	-118.332496643	35.9	
T	34.011001587	-118.332649231	35.8	
T	34.011005402	-118.332794189	35.7	
T	34.011009216	-118.332939148	35.7	
T	34.011013031	-118.333084106	35.7	
T	34.011013031	-118.333221436	35.7	
T	34.011013031	-118.333366394	35.7	
T	34.011016846	-118.333511353	35.7	
T	34.011016846	-118.333648682	35.7	
T	34.011016846	-118.333793640	35.7	
T	34.011016846	-118.333938599	35.7	
T	34.011020660	-118.334068298	35.7	
T	34.011024475	-118.334205627	35.7	
T	34.011028290	-118.334335327	35.7	
T	34.011028290	-118.334457397	35.7	
T	34.011024475	-118.334571838	35.8	
T	34.011024475	-118.334671021	35.8	
T	34.011020660	-118.334762573	35.8	
T	34.011024475	-118.334831238	35.7	
T	34.011028290	-118.334899902	35.7	
T	34.011028290	-118.334960938	35.7	
T	34.011028290	-118.335006714	35.6	
T	34.011035919	-118.335052490	35.6	
T	34.011051178	-118.335083008	35.6	
T	34.011074066	-118.335105896	35.5	
T	34.011108398	-118.335128784	35.5	
T	34.011146545	-118.335128784	35.5	
T	34.011203766	-118.335113525	35.4	
T	34.011268616	-118.335105896	35.4	
T	34.011337280	-118.335098267	35.4	
T	34.011413574	-118.335083008	35.4	
T	34.011493683	-118.335083008	35.3	
T	34.011585236	-118.335083008	35.3	
T	34.011684418	-118.335083008	35.3	
T	34.011787415	-118.335098267	35.2	
T	34.011898041	-118.335098267	35.2	
T	34.012012482	-118.335105896	35.1	
T	34.012123108	-118.335113525	35.1	
T	34.012233734	-118.335121155	35.1	
T	34.012344360	-118.335113525	35.0	
T	34.012462616	-118.335113525	35.0	
T	34.012588501	-118.335098267	34.9	
T	34.012706757	-118.335098267	34.9	
T	34.012817383	-118.335098267	34.9	
T	34.012947083	-118.335090637	34.9	
T	34.013069153	-118.335083008	34.9	
T	34.013179779	-118.335083008	34.8	
T	34.013301849	-118.335083008	34.8	
T	34.013420105	-118.335090637	34.7	
T	34.013538361	-118.335098267	34.7	
T	34.013660431	-118.335098267	34.7	
T	34.013778687	-118.335113525	34.7	
T	34.013893127	-118.335121155	34.7	
T	34.014003754	-118.335128784	34.6	
T	34.014106750	-118.335128784	34.6	
T	34.014202118	-118.335128784	34.5	
T	34.014289856	-118.335128784	34.5	
T	34.014358521	-118.335128784	34.5	
T	34.014411926	-118.335136414	34.5	
T	34.014461517	-118.335136414	34.5	
T	34.014492035	-118.335136414	34.5	
T	34.014514923	-118.335128784	34.5	
T	34.014530182	-118.335128784	34.5	
T	34.014556885	-118.335136414	34.5	
T	34.014583588	-118.335159302	34.5	
T	34.014614105	-118.335189819	34.5	
T	34.014640808	-118.335227966	34.5	
T	34.014659882	-118.335289001	34.4	
T	34.014652252	-118.335357666	34.4	
T	34.014656067	-118.335433960	34.4	
T	34.014648438	-118.335525513	34.4	
T	34.014648438	-118.335617065	34.3	
T	34.014652252	-118.335700989	34.3	
T	34.014652252	-118.335777283	34.3	
T	34.014659882	-118.335853577	34.3	
T	34.014663696	-118.335906982	34.3	
T	34.014659882	-118.335968018	34.3	
T	34.014640808	-118.336021423	34.3	
T	34.014614105	-118.336082458	34.3	
T	34.014556885	-118.336112976	34.3	
T	34.014492035	-118.336158752	34.3	
T	34.014415741	-118.336204529	34.3	
T	34.014331818	-118.336257935	34.3	
T	34.014240265	-118.336311340	34.3	
T	34.014148712	-118.336364746	34.3	
T	34.014057159	-118.336418152	34.3	
T	34.013969421	-118.336471558	34.3	
T	34.013885498	-118.336524963	34.3	
T	34.013801575	-118.336578369	34.3	
T	34.013721466	-118.336624146	34.3	
T	34.013652802	-118.336669922	34.3	
T	34.013591766	-118.336715698	34.3	
T	34.013530731	-118.336761475	34.3	
T	34.013481140	-118.336799622	34.3	
T	34.013435364	-118.336830139	34.3	
T	34.013408661	-118.336860657	34.3	
T	34.013393402	-118.336875916	34.3	
T	34.013378143	-118.336898804	34.3	
T	34.013374329	-118.336906433	34.3	
T	34.013374329	-118.336914062	34.3	
T	34.013359070	-118.336936951	34.3	
T	34.013324738	-118.336959839	34.3	
T	34.013278961	-118.336990356	34.3	
T	34.013233185	-118.337028503	34.3	
T	34.013179779	-118.337066650	34.3	
T	34.013126373	-118.337112427	34.3	
T	34.013069153	-118.337158203	34.3	
T	34.013008118	-118.337203979	34.3	
T	34.012943268	-118.337257385	34.3	
T	34.012878418	-118.337303162	34.3	
T	34.012813568	-118.337341309	34.3	
T	34.012760162	-118.337379456	34.3	
T	34.012706757	-118.337425232	34.3	
T	34.012664795	-118.337463379	34.3	
T	34.012626648	-118.337493896	34.3	
T	34.012603760	-118.337516785	34.2	
T	34.012588501	-118.337524414	34.2	
T	34.012584686	-118.337539673	34.2	
T	34.012580872	-118.337539673	34.2	
T	34.012577057	-118.337539673	34.2	
T	34.012577057	-118.337532043	34.2	
T	34.012577057	-118.337532043	34.2	
T	34.012577057	-118.337532043	34.2	
T	34.012519836	-118.337547302	34.2	
T	34.012489319	-118.337570190	34.2	
T	34.012443542	-118.337608337	34.2	
T	34.012390137	-118.337623596	34.2	
T	34.012332916	-118.337623596	34.2	
T	34.012268066	-118.337600708	34.2	
T	34.012203217	-118.337570190	34.3	
T	34.012138367	-118.337524414	34.3	
T	34.012084961	-118.337448120	34.3	
T	34.012031555	-118.337364197	34.3	
T	34.011978149	-118.337280273	34.3	
T	34.011920929	-118.337188721	34.3	
T	34.011859894	-118.337089539	34.3	
T	34.011802673	-118.336997986	34.3	
T	34.011741638	-118.336906433	34.4	
T	34.011680603	-118.336822510	34.4	
T	34.011611938	-118.336723328	34.5	
T	34.011547089	-118.336616516	34.6	
T	34.011482239	-118.336517334	34.6	
T	34.011421204	-118.336410522	34.7	
T	34.011360168	-118.336318970	34.8	
T	34.011302948	-118.336227417	35.0	
T	34.011241913	-118.336143494	35.0	
T	34.011184692	-118.336051941	35.2	
T	34.011123657	-118.335968018	35.3	
T	34.011074066	-118.335861206	35.4	
T	34.011039734	-118.335784912	35.5	
T	34.011009216	-118.335716248	35.5	
T	34.010982513	-118.335655212	35.6	
T	34.010951996	-118.335586548	35.6	
T	34.010936737	-118.335533142	35.7	
T	34.010917664	-118.335494995	35.7	
T	34.010910034	-118.335464478	35.7	
T	34.010906219	-118.335441589	35.7	
T	34.010902405	-118.335418701	35.7	
T	34.010902405	-118.335403442	35.7	
T	34.010898590	-118.335388184	35.7	
T	34.010894775	-118.335380554	35.7	
T	34.010894775	-118.335372925	35.7	
T	34.010894775	-118.335372925	35.7	
T	34.010894775	-118.335372925	35.7	
T	34.010837555	-118.335289001	35.8	
T	34.010833740	-118.335273743	35.8	
T	34.010826111	-118.335243225	35.8	
T	34.010818481	-118.335205078	35.8	
T	34.010803223	-118.335159302	35.8	
T	34.010776520	-118.335121155	35.9	
T	34.010749817	-118.335083008	35.9	
T	34.010719299	-118.335052490	36.0	
T	34.010669708	-118.335029602	36.1	
T	34.010612488	-118.335029602	36.2	
T	34.010551453	-118.335037231	36.3	
T	34.010478973	-118.335044861	36.4	
T	34.010395050	-118.335060120	36.5	
T	34.010295868	-118.335060120	36.6	
T	34.010189056	-118.335067749	36.8	
T	34.010078430	-118.335060120	36.9	
T	34.009960175	-118.335060120	37.0	
T	34.009849548	-118.335060120	37.1	
T	34.009735107	-118.335060120	37.2	
T	34.009632111	-118.335060120	37.3	
T	34.009536743	-118.335060120	37.5	
T	34.009441376	-118.335060120	37.7	
T	34.009346008	-118.335060120	37.9	
T	34.009246826	-118.335060120	38.0	
T	34.009147644	-118.335067749	38.2	
T	34.009048462	-118.335075378	38.3	
T	34.008945465	-118.335083008	38.5	
T	34.008850098	-118.335090637	38.8	
T	34.008766174	-118.335098267	39.0	
T	34.008693695	-118.335105896	39.1	
T	34.008636475	-118.335113525	39.2	
T	34.008590698	-118.335113525	39.3	
T	34.008544922	-118.335128784	39.4	
T	34.008506775	-118.335144043	39.5	
T	34.008472443	-118.335166931	39.6	
T	34.008449554	-118.335205078	39.7	
T	34.008426666	-118.335266113	39.9	
T	34.008407593	-118.335334778	40.1	
T	34.008377075	-118.335411072	40.4	
T	34.008327484	-118.335494995	40.5	
T	34.008289337	-118.335578918	40.6	
T	34.008243561	-118.335678101	40.8	
T	34.008201599	-118.335762024	41.0	
T	34.008159637	-118.335861206	41.1	
T	34.008121490	-118.335968018	41.3	
T	34.008079529	-118.336074829	41.7	
T	34.008041382	-118.336181641	42.1	
T	34.007999420	-118.336296082	42.5	
T	34.007957458	-118.336410522	42.9	
T	34.007915497	-118.336517334	43.3	
T	34.007865906	-118.336616516	43.6	
T	34.007808685	-118.336723328	44.0	
T	34.007751465	-118.336822510	44.3	
T	34.007686615	-118.336914062	44.6	
T	34.007629395	-118.336997986	44.9	
T	34.007564545	-118.337066650	45.1	
T	34.007503510	-118.337127686	45.3	
T	34.007442474	-118.337188721	45.5	
T	34.007392883	-118.337234497	45.7	
T	34.007347107	-118.337272644	45.9	
T	34.007312775	-118.337310791	46.1	
T	34.007286072	-118.337341309	46.2	
T	34.007263184	-118.337379456	46.4	
T	34.007244110	-118.337417603	46.5	
T	34.007228851	-118.337471008	46.7	
T	34.007228851	-118.337516785	46.8	
T	34.007228851	-118.337570190	47.0	
T	34.007240295	-118.337623596	47.1	
T	34.007266998	-118.337684631	47.1	
T	34.007339478	-118.337753296	47.0	
T	34.007396698	-118.337821960	46.9	
T	34.007461548	-118.337905884	46.7	
T	34.007530212	-118.337982178	46.4	
T	34.007595062	-118.338058472	46.2	
T	34.007675171	-118.338134766	45.8	
T	34.007751465	-118.338218689	45.5	
T	34.007839203	-118.338302612	45.0	
T	34.007930756	-118.338386536	44.4	
T	34.008033752	-118.338470459	43.9	
T	34.008129120	-118.338539124	43.3	
T	34.008228302	-118.338584900	42.8	
T	34.008327484	-118.338638306	42.4	
T	34.008430481	-118.338684082	42.0	
T	34.008544922	-118.338729858	41.6	
T	34.008663177	-118.338768005	41.2	
T	34.008781433	-118.338806152	40.7	
T	34.008899689	-118.338844299	40.2	
T	34.009014130	-118.338890076	39.7	
T	34.009132385	-118.338935852	39.2	
T	34.009250641	-118.338989258	38.6	
T	34.009368896	-118.339042664	38.1	
T	34.009483337	-118.339111328	37.6	
T	34.009593964	-118.339179993	37.2	
T	34.009704590	-118.339256287	36.7	
T	34.009819031	-118.339324951	36.3	
T	34.009929657	-118.339408875	36.0	
T	34.010032654	-118.339485168	35.6	
T	34.010135651	-118.339569092	35.1	
T	34.010250092	-118.339637756	34.8	
T	34.010353088	-118.339706421	34.5	
T	34.010456085	-118.339775085	34.3	
T	34.010555267	-118.339851379	34.2	
T	34.010650635	-118.339920044	34.2	
T	34.010742188	-118.339988708	34.2	
T	34.010829926	-118.340065002	34.1	
T	34.010917664	-118.340141296	34.0	
T	34.011001587	-118.340225220	34.0	
T	34.011081696	-118.340309143	34.0	
T	34.011157990	-118.340393066	34.0	
T	34.011234283	-118.340484619	34.0	
T	34.011310577	-118.340576172	34.0	
T	34.011383057	-118.340675354	33.9	
T	34.011455536	-118.340774536	33.8	
T	34.011524200	-118.340881348	33.7	
T	34.011596680	-118.340988159	33.7	
T	34.011661530	-118.341087341	33.7	
T	34.011722565	-118.341178894	33.8	
T	34.011779785	-118.341278076	33.8	
T	34.011837006	-118.341369629	33.8	
T	34.011886597	-118.341461182	33.8	
T	34.011928558	-118.341552734	33.8	
T	34.011966705	-118.341636658	33.7	
T	34.012004852	-118.341720581	33.7	
T	34.012031555	-118.341812134	33.7	
T	34.012058258	-118.341880798	33.7	
T	34.012081146	-118.341934204	33.7	
T	34.012100220	-118.341979980	33.7	
T	34.012111664	-118.342018127	33.7	
T	34.012123108	-118.342048645	33.7	
T	34.012126923	-118.342071533	33.7	
T	34.012126923	-118.342079163	33.7	
T	34.012126923	-118.342086792	33.7	
T	34.012126923	-118.342094421	33.7	
T	34.012123108	-118.342102051	33.7	
T	34.012123108	-118.342094421	33.7	
T	34.012119293	-118.342094421	33.7	
T	34.012119293	-118.342094421	33.7	
T	34.012111664	-118.342124939	33.7	
T	34.012123108	-118.342163086	33.7	
T	34.012138367	-118.342216492	33.8	
T	34.012149811	-118.342285156	33.8	
T	34.012168884	-118.342361450	33.8	
T	34.012187958	-118.342445374	33.8	
T	34.012214661	-118.342544556	33.7	
T	34.012245178	-118.342651367	33.7	
T	34.012271881	-118.342773438	33.7	
T	34.012298584	-118.342903137	33.8	
T	34.012325287	-118.343032837	33.8	
T	34.012363434	-118.343162537	33.9	
T	34.012397766	-118.343299866	34.0	
T	34.012435913	-118.343437195	34.1	
T	34.012481689	-118.343574524	34.2	
T	34.012523651	-118.343719482	34.3	
T	34.012561798	-118.343856812	34.5	
T	34.012599945	-118.344001770	34.8	
T	34.012638092	-118.344139099	35.1	
T	34.012676239	-118.344276428	35.4	
T	34.012718201	-118.344413757	35.6	
T	34.012752533	-118.344543457	35.8	
T	34.012790680	-118.344673157	36.0	
T	34.012828827	-118.344802856	36.2	
T	34.012874603	-118.344932556	36.5	
T	34.012916565	-118.345054626	36.7	
T	34.012966156	-118.345161438	36.9	
T	34.013011932	-118.345268250	37.1	
T	34.013057709	-118.345375061	37.4	
T	34.013103485	-118.345474243	37.5	
T	34.013156891	-118.345581055	37.7	
T	34.013206482	-118.345680237	37.7	
T	34.013267517	-118.345779419	37.7	
T	34.013320923	-118.345878601	37.8	
T	34.013378143	-118.345970154	37.8	
T	34.013431549	-118.346061707	37.8	
T	34.013481140	-118.346145630	37.8	
T	34.013530731	-118.346229553	37.9	
T	34.013576508	-118.346298218	37.9	
T	34.013622284	-118.346359253	37.9	
T	34.013660431	-118.346427917	37.9	
T	34.013694763	-118.346466064	37.9	
T	34.013721466	-118.346504211	37.9	
T	34.013740540	-118.346534729	37.9	
T	34.013759613	-118.346565247	37.9	
T	34.013774872	-118.346595764	37.9	
T	34.013778687	-118.346626282	38.0	
T	34.013774872	-118.346656799	38.0	
T	34.013755798	-118.346679688	38.1	
T	34.013721466	-118.346710205	38.2	
T	34.013679504	-118.346733093	38.3	
T	34.013618469	-118.346763611	38.4	
T	34.013565063	-118.346817017	38.6	
T	34.013507843	-118.346885681	38.8	
T	34.013435364	-118.346954346	39.1	
T	34.013366699	-118.347030640	39.4	
T	34.013294220	-118.347106934	39.6	
T	34.013225555	-118.347183228	39.9	
T	34.013160706	-118.347259521	40.1	
T	34.013092041	-118.347328186	40.4	
T	34.013031006	-118.347396851	40.6	
T	34.012973785	-118.347450256	40.7	
T	34.012928009	-118.347496033	40.9	
T	34.012893677	-118.347526550	41.0	
T	34.012863159	-118.347557068	41.0	
T	34.012836456	-118.347572327	41.1	
T	34.012825012	-118.347587585	41.1	
T	34.012813568	-118.347595215	41.2	
T	34.012798309	-118.347610474	41.2	
T	34.012767792	-118.347648621	41.3	
T	34.012733459	-118.347686768	41.4	
T	34.012687683	-118.347732544	41.5	
T	34.012634277	-118.347785950	41.7	
T	34.012569427	-118.347846985	41.9	
T	34.012500763	-118.347908020	42.1	
T	34.012420654	-118.347984314	42.4	
T	34.012329102	-118.348068237	42.7	
T	34.012241364	-118.348136902	43.0	
T	34.012149811	-118.348220825	43.3	
T	34.012065887	-118.348297119	43.7	
T	34.011985779	-118.348365784	44.1	
T	34.011901855	-118.348434448	44.6	
T	34.011825562	-118.348503113	45.1	
T	34.011756897	-118.348556519	45.5	
T	34.011688232	-118.348609924	46.0	
T	34.011642456	-118.348648071	46.3	
T	34.011611938	-118.348693848	46.5	
T	34.011585236	-118.348724365	46.7	
T	34.011566162	-118.348747253	46.9	
T	34.011554718	-118.348770142	47.0	
T	34.011543274	-118.348785400	47.1	
T	34.011535645	-118.348808289	47.2	
T	34.011531830	-118.348823547	47.2	
T	34.011543274	-118.348846436	47.2	
T	34.011577606	-118.348876953	47.1	
T	34.011589050	-118.348915100	47.1	
T	34.011604309	-118.348953247	47.2	
T	34.011623383	-118.348991394	47.1	
T	34.011650085	-118.349052429	47.1	
T	34.011684418	-118.349113464	47.1	
T	34.011718750	-118.349189758	47.1	
T	34.011753082	-118.349266052	47.1	
T	34.011783600	-118.349349976	47.1	
T	34.011814117	-118.349433899	47.1	
T	34.011844635	-118.349525452	47.1	
T	34.011867523	-118.349609375	47.2	
T	34.011882782	-118.349678040	47.3	
T	34.011894226	-118.349746704	47.3	
T	34.011905670	-118.349792480	47.4	
T	34.011913300	-118.349845886	47.4	
T	34.011920929	-118.349891663	47.5	
T	34.011928558	-118.349945068	47.5	
T	34.011928558	-118.349990845	47.6	
T	34.011936188	-118.350051880	47.7	
T	34.011940002	-118.350112915	47.8	
T	34.011943817	-118.350189209	47.9	
T	34.011940002	-118.350265503	48.0	
T	34.011936188	-118.350349426	48.2	
T	34.011924744	-118.350440979	48.4	
T	34.011913300	-118.350540161	48.7	
T	34.011905670	-118.350646973	48.9	
T	34.011901855	-118.350753784	49.2	
T	34.011901855	-118.350852966	49.5	
T	34.011898041	-118.350959778	49.8	
T	34.011901855	-118.351058960	50.1	
T	34.011905670	-118.351142883	50.3	
T	34.011913300	-118.351219177	50.4	
T	34.011917114	-118.351280212	50.6	
T	34.011917114	-118.351318359	50.6	
T	34.011920929	-118.351348877	50.7	
T	34.011932373	-118.351348877	50.6	
T	34.011928558	-118.351356506	50.6	
T	34.011928558	-118.351364136	50.7	
T	34.011928558	-118.351364136	50.7	
T	34.011913300	-118.351402283	50.8	
T	34.011928558	-118.351425171	50.8	
T	34.011947632	-118.351440430	50.7	
T	34.011970520	-118.351455688	50.6	
T	34.011997223	-118.351478577	50.5	
T	34.012023926	-118.351486206	50.4	
T	34.012058258	-118.351486206	50.2	
T	34.012092590	-118.351478577	50.0	
T	34.012134552	-118.351478577	49.8	
T	34.012180328	-118.351463318	49.6	
T	34.012233734	-118.351440430	49.3	
T	34.012294769	-118.351417542	49.1	
T	34.012363434	-118.351394653	48.8	
T	34.012435913	-118.351364136	48.4	
T	34.012508392	-118.351333618	48.0	
T	34.012592316	-118.351310730	47.6	
T	34.012680054	-118.351287842	47.2	
T	34.012771606	-118.351272583	46.8	
T	34.012851715	-118.351257324	46.5	
T	34.012924194	-118.351242065	46.2	
T	34.012992859	-118.351226807	45.9	
T	34.013061523	-118.351219177	45.6	
T	34.013126373	-118.351219177	45.3	
T	34.013179779	-118.351211548	45.1	
T	34.013233185	-118.351211548	44.8	
T	34.013286591	-118.351211548	44.6	
T	34.013320923	-118.351219177	44.4	
T	34.013355255	-118.351226807	44.3	
T	34.013374329	-118.351226807	44.2	
T	34.013401031	-118.351226807	44.0	
T	34.013427734	-118.351234436	43.9	
T	34.013454437	-118.351242065	43.8	
T	34.013477325	-118.351242065	43.7	
T	34.013500214	-118.351242065	43.6	
T	34.013530731	-118.351234436	43.6	
T	34.013557434	-118.351226807	43.5	
T	34.013599396	-118.351226807	43.4	
T	34.013641357	-118.351211548	43.3	
T	34.013687134	-118.351211548	43.2	
T	34.013736725	-118.351211548	43.1	
T	34.013790131	-118.351219177	43.0	
T	34.013851166	-118.351219177	42.9	
T	34.013912201	-118.351226807	42.8	
T	34.013984680	-118.351226807	42.7	
T	34.014049530	-118.351226807	42.6	
T	34.014114380	-118.351226807	42.6	
T	34.014179230	-118.351226807	42.5	
T	34.014244080	-118.351219177	42.4	
T	34.014301300	-118.351211548	42.3	
T	34.014347076	-118.351196289	42.2	
T	34.014396667	-118.351188660	42.1	
T	34.014446259	-118.351173401	42.0	
T	34.014476776	-118.351165771	41.9	
T	34.014503479	-118.351158142	41.8	
T	34.014530182	-118.351158142	41.8	
T	34.014560699	-118.351165771	41.7	
T	34.014595032	-118.351173401	41.7	
T	34.014621735	-118.351203918	41.7	
T	34.014644623	-118.351226807	41.6	
T	34.014659882	-118.351272583	41.7	
T	34.014671326	-118.351318359	41.7	
T	34.014678955	-118.351364136	41.8	
T	34.014682770	-118.351425171	41.8	
T	34.014690399	-118.351486206	41.9	
T	34.014717102	-118.351562500	42.0	
T	34.014739990	-118.351646423	42.0	
T	34.014759064	-118.351737976	42.1	
T	34.014785767	-118.351829529	42.1	
T	34.014816284	-118.351936340	42.2	
T	34.014842987	-118.352027893	42.3	
T	34.014869690	-118.352134705	42.4	
T	34.014892578	-118.352233887	42.5	
T	34.014915466	-118.352333069	42.7	
T	34.014938354	-118.352439880	43.0	
T	34.014953613	-118.352546692	43.3	
T	34.014968872	-118.352653503	43.6	
T	34.014980316	-118.352760315	43.9	
T	34.014991760	-118.352867126	44.3	
T	34.014995575	-118.352973938	44.5	
T	34.014991760	-118.353073120	44.7	
T	34.014991760	-118.353164673	44.9	
T	34.014987946	-118.353256226	45.0	
T	34.014987946	-118.353324890	45.1	
T	34.014984131	-118.353378296	45.1	
T	34.014984131	-118.353424072	45.2	
T	34.014980316	-118.353462219	45.2	
T	34.014980316	-118.353492737	45.3	
T	34.014980316	-118.353515625	45.3	
T	34.014984131	-118.353538513	45.3	
T	34.014991760	-118.353561401	45.2	
T	34.015003204	-118.353591919	45.2	
T	34.015029907	-118.353614807	45.1	
T	34.015068054	-118.353645325	45.0	
T	34.015106201	-118.353668213	44.9	
T	34.015171051	-118.353645325	44.7	
T	34.015239716	-118.353645325	44.5	
T	34.015304565	-118.353645325	44.3	
T	34.015377045	-118.353645325	44.1	
T	34.015460968	-118.353637695	43.8	
T	34.015548706	-118.353637695	43.4	
T	34.015632629	-118.353630066	43.1	
T	34.015724182	-118.353637695	42.8	
T	34.015811920	-118.353630066	42.5	
T	34.015899658	-118.353630066	42.2	
T	34.015987396	-118.353630066	41.9	
T	34.016075134	-118.353630066	41.5	
T	34.016159058	-118.353630066	41.2	
T	34.016246796	-118.353630066	40.9	
T	34.016338348	-118.353622437	40.5	
T	34.016433716	-118.353630066	40.2	
T	34.016536713	-118.353630066	39.8	
T	34.016628265	-118.353630066	39.4	
T	34.016719818	-118.353630066	39.0	
T	34.016815186	-118.353630066	38.7	
T	34.016902924	-118.353630066	38.4	
T	34.016986847	-118.353630066	38.1	
T	34.017059326	-118.353622437	37.8	
T	34.017131805	-118.353622437	37.6	
T	34.017192841	-118.353622437	37.5	
T	34.017234802	-118.353622437	37.4	
T	34.017261505	-118.353622437	37.3	
T	34.017276764	-118.353614807	37.3	
T	34.017288208	-118.353614807	37.2	
T	34.017303467	-118.353614807	37.2	
T	34.017322540	-118.353614807	37.1	
T	34.017353058	-118.353614807	37.1	
T	34.017383575	-118.353607178	37.0	
T	34.017425537	-118.353607178	36.9	
T	34.017475128	-118.353607178	36.8	
T	34.017528534	-118.353607178	36.7	
T	34.017585754	-118.353614807	36.5	
T	34.017654419	-118.353614807	36.4	
T	34.017730713	-118.353614807	36.1	
T	34.017799377	-118.353622437	35.9	
T	34.017868042	-118.353630066	35.7	
T	34.017936707	-118.353630066	35.6	
T	34.017993927	-118.353622437	35.4	
T	34.018043518	-118.353622437	35.3	
T	34.018085480	-118.353630066	35.2	
T	34.018127441	-118.353637695	35.2	
T	34.018154144	-118.353645325	35.1	
T	34.018169403	-118.353645325	35.1	
T	34.018177032	-118.353645325	35.1	
T	34.018180847	-118.353645325	35.1	
T	34.018188477	-118.353645325	35.0	
T	34.018180847	-118.353637695	35.0	
T	34.018177032	-118.353637695	35.1	
T	34.018173218	-118.353630066	35.0	
T	34.018173218	-118.353630066	35.0	
T	34.018161774	-118.353614807	35.0	
T	34.018177032	-118.353622437	35.0	
T	34.018192291	-118.353622437	35.0	
T	34.018203735	-118.353622437	35.0	
T	34.018215179	-118.353630066	35.0	
T	34.018226624	-118.353630066	35.0	
T	34.018241882	-118.353630066	35.0	
T	34.018257141	-118.353630066	35.0	
T	34.018268585	-118.353637695	35.0	
T	34.018291473	-118.353660583	35.0	
T	34.018295288	-118.353691101	35.1	
T	34.018302917	-118.353729248	35.2	
T	34.018299103	-118.353782654	35.3	
T	34.018299103	-118.353843689	35.4	
T	34.018299103	-118.353919983	35.5	
T	34.018299103	-118.354011536	35.7	
T	34.018302917	-118.354133606	35.8	
T	34.018306732	-118.354263306	35.9	
T	34.018314362	-118.354385376	36.0	
T	34.018318176	-118.354507446	36.1	
T	34.018321991	-118.354621887	36.2	
T	34.018333435	-118.354728699	36.2	
T	34.018344879	-118.354827881	36.2	
T	34.018360138	-118.354919434	36.2	
T	34.018367767	-118.355003357	36.1	
T	34.018375397	-118.355072021	36.1	
T	34.018379211	-118.355125427	36.0	
T	34.018379211	-118.355171204	36.0	
T	34.018379211	-118.355194092	36.0	
T	34.018379211	-118.355209351	36.0	
T	34.018379211	-118.355216980	36.0	
T	34.018379211	-118.355224609	36.0	
T	34.018375397	-118.355232239	36.0	
T	34.018375397	-118.355232239	36.0	
T	34.018379211	-118.355270386	36.0	
T	34.018383026	-118.355293274	36.0	
T	34.018390656	-118.355308533	35.9	
T	34.018390656	-118.355339050	35.9	
T	34.018390656	-118.355369568	35.9	
T	34.018398285	-118.355400085	35.9	
T	34.018405914	-118.355438232	35.9	
T	34.018417358	-118.355461121	35.8	
T	34.018444061	-118.355484009	35.7	
T	34.018486023	-118.355506897	35.6	
T	34.018543243	-118.355491638	35.5	
T	34.018608093	-118.355506897	35.3	
T	34.018688202	-118.355514526	35.2	
T	34.018775940	-118.355514526	35.0	
T	34.018875122	-118.355514526	34.8	
T	34.018978119	-118.355522156	34.5	
T	34.019088745	-118.355529785	34.4	
T	34.019203186	-118.355529785	34.2	
T	34.019325256	-118.355529785	34.0	
T	34.019443512	-118.355537415	33.9	
T	34.019561768	-118.355545044	33.8	
T	34.019687653	-118.355545044	33.6	
T	34.019805908	-118.355545044	33.4	
T	34.019924164	-118.355545044	33.2	
T	34.020042419	-118.355545044	33.0	
T	34.020160675	-118.355545044	32.8	
T	34.020278931	-118.355545044	32.6	
T	34.020404816	-118.355552673	32.3	
T	34.020523071	-118.355552673	32.1	
T	34.020633698	-118.355560303	32.0	
T	34.020740509	-118.355560303	31.8	
T	34.020839691	-118.355560303	31.7	
T	34.020923615	-118.355552673	31.6	
T	34.020996094	-118.355545044	31.5	
T	34.021064758	-118.355545044	31.4	
T	34.021121979	-118.355529785	31.4	
T	34.021194458	-118.355529785	31.3	
T	34.021251678	-118.355529785	31.3	
T	34.021301270	-118.355522156	31.2	
T	34.021343231	-118.355529785	31.2	
T	34.021377563	-118.355529785	31.2	
T	34.021396637	-118.355529785	31.1	
T	34.021404266	-118.355522156	31.1	
T	34.021408081	-118.355522156	31.1	
T	34.021408081	-118.355514526	31.1	
T	34.021404266	-118.355514526	31.1	
T	34.021396637	-118.355514526	31.1	
T	34.021392822	-118.355514526	31.1	
T	34.021392822	-118.355514526	31.1	
T	34.021392822	-118.355514526	31.1	
T	34.021389008	-118.355491638	31.1	
T	34.021419525	-118.355484009	31.1	
T	34.021465302	-118.355484009	31.1	
T	34.021530151	-118.355491638	31.0	
T	34.021602631	-118.355499268	31.0	
T	34.021675110	-118.355506897	31.1	
T	34.021747589	-118.355506897	31.1	
T	34.021820068	-118.355514526	31.1	
T	34.021884918	-118.355522156	31.1	
T	34.021942139	-118.355514526	31.2	
T	34.021987915	-118.355522156	31.2	
T	34.022014618	-118.355529785	31.2	
T	34.022029877	-118.355529785	31.2	
T	34.022037506	-118.355537415	31.2	
T	34.022041321	-118.355537415	31.2	
T	34.022045135	-118.355545044	31.2	
T	34.022048950	-118.355545044	31.2	
T	34.022048950	-118.355545044	31.2	
T	34.022075653	-118.355545044	31.2	
T	34.022106171	-118.355552673	31.2	
T	34.022148132	-118.355552673	31.2	
T	34.022251129	-118.355567932	31.1	
T	34.022342682	-118.355567932	31.1	
T	34.022434235	-118.355567932	31.1	
T	34.022529602	-118.355567932	31.1	
T	34.022628784	-118.355575562	31.1	
T	34.022731781	-118.355575562	31.1	
T	34.022838593	-118.355575562	31.1	
T	34.022945404	-118.355575562	31.1	
T	34.023056030	-118.355567932	31.1	
T	34.023178101	-118.355552673	31.2	
T	34.023300171	-118.355545044	31.2	
T	34.023418427	-118.355529785	31.2	
T	34.023544312	-118.355514526	31.2	
T	34.023670197	-118.355491638	31.2	
T	34.023788452	-118.355461121	31.2	
T	34.023906708	-118.355430603	31.1	
T	34.024017334	-118.355400085	31.1	
T	34.024127960	-118.355369568	31.1	
T	34.024230957	-118.355323792	31.1	
T	34.024322510	-118.355278015	31.0	
T	34.024414062	-118.355247498	31.0	
T	34.024501801	-118.355209351	31.0	
T	34.024578094	-118.355171204	31.0	
T	34.024658203	-118.355133057	31.0	
T	34.024738312	-118.355102539	31.0	
T	34.024803162	-118.355072021	31.0	
T	34.024868011	-118.355041504	31.0	
T	34.024879456	-118.355010986	31.0	
T	34.024898529	-118.355003357	31.0	
T	34.024925232	-118.354988098	31.0	
T	34.024948120	-118.354972839	31.0	
T	34.024967194	-118.354957581	31.0	
T	34.024982452	-118.354934692	31.0	
T	34.024986267	-118.354904175	31.0	
T	34.024982452	-118.354858398	31.1	
T	34.024963379	-118.354812622	31.1	
T	34.024951935	-118.354751587	31.1	
T	34.024936676	-118.354698181	31.1	
T	34.024925232	-118.354644775	31.1	
T	34.024909973	-118.354583740	31.1	
T	34.024890900	-118.354537964	31.1	
T	34.024875641	-118.354499817	31.1	
T	34.024860382	-118.354461670	31.1	
T	34.024852753	-118.354438782	31.2	
T	34.024848938	-118.354423523	31.2	
T	34.024848938	-118.354415894	31.2	
T	34.024845123	-118.354423523	31.2	
T	34.024845123	-118.354431152	31.2	
T	34.024841309	-118.354438782	31.2	
T	34.024841309	-118.354446411	31.2	
T	34.024845123	-118.354446411	31.2	
T	34.024845123	-118.354454041	31.1	
T	34.024837494	-118.354446411	31.2	
T	34.024837494	-118.354438782	31.2	
T	34.024818420	-118.354377747	31.2	
T	34.024810791	-118.354293823	31.2	
T	34.024806976	-118.354225159	31.2	
T	34.024810791	-118.354133606	31.3	
T	34.024795532	-118.354034424	31.3	
T	34.024787903	-118.353919983	31.3	
T	34.024784088	-118.353797913	31.3	
T	34.024772644	-118.353660583	31.3	
T	34.024753571	-118.353523254	31.4	
T	34.024742126	-118.353378296	31.4	
T	34.024734497	-118.353225708	31.4	
T	34.024726868	-118.353073120	31.4	
T	34.024711609	-118.352912903	31.5	
T	34.024700165	-118.352760315	31.5	
T	34.024684906	-118.352607727	31.5	
T	34.024673462	-118.352455139	31.5	
T	34.024658203	-118.352302551	31.5	
T	34.024646759	-118.352149963	31.5	
T	34.024631500	-118.352005005	31.5	
T	34.024616241	-118.351852417	31.5	
T	34.024597168	-118.351707458	31.5	
T	34.024581909	-118.351562500	31.5	
T	34.024570465	-118.351425171	31.5	
T	34.024559021	-118.351295471	31.5	
T	34.024547577	-118.351181030	31.5	
T	34.024536133	-118.351074219	31.5	
T	34.024524689	-118.350982666	31.5	
T	34.024517059	-118.350914001	31.5	
T	34.024509430	-118.350852966	31.5	
T	34.024501801	-118.350807190	31.5	
T	34.024497986	-118.350776672	31.5	
T	34.024497986	-118.350753784	31.5	
T	34.024501801	-118.350730896	31.5	
T	34.024520874	-118.350700378	31.5	
T	34.024543762	-118.350662231	31.5	
T	34.024570465	-118.350631714	31.5	
T	34.024639130	-118.350654602	31.5	
T	34.024696350	-118.350646973	31.5	
T	34.024795532	-118.350677490	31.4	
T	34.024879456	-118.350692749	31.4	
T	34.024963379	-118.350700378	31.4	
T	34.025047302	-118.350708008	31.3	
T	34.025119781	-118.350715637	31.3	
T	34.025184631	-118.350723267	31.3	
T	34.025241852	-118.350730896	31.3	
T	34.025291443	-118.350730896	31.3	
T	34.025321960	-118.350730896	31.3	
T	34.025348663	-118.350730896	31.3	
T	34.025367737	-118.350738525	31.3	
T	34.025382996	-118.350746155	31.3	
T	34.025390625	-118.350753784	31.3	
T	34.025398254	-118.350761414	31.3	
T	34.025402069	-118.350761414	31.3	
T	34.025405884	-118.350761414	31.3	
T	34.025409698	-118.350761414	31.3	
T	34.025409698	-118.350761414	31.3	
T	34.025409698	-118.350761414	31.3	
T	34.025382996	-118.350776672	31.3	
T	34.025386810	-118.350776672	31.3	
T	34.025390625	-118.350776672	31.3	
T	34.025394440	-118.350776672	31.3	
T	34.025398254	-118.350776672	31.3	
T	34.025413513	-118.350776672	31.3	
T	34.025436401	-118.350776672	31.3	
T	34.025466919	-118.350776672	31.3	
T	34.025508881	-118.350791931	31.3	
T	34.025547028	-118.350814819	31.2	
T	34.025573730	-118.350852966	31.2	
T	34.025588989	-118.350891113	31.2	
T	34.025588989	-118.350997925	31.2	
T	34.025588989	-118.351089478	31.2	
T	34.025585175	-118.351188660	31.2	
T	34.025581360	-118.351310730	31.2	
T	34.025573730	-118.351448059	31.2	
T	34.025562286	-118.351593018	31.2	
T	34.025550842	-118.351737976	31.2	
T	34.025543213	-118.351898193	31.2	
T	34.025535583	-118.352058411	31.2	
T	34.025531769	-118.352218628	31.2	
T	34.025524139	-118.352378845	31.2	
T	34.025520325	-118.352546692	31.2	
T	34.025516510	-118.352706909	31.2	
T	34.025508881	-118.352874756	31.2	
T	34.025505066	-118.353042603	31.2	
T	34.025497437	-118.353210449	31.2	
T	34.025497437	-118.353363037	31.2	
T	34.025493622	-118.353523254	31.2	
T	34.025489807	-118.353683472	31.2	
T	34.025489807	-118.353820801	31.1	
T	34.025485992	-118.353950500	31.1	
T	34.025482178	-118.354064941	31.2	
T	34.025478363	-118.354171753	31.2	
T	34.025470734	-118.354278564	31.2	
T	34.025466919	-118.354370117	31.1	
T	34.025463104	-118.354438782	31.1	
T	34.025466919	-118.354499817	31.1	
T	34.025470734	-118.354553223	31.1	
T	34.025497437	-118.354591370	31.1	
T	34.025505066	-118.354614258	31.1	
T	34.025505066	-118.354629517	31.1	
T	34.025497437	-118.354637146	31.1	
T	34.025489807	-118.354644775	31.1	
T	34.025482178	-118.354644775	31.1	
T	34.025478363	-118.354644775	31.1	
T	34.025478363	-118.354644775	31.1	
T	34.025485992	-118.354606628	31.1	
T	34.025489807	-118.354606628	31.1	
T	34.025493622	-118.354598999	31.1	
T	34.025493622	-118.354598999	31.1	
T	34.025493622	-118.354598999	31.1	
T	34.025489807	-118.354576111	31.1	
T	34.025493622	-118.354576111	31.1	
T	34.025497437	-118.354591370	31.1	
T	34.025501251	-118.354614258	31.1	
T	34.025505066	-118.354660034	31.0	
T	34.025508881	-118.354713440	31.0	
T	34.025505066	-118.354766846	31.0	
T	34.025505066	-118.354820251	31.0	
T	34.025508881	-118.354866028	31.0	
T	34.025512695	-118.354896545	31.0	
T	34.025516510	-118.354911804	31.0	
T	34.025520325	-118.354911804	31.0	
T	34.025520325	-118.354919434	30.9	
T	34.025516510	-118.354927063	30.9	
T	34.025505066	-118.354949951	30.9	
T	34.025482178	-118.354972839	30.9	
T	34.025447845	-118.355003357	30.9	
T	34.025398254	-118.355018616	30.9	
T	34.025344849	-118.355033875	30.9	
T	34.025279999	-118.355056763	30.9	
T	34.025199890	-118.355094910	30.9	
T	34.025131226	-118.355125427	30.9	
T	34.025062561	-118.355155945	30.9	
T	34.024993896	-118.355178833	30.9	
T	34.024936676	-118.355201721	31.0	
T	34.024875641	-118.355224609	31.0	
T	34.024822235	-118.355232239	31.0	
T	34.024772644	-118.355239868	31.0	
T	34.024730682	-118.355232239	31.0	
T	34.024726868	-118.355255127	31.0	
T	34.024707794	-118.355262756	31.0	
T	34.024703979	-118.355278015	30.9	
T	34.024734497	-118.355293274	30.9	
T	34.024742126	-118.355300903	30.9	
T	34.024753571	-118.355308533	30.9	
T	34.024765015	-118.355323792	30.9	
T	34.024768829	-118.355331421	30.9	
T	34.024776459	-118.355331421	30.9	
T	34.024776459	-118.355331421	30.9	
T	34.024799347	-118.355354309	30.9	
T	34.024806976	-118.355346680	30.9	
T	34.024814606	-118.355346680	30.9	
T	34.024818420	-118.355339050	30.9	
T	34.024826050	-118.355346680	30.9	
T	34.024826050	-118.355361938	30.9	
T	34.024822235	-118.355377197	30.9	
T	34.024818420	-118.355392456	30.9	
T	34.024818420	-118.355407715	30.9	
T	34.024822235	-118.355407715	30.9	
T	34.024829865	-118.355415344	30.9	
T	34.024829865	-118.355430603	30.9	
T	34.024829865	-118.355438232	30.9	
T	34.024829865	-118.355445862	30.9	
T	34.024829865	-118.355461121	30.9	
T	34.024829865	-118.355468750	30.9	
T	34.024829865	-118.355484009	30.9	
T	34.024829865	-118.355476379	30.9	
T	34.024833679	-118.355461121	30.9	
T	34.024826050	-118.355453491	30.9	
T	34.024818420	-118.355461121	30.9	
T	34.024806976	-118.355461121	30.9	
T	34.024803162	-118.355461121	30.9	
T	34.024799347	-118.355461121	30.9	
T	34.024795532	-118.355461121	30.9	
T	34.024791718	-118.355445862	30.9	
T	34.024784088	-118.355430603	30.9	
T	34.024780273	-118.355415344	30.9	
T	34.024768829	-118.355400085	30.9	
T	34.024757385	-118.355392456	30.9	
T	34.024749756	-118.355400085	30.9	
T	34.024734497	-118.355392456	30.9	
T	34.024703979	-118.355392456	30.9	
T	34.024669647	-118.355415344	30.9	
T	34.024616241	-118.355430603	30.9	
T	34.024543762	-118.355422974	30.9	
T	34.024471283	-118.355430603	30.9	
T	34.024398804	-118.355430603	31.0	
T	34.024291992	-118.355468750	31.0	
T	34.024185181	-118.355499268	31.0	
T	34.024078369	-118.355529785	31.0	
T	34.023979187	-118.355567932	31.1	
T	34.023868561	-118.355590820	31.1	
T	34.023757935	-118.355613708	31.1	
T	34.023643494	-118.355628967	31.1	
T	34.023529053	-118.355644226	31.1	
T	34.023414612	-118.355667114	31.1	
T	34.023303986	-118.355682373	31.1	
T	34.023193359	-118.355690002	31.1	
T	34.023086548	-118.355705261	31.1	
T	34.022991180	-118.355720520	31.0	
T	34.022903442	-118.355728149	31.0	
T	34.022823334	-118.355743408	31.0	
T	34.022743225	-118.355766296	31.0	
T	34.022655487	-118.355773926	31.0	
T	34.022571564	-118.355781555	31.0	
T	34.022491455	-118.355781555	31.0	
T	34.022422791	-118.355789185	31.0	
T	34.022357941	-118.355789185	31.0	
T	34.022281647	-118.355773926	31.0	
T	34.022216797	-118.355766296	31.0	
T	34.022155762	-118.355766296	31.0	
T	34.022113800	-118.355773926	31.1	
T	34.022083282	-118.355773926	31.1	
T	34.022048950	-118.355781555	31.1	
T	34.022022247	-118.355781555	31.1	
T	34.022003174	-118.355781555	31.1	
T	34.021987915	-118.355781555	31.1	
T	34.021984100	-118.355781555	31.1	
T	34.021976471	-118.355766296	31.1	
T	34.021972656	-118.355766296	31.1	
T	34.021968842	-118.355758667	31.0	
T	34.021961212	-118.355751038	31.0	
T	34.021957397	-118.355751038	31.0	
T	34.021953583	-118.355751038	31.0	
T	34.021930695	-118.355751038	31.0	
T	34.021903992	-118.355758667	31.0	
T	34.021865845	-118.355758667	31.0	
T	34.021812439	-118.355758667	31.0	
T	34.021751404	-118.355751038	31.0	
T	34.021682739	-118.355751038	31.0	
T	34.021610260	-118.355751038	31.0	
T	34.021533966	-118.355751038	31.0	
T	34.021450043	-118.355743408	31.1	
T	34.021369934	-118.355743408	31.2	
T	34.021278381	-118.355735779	31.3	
T	34.021183014	-118.355728149	31.3	
T	34.021080017	-118.355712891	31.4	
T	34.020973206	-118.355697632	31.5	
T	34.020866394	-118.355682373	31.7	
T	34.020759583	-118.355674744	31.8	
T	34.020652771	-118.355667114	32.0	
T	34.020538330	-118.355651855	32.1	
T	34.020431519	-118.355644226	32.3	
T	34.020320892	-118.355628967	32.5	
T	34.020206451	-118.355613708	32.7	
T	34.020088196	-118.355606079	32.9	
T	34.019969940	-118.355606079	33.1	
T	34.019851685	-118.355598450	33.3	
T	34.019733429	-118.355598450	33.5	
T	34.019622803	-118.355590820	33.7	
T	34.019508362	-118.355575562	33.8	
T	34.019397736	-118.355560303	33.9	
T	34.019287109	-118.355552673	34.1	
T	34.019176483	-118.355545044	34.2	
T	34.019073486	-118.355545044	34.4	
T	34.018974304	-118.355545044	34.6	
T	34.018886566	-118.355545044	34.7	
T	34.018806458	-118.355545044	34.9	
T	34.018737793	-118.355552673	35.0	
T	34.018680573	-118.355567932	35.1	
T	34.018619537	-118.355560303	35.3	
T	34.018569946	-118.355560303	35.4	
T	34.018524170	-118.355552673	35.5	
T	34.018489838	-118.355552673	35.6	
T	34.018463135	-118.355545044	35.6	
T	34.018451691	-118.355545044	35.7	
T	34.018444061	-118.355545044	35.7	
T	34.018444061	-118.355552673	35.7	
T	34.018444061	-118.355560303	35.7	
T	34.018444061	-118.355552673	35.7	
T	34.018440247	-118.355545044	35.7	
T	34.018440247	-118.355545044	35.7	
T	34.018440247	-118.355545044	35.7	
T	34.018447876	-118.355506897	35.7	
T	34.018451691	-118.355506897	35.7	
T	34.018451691	-118.355506897	35.7	
T	34.018451691	-118.355506897	35.7	
T	34.018436432	-118.355529785	35.7	
T	34.018405914	-118.355529785	35.8	
T	34.018371582	-118.355522156	35.9	
T	34.018341064	-118.355499268	36.0	
T	34.018310547	-118.355468750	36.1	
T	34.018283844	-118.355422974	36.2	
T	34.018272400	-118.355384827	36.2	
T	34.018268585	-118.355331421	36.2	
T	34.018276215	-118.355247498	36.3	
T	34.018280029	-118.355155945	36.3	
T	34.018283844	-118.355056763	36.3	
T	34.018280029	-118.354957581	36.4	
T	34.018276215	-118.354873657	36.4	
T	34.018276215	-118.354789734	36.4	
T	34.018272400	-118.354698181	36.3	
T	34.018272400	-118.354598999	36.3	
T	34.018276215	-118.354499817	36.2	
T	34.018280029	-118.354393005	36.1	
T	34.018280029	-118.354270935	36.0	
T	34.018280029	-118.354141235	35.9	
T	34.018280029	-118.353996277	35.7	
T	34.018283844	-118.353851318	35.4	
T	34.018287659	-118.353706360	35.1	
T	34.018291473	-118.353553772	34.8	
T	34.018291473	-118.353393555	34.5	
T	34.018291473	-118.353240967	34.3	
T	34.018295288	-118.353088379	34.1	
T	34.018299103	-118.352943420	34.0	
T	34.018299103	-118.352806091	34.0	
T	34.018299103	-118.352668762	34.0	
T	34.018295288	-118.352539062	34.0	
T	34.018291473	-118.352416992	34.0	
T	34.018287659	-118.352294922	34.0	
T	34.018280029	-118.352172852	33.9	
T	34.018276215	-118.352050781	33.9	
T	34.018276215	-118.351921082	33.8	
T	34.018276215	-118.351791382	33.8	
T	34.018276215	-118.351661682	33.7	
T	34.018276215	-118.351539612	33.6	
T	34.018272400	-118.351417542	33.5	
T	34.018272400	-118.351303101	33.4	
T	34.018268585	-118.351181030	33.3	
T	34.018272400	-118.351066589	33.2	
T	34.018268585	-118.350952148	33.1	
T	34.018268585	-118.350830078	32.9	
T	34.018268585	-118.350708008	32.8	
T	34.018264771	-118.350601196	32.7	
T	34.018253326	-118.350502014	32.7	
T	34.018238068	-118.350410461	32.6	
T	34.018226624	-118.350334167	32.5	
T	34.018215179	-118.350273132	32.5	
T	34.018215179	-118.350227356	32.4	
T	34.018207550	-118.350204468	32.4	
T	34.018199921	-118.350189209	32.4	
T	34.018199921	-118.350181580	32.4	
T	34.018199921	-118.350173950	32.3	
T	34.018199921	-118.350181580	32.4	
T	34.018199921	-118.350173950	32.3	
T	34.018196106	-118.350181580	32.4	
T	34.018215179	-118.350196838	32.4	
T	34.018226624	-118.350181580	32.3	
T	34.018230438	-118.350143433	32.3	
T	34.018234253	-118.350067139	32.2	
T	34.018234253	-118.349983215	32.1	
T	34.018230438	-118.349891663	32.0	
T	34.018218994	-118.349784851	31.9	
T	34.018199921	-118.349670410	31.7	
T	34.018173218	-118.349548340	31.6	
T	34.018142700	-118.349418640	31.4	
T	34.018104553	-118.349288940	31.3	
T	34.018062592	-118.349159241	31.3	
T	34.018016815	-118.349029541	31.3	
T	34.017963409	-118.348907471	31.3	
T	34.017887115	-118.348777771	31.3	
T	34.017807007	-118.348640442	31.3	
T	34.017726898	-118.348503113	31.3	
T	34.017635345	-118.348365784	31.3	
T	34.017543793	-118.348228455	31.3	
T	34.017459869	-118.348098755	31.2	
T	34.017379761	-118.347969055	31.2	
T	34.017303467	-118.347846985	31.2	
T	34.017223358	-118.347724915	31.2	
T	34.017147064	-118.347610474	31.2	
T	34.017082214	-118.347496033	31.2	
T	34.017021179	-118.347389221	31.2	
T	34.016971588	-118.347274780	31.2	
T	34.016941071	-118.347160339	31.2	
T	34.016921997	-118.347045898	31.2	
T	34.016918182	-118.346931458	31.2	
T	34.016925812	-118.346809387	31.2	
T	34.016948700	-118.346694946	31.2	
T	34.016975403	-118.346580505	31.2	
T	34.017009735	-118.346458435	31.3	
T	34.017055511	-118.346351624	31.3	
T	34.017112732	-118.346260071	31.3	
T	34.017169952	-118.346176147	31.3	
T	34.017234802	-118.346084595	31.3	
T	34.017295837	-118.346008301	31.3	
T	34.017360687	-118.345939636	31.3	
T	34.017414093	-118.345870972	31.3	
T	34.017463684	-118.345809937	31.3	
T	34.017505646	-118.345764160	31.3	
T	34.017555237	-118.345710754	31.3	
T	34.017604828	-118.345649719	31.3	
T	34.017662048	-118.345581055	31.3	
T	34.017726898	-118.345520020	31.3	
T	34.017791748	-118.345451355	31.3	
T	34.017864227	-118.345390320	31.3	
T	34.017936707	-118.345321655	31.3	
T	34.018001556	-118.345252991	31.4	
T	34.018070221	-118.345184326	31.4	
T	34.018127441	-118.345130920	31.4	
T	34.018184662	-118.345069885	31.4	
T	34.018222809	-118.345001221	31.5	
T	34.018253326	-118.344924927	31.5	
T	34.018268585	-118.344833374	31.5	
T	34.018280029	-118.344726562	31.6	
T	34.018295288	-118.344604492	31.6	
T	34.018299103	-118.344474792	31.7	
T	34.018302917	-118.344345093	31.8	
T	34.018310547	-118.344200134	31.8	
T	34.018314362	-118.344070435	31.8	
T	34.018314362	-118.343940735	31.9	
T	34.018318176	-118.343811035	32.0	
T	34.018314362	-118.343696594	32.1	
T	34.018310547	-118.343589783	32.1	
T	34.018306732	-118.343498230	32.1	
T	34.018302917	-118.343421936	32.2	
T	34.018295288	-118.343353271	32.2	
T	34.018283844	-118.343307495	32.2	
T	34.018280029	-118.343284607	32.2	
T	34.018276215	-118.343261719	32.2	
T	34.018276215	-118.343223572	32.2	
T	34.018276215	-118.343154907	32.2	
T	34.018272400	-118.343070984	32.3	
T	34.018276215	-118.342971802	32.3	
T	34.018276215	-118.342864990	32.4	
T	34.018272400	-118.342750549	32.4	
T	34.018268585	-118.342620850	32.5	
T	34.018268585	-118.342491150	32.6	
T	34.018264771	-118.342361450	32.6	
T	34.018264771	-118.342224121	32.6	
T	34.018264771	-118.342086792	32.7	
T	34.018268585	-118.341949463	32.7	
T	34.018268585	-118.341812134	32.7	
T	34.018264771	-118.341674805	32.8	
T	34.018264771	-118.341529846	32.9	
T	34.018264771	-118.341400146	32.9	
T	34.018264771	-118.341270447	33.0	
T	34.018264771	-118.341133118	33.0	
T	34.018260956	-118.340995789	33.1	
T	34.018260956	-118.340858459	33.1	
T	34.018257141	-118.340721130	33.1	
T	34.018257141	-118.340583801	33.1	
T	34.018257141	-118.340438843	33.2	
T	34.018253326	-118.340293884	33.2	
T	34.018253326	-118.340148926	33.2	
T	34.018253326	-118.340003967	33.2	
T	34.018253326	-118.339851379	33.3	
T	34.018253326	-118.339698792	33.4	
T	34.018253326	-118.339546204	33.4	
T	34.018253326	-118.339393616	33.5	
T	34.018253326	-118.339241028	33.5	
T	34.018253326	-118.339088440	33.5	
T	34.018253326	-118.338935852	33.5	
T	34.018257141	-118.338783264	33.6	
T	34.018253326	-118.338623047	33.6	
T	34.018253326	-118.338462830	33.6	
T	34.018253326	-118.338302612	33.7	
T	34.018253326	-118.338142395	33.7	
T	34.018260956	-118.337989807	33.8	
T	34.018260956	-118.337829590	33.8	
T	34.018264771	-118.337677002	33.8	
T	34.018260956	-118.337516785	33.8	
T	34.018260956	-118.337356567	33.9	
T	34.018257141	-118.337196350	33.9	
T	34.018253326	-118.337043762	34.0	
T	34.018253326	-118.336883545	34.1	
T	34.018249512	-118.336730957	34.1	
T	34.018249512	-118.336578369	34.1	
T	34.018241882	-118.336425781	34.1	
T	34.018238068	-118.336273193	34.2	
T	34.018234253	-118.336135864	34.2	
T	34.018230438	-118.336013794	34.2	
T	34.018226624	-118.335891724	34.2	
T	34.018226624	-118.335777283	34.3	
T	34.018226624	-118.335670471	34.3	
T	34.018222809	-118.335586548	34.3	
T	34.018222809	-118.335510254	34.3	
T	34.018226624	-118.335456848	34.3	
T	34.018222809	-118.335411072	34.3	
T	34.018215179	-118.335365295	34.3	
T	34.018199921	-118.335319519	34.3	
T	34.018180847	-118.335281372	34.4	
T	34.018150330	-118.335250854	34.4	
T	34.018100739	-118.335227966	34.4	
T	34.018039703	-118.335227966	34.4	
T	34.017974854	-118.335220337	34.4	
T	34.017902374	-118.335220337	34.4	
T	34.017818451	-118.335220337	34.4	
T	34.017730713	-118.335212708	34.4	
T	34.017635345	-118.335212708	34.5	
T	34.017543793	-118.335220337	34.5	
T	34.017452240	-118.335220337	34.5	
T	34.017360687	-118.335220337	34.6	
T	34.017269135	-118.335227966	34.6	
T	34.017185211	-118.335227966	34.6	
T	34.017108917	-118.335243225	34.6	
T	34.017040253	-118.335250854	34.6	
T	34.016979218	-118.335266113	34.6	
T	34.016918182	-118.335266113	34.6	
T	34.016853333	-118.335273743	34.6	
T	34.016792297	-118.335281372	34.5	
T	34.016742706	-118.335289001	34.5	
T	34.016696930	-118.335296631	34.5	
T	34.016670227	-118.335311890	34.5	
T	34.016643524	-118.335311890	34.5	
T	34.016616821	-118.335311890	34.5	
T	34.016597748	-118.335311890	34.5	
T	34.016586304	-118.335319519	34.5	
T	34.016582489	-118.335327148	34.5	
T	34.016578674	-118.335342407	34.5	
T	34.016563416	-118.335342407	34.5	
T	34.016529083	-118.335342407	34.5	
T	34.016479492	-118.335342407	34.5	
T	34.016414642	-118.335334778	34.5	
T	34.016334534	-118.335334778	34.5	
T	34.016246796	-118.335327148	34.5	
T	34.016155243	-118.335327148	34.5	
T	34.016059875	-118.335319519	34.5	
T	34.015960693	-118.335319519	34.5	
T	34.015857697	-118.335319519	34.5	
T	34.015750885	-118.335327148	34.5	
T	34.015647888	-118.335327148	34.5	
T	34.015541077	-118.335334778	34.5	
T	34.015434265	-118.335327148	34.4	
T	34.015327454	-118.335334778	34.4	
T	34.015232086	-118.335342407	34.4	
T	34.015136719	-118.335342407	34.4	
T	34.015048981	-118.335350037	34.4	
T	34.014965057	-118.335350037	34.4	
T	34.014900208	-118.335357666	34.4	
T	34.014839172	-118.335357666	34.4	
T	34.014793396	-118.335365295	34.4	
T	34.014751434	-118.335365295	34.4	
T	34.014728546	-118.335365295	34.4	
T	34.014701843	-118.335380554	34.4	
T	34.014675140	-118.335395813	34.4	
T	34.014644623	-118.335426331	34.4	
T	34.014625549	-118.335464478	34.4	
T	34.014621735	-118.335533142	34.4	
T	34.014621735	-118.335578918	34.3	
T	34.014629364	-118.335639954	34.3	
T	34.014648438	-118.335723877	34.3	
T	34.014656067	-118.335800171	34.3	
T	34.014648438	-118.335884094	34.3	
T	34.014644623	-118.335960388	34.3	
T	34.014614105	-118.336029053	34.3	
T	34.014568329	-118.336105347	34.3	
T	34.014507294	-118.336166382	34.3	
T	34.014411926	-118.336204529	34.3	
T	34.014328003	-118.336257935	34.3	
T	34.014244080	-118.336311340	34.3	
T	34.014148712	-118.336380005	34.3	
T	34.014057159	-118.336441040	34.3	
T	34.013961792	-118.336509705	34.3	
T	34.013870239	-118.336578369	34.3	
T	34.013782501	-118.336654663	34.3	
T	34.013694763	-118.336715698	34.3	
T	34.013607025	-118.336761475	34.3	
T	34.013534546	-118.336814880	34.3	
T	34.013473511	-118.336845398	34.3	
T	34.013435364	-118.336868286	34.3	
T	34.013408661	-118.336875916	34.3	
T	34.013393402	-118.336891174	34.3	
T	34.013374329	-118.336898804	34.3	
T	34.013366699	-118.336906433	34.3	
T	34.013362885	-118.336914062	34.3	
T	34.013362885	-118.336921692	34.3	
T	34.013362885	-118.336921692	34.3	
T	34.013332367	-118.336967468	34.3	
T	34.013298035	-118.337005615	34.3	
T	34.013252258	-118.337051392	34.3	
T	34.013198853	-118.337097168	34.3	
T	34.013141632	-118.337150574	34.3	
T	34.013072968	-118.337203979	34.3	
T	34.012996674	-118.337257385	34.3	
T	34.012924194	-118.337310791	34.3	
T	34.012859344	-118.337348938	34.3	
T	34.012798309	-118.337402344	34.3	
T	34.012744904	-118.337448120	34.3	
T	34.012699127	-118.337486267	34.3	
T	34.012664795	-118.337516785	34.2	
T	34.012638092	-118.337539673	34.2	
T	34.012615204	-118.337554932	34.2	
T	34.012599945	-118.337562561	34.2	
T	34.012592316	-118.337562561	34.2	
T	34.012588501	-118.337562561	34.2	
T	34.012580872	-118.337547302	34.2	
T	34.012577057	-118.337539673	34.2	
T	34.012573242	-118.337516785	34.2	
T	34.012565613	-118.337501526	34.2	
T	34.012569427	-118.337493896	34.3	
T	34.012569427	-118.337486267	34.3	
T	34.012573242	-118.337478638	34.3	
T	34.012577057	-118.337478638	34.3	
T	34.012580872	-118.337478638	34.3	
T	34.012577057	-118.337471008	34.3	
T	34.012569427	-118.337486267	34.3	
T	34.012554169	-118.337501526	34.2	
T	34.012527466	-118.337532043	34.2	
T	34.012489319	-118.337554932	34.2	
T	34.012443542	-118.337577820	34.2	
T	34.012401581	-118.337593079	34.2	
T	34.012359619	-118.337600708	34.2	
T	34.012310028	-118.337585449	34.2	
T	34.012260437	-118.337539673	34.3	
T	34.012210846	-118.337501526	34.3	
T	34.012168884	-118.337463379	34.3	
T	34.012145996	-118.337425232	34.3	
T	34.012119293	-118.337394714	34.3	
T	34.012088776	-118.337364197	34.3	
T	34.012058258	-118.337341309	34.3	
T	34.012035370	-118.337333679	34.3	
T	34.012016296	-118.337326050	34.3	
T	34.011997223	-118.337310791	34.3	
T	34.011978149	-118.337287903	34.3	
T	34.011966705	-118.337272644	34.3	
T	34.011959076	-118.337265015	34.3	
T	34.011955261	-118.337265015	34.3	
T	34.011951447	-118.337257385	34.3	
T	34.011951447	-118.337265015	34.3	
T	34.011955261	-118.337272644	34.3	
T	34.011955261	-118.337280273	34.3	
T	34.011951447	-118.337280273	34.3	
T	34.011943817	-118.337280273	34.3	
T	34.011940002	-118.337280273	34.3	
T	34.011940002	-118.337280273	34.3	
T	34.011936188	-118.337303162	34.3	
T	34.011940002	-118.337310791	34.3	
T	34.011943817	-118.337326050	34.3	
T	34.011951447	-118.337333679	34.3	
T	34.011951447	-118.337341309	34.3	
T	34.011951447	-118.337356567	34.3	
T	34.011955261	-118.337356567	34.3	
T	34.011955261	-118.337364197	34.3	
T	34.011959076	-118.337371826	34.3	
T	34.011955261	-118.337371826	34.3	
T	34.011959076	-118.337371826	34.3	
T	34.011962891	-118.337371826	34.3	
T	34.011959076	-118.337364197	34.3	
T	34.011959076	-118.337356567	34.3	
T	34.011955261	-118.337356567	34.3	
T	34.011928558	-118.337341309	34.3	
T	34.011924744	-118.337341309	34.3	
T	34.011917114	-118.337348938	34.3	
T	34.011913300	-118.337341309	34.3	
T	34.011909485	-118.337333679	34.3	
T	34.011909485	-118.337333679	34.3	
T	34.011909485	-118.337333679	34.3	
T	34.011871338	-118.337280273	34.3	
T	34.011901855	-118.337310791	34.3	
T	34.011924744	-118.337341309	34.3	
T	34.011947632	-118.337364197	34.3	
T	34.011947632	-118.337356567	34.3	
T	34.011947632	-118.337356567	34.3	
T	34.011966705	-118.337318420	34.3	
T	34.011970520	-118.337318420	34.3	
T	34.011966705	-118.337310791	34.3	
T	34.011959076	-118.337303162	34.3	
T	34.011955261	-118.337303162	34.3	
T	34.011955261	-118.337303162	34.3	
T	34.011955261	-118.337303162	34.3	
T	34.011951447	-118.337326050	34.3	
T	34.011959076	-118.337333679	34.3	
T	34.011962891	-118.337341309	34.3	
T	34.011962891	-118.337348938	34.3	
T	34.011966705	-118.337356567	34.3	
T	34.011970520	-118.337356567	34.3	
T	34.011978149	-118.337356567	34.3	
T	34.011978149	-118.337364197	34.3	
T	34.011981964	-118.337364197	34.3	
T	34.011989594	-118.337379456	34.3	
T	34.011993408	-118.337379456	34.3	
T	34.011997223	-118.337387085	34.3	
T	34.012001038	-118.337394714	34.3	
T	34.012004852	-118.337402344	34.3	
T	34.012008667	-118.337409973	34.3	
T	34.012016296	-118.337409973	34.3	
T	34.012020111	-118.337409973	34.3	
T	34.012023926	-118.337409973	34.3	
T	34.012027740	-118.337409973	34.3	
T	34.012027740	-118.337402344	34.3	
T	34.012031555	-118.337402344	34.3	
T	34.012039185	-118.337409973	34.3	
T	34.012035370	-118.337402344	34.3	
T	34.012039185	-118.337394714	34.3	
T	34.012039185	-118.337394714	34.3	
T	34.012031555	-118.337402344	34.3	
T	34.012027740	-118.337402344	34.3	
T	34.012020111	-118.337402344	34.3	
T	34.012020111	-118.337402344	34.3	
T	34.011993408	-118.337409973	34.3	
T	34.011989594	-118.337409973	34.3	
T	34.011985779	-118.337409973	34.3	
T	34.011978149	-118.337409973	34.3	
T	34.011978149	-118.337409973	34.3	
T	34.011909485	-118.337364197	34.3	
T	34.011905670	-118.337364197	34.3	
T	34.011898041	-118.337348938	34.3	
T	34.011890411	-118.337341309	34.3	
T	34.011901855	-118.337356567	34.3	
T	34.011909485	-118.337371826	34.3	
T	34.011920929	-118.337402344	34.3	
T	34.011928558	-118.337425232	34.3	
T	34.011928558	-118.337425232	34.3	
T	34.011867523	-118.337326050	34.3	
T	34.011859894	-118.337318420	34.3	
T	34.011856079	-118.337310791	34.3	
T	34.011848450	-118.337295532	34.3	
T	34.011833191	-118.337265015	34.3	
T	34.011833191	-118.337257385	34.3	
T	34.011821747	-118.337249756	34.3	
T	34.011810303	-118.337242126	34.3	
T	34.011806488	-118.337234497	34.3	
T	34.011810303	-118.337242126	34.3	
T	34.011810303	-118.337242126	34.3	
T	34.011806488	-118.337219238	34.3	
T	34.011802673	-118.337219238	34.3	
T	34.011798859	-118.337226868	34.3	
T	34.011798859	-118.337226868	34.3	
T	34.011756897	-118.337203979	34.3	
T	34.011756897	-118.337196350	34.3	
T	34.011756897	-118.337196350	34.3	
T	34.011756897	-118.337196350	34.3	
T	34.011798859	-118.337295532	34.3	
T	34.011806488	-118.337295532	34.3	
T	34.011810303	-118.337303162	34.3	
T	34.011817932	-118.337318420	34.3	
T	34.011817932	-118.337326050	34.3	
T	34.011817932	-118.337333679	34.3	
T	34.011821747	-118.337341309	34.3	
T	34.011825562	-118.337348938	34.3	
T	34.011829376	-118.337348938	34.3	
T	34.011833191	-118.337356567	34.3	
T	34.011840820	-118.337364197	34.3	
T	34.011848450	-118.337371826	34.3	
T	34.011844635	-118.337364197	34.3	
T	34.011848450	-118.337364197	34.3	
T	34.011848450	-118.337364197	34.3	
T	34.011848450	-118.337341309	34.3	
T	34.011852264	-118.337348938	34.3	
T	34.011848450	-118.337341309	34.3	
T	34.011848450	-118.337333679	34.3	
T	34.011848450	-118.337326050	34.3	
T	34.011852264	-118.337326050	34.3	
T	34.011856079	-118.337326050	34.3	
T	34.011859894	-118.337326050	34.3	
T	34.011859894	-118.337333679	34.3	
T	34.011859894	-118.337326050	34.3	
T	34.011856079	-118.337318420	34.3	
T	34.011856079	-118.337318420	34.3	
T	34.011856079	-118.337318420	34.3	
T	34.011882782	-118.337318420	34.3	
