"STATION","DATE","REPORT_TYPE","SOURCE","AWND","BackupDirection","BackupDistance","BackupDistanceUnit","BackupElements","BackupElevation","BackupElevationUnit","BackupEquipment","BackupLatitude","BackupLongitude","BackupName","CDSD","CLDD","DSNW","DYHF","DYTS","DailyAverageDewPointTemperature","DailyAverageDryBulbTemperature","DailyAverageRelativeHumidity","DailyAverageSeaLevelPressure","DailyAverageStationPressure","DailyAverageWetBulbTemperature","DailyAverageWindSpeed","DailyCoolingDegreeDays","DailyDepartureFromNormalAverageTemperature","DailyHeatingDegreeDays","DailyMaximumDryBulbTemperature","DailyMinimumDryBulbTemperature","DailyPeakWindDirection","DailyPeakWindSpeed","DailyPrecipitation","DailySnowDepth","DailySnowfall","DailySustainedWindDirection","DailySustainedWindSpeed","DailyWeather","HDSD","HTDD","HourlyAltimeterSetting","HourlyDewPointTemperature","HourlyDryBulbTemperature","HourlyPrecipitation","HourlyPresentWeatherType","HourlyPressureChange","HourlyPressureTendency","HourlyRelativeHumidity","HourlySeaLevelPressure","HourlySkyConditions","HourlyStationPressure","HourlyVisibility","HourlyWetBulbTemperature","HourlyWindDirection","HourlyWindGustSpeed","HourlyWindSpeed","MonthlyAverageRH","MonthlyDaysWithGT001Precip","MonthlyDaysWithGT010Precip","MonthlyDaysWithGT32Temp","MonthlyDaysWithGT90Temp","MonthlyDaysWithLT0Temp","MonthlyDaysWithLT32Temp","MonthlyDepartureFromNormalAverageTemperature","MonthlyDepartureFromNormalCoolingDegreeDays","MonthlyDepartureFromNormalHeatingDegreeDays","MonthlyDepartureFromNormalMaximumTemperature","MonthlyDepartureFromNormalMinimumTemperature","MonthlyDepartureFromNormalPrecipitation","MonthlyDewpointTemperature","MonthlyGreatestPrecip","MonthlyGreatestPrecipDate","MonthlyGreatestSnowDepth","MonthlyGreatestSnowDepthDate","MonthlyGreatestSnowfall","MonthlyGreatestSnowfallDate","MonthlyMaxSeaLevelPressureValue","MonthlyMaxSeaLevelPressureValueDate","MonthlyMaxSeaLevelPressureValueTime","MonthlyMaximumTemperature","MonthlyMeanTemperature","MonthlyMinSeaLevelPressureValue","MonthlyMinSeaLevelPressureValueDate","MonthlyMinSeaLevelPressureValueTime","MonthlyMinimumTemperature","MonthlySeaLevelPressure","MonthlyStationPressure","MonthlyTotalLiquidPrecipitation","MonthlyTotalSnowfall","MonthlyWetBulb","NormalsCoolingDegreeDay","NormalsHeatingDegreeDay","REM","REPORT_TYPE","SOURCE","ShortDurationEndDate005","ShortDurationEndDate010","ShortDurationEndDate015","ShortDurationEndDate020","ShortDurationEndDate030","ShortDurationEndDate045","ShortDurationEndDate060","ShortDurationEndDate080","ShortDurationEndDate100","ShortDurationEndDate120","ShortDurationEndDate150","ShortDurationEndDate180","ShortDurationPrecipitationValue005","ShortDurationPrecipitationValue010","ShortDurationPrecipitationValue015","ShortDurationPrecipitationValue020","ShortDurationPrecipitationValue030","ShortDurationPrecipitationValue045","ShortDurationPrecipitationValue060","ShortDurationPrecipitationValue080","ShortDurationPrecipitationValue100","ShortDurationPrecipitationValue120","ShortDurationPrecipitationValue150","ShortDurationPrecipitationValue180","Sunrise","Sunset","WindEquipmentChangeDate"
"72287493134","2020-08-01T00:52:00","FM-15","7",,,"3.89","mi",,,,,,,"PENDING COOP",,,,,,,,,,,,,,,,,,,,,,,,,,,,"29.86","57","66","0.00",,"+0.01","8","73","29.85","CLR:00","29.66","8.00","61","000",,"0",,,,,,,,,,,,,,,,,,,,,,,,,,,,,,,,,,,,,"MET09508/01/20 00:52:02 METAR KCQT 010852Z 00000KT 8SM CLR 19/14 A2986 RMK AO2 SLP110 T01890139 58005","FM-15","7",,,,,,,,,,,,,,,,,,,,,,,,,,,"2006-02-03"
"72287493134","2020-08-01T01:52:00","FM-15","7",,,"3.89","mi",,,,,,,"PENDING COOP",,,,,,,,,,,,,,,,,,,,,,,,,,,,"29.85","58","64","0.00",,,,"81","29.84","CLR:00","29.65","8.00","60","000",,"0",,,,,,,,,,,,,,,,,,,,,,,,,,,,,,,,,,,,,"MET08908/01/20 01:52:02 METAR KCQT 010952Z 00000KT 8SM CLR 18/14 A2985 RMK AO2 SLP106 T01780144","FM-15","7",,,,,,,,,,,,,,,,,,,,,,,,,,,"2006-02-03"
"72287493134","2020-08-01T02:52:00","FM-15","7",,,"3.89","mi",,,,,,,"PENDING COOP",,,,,,,,,,,,,,,,,,,,,,,,,,,,"29.84","57","63","0.00",,,,"81","29.83","CLR:00","29.64","7.00","60","000",,"0",,,,,,,,,,,,,,,,,,,,,,,,,,,,,,,,,,,,,"MET08908/01/20 02:52:02 METAR KCQT 011052Z 00000KT 7SM CLR 17/14 A2984 RMK AO2 SLP103 T01720139","FM-15","7",,,,,,,,,,,,,,,,,,,,,,,,,,,"2006-02-03"
"72287493134","2020-08-01T03:52:00","FM-15","7",,,"3.89","mi",,,,,,,"PENDING COOP",,,,,,,,,,,,,,,,,,,,,,,,,,,,"29.84","57","64","0.00",,"+0.02","6","78","29.83","CLR:00","29.64","7.00","60","000",,"0",,,,,,,,,,,,,,,,,,,,,,,,,,,,,,,,,,,,,"MET10708/01/20 03:52:02 METAR KCQT 011152Z 00000KT 7SM CLR 18/14 A2984 RMK AO2 SLP101 T01780139 10189 20172 56008","FM-15","7",,,,,,,,,,,,,,,,,,,,,,,,,,,"2006-02-03"
"72287493134","2020-08-01T04:52:00","FM-15","7",,,"3.89","mi",,,,,,,"PENDING COOP",,,,,,,,,,,,,,,,,,,,,,,,,,,,"29.85","57","62","0.00",,,,"84","29.84","CLR:00","29.65","7.00","59","000",,"0",,,,,,,,,,,,,,,,,,,,,,,,,,,,,,,,,,,,,"MET08908/01/20 04:52:02 METAR KCQT 011252Z 00000KT 7SM CLR 17/14 A2985 RMK AO2 SLP106 T01670139","FM-15","7",,,,,,,,,,,,,,,,,,,,,,,,,,,"2006-02-03"
"72287493134","2020-08-01T05:52:00","FM-15","7",,,"3.89","mi",,,,,,,"PENDING COOP",,,,,,,,,,,,,,,,,,,,,,,,,,,,"29.86","58","65","0.00","HZ:7 |FU |HZ",,,"78","29.85","CLR:00","29.66","6.00","61","000",,"0",,,,,,,,,,,,,,,,,,,,,,,,,,,,,,,,,,,,,"MET09608/01/20 05:52:02 METAR KCQT 011352Z 00000KT 6SM HZ CLR 18/14 A2986 RMK AO2 SLP109 T01830144 RTX","FM-15","7",,,,,,,,,,,,,,,,,,,,,,,,,,,"2006-02-03"
"72287493134","2020-08-01T06:52:00","FM-15","7",,,"3.89","mi",,,,,,,"PENDING COOP",,,,,,,,,,,,,,,,,,,,,,,,,,,,"29.88","59","70","0.00","HZ:7 |FU |HZ","-0.04","3","68","29.87","CLR:00","29.68","6.00","63","000",,"0",,,,,,,,,,,,,,,,,,,,,,,,,,,,,,,,,,,,,"MET09808/01/20 06:52:02 METAR KCQT 011452Z 00000KT 6SM HZ CLR 21/15 A2988 RMK AO2 SLP114 T02110150 53013","FM-15","7",,,,,,,,,,,,,,,,,,,,,,,,,,,"2006-02-03"
"72287493134","2020-08-01T07:52:00","FM-15","7",,,"3.89","mi",,,,,,,"PENDING COOP",,,,,,,,,,,,,,,,,,,,,,,,,,,,"29.89","61","77","0.00",,,,"58","29.88","CLR:00","29.69","7.00","67","000",,"0",,,,,,,,,,,,,,,,,,,,,,,,,,,,,,,,,,,,,"MET08908/01/20 07:52:02 METAR KCQT 011552Z 00000KT 7SM CLR 25/16 A2989 RMK AO2 SLP120 T02500161","FM-15","7",,,,,,,,,,,,,,,,,,,,,,,,,,,"2006-02-03"
"72287493134","2020-08-01T08:52:00","FM-15","7",,,"3.89","mi",,,,,,,"PENDING COOP",,,,,,,,,,,,,,,,,,,,,,,,,,,,"29.91","59","82","0.00",,,,"46","29.90","CLR:00","29.71","8.00","68","VRB",,"3",,,,,,,,,,,,,,,,,,,,,,,,,,,,,,,,,,,,,"MET08908/01/20 08:52:02 METAR KCQT 011652Z VRB03KT 8SM CLR 28/15 A2991 RMK AO2 SLP125 T02780150","FM-15","7",,,,,,,,,,,,,,,,,,,,,,,,,,,"2006-02-03"
"72287493134","2020-08-01T09:52:00","FM-15","7",,,"3.89","mi",,,,,,,"PENDING COOP",,,,,,,,,,,,,,,,,,,,,,,,,,,,"29.91","58","85","0.00",,"-0.03","0","40","29.90","CLR:00","29.71","8.00","68","VRB",,"3",,,,,,,,,,,,,,,,,,,,,,,,,,,,,,,,,,,,,"MET10708/01/20 09:52:02 METAR KCQT 011752Z VRB03KT 8SM CLR 29/14 A2991 RMK AO2 SLP125 T02940144 10300 20167 50010","FM-15","7",,,,,,,,,,,,,,,,,,,,,,,,,,,"2006-02-03"
"72287493134","2020-08-01T10:52:00","FM-15","7",,,"3.89","mi",,,,,,,"PENDING COOP",,,,,,,,,,,,,,,,,,,,,,,,,,,,"29.91","57","91","0.00",,,,"32","29.90","CLR:00","29.71","9.00","69","000",,"0",,,,,,,,,,,,,,,,,,,,,,,,,,,,,,,,,,,,,"MET08908/01/20 10:52:02 METAR KCQT 011852Z 00000KT 9SM CLR 33/14 A2991 RMK AO2 SLP126 T03280139","FM-15","7",,,,,,,,,,,,,,,,,,,,,,,,,,,"2006-02-03"
"72287493134","2020-08-01T11:52:00","FM-15","7",,,"3.89","mi",,,,,,,"PENDING COOP",,,,,,,,,,,,,,,,,,,,,,,,,,,,"29.93","61","87","0.00",,,,"42","29.92","CLR:00","29.73","8.00","70","000",,"0",,,,,,,,,,,,,,,,,,,,,,,,,,,,,,,,,,,,,"MET08908/01/20 11:52:02 METAR KCQT 011952Z 00000KT 8SM CLR 31/16 A2993 RMK AO2 SLP131 T03060161","FM-15","7",,,,,,,,,,,,,,,,,,,,,,,,,,,"2006-02-03"
"72287493134","2020-08-01T12:52:00","FM-15","7",,,"3.89","mi",,,,,,,"PENDING COOP",,,,,,,,,,,,,,,,,,,,,,,,,,,,"29.92","58","87","0.00",,"-0.01","0","37","29.91","CLR:00","29.72","9.00","69","000",,"0",,,,,,,,,,,,,,,,,,,,,,,,,,,,,,,,,,,,,"MET09508/01/20 12:52:02 METAR KCQT 012052Z 00000KT 9SM CLR 31/14 A2992 RMK AO2 SLP128 T03060144 50004","FM-15","7",,,,,,,,,,,,,,,,,,,,,,,,,,,"2006-02-03"
"72287493134","2020-08-01T13:52:00","FM-15","7",,,"3.89","mi",,,,,,,"PENDING COOP",,,,,,,,,,,,,,,,,,,,,,,,,,,,"29.92","62","85","0.00",,,,"46","29.91","CLR:00","29.72","8.00","70","000",,"0",,,,,,,,,,,,,,,,,,,,,,,,,,,,,,,,,,,,,"MET08908/01/20 13:52:02 METAR KCQT 012152Z 00000KT 8SM CLR 29/17 A2992 RMK AO2 SLP128 T02940167","FM-15","7",,,,,,,,,,,,,,,,,,,,,,,,,,,"2006-02-03"
"72287493134","2020-08-01T14:52:00","FM-15","7",,,"3.89","mi",,,,,,,"PENDING COOP",,,,,,,,,,,,,,,,,,,,,,,,,,,,"29.91","62","85","0.00",,,,"46","29.90","CLR:00","29.71","9.00","70","260",,"5",,,,,,,,,,,,,,,,,,,,,,,,,,,,,,,,,,,,,"MET08908/01/20 14:52:02 METAR KCQT 012252Z 26004KT 9SM CLR 29/17 A2991 RMK AO2 SLP125 T02940167","FM-15","7",,,,,,,,,,,,,,,,,,,,,,,,,,,"2006-02-03"
"72287493134","2020-08-01T15:52:00","FM-15","7",,,"3.89","mi",,,,,,,"PENDING COOP",,,,,,,,,,,,,,,,,,,,,,,,,,,,"29.90","62","84","0.00",,"+0.01","6","48","29.90","CLR:00","29.70","8.00","70","VRB",,"3",,,,,,,,,,,,,,,,,,,,,,,,,,,,,,,,,,,,,"MET11108/01/20 15:52:02 METAR KCQT 012352Z VRB03KT 8SM CLR 29/17 A2990 RMK AO2 SLP124 T02890167 10328 20289 56005 RTX","FM-15","7",,,,,,,,,,,,,,,,,,,,,,,,,,,"2006-02-03"
"72287493134","2020-08-01T16:52:00","FM-15","7",,,"3.89","mi",,,,,,,"PENDING COOP",,,,,,,,,,,,,,,,,,,,,,,,,,,,"29.90","62","83","0.00",,,,"49","29.89","CLR:00","29.70","9.00","69","000",,"0",,,,,,,,,,,,,,,,,,,,,,,,,,,,,,,,,,,,,"MET08908/01/20 16:52:01 METAR KCQT 020052Z 00000KT 9SM CLR 28/17 A2990 RMK AO2 SLP122 T02830167","FM-15","7",,,,,,,,,,,,,,,,,,,,,,,,,,,"2006-02-03"
"72287493134","2020-08-01T17:52:00","FM-15","7",,,"3.89","mi",,,,,,,"PENDING COOP",,,,,,,,,,,,,,,,,,,,,,,,,,,,"29.89","63","83","0.00",,,,"51","29.88","CLR:00","29.69","8.00","70","250",,"3",,,,,,,,,,,,,,,,,,,,,,,,,,,,,,,,,,,,,"MET08908/01/20 17:52:01 METAR KCQT 020152Z 25003KT 8SM CLR 28/17 A2989 RMK AO2 SLP120 T02830172","FM-15","7",,,,,,,,,,,,,,,,,,,,,,,,,,,"2006-02-03"
"72287493134","2020-08-01T18:52:00","FM-15","7",,,"3.89","mi",,,,,,,"PENDING COOP",,,,,,,,,,,,,,,,,,,,,,,,,,,,"29.89","62","79","0.00",,"+0.01","6","56","29.88","CLR:00","29.69","8.00","68","250",,"3",,,,,,,,,,,,,,,,,,,,,,,,,,,,,,,,,,,,,"MET09508/01/20 18:52:01 METAR KCQT 020252Z 25003KT 8SM CLR 26/17 A2989 RMK AO2 SLP120 T02610167 56003","FM-15","7",,,,,,,,,,,,,,,,,,,,,,,,,,,"2006-02-03"
"72287493134","2020-08-01T19:52:00","FM-15","7",,,"3.89","mi",,,,,,,"PENDING COOP",,,,,,,,,,,,,,,,,,,,,,,,,,,,"29.91","62","75","0.00",,,,"64","29.91","CLR:00","29.71","8.00","67","000",,"0",,,,,,,,,,,,,,,,,,,,,,,,,,,,,,,,,,,,,"MET08908/01/20 19:52:01 METAR KCQT 020352Z 00000KT 8SM CLR 24/17 A2991 RMK AO2 SLP127 T02390167","FM-15","7",,,,,,,,,,,,,,,,,,,,,,,,,,,"2006-02-03"
"72287493134","2020-08-01T20:52:00","FM-15","7",,,"3.89","mi",,,,,,,"PENDING COOP",,,,,,,,,,,,,,,,,,,,,,,,,,,,"29.93","62","72","0.00",,,,"71","29.92","CLR:00","29.73","8.00","66","270",,"3",,,,,,,,,,,,,,,,,,,,,,,,,,,,,,,,,,,,,"MET08908/01/20 20:52:01 METAR KCQT 020452Z 27003KT 8SM CLR 22/17 A2993 RMK AO2 SLP131 T02220167","FM-15","7",,,,,,,,,,,,,,,,,,,,,,,,,,,"2006-02-03"
"72287493134","2020-08-01T21:52:00","FM-15","7",,,"3.89","mi",,,,,,,"PENDING COOP",,,,,,,,,,,,,,,,,,,,,,,,,,,,"29.93","62","70","0.00",,"-0.04","1","76","29.92","CLR:00","29.73","8.00","65","000",,"0",,,,,,,,,,,,,,,,,,,,,,,,,,,,,,,,,,,,,"MET10708/01/20 21:52:01 METAR KCQT 020552Z 00000KT 8SM CLR 21/17 A2993 RMK AO2 SLP132 T02110167 10289 20211 51012","FM-15","7",,,,,,,,,,,,,,,,,,,,,,,,,,,"2006-02-03"
"72287493134","2020-08-01T22:52:00","FM-15","7",,,"3.89","mi",,,,,,,"PENDING COOP",,,,,,,,,,,,,,,,,,,,,,,,,,,,"29.92","62","71","0.00",,,,"73","29.91","CLR:00","29.72","8.00","65","000",,"0",,,,,,,,,,,,,,,,,,,,,,,,,,,,,,,,,,,,,"MET08908/01/20 22:52:01 METAR KCQT 020652Z 00000KT 8SM CLR 22/17 A2992 RMK AO2 SLP129 T02170167","FM-15","7",,,,,,,,,,,,,,,,,,,,,,,,,,,"2006-02-03"
"72287493134","2020-08-01T23:52:00","FM-15","7",,,"3.89","mi",,,,,,,"PENDING COOP",,,,,,,,,,,,,,,,,,,,,,,,,,,,"29.92","62","70","0.00",,,,"76","29.91","CLR:00","29.72","8.00","65","000",,"0",,,,,,,,,,,,,,,,,,,,,,,,,,,,,,,,,,,,,"MET09908/01/20 23:52:02 METAR KCQT 020752Z 00000KT 8SM CLR 21/17 A2992 RMK AO2 SLP128 T02110167 403280167","FM-15","7",,,,,,,,,,,,,,,,,,,,,,,,,,,"2006-02-03"
"72287493134","2020-08-01T23:59:00","SOD  ","6",,,"3.89","mi",,,,,,,"PENDING COOP",,,,,,"60","77","61","29.89","29.69","66","1.2","12","3.1","0","91","62","280","10","0.00",,,"260","6","HZ",,,,,,,,,,,,,,,,,,,,,,,,,,,,,,,,,,,,,,,,,,,,,,,,,,,,,,,"SOD75624 HR PRECIPITATION (IN): 0.00 SNOW DEPTH (IN):0     24 HR SNOWFALL (IN):0.0  WEATHER(CODE):8  24 HR MAX TEMP (F): 9124 HR MIN TEMP (F): 62AVERAGE STATION PRESSURE:29.690 MINIMUM SEA LEVEL PRESSURE:29.83 TIME OF OCCURRENCE:0409 PEAK WIND SPEED (MPH): 10 PEAK WIND DIR (DEG):280 PEAK WIND TIME (LST):      FASTEST 2MIN SPEED (MPH):  6FASTEST 2MIN DIR (DEG):260 FASTEST 2MIN TIME (LST):     AVERAGE WIND SPEED (MPH): 1.2 24 HR AVG TEMP (F): 77DEPART FROM NORMAL:  3  HEATING DEGREE DAYS:  0 COOLING DEGREE DAYS: 12 LATEST DAY MAX TEMP (0700-1900 LST):91  LATEST NIGHT MIN TEMP(1900-0800 LST):62 HOURLY INCREMENTAL PRECIPITATION VALUES (IN):.00 0.00 0.00 0.00 0.00 0.00 0.00 0.00 0.00 0.00 0.00 0.00 0.00 0.00 0.00 0.00 0.00 0.00 0.00 0.00 0.00 0.00 0.00 0.00","SOD  ","6",,,,,,,,,,,,,,,,,,,,,,,,,"0505","1853","2006-02-03"
"72287493134","2020-08-02T00:52:00","FM-15","7",,,"3.89","mi",,,,,,,"PENDING COOP",,,,,,,,,,,,,,,,,,,,,,,,,,,,"29.92","62","69","0.00",,"+0.01","5","78","29.91","CLR:00","29.72","7.00","65","000",,"0",,,,,,,,,,,,,,,,,,,,,,,,,,,,,,,,,,,,,"MET09508/02/20 00:52:02 METAR KCQT 020852Z 00000KT 7SM CLR 21/17 A2992 RMK AO2 SLP128 T02060167 55003","FM-15","7",,,,,,,,,,,,,,,,,,,,,,,,,,,"2006-02-03"
"72287493134","2020-08-02T01:52:00","FM-15","7",,,"3.89","mi",,,,,,,"PENDING COOP",,,,,,,,,,,,,,,,,,,,,,,,,,,,"29.92","63","69","0.00",,,,"81","29.91","CLR:00","29.72","7.00","65","000",,"0",,,,,,,,,,,,,,,,,,,,,,,,,,,,,,,,,,,,,"MET08908/02/20 01:52:02 METAR KCQT 020952Z 00000KT 7SM CLR 21/17 A2992 RMK AO2 SLP128 T02060172","FM-15","7",,,,,,,,,,,,,,,,,,,,,,,,,,,"2006-02-03"
"72287493134","2020-08-02T02:52:00","FM-15","7",,,"3.89","mi",,,,,,,"PENDING COOP",,,,,,,,,,,,,,,,,,,,,,,,,,,,"29.92","62","68","0.00",,,,"81","29.91","CLR:00","29.72","7.00","64","000",,"0",,,,,,,,,,,,,,,,,,,,,,,,,,,,,,,,,,,,,"MET08908/02/20 02:52:02 METAR KCQT 021052Z 00000KT 7SM CLR 20/17 A2992 RMK AO2 SLP129 T02000167","FM-15","7",,,,,,,,,,,,,,,,,,,,,,,,,,,"2006-02-03"
"72287493134","2020-08-02T03:52:00","FM-15","7",,,"3.89","mi",,,,,,,"PENDING COOP",,,,,,,,,,,,,,,,,,,,,,,,,,,,"29.92","61","67","0.00",,"-0.00","3","81","29.91","CLR:00","29.72","7.00","63","000",,"0",,,,,,,,,,,,,,,,,,,,,,,,,,,,,,,,,,,,,"MET10708/02/20 03:52:02 METAR KCQT 021152Z 00000KT 7SM CLR 19/16 A2992 RMK AO2 SLP130 T01940161 10217 20194 53001","FM-15","7",,,,,,,,,,,,,,,,,,,,,,,,,,,"2006-02-03"
"72287493134","2020-08-02T04:52:00","FM-15","7",,,"3.89","mi",,,,,,,"PENDING COOP",,,,,,,,,,,,,,,,,,,,,,,,,,,,"29.93","61","67","0.00",,,,"81","29.92","CLR:00","29.73","7.00","63","000",,"0",,,,,,,,,,,,,,,,,,,,,,,,,,,,,,,,,,,,,"MET08908/02/20 04:52:02 METAR KCQT 021252Z 00000KT 7SM CLR 19/16 A2993 RMK AO2 SLP133 T01940161","FM-15","7",,,,,,,,,,,,,,,,,,,,,,,,,,,"2006-02-03"
"72287493134","2020-08-02T05:52:00","FM-15","7",,,"3.89","mi",,,,,,,"PENDING COOP",,,,,,,,,,,,,,,,,,,,,,,,,,,,"29.95","62","68","0.00","HZ:7 |FU |HZ",,,"81","29.94","CLR:00","29.75","5.00","64","000",,"0",,,,,,,,,,,,,,,,,,,,,,,,,,,,,,,,,,,,,"MET09208/02/20 05:52:02 METAR KCQT 021352Z 00000KT 5SM HZ CLR 20/17 A2995 RMK AO2 SLP140 T02000167","FM-15","7",,,,,,,,,,,,,,,,,,,,,,,,,,,"2006-02-03"
"72287493134","2020-08-02T06:52:00","FM-15","7",,,"3.89","mi",,,,,,,"PENDING COOP",,,,,,,,,,,,,,,,,,,,,,,,,,,,"29.96","63","70","0.00","HZ:7 |FU |HZ","-0.04","3","79","29.96","CLR:00","29.76","5.00","66","000",,"0",,,,,,,,,,,,,,,,,,,,,,,,,,,,,,,,,,,,,"MET09808/02/20 06:52:02 METAR KCQT 021452Z 00000KT 5SM HZ CLR 21/17 A2996 RMK AO2 SLP144 T02110172 53013","FM-15","7",,,,,,,,,,,,,,,,,,,,,,,,,,,"2006-02-03"
"72287493134","2020-08-02T07:38:00","FM-16","7",,,"3.89","mi",,,,,,,"PENDING COOP",,,,,,,,,,,,,,,,,,,,,,,,,,,,"29.97","64","71",,"HZ:7 |FU |HZ",,,"79",,"FEW:02 8","29.77","5.00","67","000",,"0",,,,,,,,,,,,,,,,,,,,,,,,,,,,,,,,,,,,,"MET08808/02/20 07:38:02 SPECI KCQT 021538Z 00000KT 5SM HZ FEW008 22/18 A2997 RMK AO2 T02170178","FM-16","7",,,,,,,,,,,,,,,,,,,,,,,,,,,"2006-02-03"
"72287493134","2020-08-02T07:52:00","FM-15","7",,,"3.89","mi",,,,,,,"PENDING COOP",,,,,,,,,,,,,,,,,,,,,,,,,,,,"29.97","63","71","0.00","HZ:7 |FU |HZ",,,"76","29.96","FEW:02 8","29.77","4.00","66","000",,"0",,,,,,,,,,,,,,,,,,,,,,,,,,,,,,,,,,,,,"MET09508/02/20 07:52:02 METAR KCQT 021552Z 00000KT 4SM HZ FEW008 22/17 A2997 RMK AO2 SLP145 T02170172","FM-15","7",,,,,,,,,,,,,,,,,,,,,,,,,,,"2006-02-03"
"72287493134","2020-08-02T08:52:00","FM-15","7",,,"3.89","mi",,,,,,,"PENDING COOP",,,,,,,,,,,,,,,,,,,,,,,,,,,,"29.97","64","76","0.00","HZ:7 |FU |HZ",,,"67","29.96","CLR:00","29.77","5.00","68","000",,"0",,,,,,,,,,,,,,,,,,,,,,,,,,,,,,,,,,,,,"MET09208/02/20 08:52:02 METAR KCQT 021652Z 00000KT 5SM HZ CLR 24/18 A2997 RMK AO2 SLP145 T02440178","FM-15","7",,,,,,,,,,,,,,,,,,,,,,,,,,,"2006-02-03"
"72287493134","2020-08-02T09:52:00","FM-15","7",,,"3.89","mi",,,,,,,"PENDING COOP",,,,,,,,,,,,,,,,,,,,,,,,,,,,"29.96","62","81","0.00","HZ:7 |FU |HZ","+0.01","8","53","29.95","CLR:00","29.76","6.00","69","000",,"0",,,,,,,,,,,,,,,,,,,,,,,,,,,,,,,,,,,,,"MET11008/02/20 09:52:02 METAR KCQT 021752Z 00000KT 6SM HZ CLR 27/17 A2996 RMK AO2 SLP141 T02720167 10272 20189 58002","FM-15","7",,,,,,,,,,,,,,,,,,,,,,,,,,,"2006-02-03"
"72287493134","2020-08-02T10:52:00","FM-15","7",,,"3.89","mi",,,,,,,"PENDING COOP",,,,,,,,,,,,,,,,,,,,,,,,,,,,"29.95","64","86","0.00",,,,"48","29.94","CLR:00","29.75","7.00","72","000",,"0",,,,,,,,,,,,,,,,,,,,,,,,,,,,,,,,,,,,,"MET08908/02/20 10:52:02 METAR KCQT 021852Z 00000KT 7SM CLR 30/18 A2995 RMK AO2 SLP139 T03000178","FM-15","7",,,,,,,,,,,,,,,,,,,,,,,,,,,"2006-02-03"
"72287493134","2020-08-02T11:52:00","FM-15","7",,,"3.89","mi",,,,,,,"PENDING COOP",,,,,,,,,,,,,,,,,,,,,,,,,,,,"29.96","64","83","0.00","HZ:7 |FU |HZ",,,"53","29.94","CLR:00","29.76","6.00","71","000",,"0",,,,,,,,,,,,,,,,,,,,,,,,,,,,,,,,,,,,,"MET09208/02/20 11:52:02 METAR KCQT 021952Z 00000KT 6SM HZ CLR 28/18 A2996 RMK AO2 SLP140 T02830178","FM-15","7",,,,,,,,,,,,,,,,,,,,,,,,,,,"2006-02-03"
"72287493134","2020-08-02T12:52:00","FM-15","7",,,"3.89","mi",,,,,,,"PENDING COOP",,,,,,,,,,,,,,,,,,,,,,,,,,,,"29.96","63","81","0.00","HZ:7 |FU |HZ","-0.00","3","54","29.95","CLR:00","29.76","6.00","69","000",,"0",,,,,,,,,,,,,,,,,,,,,,,,,,,,,,,,,,,,,"MET09808/02/20 12:52:02 METAR KCQT 022052Z 00000KT 6SM HZ CLR 27/17 A2996 RMK AO2 SLP142 T02720172 53001","FM-15","7",,,,,,,,,,,,,,,,,,,,,,,,,,,"2006-02-03"
"72287493134","2020-08-02T13:52:00","FM-15","7",,,"3.89","mi",,,,,,,"PENDING COOP",,,,,,,,,,,,,,,,,,,,,,,,,,,,"29.95","63","81","0.00",,,,"54","29.94","CLR:00","29.75","7.00","69","250",,"3",,,,,,,,,,,,,,,,,,,,,,,,,,,,,,,,,,,,,"MET08908/02/20 13:52:02 METAR KCQT 022152Z 25003KT 7SM CLR 27/17 A2995 RMK AO2 SLP139 T02720172","FM-15","7",,,,,,,,,,,,,,,,,,,,,,,,,,,"2006-02-03"
"72287493134","2020-08-02T14:52:00","FM-15","7",,,"3.89","mi",,,,,,,"PENDING COOP",,,,,,,,,,,,,,,,,,,,,,,,,,,,"29.94","63","80","0.00",,,,"56","29.93","CLR:00","29.74","8.00","69","260",,"5",,,,,,,,,,,,,,,,,,,,,,,,,,,,,,,,,,,,,"MET08908/02/20 14:52:02 METAR KCQT 022252Z 26004KT 8SM CLR 27/17 A2994 RMK AO2 SLP136 T02670172","FM-15","7",,,,,,,,,,,,,,,,,,,,,,,,,,,"2006-02-03"
"72287493134","2020-08-02T15:52:00","FM-15","7",,,"3.89","mi",,,,,,,"PENDING COOP",,,,,,,,,,,,,,,,,,,,,,,,,,,,"29.93","63","81","0.00",,"+0.03","8","54","29.92","CLR:00","29.73","8.00","69","000",,"0",,,,,,,,,,,,,,,,,,,,,,,,,,,,,,,,,,,,,"MET10708/02/20 15:52:02 METAR KCQT 022352Z 00000KT 8SM CLR 27/17 A2993 RMK AO2 SLP132 T02720172 10311 20267 58010","FM-15","7",,,,,,,,,,,,,,,,,,,,,,,,,,,"2006-02-03"
"72287493134","2020-08-02T16:52:00","FM-15","7",,,"3.89","mi",,,,,,,"PENDING COOP",,,,,,,,,,,,,,,,,,,,,,,,,,,,"29.92","63","78","0.00",,,,"60","29.91","CLR:00","29.72","8.00","68","VRB",,"3",,,,,,,,,,,,,,,,,,,,,,,,,,,,,,,,,,,,,"MET08908/02/20 16:52:01 METAR KCQT 030052Z VRB03KT 8SM CLR 26/17 A2992 RMK AO2 SLP128 T02560172","FM-15","7",,,,,,,,,,,,,,,,,,,,,,,,,,,"2006-02-03"
"72287493134","2020-08-02T17:52:00","FM-15","7",,,"3.89","mi",,,,,,,"PENDING COOP",,,,,,,,,,,,,,,,,,,,,,,,,,,,"29.92","63","76","0.00",,,,"64","29.91","CLR:00","29.72","7.00","68","000",,"0",,,,,,,,,,,,,,,,,,,,,,,,,,,,,,,,,,,,,"MET08908/02/20 17:52:01 METAR KCQT 030152Z 00000KT 7SM CLR 24/17 A2992 RMK AO2 SLP129 T02440172","FM-15","7",,,,,,,,,,,,,,,,,,,,,,,,,,,"2006-02-03"
"72287493134","2020-08-02T18:52:00","FM-15","7",,,"3.89","mi",,,,,,,"PENDING COOP",,,,,,,,,,,,,,,,,,,,,,,,,,,,"29.93","62","71","0.00",,"-0.00","3","73","29.92","CLR:00","29.73","7.00","65","VRB",,"5",,,,,,,,,,,,,,,,,,,,,,,,,,,,,,,,,,,,,"MET09508/02/20 18:52:02 METAR KCQT 030252Z VRB04KT 7SM CLR 22/17 A2993 RMK AO2 SLP133 T02170167 53001","FM-15","7",,,,,,,,,,,,,,,,,,,,,,,,,,,"2006-02-03"
"72287493134","2020-08-02T19:52:00","FM-15","7",,,"3.89","mi",,,,,,,"PENDING COOP",,,,,,,,,,,,,,,,,,,,,,,,,,,,"29.94","62","69","0.00",,,,"78","29.93","CLR:00","29.74","8.00","65","250",,"3",,,,,,,,,,,,,,,,,,,,,,,,,,,,,,,,,,,,,"MET08908/02/20 19:52:02 METAR KCQT 030352Z 25003KT 8SM CLR 21/17 A2994 RMK AO2 SLP135 T02060167","FM-15","7",,,,,,,,,,,,,,,,,,,,,,,,,,,"2006-02-03"
"72287493134","2020-08-02T20:24:00","FM-16","7",,,"3.89","mi",,,,,,,"PENDING COOP",,,,,,,,,,,,,,,,,,,,,,,,,,,,"29.95","62","68",,,,,"81",,"FEW:02 9","29.75","7.00","64","000",,"0",,,,,,,,,,,,,,,,,,,,,,,,,,,,,,,,,,,,,"MET08508/02/20 20:24:02 SPECI KCQT 030424Z 00000KT 7SM FEW009 20/17 A2995 RMK AO2 T02000167","FM-16","7",,,,,,,,,,,,,,,,,,,,,,,,,,,"2006-02-03"
"72287493134","2020-08-02T20:52:00","FM-15","7",,,"3.89","mi",,,,,,,"PENDING COOP",,,,,,,,,,,,,,,,,,,,,,,,,,,,"29.95","62","68","0.00","HZ:7 |FU |HZ",,,"81","29.95","SCT:04 9","29.75","6.00","64","000",,"0",,,,,,,,,,,,,,,,,,,,,,,,,,,,,,,,,,,,,"MET09508/02/20 20:52:02 METAR KCQT 030452Z 00000KT 6SM HZ SCT009 20/17 A2995 RMK AO2 SLP141 T02000167","FM-15","7",,,,,,,,,,,,,,,,,,,,,,,,,,,"2006-02-03"
"72287493134","2020-08-02T20:58:00","FM-16","7",,,"3.89","mi",,,,,,,"PENDING COOP",,,,,,,,,,,,,,,,,,,,,,,,,,,,"29.96","62","69",,,,,"78",,"BKN:07 9","29.76","7.00","65","000",,"0",,,,,,,,,,,,,,,,,,,,,,,,,,,,,,,,,,,,,"MET08508/02/20 20:58:02 SPECI KCQT 030458Z 00000KT 7SM BKN009 21/17 A2996 RMK AO2 T02060167","FM-16","7",,,,,,,,,,,,,,,,,,,,,,,,,,,"2006-02-03"
"72287493134","2020-08-02T21:09:00","FM-16","7",,,"3.89","mi",,,,,,,"PENDING COOP",,,,,,,,,,,,,,,,,,,,,,,,,,,,"29.96","62","68",,"HZ:7 |FU |HZ",,,"81",,"BKN:07 10","29.76","6.00","64","000",,"0",,,,,,,,,,,,,,,,,,,,,,,,,,,,,,,,,,,,,"MET08808/02/20 21:09:02 SPECI KCQT 030509Z 00000KT 6SM HZ BKN010 20/17 A2996 RMK AO2 T02000167","FM-16","7",,,,,,,,,,,,,,,,,,,,,,,,,,,"2006-02-03"
"72287493134","2020-08-02T21:52:00","FM-15","7",,,"3.89","mi",,,,,,,"PENDING COOP",,,,,,,,,,,,,,,,,,,,,,,,,,,,"29.95","63","68","0.00","HZ:7 |FU |HZ","-0.02","0","84","29.94","BKN:07 10","29.75","6.00","65","000",,"0",,,,,,,,,,,,,,,,,,,,,,,,,,,,,,,,,,,,,"MET11308/02/20 21:52:02 METAR KCQT 030552Z 00000KT 6SM HZ BKN010 20/17 A2995 RMK AO2 SLP140 T02000172 10278 20200 50007","FM-15","7",,,,,,,,,,,,,,,,,,,,,,,,,,,"2006-02-03"
"72287493134","2020-08-02T22:34:00","FM-16","7",,,"3.89","mi",,,,,,,"PENDING COOP",,,,,,,,,,,,,,,,,,,,,,,,,,,,"29.95","62","68",,"HZ:7 |FU |HZ",,,"81",,"SCT:04 11","29.75","5.00","64","000",,"0",,,,,,,,,,,,,,,,,,,,,,,,,,,,,,,,,,,,,"MET08808/02/20 22:34:02 SPECI KCQT 030634Z 00000KT 5SM HZ SCT011 20/17 A2995 RMK AO2 T02000167","FM-16","7",,,,,,,,,,,,,,,,,,,,,,,,,,,"2006-02-03"
"72287493134","2020-08-02T22:52:00","FM-15","7",,,"3.89","mi",,,,,,,"PENDING COOP",,,,,,,,,,,,,,,,,,,,,,,,,,,,"29.94","62","67","0.00","HZ:7 |FU |HZ",,,"84","29.93","CLR:00","29.74","5.00","64","000",,"0",,,,,,,,,,,,,,,,,,,,,,,,,,,,,,,,,,,,,"MET09208/02/20 22:52:02 METAR KCQT 030652Z 00000KT 5SM HZ CLR 19/17 A2994 RMK AO2 SLP136 T01940167","FM-15","7",,,,,,,,,,,,,,,,,,,,,,,,,,,"2006-02-03"
"72287493134","2020-08-02T23:52:00","FM-15","7",,,"3.89","mi",,,,,,,"PENDING COOP",,,,,,,,,,,,,,,,,,,,,,,,,,,,"29.94","62","67","0.00","HZ:7 |FU |HZ",,,"84","29.93","CLR:00","29.74","6.00","64","000",,"0",,,,,,,,,,,,,,,,,,,,,,,,,,,,,,,,,,,,,"MET10208/02/20 23:52:02 METAR KCQT 030752Z 00000KT 6SM HZ CLR 19/17 A2994 RMK AO2 SLP137 T01940167 403110189","FM-15","7",,,,,,,,,,,,,,,,,,,,,,,,,,,"2006-02-03"
"72287493134","2020-08-02T23:59:00","SOD  ","6",,,"3.89","mi",,,,,,,"PENDING COOP",,,,,,"63","77","70","29.93","29.73","66","0.8","12","3.0","0","88","66","270","13","0.00",,,"260","8","HZ",,,,,,,,,,,,,,,,,,,,,,,,,,,,,,,,,,,,,,,,,,,,,,,,,,,,,,,"SOD75724 HR PRECIPITATION (IN): 0.00 SNOW DEPTH (IN):0     24 HR SNOWFALL (IN):0.0  WEATHER(CODE):18  24 HR MAX TEMP (F): 8824 HR MIN TEMP (F): 66AVERAGE STATION PRESSURE:29.735 MINIMUM SEA LEVEL PRESSURE:29.91 TIME OF OCCURRENCE:1815 PEAK WIND SPEED (MPH): 13 PEAK WIND DIR (DEG):270 PEAK WIND TIME (LST):      FASTEST 2MIN SPEED (MPH):  8FASTEST 2MIN DIR (DEG):260 FASTEST 2MIN TIME (LST):     AVERAGE WIND SPEED (MPH): 0.8 24 HR AVG TEMP (F): 77DEPART FROM NORMAL:  3  HEATING DEGREE DAYS:  0 COOLING DEGREE DAYS: 12 LATEST DAY MAX TEMP (0700-1900 LST):88  LATEST NIGHT MIN TEMP(1900-0800 LST):66 HOURLY INCREMENTAL PRECIPITATION VALUES (IN):.00 0.00 0.00 0.00 0.00 0.00 0.00 0.00 0.00 0.00 0.00 0.00 0.00 0.00 0.00 0.00 0.00 0.00 0.00 0.00 0.00 0.00 0.00 0.00","SOD  ","6",,,,,,,,,,,,,,,,,,,,,,,,,"0506","1852","2006-02-03"
"72287493134","2020-08-03T00:47:00","FM-16","7",,,"3.89","mi",,,,,,,"PENDING COOP",,,,,,,,,,,,,,,,,,,,,,,,,,,,"29.94","62","67",,"HZ:7 |FU |HZ",,,"84",,"BKN:07 12","29.74","6.00","64","000",,"0",,,,,,,,,,,,,,,,,,,,,,,,,,,,,,,,,,,,,"MET08808/03/20 00:47:02 SPECI KCQT 030847Z 00000KT 6SM HZ BKN012 19/17 A2994 RMK AO2 T01940167","FM-16","7",,,,,,,,,,,,,,,,,,,,,,,,,,,"2006-02-03"
"72287493134","2020-08-03T00:52:00","FM-15","7",,,"3.89","mi",,,,,,,"PENDING COOP",,,,,,,,,,,,,,,,,,,,,,,,,,,,"29.94","62","67","0.00","HZ:7 |FU |HZ","+0.01","6","84","29.93","BKN:07 12","29.74","6.00","64","000",,"0",,,,,,,,,,,,,,,,,,,,,,,,,,,,,,,,,,,,,"MET10108/03/20 00:52:02 METAR KCQT 030852Z 00000KT 6SM HZ BKN012 19/17 A2994 RMK AO2 SLP135 T01940167 56005","FM-15","7",,,,,,,,,,,,,,,,,,,,,,,,,,,"2006-02-03"
"72287493134","2020-08-03T01:52:00","FM-15","7",,,"3.89","mi",,,,,,,"PENDING COOP",,,,,,,,,,,,,,,,,,,,,,,,,,,,"29.93","62","68","0.00","HZ:7 |FU |HZ",,,"81","29.92","OVC:08 11","29.73","6.00","64","000",,"0",,,,,,,,,,,,,,,,,,,,,,,,,,,,,,,,,,,,,"MET09508/03/20 01:52:02 METAR KCQT 030952Z 00000KT 6SM HZ OVC011 20/17 A2993 RMK AO2 SLP133 T02000167","FM-15","7",,,,,,,,,,,,,,,,,,,,,,,,,,,"2006-02-03"
"72287493134","2020-08-03T02:52:00","FM-15","7",,,"3.89","mi",,,,,,,"PENDING COOP",,,,,,,,,,,,,,,,,,,,,,,,,,,,"29.93","62","68","0.00","HZ:7 |FU |HZ",,,"81","29.92","OVC:08 10","29.73","6.00","64","000",,"0",,,,,,,,,,,,,,,,,,,,,,,,,,,,,,,,,,,,,"MET09508/03/20 02:52:02 METAR KCQT 031052Z 00000KT 6SM HZ OVC010 20/17 A2993 RMK AO2 SLP133 T02000167","FM-15","7",,,,,,,,,,,,,,,,,,,,,,,,,,,"2006-02-03"
"72287493134","2020-08-03T03:40:00","FM-16","7",,,"3.89","mi",,,,,,,"PENDING COOP",,,,,,,,,,,,,,,,,,,,,,,,,,,,"29.92","62","67",,"HZ:7 |FU |HZ",,,"84",,"SCT:04 10","29.72","5.00","64","000",,"0",,,,,,,,,,,,,,,,,,,,,,,,,,,,,,,,,,,,,"MET08808/03/20 03:40:02 SPECI KCQT 031140Z 00000KT 5SM HZ SCT010 19/17 A2992 RMK AO2 T01940167","FM-16","7",,,,,,,,,,,,,,,,,,,,,,,,,,,"2006-02-03"
"72287493134","2020-08-03T03:52:00","FM-15","7",,,"3.89","mi",,,,,,,"PENDING COOP",,,,,,,,,,,,,,,,,,,,,,,,,,,,"29.92","62","67","0.00","HZ:7 |FU |HZ","+0.02","8","84","29.91","FEW:02 10","29.72","5.00","64","000",,"0",,,,,,,,,,,,,,,,,,,,,,,,,,,,,,,,,,,,,"MET11308/03/20 03:52:02 METAR KCQT 031152Z 00000KT 5SM HZ FEW010 19/17 A2992 RMK AO2 SLP129 T01940167 10206 20194 58006","FM-15","7",,,,,,,,,,,,,,,,,,,,,,,,,,,"2006-02-03"
"72287493134","2020-08-03T04:52:00","FM-15","7",,,"3.89","mi",,,,,,,"PENDING COOP",,,,,,,,,,,,,,,,,,,,,,,,,,,,"29.92","62","68","0.00","HZ:7 |FU |HZ",,,"81","29.91","CLR:00","29.72","6.00","64","000",,"0",,,,,,,,,,,,,,,,,,,,,,,,,,,,,,,,,,,,,"MET09208/03/20 04:52:02 METAR KCQT 031252Z 00000KT 6SM HZ CLR 20/17 A2992 RMK AO2 SLP129 T02000167","FM-15","7",,,,,,,,,,,,,,,,,,,,,,,,,,,"2006-02-03"
"72287493134","2020-08-03T05:52:00","FM-15","7",,,"3.89","mi",,,,,,,"PENDING COOP",,,,,,,,,,,,,,,,,,,,,,,,,,,,"29.93","62","68","0.00","HZ:7 |FU |HZ",,,"81","29.92","CLR:00","29.73","4.00","64","000",,"0",,,,,,,,,,,,,,,,,,,,,,,,,,,,,,,,,,,,,"MET09208/03/20 05:52:02 METAR KCQT 031352Z 00000KT 4SM HZ CLR 20/17 A2993 RMK AO2 SLP133 T02000167","FM-15","7",,,,,,,,,,,,,,,,,,,,,,,,,,,"2006-02-03"
"72287493134","2020-08-03T06:52:00","FM-15","7",,,"3.89","mi",,,,,,,"PENDING COOP",,,,,,,,,,,,,,,,,,,,,,,,,,,,"29.94","62","72","0.00","HZ:7 |FU |HZ","-0.02","3","71","29.93","CLR:00","29.74","4.00","66","000",,"0",,,,,,,,,,,,,,,,,,,,,,,,,,,,,,,,,,,,,"MET09808/03/20 06:52:02 METAR KCQT 031452Z 00000KT 4SM HZ CLR 22/17 A2994 RMK AO2 SLP135 T02220167 53006","FM-15","7",,,,,,,,,,,,,,,,,,,,,,,,,,,"2006-02-03"
"72287493134","2020-08-03T07:52:00","FM-15","7",,,"3.89","mi",,,,,,,"PENDING COOP",,,,,,,,,,,,,,,,,,,,,,,,,,,,"29.93","63","76","0.00","HZ:7 |FU |HZ",,,"64","29.93","CLR:00","29.73","5.00","68","000",,"0",,,,,,,,,,,,,,,,,,,,,,,,,,,,,,,,,,,,,"MET09208/03/20 07:52:02 METAR KCQT 031552Z 00000KT 5SM HZ CLR 24/17 A2993 RMK AO2 SLP134 T02440172","FM-15","7",,,,,,,,,,,,,,,,,,,,,,,,,,,"2006-02-03"
"72287493134","2020-08-03T08:52:00","FM-15","7",,,"3.89","mi",,,,,,,"PENDING COOP",,,,,,,,,,,,,,,,,,,,,,,,,,,,"29.94","64","79","0.00","HZ:7 |FU |HZ",,,"60","29.93","CLR:00","29.74","5.00","69","000",,"0",,,,,,,,,,,,,,,,,,,,,,,,,,,,,,,,,,,,,"MET09208/03/20 08:52:02 METAR KCQT 031652Z 00000KT 5SM HZ CLR 26/18 A2994 RMK AO2 SLP134 T02610178","FM-15","7",,,,,,,,,,,,,,,,,,,,,,,,,,,"2006-02-03"
"72287493134","2020-08-03T09:52:00","FM-15","6",,,"3.89","mi",,,,,,,"PENDING COOP",,,,,,,,,,,,,,,,,,,,,,,,,,,,"29.94","64","82","0.00","HZ:7 ||HZ","-0.00","3","55","29.93","CLR:00","29.74","5.00","70",,,,,,,,,,,,,,,,,,,,,,,,,,,,,,,,,,,,,,,,"MET11008/03/20 09:52:02 METAR KCQT 031752Z      KT 5SM HZ CLR 28/18 A2994 RMK AO2 SLP135 T02780178 10283 20194 53000","FM-15","6",,,,,,,,,,,,,,,,,,,,,,,,,,,"2006-02-03"
"72287493134","2020-08-03T10:52:00","FM-15","7",,,"3.89","mi",,,,,,,"PENDING COOP",,,,,,,,,,,,,,,,,,,,,,,,,,,,"29.94","64","80","0.00","HZ:7 |FU |HZ",,,"58","29.93","CLR:00","29.74","5.00","70","VRB",,"5",,,,,,,,,,,,,,,,,,,,,,,,,,,,,,,,,,,,,"MET09208/03/20 10:52:02 METAR KCQT 031852Z VRB04KT 5SM HZ CLR 27/18 A2994 RMK AO2 SLP137 T02670178","FM-15","7",,,,,,,,,,,,,,,,,,,,,,,,,,,"2006-02-03"
"72287493134","2020-08-03T11:52:00","FM-15","7",,,"3.89","mi",,,,,,,"PENDING COOP",,,,,,,,,,,,,,,,,,,,,,,,,,,,"29.94","64","80","0.00","HZ:7 |FU |HZ",,,"58","29.93","CLR:00","29.74","5.00","70","260",,"6",,,,,,,,,,,,,,,,,,,,,,,,,,,,,,,,,,,,,"MET09208/03/20 11:52:02 METAR KCQT 031952Z 26005KT 5SM HZ CLR 27/18 A2994 RMK AO2 SLP135 T02670178","FM-15","7",,,,,,,,,,,,,,,,,,,,,,,,,,,"2006-02-03"
"72287493134","2020-08-03T12:52:00","FM-15","7",,,"3.89","mi",,,,,,,"PENDING COOP",,,,,,,,,,,,,,,,,,,,,,,,,,,,"29.93","63","79","0.00","HZ:7 |FU |HZ","+0.01","8","58","29.92","CLR:00","29.73","5.00","69","VRB",,"7",,,,,,,,,,,,,,,,,,,,,,,,,,,,,,,,,,,,,"MET09808/03/20 12:52:02 METAR KCQT 032052Z VRB06KT 5SM HZ CLR 26/17 A2993 RMK AO2 SLP133 T02610172 58002","FM-15","7",,,,,,,,,,,,,,,,,,,,,,,,,,,"2006-02-03"
"72287493134","2020-08-03T13:52:00","FM-15","7",,,"3.89","mi",,,,,,,"PENDING COOP",,,,,,,,,,,,,,,,,,,,,,,,,,,,"29.92","62","79","0.00","HZ:7 |FU |HZ",,,"56","29.92","CLR:00","29.72","6.00","68","000",,"0",,,,,,,,,,,,,,,,,,,,,,,,,,,,,,,,,,,,,"MET09208/03/20 13:52:02 METAR KCQT 032152Z 00000KT 6SM HZ CLR 26/17 A2992 RMK AO2 SLP131 T02610167","FM-15","7",,,,,,,,,,,,,,,,,,,,,,,,,,,"2006-02-03"
"72287493134","2020-08-03T14:52:00","FM-15","6",,,"3.89","mi",,,,,,,"PENDING COOP",,,,,,,,,,,,,,,,,,,,,,,,,,,,"29.91","62","79","0.00",,,,"56","29.91","CLR:00","29.71","7.00","68",,,,,,,,,,,,,,,,,,,,,,,,,,,,,,,,,,,,,,,,"MET08908/03/20 14:52:02 METAR KCQT 032252Z      KT 7SM CLR 26/17 A2991 RMK AO2 SLP127 T02610167","FM-15","6",,,,,,,,,,,,,,,,,,,,,,,,,,,"2006-02-03"
"72287493134","2020-08-03T15:52:00","FM-15","7",,,"3.89","mi",,,,,,,"PENDING COOP",,,,,,,,,,,,,,,,,,,,,,,,,,,,"29.90","62","79","0.00",,"+0.03","8","56","29.89","CLR:00","29.70","8.00","68","260",,"6",,,,,,,,,,,,,,,,,,,,,,,,,,,,,,,,,,,,,"MET10708/03/20 15:52:02 METAR KCQT 032352Z 26005KT 8SM CLR 26/17 A2990 RMK AO2 SLP122 T02610167 10289 20256 58010","FM-15","7",,,,,,,,,,,,,,,,,,,,,,,,,,,"2006-02-03"
"72287493134","2020-08-03T16:52:00","FM-15","7",,,"3.89","mi",,,,,,,"PENDING COOP",,,,,,,,,,,,,,,,,,,,,,,,,,,,"29.89","62","78","0.00",,,,"58","29.88","CLR:00","29.69","8.00","68","VRB",,"5",,,,,,,,,,,,,,,,,,,,,,,,,,,,,,,,,,,,,"MET08908/03/20 16:52:03 METAR KCQT 040052Z VRB04KT 8SM CLR 26/17 A2989 RMK AO2 SLP120 T02560167","FM-15","7",,,,,,,,,,,,,,,,,,,,,,,,,,,"2006-02-03"
"72287493134","2020-08-03T17:52:00","FM-15","7",,,"3.89","mi",,,,,,,"PENDING COOP",,,,,,,,,,,,,,,,,,,,,,,,,,,,"29.89","61","75","0.00",,,,"62","29.88","CLR:00","29.69","8.00","66","250",,"3",,,,,,,,,,,,,,,,,,,,,,,,,,,,,,,,,,,,,"MET08908/03/20 17:52:01 METAR KCQT 040152Z 25003KT 8SM CLR 24/16 A2989 RMK AO2 SLP118 T02390161","FM-15","7",,,,,,,,,,,,,,,,,,,,,,,,,,,"2006-02-03"
"72287493134","2020-08-03T18:52:00","FM-15","7",,,"3.89","mi",,,,,,,"PENDING COOP",,,,,,,,,,,,,,,,,,,,,,,,,,,,"29.90","61","72","0.00",,"+0.00","5","68","29.89","CLR:00","29.70","8.00","65","000",,"0",,,,,,,,,,,,,,,,,,,,,,,,,,,,,,,,,,,,,"MET09508/03/20 18:52:01 METAR KCQT 040252Z 00000KT 8SM CLR 22/16 A2990 RMK AO2 SLP122 T02220161 55001","FM-15","7",,,,,,,,,,,,,,,,,,,,,,,,,,,"2006-02-03"
"72287493134","2020-08-03T19:52:00","FM-15","7",,,"3.89","mi",,,,,,,"PENDING COOP",,,,,,,,,,,,,,,,,,,,,,,,,,,,"29.91","61","70","0.00",,,,"73","29.91","CLR:00","29.71","9.00","64","000",,"0",,,,,,,,,,,,,,,,,,,,,,,,,,,,,,,,,,,,,"MET08908/03/20 19:52:01 METAR KCQT 040352Z 00000KT 9SM CLR 21/16 A2991 RMK AO2 SLP127 T02110161","FM-15","7",,,,,,,,,,,,,,,,,,,,,,,,,,,"2006-02-03"
"72287493134","2020-08-03T20:52:00","FM-15","7",,,"3.89","mi",,,,,,,"PENDING COOP",,,,,,,,,,,,,,,,,,,,,,,,,,,,"29.93","61","69","0.00",,,,"76","29.92","CLR:00","29.73","8.00","64","000",,"0",,,,,,,,,,,,,,,,,,,,,,,,,,,,,,,,,,,,,"MET08908/03/20 20:52:01 METAR KCQT 040452Z 00000KT 8SM CLR 21/16 A2993 RMK AO2 SLP132 T02060161","FM-15","7",,,,,,,,,,,,,,,,,,,,,,,,,,,"2006-02-03"
"72287493134","2020-08-03T21:52:00","FM-15","7",,,"3.89","mi",,,,,,,"PENDING COOP",,,,,,,,,,,,,,,,,,,,,,,,,,,,"29.93","61","69","0.00",,"-0.03","0","76","29.92","CLR:00","29.73","8.00","64","000",,"0",,,,,,,,,,,,,,,,,,,,,,,,,,,,,,,,,,,,,"MET10708/03/20 21:52:01 METAR KCQT 040552Z 00000KT 8SM CLR 21/16 A2993 RMK AO2 SLP132 T02060161 10261 20206 50010","FM-15","7",,,,,,,,,,,,,,,,,,,,,,,,,,,"2006-02-03"
"72287493134","2020-08-03T22:52:00","FM-15","7",,,"3.89","mi",,,,,,,"PENDING COOP",,,,,,,,,,,,,,,,,,,,,,,,,,,,"29.93","61","68","0.00",,,,"78","29.92","CLR:00","29.73","8.00","64","000",,"0",,,,,,,,,,,,,,,,,,,,,,,,,,,,,,,,,,,,,"MET08908/03/20 22:52:01 METAR KCQT 040652Z 00000KT 8SM CLR 20/16 A2993 RMK AO2 SLP131 T02000161","FM-15","7",,,,,,,,,,,,,,,,,,,,,,,,,,,"2006-02-03"
"72287493134","2020-08-03T23:52:00","FM-15","7",,,"3.89","mi",,,,,,,"PENDING COOP",,,,,,,,,,,,,,,,,,,,,,,,,,,,"29.92","61","68","0.00",,,,"78","29.92","CLR:00","29.72","7.00","64","000",,"0",,,,,,,,,,,,,,,,,,,,,,,,,,,,,,,,,,,,,"MET09908/03/20 23:52:01 METAR KCQT 040752Z 00000KT 7SM CLR 20/16 A2992 RMK AO2 SLP131 T02000161 402890194","FM-15","7",,,,,,,,,,,,,,,,,,,,,,,,,,,"2006-02-03"
"72287493134","2020-08-03T23:59:00","SOD  ","6",,,"3.89","mi",,,,,,,"PENDING COOP",,,,,,"62","76","68","29.92","29.72","66","1.4","11","2.0","0","84","67","260","14","0.00",,,"260","8","HZ",,,,,,,,,,,,,,,,,,,,,,,,,,,,,,,,,,,,,,,,,,,,,,,,,,,,,,,"SOD75624 HR PRECIPITATION (IN): 0.00 SNOW DEPTH (IN):0     24 HR SNOWFALL (IN):0.0  WEATHER(CODE):8  24 HR MAX TEMP (F): 8424 HR MIN TEMP (F): 67AVERAGE STATION PRESSURE:29.715 MINIMUM SEA LEVEL PRESSURE:29.88 TIME OF OCCURRENCE:1835 PEAK WIND SPEED (MPH): 14 PEAK WIND DIR (DEG):260 PEAK WIND TIME (LST):      FASTEST 2MIN SPEED (MPH):  8FASTEST 2MIN DIR (DEG):260 FASTEST 2MIN TIME (LST):     AVERAGE WIND SPEED (MPH): 1.4 24 HR AVG TEMP (F): 76DEPART FROM NORMAL:  2  HEATING DEGREE DAYS:  0 COOLING DEGREE DAYS: 11 LATEST DAY MAX TEMP (0700-1900 LST):84  LATEST NIGHT MIN TEMP(1900-0800 LST):67 HOURLY INCREMENTAL PRECIPITATION VALUES (IN):.00 0.00 0.00 0.00 0.00 0.00 0.00 0.00 0.00 0.00 0.00 0.00 0.00 0.00 0.00 0.00 0.00 0.00 0.00 0.00 0.00 0.00 0.00 0.00","SOD  ","6",,,,,,,,,,,,,,,,,,,,,,,,,"0507","1851","2006-02-03"
"72287493134","2020-08-04T00:52:00","FM-15","7",,,"3.89","mi",,,,,,,"PENDING COOP",,,,,,,,,,,,,,,,,,,,,,,,,,,,"29.92","61","68","0.00","HZ:7 |FU |HZ","+0.01","8","78","29.91","SCT:04 10","29.72","6.00","64","000",,"0",,,,,,,,,,,,,,,,,,,,,,,,,,,,,,,,,,,,,"MET10108/04/20 00:52:02 METAR KCQT 040852Z 00000KT 6SM HZ SCT010 20/16 A2992 RMK AO2 SLP128 T02000161 58004","FM-15","7",,,,,,,,,,,,,,,,,,,,,,,,,,,"2006-02-03"
"72287493134","2020-08-04T00:57:00","FM-16","7",,,"3.89","mi",,,,,,,"PENDING COOP",,,,,,,,,,,,,,,,,,,,,,,,,,,,"29.91","62","68",,"HZ:7 |FU |HZ",,,"81",,"BKN:07 10","29.71","6.00","64","000",,"0",,,,,,,,,,,,,,,,,,,,,,,,,,,,,,,,,,,,,"MET08808/04/20 00:57:02 SPECI KCQT 040857Z 00000KT 6SM HZ BKN010 20/17 A2991 RMK AO2 T02000167","FM-16","7",,,,,,,,,,,,,,,,,,,,,,,,,,,"2006-02-03"
"72287493134","2020-08-04T01:34:00","FM-16","7",,,"3.89","mi",,,,,,,"PENDING COOP",,,,,,,,,,,,,,,,,,,,,,,,,,,,"29.91","62","68",,"HZ:7 |FU |HZ",,,"81",,"OVC:08 9","29.71","5.00","64","000",,"0",,,,,,,,,,,,,,,,,,,,,,,,,,,,,,,,,,,,,"MET08808/04/20 01:34:02 SPECI KCQT 040934Z 00000KT 5SM HZ OVC009 20/17 A2991 RMK AO2 T02000167","FM-16","7",,,,,,,,,,,,,,,,,,,,,,,,,,,"2006-02-03"
"72287493134","2020-08-04T01:52:00","FM-15","7",,,"3.89","mi",,,,,,,"PENDING COOP",,,,,,,,,,,,,,,,,,,,,,,,,,,,"29.91","62","68","0.00","HZ:7 |FU |HZ",,,"81","29.90","OVC:08 9","29.71","5.00","64","000",,"0",,,,,,,,,,,,,,,,,,,,,,,,,,,,,,,,,,,,,"MET09508/04/20 01:52:02 METAR KCQT 040952Z 00000KT 5SM HZ OVC009 20/17 A2991 RMK AO2 SLP125 T02000167","FM-15","7",,,,,,,,,,,,,,,,,,,,,,,,,,,"2006-02-03"
"72287493134","2020-08-04T02:52:00","FM-15","7",,,"3.89","mi",,,,,,,"PENDING COOP",,,,,,,,,,,,,,,,,,,,,,,,,,,,"29.92","62","68","0.00","HZ:7 |FU |HZ",,,"81","29.91","OVC:08 9","29.72","6.00","64","000",,"0",,,,,,,,,,,,,,,,,,,,,,,,,,,,,,,,,,,,,"MET09508/04/20 02:52:02 METAR KCQT 041052Z 00000KT 6SM HZ OVC009 20/17 A2992 RMK AO2 SLP129 T02000167","FM-15","7",,,,,,,,,,,,,,,,,,,,,,,,,,,"2006-02-03"
"72287493134","2020-08-04T03:52:00","FM-15","7",,,"3.89","mi",,,,,,,"PENDING COOP",,,,,,,,,,,,,,,,,,,,,,,,,,,,"29.93","62","68","0.00",,"-0.01","3","81","29.92","OVC:08 9","29.73","7.00","64","000",,"0",,,,,,,,,,,,,,,,,,,,,,,,,,,,,,,,,,,,,"MET11008/04/20 03:52:02 METAR KCQT 041152Z 00000KT 7SM OVC009 20/17 A2993 RMK AO2 SLP132 T02000167 10206 20194 53004","FM-15","7",,,,,,,,,,,,,,,,,,,,,,,,,,,"2006-02-03"
"72287493134","2020-08-04T04:52:00","FM-15","7",,,"3.89","mi",,,,,,,"PENDING COOP",,,,,,,,,,,,,,,,,,,,,,,,,,,,"29.93","62","68","0.00",,,,"81","29.93","OVC:08 9","29.73","7.00","64","000",,"0",,,,,,,,,,,,,,,,,,,,,,,,,,,,,,,,,,,,,"MET09608/04/20 04:52:02 METAR KCQT 041252Z 00000KT 7SM OVC009 20/17 A2993 RMK AO2 SLP134 T02000167 RTX","FM-15","7",,,,,,,,,,,,,,,,,,,,,,,,,,,"2006-02-03"
"72287493134","2020-08-04T05:31:00","FM-16","7",,,"3.89","mi",,,,,,,"PENDING COOP",,,,,,,,,,,,,,,,,,,,,,,,,,,,"29.94","61","68",,,,,"78",,"OVC:08 10","29.74","7.00","64","000",,"0",,,,,,,,,,,,,,,,,,,,,,,,,,,,,,,,,,,,,"MET08508/04/20 05:31:02 SPECI KCQT 041331Z 00000KT 7SM OVC010 20/16 A2994 RMK AO2 T02000161","FM-16","7",,,,,,,,,,,,,,,,,,,,,,,,,,,"2006-02-03"
"72287493134","2020-08-04T05:48:00","FM-16","7",,,"3.89","mi",,,,,,,"PENDING COOP",,,,,,,,,,,,,,,,,,,,,,,,,,,,"29.94","61","68",,"HZ:7 |FU |HZ",,,"78",,"OVC:08 9","29.74","6.00","64","VRB",,"3",,,,,,,,,,,,,,,,,,,,,,,,,,,,,,,,,,,,,"MET08808/04/20 05:48:02 SPECI KCQT 041348Z VRB03KT 6SM HZ OVC009 20/16 A2994 RMK AO2 T02000161","FM-16","7",,,,,,,,,,,,,,,,,,,,,,,,,,,"2006-02-03"
"72287493134","2020-08-04T05:52:00","FM-15","7",,,"3.89","mi",,,,,,,"PENDING COOP",,,,,,,,,,,,,,,,,,,,,,,,,,,,"29.95","61","67","0.00","HZ:7 |FU |HZ",,,"81","29.94","OVC:08 9","29.75","5.00","63","000",,"0",,,,,,,,,,,,,,,,,,,,,,,,,,,,,,,,,,,,,"MET09508/04/20 05:52:02 METAR KCQT 041352Z 00000KT 5SM HZ OVC009 19/16 A2995 RMK AO2 SLP138 T01940161","FM-15","7",,,,,,,,,,,,,,,,,,,,,,,,,,,"2006-02-03"
"72287493134","2020-08-04T06:17:00","FM-16","7",,,"3.89","mi",,,,,,,"PENDING COOP",,,,,,,,,,,,,,,,,,,,,,,,,,,,"29.95","61","68",,"HZ:7 |FU |HZ",,,"78",,"OVC:08 10","29.75","5.00","64","000",,"0",,,,,,,,,,,,,,,,,,,,,,,,,,,,,,,,,,,,,"MET08808/04/20 06:17:02 SPECI KCQT 041417Z 00000KT 5SM HZ OVC010 20/16 A2995 RMK AO2 T02000161","FM-16","7",,,,,,,,,,,,,,,,,,,,,,,,,,,"2006-02-03"
"72287493134","2020-08-04T06:52:00","FM-15","7",,,"3.89","mi",,,,,,,"PENDING COOP",,,,,,,,,,,,,,,,,,,,,,,,,,,,"29.96","61","68","0.00","HZ:7 |FU |HZ","-0.04","3","78","29.95","OVC:08 10","29.76","5.00","64","000",,"0",,,,,,,,,,,,,,,,,,,,,,,,,,,,,,,,,,,,,"MET10108/04/20 06:52:02 METAR KCQT 041452Z 00000KT 5SM HZ OVC010 20/16 A2996 RMK AO2 SLP143 T02000161 53012","FM-15","7",,,,,,,,,,,,,,,,,,,,,,,,,,,"2006-02-03"
"72287493134","2020-08-04T07:52:00","FM-15","7",,,"3.89","mi",,,,,,,"PENDING COOP",,,,,,,,,,,,,,,,,,,,,,,,,,,,"29.97","61","69","0.00","HZ:7 |FU |HZ",,,"76","29.96","OVC:08 10","29.77","5.00","64","000",,"0",,,,,,,,,,,,,,,,,,,,,,,,,,,,,,,,,,,,,"MET09508/04/20 07:52:02 METAR KCQT 041552Z 00000KT 5SM HZ OVC010 21/16 A2997 RMK AO2 SLP147 T02060161","FM-15","7",,,,,,,,,,,,,,,,,,,,,,,,,,,"2006-02-03"
"72287493134","2020-08-04T08:52:00","FM-15","7",,,"3.89","mi",,,,,,,"PENDING COOP",,,,,,,,,,,,,,,,,,,,,,,,,,,,"29.98","61","70","0.00","HZ:7 |FU |HZ",,,"73","29.97","OVC:08 14","29.78","6.00","64","000",,"0",,,,,,,,,,,,,,,,,,,,,,,,,,,,,,,,,,,,,"MET09508/04/20 08:52:02 METAR KCQT 041652Z 00000KT 6SM HZ OVC014 21/16 A2998 RMK AO2 SLP148 T02110161","FM-15","7",,,,,,,,,,,,,,,,,,,,,,,,,,,"2006-02-03"
"72287493134","2020-08-04T09:05:00","FM-16","7",,,"3.89","mi",,,,,,,"PENDING COOP",,,,,,,,,,,,,,,,,,,,,,,,,,,,"29.98","62","70",,"HZ:7 |FU |HZ",,,"76",,"OVC:08 15","29.78","6.00","65","000",,"0",,,,,,,,,,,,,,,,,,,,,,,,,,,,,,,,,,,,,"MET08808/04/20 09:05:02 SPECI KCQT 041705Z 00000KT 6SM HZ OVC015 21/17 A2998 RMK AO2 T02110167","FM-16","7",,,,,,,,,,,,,,,,,,,,,,,,,,,"2006-02-03"
"72287493134","2020-08-04T09:52:00","FM-15","7",,,"3.89","mi",,,,,,,"PENDING COOP",,,,,,,,,,,,,,,,,,,,,,,,,,,,"29.98","62","72","0.00","HZ:7 |FU |HZ","-0.02","1","71","29.97","OVC:08 16","29.78","6.00","66","000",,"0",,,,,,,,,,,,,,,,,,,,,,,,,,,,,,,,,,,,,"MET11308/04/20 09:52:02 METAR KCQT 041752Z 00000KT 6SM HZ OVC016 22/17 A2998 RMK AO2 SLP149 T02220167 10228 20194 51006","FM-15","7",,,,,,,,,,,,,,,,,,,,,,,,,,,"2006-02-03"
"72287493134","2020-08-04T10:52:00","FM-15","7",,,"3.89","mi",,,,,,,"PENDING COOP",,,,,,,,,,,,,,,,,,,,,,,,,,,,"29.99","62","74","0.00","HZ:7 |FU |HZ",,,"67","29.98","OVC:08 17","29.79","6.00","67","000",,"0",,,,,,,,,,,,,,,,,,,,,,,,,,,,,,,,,,,,,"MET09508/04/20 10:52:02 METAR KCQT 041852Z 00000KT 6SM HZ OVC017 23/17 A2999 RMK AO2 SLP151 T02330167","FM-15","7",,,,,,,,,,,,,,,,,,,,,,,,,,,"2006-02-03"
"72287493134","2020-08-04T11:00:00","FM-16","7",,,"3.89","mi",,,,,,,"PENDING COOP",,,,,,,,,,,,,,,,,,,,,,,,,,,,"29.99","63","75",,"HZ:7 |FU |HZ",,,"66",,,"29.79","6.00","67","000",,"0",,,,,,,,,,,,,,,,,,,,,,,,,,,,,,,,,,,,,"MET08308/04/20 11:00:02 SPECI KCQT 041900Z 00000KT 6SM HZ 24/17 A2999 RMK AO2 T02390172 $","FM-16","7",,,,,,,,,,,,,,,,,,,,,,,,,,,"2006-02-03"
"72287493134","2020-08-04T11:52:00","FM-15","7",,,"3.89","mi",,,,,,,"PENDING COOP",,,,,,,,,,,,,,,,,,,,,,,,,,,,"29.98","62","78","0.00",,,,"58","29.97","CLR:00","29.78","9.00","68","000",,"0",,,,,,,,,,,,,,,,,,,,,,,,,,,,,,,,,,,,,"MET08908/04/20 11:52:02 METAR KCQT 041952Z 00000KT 9SM CLR 26/17 A2998 RMK AO2 SLP149 T02560167","FM-15","7",,,,,,,,,,,,,,,,,,,,,,,,,,,"2006-02-03"
"72287493134","2020-08-04T12:52:00","FM-15","7",,,"3.89","mi",,,,,,,"PENDING COOP",,,,,,,,,,,,,,,,,,,,,,,,,,,,"29.95","61","78","0.00",,"+0.03","8","56","29.94","CLR:00","29.75","10.00","67","000",,"0",,,,,,,,,,,,,,,,,,,,,,,,,,,,,,,,,,,,,"MET09608/04/20 12:52:02 METAR KCQT 042052Z 00000KT 10SM CLR 26/16 A2995 RMK AO2 SLP140 T02560161 58009","FM-15","7",,,,,,,,,,,,,,,,,,,,,,,,,,,"2006-02-03"
"72287493134","2020-08-04T13:52:00","FM-15","7",,,"3.89","mi",,,,,,,"PENDING COOP",,,,,,,,,,,,,,,,,,,,,,,,,,,,"29.94","61","78","0.00",,,,"56","29.93","CLR:00","29.74","10.00","67","000",,"0",,,,,,,,,,,,,,,,,,,,,,,,,,,,,,,,,,,,,"MET09008/04/20 13:52:02 METAR KCQT 042152Z 00000KT 10SM CLR 26/16 A2994 RMK AO2 SLP136 T02560161","FM-15","7",,,,,,,,,,,,,,,,,,,,,,,,,,,"2006-02-03"
"72287493134","2020-08-04T14:52:00","FM-15","7",,,"3.89","mi",,,,,,,"PENDING COOP",,,,,,,,,,,,,,,,,,,,,,,,,,,,"29.93","61","78","0.00",,,,"56","29.92","CLR:00","29.73","10.00","67","VRB",,"3",,,,,,,,,,,,,,,,,,,,,,,,,,,,,,,,,,,,,"MET09208/04/20 14:52:02 METAR KCQT 042252Z VRB03KT 10SM CLR 26/16 A2993 RMK AO2 SLP132 T02560161 $","FM-15","7",,,,,,,,,,,,,,,,,,,,,,,,,,,"2006-02-03"
"72287493134","2020-08-04T15:52:00","FM-15","7",,,"3.89","mi",,,,,,,"PENDING COOP",,,,,,,,,,,,,,,,,,,,,,,,,,,,"29.92","61","77","0.00",,"+0.03","6","58","29.91","CLR:00","29.72","10.00","67","000",,"0",,,,,,,,,,,,,,,,,,,,,,,,,,,,,,,,,,,,,"MET11008/04/20 15:52:02 METAR KCQT 042352Z 00000KT 10SM CLR 25/16 A2992 RMK AO2 SLP130 T02500161 10261 20222 56010 $","FM-15","7",,,,,,,,,,,,,,,,,,,,,,,,,,,"2006-02-03"
"72287493134","2020-08-04T16:52:00","FM-15","7",,,"3.89","mi",,,,,,,"PENDING COOP",,,,,,,,,,,,,,,,,,,,,,,,,,,,"29.92","62","75","0.00",,,,"64","29.91","CLR:00","29.72","10.00","67","VRB",,"5",,,,,,,,,,,,,,,,,,,,,,,,,,,,,,,,,,,,,"MET09208/04/20 16:52:01 METAR KCQT 050052Z VRB04KT 10SM CLR 24/17 A2992 RMK AO2 SLP129 T02390167 $","FM-15","7",,,,,,,,,,,,,,,,,,,,,,,,,,,"2006-02-03"
"72287493134","2020-08-04T17:52:00","FM-15","7",,,"3.89","mi",,,,,,,"PENDING COOP",,,,,,,,,,,,,,,,,,,,,,,,,,,,"29.91","60","72","0.00",,,,"66","29.91","CLR:00","29.71","10.00","65","260",,"6",,,,,,,,,,,,,,,,,,,,,,,,,,,,,,,,,,,,,"MET09208/04/20 17:52:01 METAR KCQT 050152Z 26005KT 10SM CLR 22/16 A2991 RMK AO2 SLP127 T02220156 $","FM-15","7",,,,,,,,,,,,,,,,,,,,,,,,,,,"2006-02-03"
"72287493134","2020-08-04T18:52:00","FM-15","7",,,"3.89","mi",,,,,,,"PENDING COOP",,,,,,,,,,,,,,,,,,,,,,,,,,,,"29.92","60","69","0.00",,"+0.00","5","73","29.91","FEW:02 13","29.72","10.00","64","VRB",,"3",,,,,,,,,,,,,,,,,,,,,,,,,,,,,,,,,,,,,"MET10108/04/20 18:52:01 METAR KCQT 050252Z VRB03KT 10SM FEW013 21/16 A2992 RMK AO2 SLP129 T02060156 55001 $","FM-15","7",,,,,,,,,,,,,,,,,,,,,,,,,,,"2006-02-03"
"72287493134","2020-08-04T19:52:00","FM-15","7",,,"3.89","mi",,,,,,,"PENDING COOP",,,,,,,,,,,,,,,,,,,,,,,,,,,,"29.93","60","67","0.00",,,,"79","29.92","CLR:00","29.73","10.00","63","VRB",,"3",,,,,,,,,,,,,,,,,,,,,,,,,,,,,,,,,,,,,"MET09208/04/20 19:52:01 METAR KCQT 050352Z VRB03KT 10SM CLR 19/16 A2993 RMK AO2 SLP132 T01940156 $","FM-15","7",,,,,,,,,,,,,,,,,,,,,,,,,,,"2006-02-03"
"72287493134","2020-08-04T20:52:00","FM-15","7",,,"3.89","mi",,,,,,,"PENDING COOP",,,,,,,,,,,,,,,,,,,,,,,,,,,,"29.94","59","67","0.00",,,,"76","29.93","CLR:00","29.74","10.00","62","000",,"0",,,,,,,,,,,,,,,,,,,,,,,,,,,,,,,,,,,,,"MET09208/04/20 20:52:01 METAR KCQT 050452Z 00000KT 10SM CLR 19/15 A2994 RMK AO2 SLP135 T01940150 $","FM-15","7",,,,,,,,,,,,,,,,,,,,,,,,,,,"2006-02-03"
"72287493134","2020-08-04T21:52:00","FM-15","7",,,"3.89","mi",,,,,,,"PENDING COOP",,,,,,,,,,,,,,,,,,,,,,,,,,,,"29.94","60","67","0.00",,"-0.02","1","79","29.93","CLR:00","29.74","10.00","63","000",,"0",,,,,,,,,,,,,,,,,,,,,,,,,,,,,,,,,,,,,"MET11008/04/20 21:52:01 METAR KCQT 050552Z 00000KT 10SM CLR 19/16 A2994 RMK AO2 SLP135 T01940156 10250 20194 51006 $","FM-15","7",,,,,,,,,,,,,,,,,,,,,,,,,,,"2006-02-03"
"72287493134","2020-08-04T22:52:00","FM-15","7",,,"3.89","mi",,,,,,,"PENDING COOP",,,,,,,,,,,,,,,,,,,,,,,,,,,,"29.93","59","67","0.00",,,,"76","29.93","SCT:04 14","29.73","10.00","62","000",,"0",,,,,,,,,,,,,,,,,,,,,,,,,,,,,,,,,,,,,"MET09508/04/20 22:52:01 METAR KCQT 050652Z 00000KT 10SM SCT014 19/15 A2993 RMK AO2 SLP134 T01940150 $","FM-15","7",,,,,,,,,,,,,,,,,,,,,,,,,,,"2006-02-03"
"72287493134","2020-08-04T22:57:00","FM-16","7",,,"3.89","mi",,,,,,,"PENDING COOP",,,,,,,,,,,,,,,,,,,,,,,,,,,,"29.93","59","67",,,,,"76",,"BKN:07 14","29.73","10.00","62","000",,"0",,,,,,,,,,,,,,,,,,,,,,,,,,,,,,,,,,,,,"MET08808/04/20 22:57:01 SPECI KCQT 050657Z 00000KT 10SM BKN014 19/15 A2993 RMK AO2 T01940150 $","FM-16","7",,,,,,,,,,,,,,,,,,,,,,,,,,,"2006-02-03"
"72287493134","2020-08-04T23:52:00","FM-15","7",,,"3.89","mi",,,,,,,"PENDING COOP",,,,,,,,,,,,,,,,,,,,,,,,,,,,"29.93","59","68","0.00",,,,"73","29.92","OVC:08 14","29.73","10.00","63","000",,"0",,,,,,,,,,,,,,,,,,,,,,,,,,,,,,,,,,,,,"MET10508/04/20 23:52:01 METAR KCQT 050752Z 00000KT 10SM OVC014 20/15 A2993 RMK AO2 SLP132 T02000150 402610194 $","FM-15","7",,,,,,,,,,,,,,,,,,,,,,,,,,,"2006-02-03"
"72287493134","2020-08-04T23:59:00","SOD  ","6",,,"3.89","mi",,,,,,,"PENDING COOP",,,,,,"61","73","71","29.93","29.73","65","0.9","8","-1.0","0","79","67","260","14","0.00",,,"270","8","HZ",,,,,,,,,,,,,,,,,,,,,,,,,,,,,,,,,,,,,,,,,,,,,,,,,,,,,,,"SOD75624 HR PRECIPITATION (IN): 0.00 SNOW DEPTH (IN):0     24 HR SNOWFALL (IN):0.0  WEATHER(CODE):8  24 HR MAX TEMP (F): 7924 HR MIN TEMP (F): 67AVERAGE STATION PRESSURE:29.735 MINIMUM SEA LEVEL PRESSURE:29.90 TIME OF OCCURRENCE:1806 PEAK WIND SPEED (MPH): 14 PEAK WIND DIR (DEG):260 PEAK WIND TIME (LST):      FASTEST 2MIN SPEED (MPH):  8FASTEST 2MIN DIR (DEG):270 FASTEST 2MIN TIME (LST):     AVERAGE WIND SPEED (MPH): 0.9 24 HR AVG TEMP (F): 73DEPART FROM NORMAL: -1  HEATING DEGREE DAYS:  0 COOLING DEGREE DAYS:  8 LATEST DAY MAX TEMP (0700-1900 LST):79  LATEST NIGHT MIN TEMP(1900-0800 LST):67 HOURLY INCREMENTAL PRECIPITATION VALUES (IN):.00 0.00 0.00 0.00 0.00 0.00 0.00 0.00 0.00 0.00 0.00 0.00 0.00 0.00 0.00 0.00 0.00 0.00 0.00 0.00 0.00 0.00 0.00 0.00","SOD  ","6",,,,,,,,,,,,,,,,,,,,,,,,,"0507","1851","2006-02-03"
"72287493134","2020-08-05T00:52:00","FM-15","7",,,"3.89","mi",,,,,,,"PENDING COOP",,,,,,,,,,,,,,,,,,,,,,,,,,,,"29.93","60","68","0.00",,"+0.01","8","76","29.92","OVC:08 14","29.73","10.00","63","160",,"5",,,,,,,,,,,,,,,,,,,,,,,,,,,,,,,,,,,,,"MET10108/05/20 00:52:02 METAR KCQT 050852Z 16004KT 10SM OVC014 20/16 A2993 RMK AO2 SLP131 T02000156 58004 $","FM-15","7",,,,,,,,,,,,,,,,,,,,,,,,,,,"2006-02-03"
"72287493134","2020-08-05T01:52:00","FM-15","7",,,"3.89","mi",,,,,,,"PENDING COOP",,,,,,,,,,,,,,,,,,,,,,,,,,,,"29.92","60","68","0.00",,,,"76","29.91","OVC:08 14","29.72","10.00","63","000",,"0",,,,,,,,,,,,,,,,,,,,,,,,,,,,,,,,,,,,,"MET09508/05/20 01:52:02 METAR KCQT 050952Z 00000KT 10SM OVC014 20/16 A2992 RMK AO2 SLP128 T02000156 $","FM-15","7",,,,,,,,,,,,,,,,,,,,,,,,,,,"2006-02-03"
"72287493134","2020-08-05T02:52:00","FM-15","7",,,"3.89","mi",,,,,,,"PENDING COOP",,,,,,,,,,,,,,,,,,,,,,,,,,,,"29.92","59","68","0.00",,,,"73","29.91","OVC:08 14","29.72","10.00","63","000",,"0",,,,,,,,,,,,,,,,,,,,,,,,,,,,,,,,,,,,,"MET09508/05/20 02:52:02 METAR KCQT 051052Z 00000KT 10SM OVC014 20/15 A2992 RMK AO2 SLP127 T02000150 $","FM-15","7",,,,,,,,,,,,,,,,,,,,,,,,,,,"2006-02-03"
"72287493134","2020-08-05T03:52:00","FM-15","7",,,"3.89","mi",,,,,,,"PENDING COOP",,,,,,,,,,,,,,,,,,,,,,,,,,,,"29.92","59","68","0.00",,"+0.00","5","73","29.91","OVC:08 14","29.72","10.00","63","VRB",,"5",,,,,,,,,,,,,,,,,,,,,,,,,,,,,,,,,,,,,"MET11308/05/20 03:52:02 METAR KCQT 051152Z VRB04KT 10SM OVC014 20/15 A2992 RMK AO2 SLP130 T02000150 10200 20194 55001 $","FM-15","7",,,,,,,,,,,,,,,,,,,,,,,,,,,"2006-02-03"
"72287493134","2020-08-05T04:07:00","FM-16","7",,,"3.89","mi",,,,,,,"PENDING COOP",,,,,,,,,,,,,,,,,,,,,,,,,,,,"29.92","59","68",,,,,"73",,"OVC:08 15","29.72","10.00","63","000",,"0",,,,,,,,,,,,,,,,,,,,,,,,,,,,,,,,,,,,,"MET08808/05/20 04:07:02 SPECI KCQT 051207Z 00000KT 10SM OVC015 20/15 A2992 RMK AO2 T02000150 $","FM-16","7",,,,,,,,,,,,,,,,,,,,,,,,,,,"2006-02-03"
"72287493134","2020-08-05T04:52:00","FM-15","7",,,"3.89","mi",,,,,,,"PENDING COOP",,,,,,,,,,,,,,,,,,,,,,,,,,,,"29.93","59","68","0.00",,,,"73","29.92","OVC:08 15","29.73","10.00","63","000",,"0",,,,,,,,,,,,,,,,,,,,,,,,,,,,,,,,,,,,,"MET09508/05/20 04:52:02 METAR KCQT 051252Z 00000KT 10SM OVC015 20/15 A2993 RMK AO2 SLP131 T02000150 $","FM-15","7",,,,,,,,,,,,,,,,,,,,,,,,,,,"2006-02-03"
"72287493134","2020-08-05T05:52:00","FM-15","7",,,"3.89","mi",,,,,,,"PENDING COOP",,,,,,,,,,,,,,,,,,,,,,,,,,,,"29.93","59","68","0.00",,,,"73","29.92","OVC:08 16","29.73","10.00","63","110",,"3",,,,,,,,,,,,,,,,,,,,,,,,,,,,,,,,,,,,,"MET09908/05/20 05:52:02 METAR KCQT 051352Z 11003KT 10SM OVC016 20/15 A2993 RMK AO2 SLP133 T02000150 $ RTX","FM-15","7",,,,,,,,,,,,,,,,,,,,,,,,,,,"2006-02-03"
"72287493134","2020-08-05T06:52:00","FM-15","7",,,"3.89","mi",,,,,,,"PENDING COOP",,,,,,,,,,,,,,,,,,,,,,,,,,,,"29.94","59","69","0.00",,"-0.01","3","70","29.93","OVC:08 16","29.74","10.00","63","000",,"0",,,,,,,,,,,,,,,,,,,,,,,,,,,,,,,,,,,,,"MET10108/05/20 06:52:02 METAR KCQT 051452Z 00000KT 10SM OVC016 21/15 A2994 RMK AO2 SLP135 T02060150 53005 $","FM-15","7",,,,,,,,,,,,,,,,,,,,,,,,,,,"2006-02-03"
"72287493134","2020-08-05T07:52:00","FM-15","7",,,"3.89","mi",,,,,,,"PENDING COOP",,,,,,,,,,,,,,,,,,,,,,,,,,,,"29.94","60","69","0.00",,,,"73","29.93","OVC:08 17","29.74","10.00","64","000",,"0",,,,,,,,,,,,,,,,,,,,,,,,,,,,,,,,,,,,,"MET09508/05/20 07:52:02 METAR KCQT 051552Z 00000KT 10SM OVC017 21/16 A2994 RMK AO2 SLP137 T02060156 $","FM-15","7",,,,,,,,,,,,,,,,,,,,,,,,,,,"2006-02-03"
"72287493134","2020-08-05T08:52:00","FM-15","7",,,"3.89","mi",,,,,,,"PENDING COOP",,,,,,,,,,,,,,,,,,,,,,,,,,,,"29.95","60","71","0.00",,,,"68","29.94","OVC:08 19","29.75","10.00","64","000",,"0",,,,,,,,,,,,,,,,,,,,,,,,,,,,,,,,,,,,,"MET09508/05/20 08:52:02 METAR KCQT 051652Z 00000KT 10SM OVC019 22/16 A2995 RMK AO2 SLP139 T02170156 $","FM-15","7",,,,,,,,,,,,,,,,,,,,,,,,,,,"2006-02-03"
"72287493134","2020-08-05T09:52:00","FM-15","7",,,"3.89","mi",,,,,,,"PENDING COOP",,,,,,,,,,,,,,,,,,,,,,,,,,,,"29.95","60","73","0.00",,"-0.01","3","64","29.94","OVC:08 23","29.75","10.00","65","000",,"0",,,,,,,,,,,,,,,,,,,,,,,,,,,,,,,,,,,,,"MET11308/05/20 09:52:02 METAR KCQT 051752Z 00000KT 10SM OVC023 23/16 A2995 RMK AO2 SLP140 T02280156 10228 20194 53004 $","FM-15","7",,,,,,,,,,,,,,,,,,,,,,,,,,,"2006-02-03"
"72287493134","2020-08-05T10:52:00","FM-15","7",,,"3.89","mi",,,,,,,"PENDING COOP",,,,,,,,,,,,,,,,,,,,,,,,,,,,"29.95","60","73","0.00",,,,"64","29.94","OVC:08 24","29.75","10.00","65","270",,"6",,,,,,,,,,,,,,,,,,,,,,,,,,,,,,,,,,,,,"MET09508/05/20 10:52:02 METAR KCQT 051852Z 27005KT 10SM OVC024 23/16 A2995 RMK AO2 SLP140 T02280156 $","FM-15","7",,,,,,,,,,,,,,,,,,,,,,,,,,,"2006-02-03"
"72287493134","2020-08-05T11:35:00","FM-16","7",,,"3.89","mi",,,,,,,"PENDING COOP",,,,,,,,,,,,,,,,,,,,,,,,,,,,"29.94","60","77",,,,,"56",,"SCT:04 26","29.74","10.00","66","000",,"0",,,,,,,,,,,,,,,,,,,,,,,,,,,,,,,,,,,,,"MET08808/05/20 11:35:02 SPECI KCQT 051935Z 00000KT 10SM SCT026 25/16 A2994 RMK AO2 T02500156 $","FM-16","7",,,,,,,,,,,,,,,,,,,,,,,,,,,"2006-02-03"
"72287493134","2020-08-05T11:52:00","FM-15","7",,,"3.89","mi",,,,,,,"PENDING COOP",,,,,,,,,,,,,,,,,,,,,,,,,,,,"29.93","60","76","0.00",,,,"58","29.92","SCT:04 27","29.73","10.00","66","000",,"0",,,,,,,,,,,,,,,,,,,,,,,,,,,,,,,,,,,,,"MET09508/05/20 11:52:02 METAR KCQT 051952Z 00000KT 10SM SCT027 24/16 A2993 RMK AO2 SLP133 T02440156 $","FM-15","7",,,,,,,,,,,,,,,,,,,,,,,,,,,"2006-02-03"
"72287493134","2020-08-05T12:52:00","FM-15","6",,,"3.89","mi",,,,,,,"PENDING COOP",,,,,,,,,,,,,,,,,,,,,,,,,,,,"29.92","60","76","0.00",,"+0.03","8","58","29.92","CLR:00","29.72","10.00","66",,,,,,,,,,,,,,,,,,,,,,,,,,,,,,,,,,,,,,,,"MET10208/05/20 12:52:02 METAR KCQT 052052Z      KT 10SM CLR 24/16 A2992 RMK AO2 SLP131 T02440156 58009 $ RTX","FM-15","6",,,,,,,,,,,,,,,,,,,,,,,,,,,"2006-02-03"
"72287493134","2020-08-05T13:52:00","FM-15","7",,,"3.89","mi",,,,,,,"PENDING COOP",,,,,,,,,,,,,,,,,,,,,,,,,,,,"29.91","60","76","0.00",,,,"58","29.91","CLR:00","29.71","10.00","66","250",,"3",,,,,,,,,,,,,,,,,,,,,,,,,,,,,,,,,,,,,"MET09208/05/20 13:52:02 METAR KCQT 052152Z 25003KT 10SM CLR 24/16 A2991 RMK AO2 SLP127 T02440156 $","FM-15","7",,,,,,,,,,,,,,,,,,,,,,,,,,,"2006-02-03"
"72287493134","2020-08-05T14:52:00","FM-15","7",,,"3.89","mi",,,,,,,"PENDING COOP",,,,,,,,,,,,,,,,,,,,,,,,,,,,"29.90","60","76","0.00",,,,"58","29.89","CLR:00","29.70","10.00","66","250",,"3",,,,,,,,,,,,,,,,,,,,,,,,,,,,,,,,,,,,,"MET09208/05/20 14:52:02 METAR KCQT 052252Z 25003KT 10SM CLR 24/16 A2990 RMK AO2 SLP123 T02440156 $","FM-15","7",,,,,,,,,,,,,,,,,,,,,,,,,,,"2006-02-03"
"72287493134","2020-08-05T15:52:00","FM-15","7",,,"3.89","mi",,,,,,,"PENDING COOP",,,,,,,,,,,,,,,,,,,,,,,,,,,,"29.89","60","73","0.00",,"+0.03","6","64","29.88","CLR:00","29.69","10.00","65","250",,"5",,,,,,,,,,,,,,,,,,,,,,,,,,,,,,,,,,,,,"MET11008/05/20 15:52:02 METAR KCQT 052352Z 25004KT 10SM CLR 23/16 A2989 RMK AO2 SLP120 T02280156 10256 20222 56011 $","FM-15","7",,,,,,,,,,,,,,,,,,,,,,,,,,,"2006-02-03"
"72287493134","2020-08-05T16:52:00","FM-15","7",,,"3.89","mi",,,,,,,"PENDING COOP",,,,,,,,,,,,,,,,,,,,,,,,,,,,"29.89","60","71","0.00",,,,"68","29.88","CLR:00","29.69","10.00","64","280",,"7",,,,,,,,,,,,,,,,,,,,,,,,,,,,,,,,,,,,,"MET09208/05/20 16:52:01 METAR KCQT 060052Z 28006KT 10SM CLR 22/16 A2989 RMK AO2 SLP119 T02170156 $","FM-15","7",,,,,,,,,,,,,,,,,,,,,,,,,,,"2006-02-03"
"72287493134","2020-08-05T17:52:00","FM-15","7",,,"3.89","mi",,,,,,,"PENDING COOP",,,,,,,,,,,,,,,,,,,,,,,,,,,,"29.89","59","69","0.00",,,,"70","29.88","FEW:02 14","29.69","10.00","63","260",,"5",,,,,,,,,,,,,,,,,,,,,,,,,,,,,,,,,,,,,"MET09508/05/20 17:52:02 METAR KCQT 060152Z 26004KT 10SM FEW014 21/15 A2989 RMK AO2 SLP120 T02060150 $","FM-15","7",,,,,,,,,,,,,,,,,,,,,,,,,,,"2006-02-03"
"72287493134","2020-08-05T18:52:00","FM-15","7",,,"3.89","mi",,,,,,,"PENDING COOP",,,,,,,,,,,,,,,,,,,,,,,,,,,,"29.89","59","67","0.00",,"-0.00","3","76","29.89","FEW:02 12","29.69","10.00","62","280",,"5",,,,,,,,,,,,,,,,,,,,,,,,,,,,,,,,,,,,,"MET10108/05/20 18:52:02 METAR KCQT 060252Z 28004KT 10SM FEW012 19/15 A2989 RMK AO2 SLP121 T01940150 53000 $","FM-15","7",,,,,,,,,,,,,,,,,,,,,,,,,,,"2006-02-03"
"72287493134","2020-08-05T19:52:00","FM-15","7",,,"3.89","mi",,,,,,,"PENDING COOP",,,,,,,,,,,,,,,,,,,,,,,,,,,,"29.91","59","66","0.00",,,,"78","29.90","CLR:00","29.71","10.00","62","000",,"0",,,,,,,,,,,,,,,,,,,,,,,,,,,,,,,,,,,,,"MET09208/05/20 19:52:02 METAR KCQT 060352Z 00000KT 10SM CLR 19/15 A2991 RMK AO2 SLP125 T01890150 $","FM-15","7",,,,,,,,,,,,,,,,,,,,,,,,,,,"2006-02-03"
"72287493134","2020-08-05T20:52:00","FM-15","7",,,"3.89","mi",,,,,,,"PENDING COOP",,,,,,,,,,,,,,,,,,,,,,,,,,,,"29.92","59","66","0.00",,,,"78","29.91","CLR:00","29.72","10.00","62","000",,"0",,,,,,,,,,,,,,,,,,,,,,,,,,,,,,,,,,,,,"MET09208/05/20 20:52:02 METAR KCQT 060452Z 00000KT 10SM CLR 19/15 A2992 RMK AO2 SLP128 T01890150 $","FM-15","7",,,,,,,,,,,,,,,,,,,,,,,,,,,"2006-02-03"
"72287493134","2020-08-05T21:52:00","FM-15","7",,,"3.89","mi",,,,,,,"PENDING COOP",,,,,,,,,,,,,,,,,,,,,,,,,,,,"29.92","59","65","0.00",,"-0.03","1","81","29.91","CLR:00","29.72","8.00","61","000",,"0",,,,,,,,,,,,,,,,,,,,,,,,,,,,,,,,,,,,,"MET10908/05/20 21:52:02 METAR KCQT 060552Z 00000KT 8SM CLR 18/15 A2992 RMK AO2 SLP129 T01830150 10228 20183 51009 $","FM-15","7",,,,,,,,,,,,,,,,,,,,,,,,,,,"2006-02-03"
"72287493134","2020-08-05T22:18:00","FM-16","7",,,"3.89","mi",,,,,,,"PENDING COOP",,,,,,,,,,,,,,,,,,,,,,,,,,,,"29.92","59","65",,,,,"81",,"BKN:07 18","29.72","9.00","61","000",,"0",,,,,,,,,,,,,,,,,,,,,,,,,,,,,,,,,,,,,"MET08708/05/20 22:18:02 SPECI KCQT 060618Z 00000KT 9SM BKN018 18/15 A2992 RMK AO2 T01830150 $","FM-16","7",,,,,,,,,,,,,,,,,,,,,,,,,,,"2006-02-03"
"72287493134","2020-08-05T22:52:00","FM-15","7",,,"3.89","mi",,,,,,,"PENDING COOP",,,,,,,,,,,,,,,,,,,,,,,,,,,,"29.92","56","64","0.00",,,,"75","29.91","OVC:08 17","29.72","10.00","59","000",,"0",,,,,,,,,,,,,,,,,,,,,,,,,,,,,,,,,,,,,"MET09508/05/20 22:52:02 METAR KCQT 060652Z 00000KT 10SM OVC017 18/13 A2992 RMK AO2 SLP130 T01780133 $","FM-15","7",,,,,,,,,,,,,,,,,,,,,,,,,,,"2006-02-03"
"72287493134","2020-08-05T23:52:00","FM-15","7",,,"3.89","mi",,,,,,,"PENDING COOP",,,,,,,,,,,,,,,,,,,,,,,,,,,,"29.92","56","65","0.00",,,,"73","29.91","OVC:08 17","29.72","10.00","60","000",,"0",,,,,,,,,,,,,,,,,,,,,,,,,,,,,,,,,,,,,"MET10508/05/20 23:52:02 METAR KCQT 060752Z 00000KT 10SM OVC017 18/13 A2992 RMK AO2 SLP129 T01830133 402560178 $","FM-15","7",,,,,,,,,,,,,,,,,,,,,,,,,,,"2006-02-03"
"72287493134","2020-08-05T23:59:00","SOD  ","6",,,"3.89","mi",,,,,,,"PENDING COOP",,,,,,"59","71","70","29.91","29.72","63","2.0","6","-3.0","0","78","64","270","14","0.00",,,"260","10",,,,,,,,,,,,,,,,,,,,,,,,,,,,,,,,,,,,,,,,,,,,,,,,,,,,,,,,"SOD73924 HR PRECIPITATION (IN): 0.00 SNOW DEPTH (IN):0     24 HR SNOWFALL (IN):0.0  24 HR MAX TEMP (F): 7824 HR MIN TEMP (F): 64AVERAGE STATION PRESSURE:29.715 MINIMUM SEA LEVEL PRESSURE:29.88 TIME OF OCCURRENCE:1810 PEAK WIND SPEED (MPH): 14 PEAK WIND DIR (DEG):270 PEAK WIND TIME (LST):      FASTEST 2MIN SPEED (MPH): 10FASTEST 2MIN DIR (DEG):260 FASTEST 2MIN TIME (LST):     AVERAGE WIND SPEED (MPH): 2.0 24 HR AVG TEMP (F): 71DEPART FROM NORMAL: -3  HEATING DEGREE DAYS:  0 COOLING DEGREE DAYS:  6 LATEST DAY MAX TEMP (0700-1900 LST):78  LATEST NIGHT MIN TEMP(1900-0800 LST):67 HOURLY INCREMENTAL PRECIPITATION VALUES (IN):.00 0.00 0.00 0.00 0.00 0.00 0.00 0.00 0.00 0.00 0.00 0.00 0.00 0.00 0.00 0.00 0.00 0.00 0.00 0.00 0.00 0.00 0.00 0.00","SOD  ","6",,,,,,,,,,,,,,,,,,,,,,,,,"0508","1850","2006-02-03"
"72287493134","2020-08-06T00:52:00","FM-15","7",,,"3.89","mi",,,,,,,"PENDING COOP",,,,,,,,,,,,,,,,,,,,,,,,,,,,"29.90","56","65","0.00",,"+0.01","8","73","29.90","OVC:08 17","29.70","10.00","60","000",,"0",,,,,,,,,,,,,,,,,,,,,,,,,,,,,,,,,,,,,"MET10108/06/20 00:52:02 METAR KCQT 060852Z 00000KT 10SM OVC017 18/13 A2990 RMK AO2 SLP124 T01830133 58005 $","FM-15","7",,,,,,,,,,,,,,,,,,,,,,,,,,,"2006-02-03"
"72287493134","2020-08-06T01:52:00","FM-15","7",,,"3.89","mi",,,,,,,"PENDING COOP",,,,,,,,,,,,,,,,,,,,,,,,,,,,"29.90","57","66","0.00",,,,"73","29.89","OVC:08 17","29.70","10.00","61","000",,"0",,,,,,,,,,,,,,,,,,,,,,,,,,,,,,,,,,,,,"MET09508/06/20 01:52:02 METAR KCQT 060952Z 00000KT 10SM OVC017 19/14 A2990 RMK AO2 SLP121 T01890139 $","FM-15","7",,,,,,,,,,,,,,,,,,,,,,,,,,,"2006-02-03"
"72287493134","2020-08-06T02:52:00","FM-15","7",,,"3.89","mi",,,,,,,"PENDING COOP",,,,,,,,,,,,,,,,,,,,,,,,,,,,"29.89","57","66","0.00",,,,"73","29.88","OVC:08 17","29.69","10.00","61","000",,"0",,,,,,,,,,,,,,,,,,,,,,,,,,,,,,,,,,,,,"MET09508/06/20 02:52:02 METAR KCQT 061052Z 00000KT 10SM OVC017 19/14 A2989 RMK AO2 SLP119 T01890139 $","FM-15","7",,,,,,,,,,,,,,,,,,,,,,,,,,,"2006-02-03"
"72287493134","2020-08-06T03:52:00","FM-15","7",,,"3.89","mi",,,,,,,"PENDING COOP",,,,,,,,,,,,,,,,,,,,,,,,,,,,"29.88","58","67","0.00",,"+0.02","6","73","29.88","OVC:08 16","29.68","10.00","62","100",,"5",,,,,,,,,,,,,,,,,,,,,,,,,,,,,,,,,,,,,"MET11708/06/20 03:52:02 METAR KCQT 061152Z 10004KT 10SM OVC016 19/14 A2988 RMK AO2 SLP117 T01940144 10200 20178 56006 $ RTX","FM-15","7",,,,,,,,,,,,,,,,,,,,,,,,,,,"2006-02-03"
"72287493134","2020-08-06T04:52:00","FM-15","7",,,"3.89","mi",,,,,,,"PENDING COOP",,,,,,,,,,,,,,,,,,,,,,,,,,,,"29.89","58","68","0.00",,,,"70","29.88","OVC:08 21","29.69","10.00","62","000",,"0",,,,,,,,,,,,,,,,,,,,,,,,,,,,,,,,,,,,,"MET09508/06/20 04:52:02 METAR KCQT 061252Z 00000KT 10SM OVC021 20/14 A2989 RMK AO2 SLP119 T02000144 $","FM-15","7",,,,,,,,,,,,,,,,,,,,,,,,,,,"2006-02-03"
"72287493134","2020-08-06T05:52:00","FM-15","7",,,"3.89","mi",,,,,,,"PENDING COOP",,,,,,,,,,,,,,,,,,,,,,,,,,,,"29.91","58","67","0.00",,,,"73","29.90","OVC:08 23","29.71","10.00","62","000",,"0",,,,,,,,,,,,,,,,,,,,,,,,,,,,,,,,,,,,,"MET09508/06/20 05:52:02 METAR KCQT 061352Z 00000KT 10SM OVC023 19/14 A2991 RMK AO2 SLP125 T01940144 $","FM-15","7",,,,,,,,,,,,,,,,,,,,,,,,,,,"2006-02-03"
"72287493134","2020-08-06T06:52:00","FM-15","7",,,"3.89","mi",,,,,,,"PENDING COOP",,,,,,,,,,,,,,,,,,,,,,,,,,,,"29.91","57","68","0.00",,"-0.03","3","68","29.91","OVC:08 26","29.71","10.00","62","000",,"0",,,,,,,,,,,,,,,,,,,,,,,,,,,,,,,,,,,,,"MET10108/06/20 06:52:02 METAR KCQT 061452Z 00000KT 10SM OVC026 20/14 A2991 RMK AO2 SLP128 T02000139 53010 $","FM-15","7",,,,,,,,,,,,,,,,,,,,,,,,,,,"2006-02-03"
"72287493134","2020-08-06T07:52:00","FM-15","7",,,"3.89","mi",,,,,,,"PENDING COOP",,,,,,,,,,,,,,,,,,,,,,,,,,,,"29.91","57","70","0.00",,,,"64","29.91","OVC:08 25","29.71","10.00","62","000",,"0",,,,,,,,,,,,,,,,,,,,,,,,,,,,,,,,,,,,,"MET09308/06/20 07:52:02 METAR KCQT 061552Z 00000KT 10SM OVC025 21/14 A2991 RMK AO2 SLP128 T02110139","FM-15","7",,,,,,,,,,,,,,,,,,,,,,,,,,,"2006-02-03"
"72287493134","2020-08-06T08:52:00","FM-15","7",,,"3.89","mi",,,,,,,"PENDING COOP",,,,,,,,,,,,,,,,,,,,,,,,,,,,"29.93","58","71","0.00",,,,"63","29.92","OVC:08 27","29.73","10.00","63","000",,"0",,,,,,,,,,,,,,,,,,,,,,,,,,,,,,,,,,,,,"MET09308/06/20 08:52:02 METAR KCQT 061652Z 00000KT 10SM OVC027 22/14 A2993 RMK AO2 SLP132 T02170144","FM-15","7",,,,,,,,,,,,,,,,,,,,,,,,,,,"2006-02-03"
"72287493134","2020-08-06T09:52:00","FM-15","7",,,"3.89","mi",,,,,,,"PENDING COOP",,,,,,,,,,,,,,,,,,,,,,,,,,,,"29.93","58","72","0.00",,"-0.02","3","61","29.93","OVC:08 29","29.73","10.00","64","000",,"0",,,,,,,,,,,,,,,,,,,,,,,,,,,,,,,,,,,,,"MET11108/06/20 09:52:02 METAR KCQT 061752Z 00000KT 10SM OVC029 22/14 A2993 RMK AO2 SLP134 T02220144 10228 20194 53007","FM-15","7",,,,,,,,,,,,,,,,,,,,,,,,,,,"2006-02-03"
"72287493134","2020-08-06T10:19:00","FM-16","7",,,"3.89","mi",,,,,,,"PENDING COOP",,,,,,,,,,,,,,,,,,,,,,,,,,,,"29.93","58","74",,,,,"57",,"OVC:08 31","29.73","10.00","64","VRB",,"5",,,,,,,,,,,,,,,,,,,,,,,,,,,,,,,,,,,,,"MET08608/06/20 10:19:02 SPECI KCQT 061819Z VRB04KT 10SM OVC031 23/14 A2993 RMK AO2 T02330144","FM-16","7",,,,,,,,,,,,,,,,,,,,,,,,,,,"2006-02-03"
"72287493134","2020-08-06T10:52:00","FM-15","7",,,"3.89","mi",,,,,,,"PENDING COOP",,,,,,,,,,,,,,,,,,,,,,,,,,,,"29.92","58","75","0.00",,,,"55","29.91","BKN:07 33","29.72","10.00","65","000",,"0",,,,,,,,,,,,,,,,,,,,,,,,,,,,,,,,,,,,,"MET09308/06/20 10:52:02 METAR KCQT 061852Z 00000KT 10SM BKN033 24/14 A2992 RMK AO2 SLP130 T02390144","FM-15","7",,,,,,,,,,,,,,,,,,,,,,,,,,,"2006-02-03"
"72287493134","2020-08-06T11:52:00","FM-15","7",,,"3.89","mi",,,,,,,"PENDING COOP",,,,,,,,,,,,,,,,,,,,,,,,,,,,"29.91","58","80","0.00",,,,"47","29.90","CLR:00","29.71","10.00","66","000",,"0",,,,,,,,,,,,,,,,,,,,,,,,,,,,,,,,,,,,,"MET09008/06/20 11:52:02 METAR KCQT 061952Z 00000KT 10SM CLR 27/14 A2991 RMK AO2 SLP125 T02670144","FM-15","7",,,,,,,,,,,,,,,,,,,,,,,,,,,"2006-02-03"
"72287493134","2020-08-06T12:52:00","FM-15","6",,,"3.89","mi",,,,,,,"PENDING COOP",,,,,,,,,,,,,,,,,,,,,,,,,,,,"29.90","58","76","0.00",,"+0.03","6","54","29.90","CLR:00","29.70","10.00","65",,,,,,,,,,,,,,,,,,,,,,,,,,,,,,,,,,,,,,,,"MET09608/06/20 12:52:02 METAR KCQT 062052Z      KT 10SM CLR 24/14 A2990 RMK AO2 SLP124 T02440144 56010","FM-15","6",,,,,,,,,,,,,,,,,,,,,,,,,,,"2006-02-03"
"72287493134","2020-08-06T13:52:00","FM-15","7",,,"3.89","mi",,,,,,,"PENDING COOP",,,,,,,,,,,,,,,,,,,,,,,,,,,,"29.90","58","76","0.00",,,,"54","29.89","CLR:00","29.70","10.00","65","260",,"7",,,,,,,,,,,,,,,,,,,,,,,,,,,,,,,,,,,,,"MET09008/06/20 13:52:02 METAR KCQT 062152Z 26006KT 10SM CLR 24/14 A2990 RMK AO2 SLP122 T02440144","FM-15","7",,,,,,,,,,,,,,,,,,,,,,,,,,,"2006-02-03"
"72287493134","2020-08-06T14:52:00","FM-15","7",,,"3.89","mi",,,,,,,"PENDING COOP",,,,,,,,,,,,,,,,,,,,,,,,,,,,"29.89","59","75","0.00",,,,"58","29.88","CLR:00","29.69","10.00","65","000",,"0",,,,,,,,,,,,,,,,,,,,,,,,,,,,,,,,,,,,,"MET09008/06/20 14:52:02 METAR KCQT 062252Z 00000KT 10SM CLR 24/15 A2989 RMK AO2 SLP118 T02390150","FM-15","7",,,,,,,,,,,,,,,,,,,,,,,,,,,"2006-02-03"
"72287493134","2020-08-06T15:52:00","FM-15","7",,,"3.89","mi",,,,,,,"PENDING COOP",,,,,,,,,,,,,,,,,,,,,,,,,,,,"29.87","58","75","0.00",,"+0.03","8","55","29.87","CLR:00","29.67","10.00","65","000",,"0",,,,,,,,,,,,,,,,,,,,,,,,,,,,,,,,,,,,,"MET10808/06/20 15:52:02 METAR KCQT 062352Z 00000KT 10SM CLR 24/14 A2987 RMK AO2 SLP114 T02390144 10267 20222 58010","FM-15","7",,,,,,,,,,,,,,,,,,,,,,,,,,,"2006-02-03"
"72287493134","2020-08-06T16:52:00","FM-15","7",,,"3.89","mi",,,,,,,"PENDING COOP",,,,,,,,,,,,,,,,,,,,,,,,,,,,"29.86","57","75","0.00",,,,"54","29.85","CLR:00","29.66","10.00","64","250",,"5",,,,,,,,,,,,,,,,,,,,,,,,,,,,,,,,,,,,,"MET09008/06/20 16:52:01 METAR KCQT 070052Z 25004KT 10SM CLR 24/14 A2986 RMK AO2 SLP109 T02390139","FM-15","7",,,,,,,,,,,,,,,,,,,,,,,,,,,"2006-02-03"
"72287493134","2020-08-06T17:52:00","FM-15","7",,,"3.89","mi",,,,,,,"PENDING COOP",,,,,,,,,,,,,,,,,,,,,,,,,,,,"29.86","57","73","0.00",,,,"57","29.85","CLR:00","29.66","10.00","63","260",,"3",,,,,,,,,,,,,,,,,,,,,,,,,,,,,,,,,,,,,"MET09208/06/20 17:52:01 METAR KCQT 070152Z 26003KT 10SM CLR 23/14 A2986 RMK AO2 SLP107 T02280139 $","FM-15","7",,,,,,,,,,,,,,,,,,,,,,,,,,,"2006-02-03"
"72287493134","2020-08-06T18:52:00","FM-15","7",,,"3.89","mi",,,,,,,"PENDING COOP",,,,,,,,,,,,,,,,,,,,,,,,,,,,"29.86","56","71","0.00",,"+0.01","5","59","29.85","CLR:00","29.66","10.00","62","000",,"0",,,,,,,,,,,,,,,,,,,,,,,,,,,,,,,,,,,,,"MET09808/06/20 18:52:02 METAR KCQT 070252Z 00000KT 10SM CLR 22/13 A2986 RMK AO2 SLP109 T02170133 55004 $","FM-15","7",,,,,,,,,,,,,,,,,,,,,,,,,,,"2006-02-03"
"72287493134","2020-08-06T19:52:00","FM-15","7",,,"3.89","mi",,,,,,,"PENDING COOP",,,,,,,,,,,,,,,,,,,,,,,,,,,,"29.87","57","69","0.00",,,,"66","29.86","CLR:00","29.67","10.00","62","000",,"0",,,,,,,,,,,,,,,,,,,,,,,,,,,,,,,,,,,,,"MET09208/06/20 19:52:02 METAR KCQT 070352Z 00000KT 10SM CLR 21/14 A2987 RMK AO2 SLP111 T02060139 $","FM-15","7",,,,,,,,,,,,,,,,,,,,,,,,,,,"2006-02-03"
"72287493134","2020-08-06T20:52:00","FM-15","7",,,"3.89","mi",,,,,,,"PENDING COOP",,,,,,,,,,,,,,,,,,,,,,,,,,,,"29.88","57","67","0.00",,,,"71","29.87","CLR:00","29.68","10.00","61","000",,"0",,,,,,,,,,,,,,,,,,,,,,,,,,,,,,,,,,,,,"MET09208/06/20 20:52:02 METAR KCQT 070452Z 00000KT 10SM CLR 19/14 A2988 RMK AO2 SLP114 T01940139 $","FM-15","7",,,,,,,,,,,,,,,,,,,,,,,,,,,"2006-02-03"
"72287493134","2020-08-06T21:52:00","FM-15","7",,,"3.89","mi",,,,,,,"PENDING COOP",,,,,,,,,,,,,,,,,,,,,,,,,,,,"29.88","57","67","0.00",,"-0.02","1","71","29.87","CLR:00","29.68","10.00","61","000",,"0",,,,,,,,,,,,,,,,,,,,,,,,,,,,,,,,,,,,,"MET11008/06/20 21:52:02 METAR KCQT 070552Z 00000KT 10SM CLR 19/14 A2988 RMK AO2 SLP116 T01940139 10244 20194 51006 $","FM-15","7",,,,,,,,,,,,,,,,,,,,,,,,,,,"2006-02-03"
"72287493134","2020-08-06T22:52:00","FM-15","7",,,"3.89","mi",,,,,,,"PENDING COOP",,,,,,,,,,,,,,,,,,,,,,,,,,,,"29.88","58","67","0.00",,,,"73","29.88","CLR:00","29.68","10.00","62","000",,"0",,,,,,,,,,,,,,,,,,,,,,,,,,,,,,,,,,,,,"MET09208/06/20 22:52:02 METAR KCQT 070652Z 00000KT 10SM CLR 19/14 A2988 RMK AO2 SLP117 T01940144 $","FM-15","7",,,,,,,,,,,,,,,,,,,,,,,,,,,"2006-02-03"
"72287493134","2020-08-06T23:52:00","FM-15","7",,,"3.89","mi",,,,,,,"PENDING COOP",,,,,,,,,,,,,,,,,,,,,,,,,,,,"29.89","57","67","0.00",,,,"71","29.88","CLR:00","29.69","10.00","61","000",,"0",,,,,,,,,,,,,,,,,,,,,,,,,,,,,,,,,,,,,"MET10208/06/20 23:52:02 METAR KCQT 070752Z 00000KT 10SM CLR 19/14 A2989 RMK AO2 SLP119 T01940139 402670183 $","FM-15","7",,,,,,,,,,,,,,,,,,,,,,,,,,,"2006-02-03"
"72287493134","2020-08-06T23:59:00","SOD  ","6",,,"3.89","mi",,,,,,,"PENDING COOP",,,,,,"57","73","64","29.89","29.69","63","0.9","8","-1.0","0","80","65","260","13","0.00",,,"260","8",,,,,,,,,,,,,,,,,,,,,,,,,,,,,,,,,,,,,,,,,,,,,,,,,,,,,,,,"SOD75624 HR PRECIPITATION (IN): 0.00 SNOW DEPTH (IN):0     24 HR SNOWFALL (IN):0.0  WEATHER(CODE):8  24 HR MAX TEMP (F): 8024 HR MIN TEMP (F): 65AVERAGE STATION PRESSURE:29.690 MINIMUM SEA LEVEL PRESSURE:29.85 TIME OF OCCURRENCE:1932 PEAK WIND SPEED (MPH): 13 PEAK WIND DIR (DEG):260 PEAK WIND TIME (LST):      FASTEST 2MIN SPEED (MPH):  8FASTEST 2MIN DIR (DEG):260 FASTEST 2MIN TIME (LST):     AVERAGE WIND SPEED (MPH): 0.9 24 HR AVG TEMP (F): 73DEPART FROM NORMAL: -1  HEATING DEGREE DAYS:  0 COOLING DEGREE DAYS:  8 LATEST DAY MAX TEMP (0700-1900 LST):80  LATEST NIGHT MIN TEMP(1900-0800 LST):64 HOURLY INCREMENTAL PRECIPITATION VALUES (IN):.00 0.00 0.00 0.00 0.00 0.00 0.00 0.00 0.00 0.00 0.00 0.00 0.00 0.00 0.00 0.00 0.00 0.00 0.00 0.00 0.00 0.00 0.00 0.00","SOD  ","6",,,,,,,,,,,,,,,,,,,,,,,,,"0509","1849","2006-02-03"
"72287493134","2020-08-07T00:52:00","FM-15","7",,,"3.89","mi",,,,,,,"PENDING COOP",,,,,,,,,,,,,,,,,,,,,,,,,,,,"29.89","57","67","0.00",,"-0.01","0","71","29.88","CLR:00","29.69","10.00","61","000",,"0",,,,,,,,,,,,,,,,,,,,,,,,,,,,,,,,,,,,,"MET10208/07/20 00:52:02 METAR KCQT 070852Z 00000KT 10SM CLR 19/14 A2989 RMK AO2 SLP118 T01940139 50003 $ RTX","FM-15","7",,,,,,,,,,,,,,,,,,,,,,,,,,,"2006-02-03"
"72287493134","2020-08-07T01:52:00","FM-15","7",,,"3.89","mi",,,,,,,"PENDING COOP",,,,,,,,,,,,,,,,,,,,,,,,,,,,"29.89","58","66","0.00",,,,"75","29.88","CLR:00","29.69","10.00","61","090",,"3",,,,,,,,,,,,,,,,,,,,,,,,,,,,,,,,,,,,,"MET09208/07/20 01:52:02 METAR KCQT 070952Z 09003KT 10SM CLR 19/14 A2989 RMK AO2 SLP118 T01890144 $","FM-15","7",,,,,,,,,,,,,,,,,,,,,,,,,,,"2006-02-03"
"72287493134","2020-08-07T02:52:00","FM-15","7",,,"3.89","mi",,,,,,,"PENDING COOP",,,,,,,,,,,,,,,,,,,,,,,,,,,,"29.89","58","65","0.00",,,,"78","29.88","CLR:00","29.69","10.00","61","090",,"5",,,,,,,,,,,,,,,,,,,,,,,,,,,,,,,,,,,,,"MET09208/07/20 02:52:02 METAR KCQT 071052Z 09004KT 10SM CLR 18/14 A2989 RMK AO2 SLP120 T01830144 $","FM-15","7",,,,,,,,,,,,,,,,,,,,,,,,,,,"2006-02-03"
"72287493134","2020-08-07T03:52:00","FM-15","7",,,"3.89","mi",,,,,,,"PENDING COOP",,,,,,,,,,,,,,,,,,,,,,,,,,,,"29.90","58","64","0.00",,"-0.01","3","81","29.89","CLR:00","29.70","10.00","60","100",,"3",,,,,,,,,,,,,,,,,,,,,,,,,,,,,,,,,,,,,"MET11008/07/20 03:52:02 METAR KCQT 071152Z 10003KT 10SM CLR 18/14 A2990 RMK AO2 SLP122 T01780144 10200 20178 53004 $","FM-15","7",,,,,,,,,,,,,,,,,,,,,,,,,,,"2006-02-03"
"72287493134","2020-08-07T04:52:00","FM-15","7",,,"3.89","mi",,,,,,,"PENDING COOP",,,,,,,,,,,,,,,,,,,,,,,,,,,,"29.90","58","65","0.00",,,,"78","29.89","CLR:00","29.70","8.00","61","000",,"0",,,,,,,,,,,,,,,,,,,,,,,,,,,,,,,,,,,,,"MET09108/07/20 04:52:02 METAR KCQT 071252Z 00000KT 8SM CLR 18/14 A2990 RMK AO2 SLP122 T01830144 $","FM-15","7",,,,,,,,,,,,,,,,,,,,,,,,,,,"2006-02-03"
"72287493134","2020-08-07T05:52:00","FM-15","7",,,"3.89","mi",,,,,,,"PENDING COOP",,,,,,,,,,,,,,,,,,,,,,,,,,,,"29.92","58","65","0.00",,,,"78","29.91","CLR:00","29.72","10.00","61","000",,"0",,,,,,,,,,,,,,,,,,,,,,,,,,,,,,,,,,,,,"MET09208/07/20 05:52:02 METAR KCQT 071352Z 00000KT 10SM CLR 18/14 A2992 RMK AO2 SLP128 T01830144 $","FM-15","7",,,,,,,,,,,,,,,,,,,,,,,,,,,"2006-02-03"
"72287493134","2020-08-07T06:52:00","FM-15","7",,,"3.89","mi",,,,,,,"PENDING COOP",,,,,,,,,,,,,,,,,,,,,,,,,,,,"29.93","58","69","0.00",,"-0.03","3","68","29.92","CLR:00","29.73","10.00","62","000",,"0",,,,,,,,,,,,,,,,,,,,,,,,,,,,,,,,,,,,,"MET09808/07/20 06:52:02 METAR KCQT 071452Z 00000KT 10SM CLR 21/14 A2993 RMK AO2 SLP133 T02060144 53011 $","FM-15","7",,,,,,,,,,,,,,,,,,,,,,,,,,,"2006-02-03"
"72287493134","2020-08-07T07:52:00","FM-15","7",,,"3.89","mi",,,,,,,"PENDING COOP",,,,,,,,,,,,,,,,,,,,,,,,,,,,"29.94","59","72","0.00",,,,"64","29.93","CLR:00","29.74","10.00","64","000",,"0",,,,,,,,,,,,,,,,,,,,,,,,,,,,,,,,,,,,,"MET09608/07/20 07:52:02 METAR KCQT 071552Z 00000KT 10SM CLR 22/15 A2994 RMK AO2 SLP136 T02220150 $ RTX","FM-15","7",,,,,,,,,,,,,,,,,,,,,,,,,,,"2006-02-03"
"72287493134","2020-08-07T08:52:00","FM-15","7",,,"3.89","mi",,,,,,,"PENDING COOP",,,,,,,,,,,,,,,,,,,,,,,,,,,,"29.94","59","75","0.00",,,,"58","29.93","CLR:00","29.74","10.00","65","000",,"0",,,,,,,,,,,,,,,,,,,,,,,,,,,,,,,,,,,,,"MET09208/07/20 08:52:02 METAR KCQT 071652Z 00000KT 10SM CLR 24/15 A2994 RMK AO2 SLP137 T02390150 $","FM-15","7",,,,,,,,,,,,,,,,,,,,,,,,,,,"2006-02-03"
"72287493134","2020-08-07T09:52:00","FM-15","7",,,"3.89","mi",,,,,,,"PENDING COOP",,,,,,,,,,,,,,,,,,,,,,,,,,,,"29.94","58","78","0.00",,"-0.01","0","50","29.93","CLR:00","29.74","10.00","66","000",,"0",,,,,,,,,,,,,,,,,,,,,,,,,,,,,,,,,,,,,"MET11008/07/20 09:52:02 METAR KCQT 071752Z 00000KT 10SM CLR 26/14 A2994 RMK AO2 SLP137 T02560144 10256 20178 50004 $","FM-15","7",,,,,,,,,,,,,,,,,,,,,,,,,,,"2006-02-03"
"72287493134","2020-08-07T10:52:00","FM-15","7",,,"3.89","mi",,,,,,,"PENDING COOP",,,,,,,,,,,,,,,,,,,,,,,,,,,,"29.94","59","79","0.00",,,,"50","29.93","CLR:00","29.74","10.00","67","000",,"0",,,,,,,,,,,,,,,,,,,,,,,,,,,,,,,,,,,,,"MET09608/07/20 10:52:02 METAR KCQT 071852Z 00000KT 10SM CLR 26/15 A2994 RMK AO2 SLP135 T02610150 $ RTX","FM-15","7",,,,,,,,,,,,,,,,,,,,,,,,,,,"2006-02-03"
"72287493134","2020-08-07T11:52:00","FM-15","7",,,"3.89","mi",,,,,,,"PENDING COOP",,,,,,,,,,,,,,,,,,,,,,,,,,,,"29.94","59","78","0.00",,,,"52","29.93","CLR:00","29.74","10.00","66","260",,"6",,,,,,,,,,,,,,,,,,,,,,,,,,,,,,,,,,,,,"MET09208/07/20 11:52:02 METAR KCQT 071952Z 26005KT 10SM CLR 26/15 A2994 RMK AO2 SLP134 T02560150 $","FM-15","7",,,,,,,,,,,,,,,,,,,,,,,,,,,"2006-02-03"
"72287493134","2020-08-07T12:52:00","FM-15","7",,,"3.89","mi",,,,,,,"PENDING COOP",,,,,,,,,,,,,,,,,,,,,,,,,,,,"29.93","58","77","0.00",,"+0.01","6","52","29.93","CLR:00","29.73","10.00","65","250",,"5",,,,,,,,,,,,,,,,,,,,,,,,,,,,,,,,,,,,,"MET09808/07/20 12:52:02 METAR KCQT 072052Z 25004KT 10SM CLR 25/14 A2993 RMK AO2 SLP134 T02500144 56003 $","FM-15","7",,,,,,,,,,,,,,,,,,,,,,,,,,,"2006-02-03"
"72287493134","2020-08-07T13:52:00","FM-15","7",,,"3.89","mi",,,,,,,"PENDING COOP",,,,,,,,,,,,,,,,,,,,,,,,,,,,"29.93","59","77","0.00",,,,"54","29.92","CLR:00","29.73","10.00","66","250",,"5",,,,,,,,,,,,,,,,,,,,,,,,,,,,,,,,,,,,,"MET09208/07/20 13:52:02 METAR KCQT 072152Z 25004KT 10SM CLR 25/15 A2993 RMK AO2 SLP131 T02500150 $","FM-15","7",,,,,,,,,,,,,,,,,,,,,,,,,,,"2006-02-03"
"72287493134","2020-08-07T14:52:00","FM-15","7",,,"3.89","mi",,,,,,,"PENDING COOP",,,,,,,,,,,,,,,,,,,,,,,,,,,,"29.92","59","76","0.00",,,,"56","29.91","CLR:00","29.72","10.00","66","260",,"5",,,,,,,,,,,,,,,,,,,,,,,,,,,,,,,,,,,,,"MET09208/07/20 14:52:02 METAR KCQT 072252Z 26004KT 10SM CLR 24/15 A2992 RMK AO2 SLP128 T02440150 $","FM-15","7",,,,,,,,,,,,,,,,,,,,,,,,,,,"2006-02-03"
"72287493134","2020-08-07T15:52:00","FM-15","7",,,"3.89","mi",,,,,,,"PENDING COOP",,,,,,,,,,,,,,,,,,,,,,,,,,,,"29.91","59","75","0.00",,"+0.03","8","58","29.90","CLR:00","29.71","10.00","65","VRB",,"3",,,,,,,,,,,,,,,,,,,,,,,,,,,,,,,,,,,,,"MET11008/07/20 15:52:02 METAR KCQT 072352Z VRB03KT 10SM CLR 24/15 A2991 RMK AO2 SLP124 T02390150 10267 20239 58009 $","FM-15","7",,,,,,,,,,,,,,,,,,,,,,,,,,,"2006-02-03"
"72287493134","2020-08-07T16:52:00","FM-15","7",,,"3.89","mi",,,,,,,"PENDING COOP",,,,,,,,,,,,,,,,,,,,,,,,,,,,"29.90","58","75","0.00",,,,"55","29.89","CLR:00","29.70","10.00","65","VRB",,"6",,,,,,,,,,,,,,,,,,,,,,,,,,,,,,,,,,,,,"MET09208/07/20 16:52:01 METAR KCQT 080052Z VRB05KT 10SM CLR 24/14 A2990 RMK AO2 SLP122 T02390144 $","FM-15","7",,,,,,,,,,,,,,,,,,,,,,,,,,,"2006-02-03"
"72287493134","2020-08-07T17:52:00","FM-15","7",,,"3.89","mi",,,,,,,"PENDING COOP",,,,,,,,,,,,,,,,,,,,,,,,,,,,"29.90","58","73","0.00",,,,"59","29.89","CLR:00","29.70","10.00","64","260",,"7",,,,,,,,,,,,,,,,,,,,,,,,,,,,,,,,,,,,,"MET09208/07/20 17:52:01 METAR KCQT 080152Z 26006KT 10SM CLR 23/14 A2990 RMK AO2 SLP123 T02280144 $","FM-15","7",,,,,,,,,,,,,,,,,,,,,,,,,,,"2006-02-03"
"72287493134","2020-08-07T18:52:00","FM-15","7",,,"3.89","mi",,,,,,,"PENDING COOP",,,,,,,,,,,,,,,,,,,,,,,,,,,,"29.91","55","70","0.00",,"-0.00","3","59","29.90","CLR:00","29.71","10.00","61","260",,"5",,,,,,,,,,,,,,,,,,,,,,,,,,,,,,,,,,,,,"MET09808/07/20 18:52:01 METAR KCQT 080252Z 26004KT 10SM CLR 21/13 A2991 RMK AO2 SLP126 T02110128 53001 $","FM-15","7",,,,,,,,,,,,,,,,,,,,,,,,,,,"2006-02-03"
"72287493134","2020-08-07T19:52:00","FM-15","7",,,"3.89","mi",,,,,,,"PENDING COOP",,,,,,,,,,,,,,,,,,,,,,,,,,,,"29.93","55","68","0.00",,,,"63","29.92","CLR:00","29.73","10.00","60","000",,"0",,,,,,,,,,,,,,,,,,,,,,,,,,,,,,,,,,,,,"MET09208/07/20 19:52:02 METAR KCQT 080352Z 00000KT 10SM CLR 20/13 A2993 RMK AO2 SLP131 T02000128 $","FM-15","7",,,,,,,,,,,,,,,,,,,,,,,,,,,"2006-02-03"
"72287493134","2020-08-07T20:52:00","FM-15","7",,,"3.89","mi",,,,,,,"PENDING COOP",,,,,,,,,,,,,,,,,,,,,,,,,,,,"29.94","56","68","0.00",,,,"65","29.93","CLR:00","29.74","10.00","61","000",,"0",,,,,,,,,,,,,,,,,,,,,,,,,,,,,,,,,,,,,"MET09208/07/20 20:52:02 METAR KCQT 080452Z 00000KT 10SM CLR 20/13 A2994 RMK AO2 SLP137 T02000133 $","FM-15","7",,,,,,,,,,,,,,,,,,,,,,,,,,,"2006-02-03"
"72287493134","2020-08-07T21:52:00","FM-15","7",,,"3.89","mi",,,,,,,"PENDING COOP",,,,,,,,,,,,,,,,,,,,,,,,,,,,"29.95","58","67","0.00",,"-0.04","1","73","29.94","CLR:00","29.75","10.00","62","000",,"0",,,,,,,,,,,,,,,,,,,,,,,,,,,,,,,,,,,,,"MET11008/07/20 21:52:02 METAR KCQT 080552Z 00000KT 10SM CLR 19/14 A2995 RMK AO2 SLP138 T01940144 10244 20194 51012 $","FM-15","7",,,,,,,,,,,,,,,,,,,,,,,,,,,"2006-02-03"
"72287493134","2020-08-07T22:52:00","FM-15","7",,,"3.89","mi",,,,,,,"PENDING COOP",,,,,,,,,,,,,,,,,,,,,,,,,,,,"29.96","58","65","0.00",,,,"78","29.95","CLR:00","29.76","10.00","61","000",,"0",,,,,,,,,,,,,,,,,,,,,,,,,,,,,,,,,,,,,"MET09208/07/20 22:52:02 METAR KCQT 080652Z 00000KT 10SM CLR 18/14 A2996 RMK AO2 SLP141 T01830144 $","FM-15","7",,,,,,,,,,,,,,,,,,,,,,,,,,,"2006-02-03"
"72287493134","2020-08-07T23:52:00","FM-15","7",,,"3.89","mi",,,,,,,"PENDING COOP",,,,,,,,,,,,,,,,,,,,,,,,,,,,"29.96","58","65","0.00",,,,"78","29.95","CLR:00","29.76","10.00","61","000",,"0",,,,,,,,,,,,,,,,,,,,,,,,,,,,,,,,,,,,,"MET10208/07/20 23:52:02 METAR KCQT 080752Z 00000KT 10SM CLR 18/14 A2996 RMK AO2 SLP142 T01830144 402670178 $","FM-15","7",,,,,,,,,,,,,,,,,,,,,,,,,,,"2006-02-03"
"72287493134","2020-08-07T23:59:00","SOD  ","6",,,"3.89","mi",,,,,,,"PENDING COOP",,,,,,"58","72","64","29.91","29.72","63","2.2","7","-2.0","0","80","64","270","15","0.00",,,"270","10",,,,,,,,,,,,,,,,,,,,,,,,,,,,,,,,,,,,,,,,,,,,,,,,,,,,,,,,"SOD73924 HR PRECIPITATION (IN): 0.00 SNOW DEPTH (IN):0     24 HR SNOWFALL (IN):0.0  24 HR MAX TEMP (F): 8024 HR MIN TEMP (F): 64AVERAGE STATION PRESSURE:29.720 MINIMUM SEA LEVEL PRESSURE:29.87 TIME OF OCCURRENCE:0118 PEAK WIND SPEED (MPH): 15 PEAK WIND DIR (DEG):270 PEAK WIND TIME (LST):      FASTEST 2MIN SPEED (MPH): 10FASTEST 2MIN DIR (DEG):270 FASTEST 2MIN TIME (LST):     AVERAGE WIND SPEED (MPH): 2.2 24 HR AVG TEMP (F): 72DEPART FROM NORMAL: -2  HEATING DEGREE DAYS:  0 COOLING DEGREE DAYS:  7 LATEST DAY MAX TEMP (0700-1900 LST):80  LATEST NIGHT MIN TEMP(1900-0800 LST):64 HOURLY INCREMENTAL PRECIPITATION VALUES (IN):.00 0.00 0.00 0.00 0.00 0.00 0.00 0.00 0.00 0.00 0.00 0.00 0.00 0.00 0.00 0.00 0.00 0.00 0.00 0.00 0.00 0.00 0.00 0.00","SOD  ","6",,,,,,,,,,,,,,,,,,,,,,,,,"0509","1848","2006-02-03"
"72287493134","2020-08-08T00:52:00","FM-15","7",,,"3.89","mi",,,,,,,"PENDING COOP",,,,,,,,,,,,,,,,,,,,,,,,,,,,"29.95","58","64","0.00",,"-0.00","0","81","29.94","CLR:00","29.75","10.00","60","000",,"0",,,,,,,,,,,,,,,,,,,,,,,,,,,,,,,,,,,,,"MET09808/08/20 00:52:02 METAR KCQT 080852Z 00000KT 10SM CLR 18/14 A2995 RMK AO2 SLP139 T01780144 50001 $","FM-15","7",,,,,,,,,,,,,,,,,,,,,,,,,,,"2006-02-03"
"72287493134","2020-08-08T01:52:00","FM-15","7",,,"3.89","mi",,,,,,,"PENDING COOP",,,,,,,,,,,,,,,,,,,,,,,,,,,,"29.95","58","63","0.00",,,,"84","29.94","CLR:00","29.75","9.00","60","000",,"0",,,,,,,,,,,,,,,,,,,,,,,,,,,,,,,,,,,,,"MET09108/08/20 01:52:02 METAR KCQT 080952Z 00000KT 9SM CLR 17/14 A2995 RMK AO2 SLP139 T01720144 $","FM-15","7",,,,,,,,,,,,,,,,,,,,,,,,,,,"2006-02-03"
"72287493134","2020-08-08T02:52:00","FM-15","7",,,"3.89","mi",,,,,,,"PENDING COOP",,,,,,,,,,,,,,,,,,,,,,,,,,,,"29.95","57","64","0.00",,,,"78","29.94","CLR:00","29.75","10.00","60","000",,"0",,,,,,,,,,,,,,,,,,,,,,,,,,,,,,,,,,,,,"MET09208/08/20 02:52:02 METAR KCQT 081052Z 00000KT 10SM CLR 18/14 A2995 RMK AO2 SLP140 T01780139 $","FM-15","7",,,,,,,,,,,,,,,,,,,,,,,,,,,"2006-02-03"
"72287493134","2020-08-08T03:52:00","FM-15","7",,,"3.89","mi",,,,,,,"PENDING COOP",,,,,,,,,,,,,,,,,,,,,,,,,,,,"29.95","57","63","0.00",,"-0.00","0","81","29.94","CLR:00","29.75","10.00","60","000",,"0",,,,,,,,,,,,,,,,,,,,,,,,,,,,,,,,,,,,,"MET11008/08/20 03:52:02 METAR KCQT 081152Z 00000KT 10SM CLR 17/14 A2995 RMK AO2 SLP139 T01720139 10194 20172 50001 $","FM-15","7",,,,,,,,,,,,,,,,,,,,,,,,,,,"2006-02-03"
"72287493134","2020-08-08T04:52:00","FM-15","7",,,"3.89","mi",,,,,,,"PENDING COOP",,,,,,,,,,,,,,,,,,,,,,,,,,,,"29.96","57","63","0.00",,,,"81","29.96","CLR:00","29.76","10.00","60","000",,"0",,,,,,,,,,,,,,,,,,,,,,,,,,,,,,,,,,,,,"MET09208/08/20 04:52:02 METAR KCQT 081252Z 00000KT 10SM CLR 17/14 A2996 RMK AO2 SLP144 T01720139 $","FM-15","7",,,,,,,,,,,,,,,,,,,,,,,,,,,"2006-02-03"
"72287493134","2020-08-08T05:52:00","FM-15","7",,,"3.89","mi",,,,,,,"PENDING COOP",,,,,,,,,,,,,,,,,,,,,,,,,,,,"29.98","58","64","0.00",,,,"81","29.97","CLR:00","29.78","8.00","60","000",,"0",,,,,,,,,,,,,,,,,,,,,,,,,,,,,,,,,,,,,"MET09508/08/20 05:52:02 METAR KCQT 081352Z 00000KT 8SM CLR 18/14 A2998 RMK AO2 SLP150 T01780144 $ RTX","FM-15","7",,,,,,,,,,,,,,,,,,,,,,,,,,,"2006-02-03"
"72287493134","2020-08-08T06:52:00","FM-15","7",,,"3.89","mi",,,,,,,"PENDING COOP",,,,,,,,,,,,,,,,,,,,,,,,,,,,"30.00","59","68","0.00",,"-0.04","2","73","29.99","CLR:00","29.80","9.00","63","000",,"0",,,,,,,,,,,,,,,,,,,,,,,,,,,,,,,,,,,,,"MET09708/08/20 06:52:02 METAR KCQT 081452Z 00000KT 9SM CLR 20/15 A3000 RMK AO2 SLP155 T02000150 52015 $","FM-15","7",,,,,,,,,,,,,,,,,,,,,,,,,,,"2006-02-03"
"72287493134","2020-08-08T07:52:00","FM-15","7",,,"3.89","mi",,,,,,,"PENDING COOP",,,,,,,,,,,,,,,,,,,,,,,,,,,,"30.00","59","71","0.00",,,,"66","29.99","CLR:00","29.80","10.00","64","000",,"0",,,,,,,,,,,,,,,,,,,,,,,,,,,,,,,,,,,,,"MET09208/08/20 07:52:02 METAR KCQT 081552Z 00000KT 10SM CLR 22/15 A3000 RMK AO2 SLP156 T02170150 $","FM-15","7",,,,,,,,,,,,,,,,,,,,,,,,,,,"2006-02-03"
"72287493134","2020-08-08T08:52:00","FM-15","7",,,"3.89","mi",,,,,,,"PENDING COOP",,,,,,,,,,,,,,,,,,,,,,,,,,,,"29.99","59","75","0.00",,,,"58","29.98","CLR:00","29.79","10.00","65","000",,"0",,,,,,,,,,,,,,,,,,,,,,,,,,,,,,,,,,,,,"MET09208/08/20 08:52:02 METAR KCQT 081652Z 00000KT 10SM CLR 24/15 A2999 RMK AO2 SLP154 T02390150 $","FM-15","7",,,,,,,,,,,,,,,,,,,,,,,,,,,"2006-02-03"
"72287493134","2020-08-08T09:52:00","FM-15","7",,,"3.89","mi",,,,,,,"PENDING COOP",,,,,,,,,,,,,,,,,,,,,,,,,,,,"29.99","58","78","0.00",,"+0.01","8","50","29.98","CLR:00","29.79","10.00","66","000",,"0",,,,,,,,,,,,,,,,,,,,,,,,,,,,,,,,,,,,,"MET11008/08/20 09:52:02 METAR KCQT 081752Z 00000KT 10SM CLR 26/14 A2999 RMK AO2 SLP152 T02560144 10261 20172 58002 $","FM-15","7",,,,,,,,,,,,,,,,,,,,,,,,,,,"2006-02-03"
"72287493134","2020-08-08T10:52:00","FM-15","7",,,"3.89","mi",,,,,,,"PENDING COOP",,,,,,,,,,,,,,,,,,,,,,,,,,,,"29.98","59","79","0.00",,,,"50","29.97","CLR:00","29.78","10.00","67","000",,"0",,,,,,,,,,,,,,,,,,,,,,,,,,,,,,,,,,,,,"MET09208/08/20 10:52:02 METAR KCQT 081852Z 00000KT 10SM CLR 26/15 A2998 RMK AO2 SLP150 T02610150 $","FM-15","7",,,,,,,,,,,,,,,,,,,,,,,,,,,"2006-02-03"
"72287493134","2020-08-08T11:52:00","FM-15","6",,,"3.89","mi",,,,,,,"PENDING COOP",,,,,,,,,,,,,,,,,,,,,,,,,,,,"29.97","59","80","0.00",,,,"49","29.96","CLR:00","29.77","10.00","67",,,,,,,,,,,,,,,,,,,,,,,,,,,,,,,,,,,,,,,,"MET09208/08/20 11:52:02 METAR KCQT 081952Z      KT 10SM CLR 27/15 A2997 RMK AO2 SLP147 T02670150 $","FM-15","6",,,,,,,,,,,,,,,,,,,,,,,,,,,"2006-02-03"
"72287493134","2020-08-08T12:52:00","FM-15","7",,,"3.89","mi",,,,,,,"PENDING COOP",,,,,,,,,,,,,,,,,,,,,,,,,,,,"29.97","59","78","0.00",,"+0.02","7","52","29.96","CLR:00","29.77","10.00","66","260",,"5",,,,,,,,,,,,,,,,,,,,,,,,,,,,,,,,,,,,,"MET09808/08/20 12:52:02 METAR KCQT 082052Z 26004KT 10SM CLR 26/15 A2997 RMK AO2 SLP145 T02560150 57008 $","FM-15","7",,,,,,,,,,,,,,,,,,,,,,,,,,,"2006-02-03"
"72287493134","2020-08-08T13:52:00","FM-15","7",,,"3.89","mi",,,,,,,"PENDING COOP",,,,,,,,,,,,,,,,,,,,,,,,,,,,"29.95","59","77","0.00",,,,"54","29.95","CLR:00","29.75","10.00","66","VRB",,"5",,,,,,,,,,,,,,,,,,,,,,,,,,,,,,,,,,,,,"MET09208/08/20 13:52:02 METAR KCQT 082152Z VRB04KT 10SM CLR 25/15 A2995 RMK AO2 SLP141 T02500150 $","FM-15","7",,,,,,,,,,,,,,,,,,,,,,,,,,,"2006-02-03"
"72287493134","2020-08-08T14:52:00","FM-15","7",,,"3.89","mi",,,,,,,"PENDING COOP",,,,,,,,,,,,,,,,,,,,,,,,,,,,"29.94","57","76","0.00",,,,"52","29.93","CLR:00","29.74","10.00","64","000",,"0",,,,,,,,,,,,,,,,,,,,,,,,,,,,,,,,,,,,,"MET09208/08/20 14:52:02 METAR KCQT 082252Z 00000KT 10SM CLR 24/14 A2994 RMK AO2 SLP136 T02440139 $","FM-15","7",,,,,,,,,,,,,,,,,,,,,,,,,,,"2006-02-03"
"72287493134","2020-08-08T15:52:00","FM-15","7",,,"3.89","mi",,,,,,,"PENDING COOP",,,,,,,,,,,,,,,,,,,,,,,,,,,,"29.93","58","74","0.00",,"+0.04","6","57","29.92","CLR:00","29.73","10.00","64","000",,"0",,,,,,,,,,,,,,,,,,,,,,,,,,,,,,,,,,,,,"MET11008/08/20 15:52:02 METAR KCQT 082352Z 00000KT 10SM CLR 23/14 A2993 RMK AO2 SLP133 T02330144 10272 20233 56012 $","FM-15","7",,,,,,,,,,,,,,,,,,,,,,,,,,,"2006-02-03"
"72287493134","2020-08-08T16:52:00","FM-15","7",,,"3.89","mi",,,,,,,"PENDING COOP",,,,,,,,,,,,,,,,,,,,,,,,,,,,"29.92","57","74","0.00",,,,"56","29.91","CLR:00","29.72","10.00","64","270",,"6",,,,,,,,,,,,,,,,,,,,,,,,,,,,,,,,,,,,,"MET09208/08/20 16:52:01 METAR KCQT 090052Z 27005KT 10SM CLR 23/14 A2992 RMK AO2 SLP129 T02330139 $","FM-15","7",,,,,,,,,,,,,,,,,,,,,,,,,,,"2006-02-03"
"72287493134","2020-08-08T17:52:00","FM-15","7",,,"3.89","mi",,,,,,,"PENDING COOP",,,,,,,,,,,,,,,,,,,,,,,,,,,,"29.91","57","72","0.00",,,,"59","29.91","CLR:00","29.71","10.00","63","250",,"3",,,,,,,,,,,,,,,,,,,,,,,,,,,,,,,,,,,,,"MET09208/08/20 17:52:01 METAR KCQT 090152Z 25003KT 10SM CLR 22/14 A2991 RMK AO2 SLP127 T02220139 $","FM-15","7",,,,,,,,,,,,,,,,,,,,,,,,,,,"2006-02-03"
"72287493134","2020-08-08T18:52:00","FM-15","7",,,"3.89","mi",,,,,,,"PENDING COOP",,,,,,,,,,,,,,,,,,,,,,,,,,,,"29.92","57","68","0.00",,"+0.01","5","68","29.91","CLR:00","29.72","10.00","62","260",,"5",,,,,,,,,,,,,,,,,,,,,,,,,,,,,,,,,,,,,"MET09808/08/20 18:52:02 METAR KCQT 090252Z 26004KT 10SM CLR 20/14 A2992 RMK AO2 SLP130 T02000139 55004 $","FM-15","7",,,,,,,,,,,,,,,,,,,,,,,,,,,"2006-02-03"
"72287493134","2020-08-08T19:52:00","FM-15","7",,,"3.89","mi",,,,,,,"PENDING COOP",,,,,,,,,,,,,,,,,,,,,,,,,,,,"29.94","56","66","0.00",,,,"70","29.93","CLR:00","29.74","10.00","60","250",,"3",,,,,,,,,,,,,,,,,,,,,,,,,,,,,,,,,,,,,"MET09208/08/20 19:52:02 METAR KCQT 090352Z 25003KT 10SM CLR 19/13 A2994 RMK AO2 SLP135 T01890133 $","FM-15","7",,,,,,,,,,,,,,,,,,,,,,,,,,,"2006-02-03"
"72287493134","2020-08-08T20:52:00","FM-15","7",,,"3.89","mi",,,,,,,"PENDING COOP",,,,,,,,,,,,,,,,,,,,,,,,,,,,"29.96","56","65","0.00",,,,"73","29.95","CLR:00","29.76","10.00","60","250",,"5",,,,,,,,,,,,,,,,,,,,,,,,,,,,,,,,,,,,,"MET09208/08/20 20:52:02 METAR KCQT 090452Z 25004KT 10SM CLR 18/13 A2996 RMK AO2 SLP141 T01830133 $","FM-15","7",,,,,,,,,,,,,,,,,,,,,,,,,,,"2006-02-03"
"72287493134","2020-08-08T21:52:00","FM-15","7",,,"3.89","mi",,,,,,,"PENDING COOP",,,,,,,,,,,,,,,,,,,,,,,,,,,,"29.96","56","64","0.00",,"-0.04","1","75","29.95","CLR:00","29.76","10.00","59","270",,"3",,,,,,,,,,,,,,,,,,,,,,,,,,,,,,,,,,,,,"MET11008/08/20 21:52:02 METAR KCQT 090552Z 27003KT 10SM CLR 18/13 A2996 RMK AO2 SLP142 T01780133 10239 20178 51013 $","FM-15","7",,,,,,,,,,,,,,,,,,,,,,,,,,,"2006-02-03"
"72287493134","2020-08-08T22:52:00","FM-15","7",,,"3.89","mi",,,,,,,"PENDING COOP",,,,,,,,,,,,,,,,,,,,,,,,,,,,"29.95","57","64","0.00",,,,"78","29.95","CLR:00","29.75","10.00","60","000",,"0",,,,,,,,,,,,,,,,,,,,,,,,,,,,,,,,,,,,,"MET09208/08/20 22:52:02 METAR KCQT 090652Z 00000KT 10SM CLR 18/14 A2995 RMK AO2 SLP141 T01780139 $","FM-15","7",,,,,,,,,,,,,,,,,,,,,,,,,,,"2006-02-03"
"72287493134","2020-08-08T23:52:00","FM-15","7",,,"3.89","mi",,,,,,,"PENDING COOP",,,,,,,,,,,,,,,,,,,,,,,,,,,,"29.95","56","64","0.00",,,,"75","29.94","CLR:00","29.75","10.00","59","260",,"3",,,,,,,,,,,,,,,,,,,,,,,,,,,,,,,,,,,,,"MET10208/08/20 23:52:02 METAR KCQT 090752Z 26003KT 10SM CLR 18/13 A2995 RMK AO2 SLP140 T01780133 402720172 $","FM-15","7",,,,,,,,,,,,,,,,,,,,,,,,,,,"2006-02-03"
"72287493134","2020-08-08T23:59:00","SOD  ","6",,,"3.89","mi",,,,,,,"PENDING COOP",,,,,,"58","72","66","29.95","29.75","62","1.7","7","-2.1","0","81","63","280","13","0.00",,,"260","9",,,,,,,,,,,,,,,,,,,,,,,,,,,,,,,,,,,,,,,,,,,,,,,,,,,,,,,,"SOD73924 HR PRECIPITATION (IN): 0.00 SNOW DEPTH (IN):0     24 HR SNOWFALL (IN):0.0  24 HR MAX TEMP (F): 8124 HR MIN TEMP (F): 63AVERAGE STATION PRESSURE:29.755 MINIMUM SEA LEVEL PRESSURE:29.90 TIME OF OCCURRENCE:1802 PEAK WIND SPEED (MPH): 13 PEAK WIND DIR (DEG):280 PEAK WIND TIME (LST):      FASTEST 2MIN SPEED (MPH):  9FASTEST 2MIN DIR (DEG):260 FASTEST 2MIN TIME (LST):     AVERAGE WIND SPEED (MPH): 1.7 24 HR AVG TEMP (F): 72DEPART FROM NORMAL: -2  HEATING DEGREE DAYS:  0 COOLING DEGREE DAYS:  7 LATEST DAY MAX TEMP (0700-1900 LST):81  LATEST NIGHT MIN TEMP(1900-0800 LST):63 HOURLY INCREMENTAL PRECIPITATION VALUES (IN):.00 0.00 0.00 0.00 0.00 0.00 0.00 0.00 0.00 0.00 0.00 0.00 0.00 0.00 0.00 0.00 0.00 0.00 0.00 0.00 0.00 0.00 0.00 0.00","SOD  ","6",,,,,,,,,,,,,,,,,,,,,,,,,"0510","1847","2006-02-03"
"72287493134","2020-08-09T00:52:00","FM-15","7",,,"3.89","mi",,,,,,,"PENDING COOP",,,,,,,,,,,,,,,,,,,,,,,,,,,,"29.94","56","63","0.00",,"+0.01","8","78","29.93","CLR:00","29.74","10.00","59","000",,"0",,,,,,,,,,,,,,,,,,,,,,,,,,,,,,,,,,,,,"MET10208/09/20 00:52:02 METAR KCQT 090852Z 00000KT 10SM CLR 17/13 A2994 RMK AO2 SLP137 T01720133 58005 $ RTX","FM-15","7",,,,,,,,,,,,,,,,,,,,,,,,,,,"2006-02-03"
"72287493134","2020-08-09T01:52:00","FM-15","7",,,"3.89","mi",,,,,,,"PENDING COOP",,,,,,,,,,,,,,,,,,,,,,,,,,,,"29.95","56","63","0.00",,,,"78","29.94","CLR:00","29.75","10.00","59","000",,"0",,,,,,,,,,,,,,,,,,,,,,,,,,,,,,,,,,,,,"MET09208/09/20 01:52:02 METAR KCQT 090952Z 00000KT 10SM CLR 17/13 A2995 RMK AO2 SLP138 T01720133 $","FM-15","7",,,,,,,,,,,,,,,,,,,,,,,,,,,"2006-02-03"
"72287493134","2020-08-09T02:52:00","FM-15","7",,,"3.89","mi",,,,,,,"PENDING COOP",,,,,,,,,,,,,,,,,,,,,,,,,,,,"29.95","56","62","0.00",,,,"80","29.94","CLR:00","29.75","10.00","59","000",,"0",,,,,,,,,,,,,,,,,,,,,,,,,,,,,,,,,,,,,"MET09208/09/20 02:52:02 METAR KCQT 091052Z 00000KT 10SM CLR 17/13 A2995 RMK AO2 SLP140 T01670133 $","FM-15","7",,,,,,,,,,,,,,,,,,,,,,,,,,,"2006-02-03"
"72287493134","2020-08-09T03:52:00","FM-15","7",,,"3.89","mi",,,,,,,"PENDING COOP",,,,,,,,,,,,,,,,,,,,,,,,,,,,"29.95","56","62","0.00",,"-0.01","2","80","29.95","CLR:00","29.75","10.00","59","000",,"0",,,,,,,,,,,,,,,,,,,,,,,,,,,,,,,,,,,,,"MET11008/09/20 03:52:02 METAR KCQT 091152Z 00000KT 10SM CLR 17/13 A2995 RMK AO2 SLP141 T01670133 10183 20167 52003 $","FM-15","7",,,,,,,,,,,,,,,,,,,,,,,,,,,"2006-02-03"
"72287493134","2020-08-09T04:52:00","FM-15","7",,,"3.89","mi",,,,,,,"PENDING COOP",,,,,,,,,,,,,,,,,,,,,,,,,,,,"29.96","56","62","0.00",,,,"80","29.95","CLR:00","29.76","10.00","59","000",,"0",,,,,,,,,,,,,,,,,,,,,,,,,,,,,,,,,,,,,"MET09208/09/20 04:52:02 METAR KCQT 091252Z 00000KT 10SM CLR 17/13 A2996 RMK AO2 SLP143 T01670133 $","FM-15","7",,,,,,,,,,,,,,,,,,,,,,,,,,,"2006-02-03"
"72287493134","2020-08-09T05:52:00","FM-15","7",,,"3.89","mi",,,,,,,"PENDING COOP",,,,,,,,,,,,,,,,,,,,,,,,,,,,"29.97","57","63","0.00",,,,"81","29.96","CLR:00","29.77","10.00","60","000",,"0",,,,,,,,,,,,,,,,,,,,,,,,,,,,,,,,,,,,,"MET09608/09/20 05:52:02 METAR KCQT 091352Z 00000KT 10SM CLR 17/14 A2997 RMK AO2 SLP147 T01720139 $ RTX","FM-15","7",,,,,,,,,,,,,,,,,,,,,,,,,,,"2006-02-03"
"72287493134","2020-08-09T06:52:00","FM-15","7",,,"3.89","mi",,,,,,,"PENDING COOP",,,,,,,,,,,,,,,,,,,,,,,,,,,,"29.97","58","67","0.00",,"-0.02","1","73","29.97","CLR:00","29.77","10.00","62","000",,"0",,,,,,,,,,,,,,,,,,,,,,,,,,,,,,,,,,,,,"MET09808/09/20 06:52:02 METAR KCQT 091452Z 00000KT 10SM CLR 19/14 A2997 RMK AO2 SLP148 T01940144 51007 $","FM-15","7",,,,,,,,,,,,,,,,,,,,,,,,,,,"2006-02-03"
"72287493134","2020-08-09T07:52:00","FM-15","7",,,"3.89","mi",,,,,,,"PENDING COOP",,,,,,,,,,,,,,,,,,,,,,,,,,,,"29.98","59","71","0.00",,,,"66","29.97","CLR:00","29.78","10.00","64","000",,"0",,,,,,,,,,,,,,,,,,,,,,,,,,,,,,,,,,,,,"MET09008/09/20 07:52:02 METAR KCQT 091552Z 00000KT 10SM CLR 22/15 A2998 RMK AO2 SLP149 T02170150","FM-15","7",,,,,,,,,,,,,,,,,,,,,,,,,,,"2006-02-03"
"72287493134","2020-08-09T08:52:00","FM-15","7",,,"3.89","mi",,,,,,,"PENDING COOP",,,,,,,,,,,,,,,,,,,,,,,,,,,,"29.97","57","73","0.00",,,,"57","29.96","CLR:00","29.77","10.00","63","000",,"0",,,,,,,,,,,,,,,,,,,,,,,,,,,,,,,,,,,,,"MET09008/09/20 08:52:02 METAR KCQT 091652Z 00000KT 10SM CLR 23/14 A2997 RMK AO2 SLP147 T02280139","FM-15","7",,,,,,,,,,,,,,,,,,,,,,,,,,,"2006-02-03"
"72287493134","2020-08-09T09:52:00","FM-15","7",,,"3.89","mi",,,,,,,"PENDING COOP",,,,,,,,,,,,,,,,,,,,,,,,,,,,"29.96","59","78","0.00",,"+0.01","8","52","29.96","CLR:00","29.76","10.00","66","000",,"0",,,,,,,,,,,,,,,,,,,,,,,,,,,,,,,,,,,,,"MET10808/09/20 09:52:02 METAR KCQT 091752Z 00000KT 10SM CLR 26/15 A2996 RMK AO2 SLP144 T02560150 10261 20161 58003","FM-15","7",,,,,,,,,,,,,,,,,,,,,,,,,,,"2006-02-03"
"72287493134","2020-08-09T10:52:00","FM-15","7",,,"3.89","mi",,,,,,,"PENDING COOP",,,,,,,,,,,,,,,,,,,,,,,,,,,,"29.96","60","79","0.00",,,,"52","29.95","CLR:00","29.76","10.00","67","000",,"0",,,,,,,,,,,,,,,,,,,,,,,,,,,,,,,,,,,,,"MET09008/09/20 10:52:02 METAR KCQT 091852Z 00000KT 10SM CLR 26/16 A2996 RMK AO2 SLP142 T02610156","FM-15","7",,,,,,,,,,,,,,,,,,,,,,,,,,,"2006-02-03"
"72287493134","2020-08-09T11:52:00","FM-15","7",,,"3.89","mi",,,,,,,"PENDING COOP",,,,,,,,,,,,,,,,,,,,,,,,,,,,"29.95","59","77","0.00",,,,"54","29.94","CLR:00","29.75","10.00","66","VRB",,"6",,,,,,,,,,,,,,,,,,,,,,,,,,,,,,,,,,,,,"MET09008/09/20 11:52:02 METAR KCQT 091952Z VRB05KT 10SM CLR 25/15 A2995 RMK AO2 SLP140 T02500150","FM-15","7",,,,,,,,,,,,,,,,,,,,,,,,,,,"2006-02-03"
"72287493134","2020-08-09T12:52:00","FM-15","7",,,"3.89","mi",,,,,,,"PENDING COOP",,,,,,,,,,,,,,,,,,,,,,,,,,,,"29.94","58","76","0.00",,"+0.03","8","54","29.93","CLR:00","29.74","10.00","65","VRB",,"3",,,,,,,,,,,,,,,,,,,,,,,,,,,,,,,,,,,,,"MET09608/09/20 12:52:02 METAR KCQT 092052Z VRB03KT 10SM CLR 24/14 A2994 RMK AO2 SLP134 T02440144 58010","FM-15","7",,,,,,,,,,,,,,,,,,,,,,,,,,,"2006-02-03"
"72287493134","2020-08-09T13:52:00","FM-15","7",,,"3.89","mi",,,,,,,"PENDING COOP",,,,,,,,,,,,,,,,,,,,,,,,,,,,"29.92","58","76","0.00",,,,"54","29.91","CLR:00","29.72","10.00","65","280",,"8",,,,,,,,,,,,,,,,,,,,,,,,,,,,,,,,,,,,,"MET09008/09/20 13:52:02 METAR KCQT 092152Z 28007KT 10SM CLR 24/14 A2992 RMK AO2 SLP128 T02440144","FM-15","7",,,,,,,,,,,,,,,,,,,,,,,,,,,"2006-02-03"
"72287493134","2020-08-09T14:52:00","FM-15","6",,,"3.89","mi",,,,,,,"PENDING COOP",,,,,,,,,,,,,,,,,,,,,,,,,,,,"29.91","58","75","0.00",,,,"55","29.90","CLR:00","29.71","10.00","65",,,,,,,,,,,,,,,,,,,,,,,,,,,,,,,,,,,,,,,,"MET09008/09/20 14:52:02 METAR KCQT 092252Z      KT 10SM CLR 24/14 A2991 RMK AO2 SLP125 T02390144","FM-15","6",,,,,,,,,,,,,,,,,,,,,,,,,,,"2006-02-03"
"72287493134","2020-08-09T15:52:00","FM-15","7",,,"3.89","mi",,,,,,,"PENDING COOP",,,,,,,,,,,,,,,,,,,,,,,,,,,,"29.90","58","75","0.00",,"+0.04","6","55","29.89","CLR:00","29.70","10.00","65","250",,"5",,,,,,,,,,,,,,,,,,,,,,,,,,,,,,,,,,,,,"MET10808/09/20 15:52:02 METAR KCQT 092352Z 25004KT 10SM CLR 24/14 A2990 RMK AO2 SLP122 T02390144 10267 20233 56012","FM-15","7",,,,,,,,,,,,,,,,,,,,,,,,,,,"2006-02-03"
"72287493134","2020-08-09T16:52:00","FM-15","7",,,"3.89","mi",,,,,,,"PENDING COOP",,,,,,,,,,,,,,,,,,,,,,,,,,,,"29.89","58","74","0.00",,,,"57","29.88","CLR:00","29.69","10.00","64","250",,"3",,,,,,,,,,,,,,,,,,,,,,,,,,,,,,,,,,,,,"MET09008/09/20 16:52:01 METAR KCQT 100052Z 25003KT 10SM CLR 23/14 A2989 RMK AO2 SLP118 T02330144","FM-15","7",,,,,,,,,,,,,,,,,,,,,,,,,,,"2006-02-03"
"72287493134","2020-08-09T17:52:00","FM-15","7",,,"3.89","mi",,,,,,,"PENDING COOP",,,,,,,,,,,,,,,,,,,,,,,,,,,,"29.88","58","72","0.00",,,,"61","29.88","CLR:00","29.68","10.00","64","000",,"0",,,,,,,,,,,,,,,,,,,,,,,,,,,,,,,,,,,,,"MET09008/09/20 17:52:01 METAR KCQT 100152Z 00000KT 10SM CLR 22/14 A2988 RMK AO2 SLP118 T02220144","FM-15","7",,,,,,,,,,,,,,,,,,,,,,,,,,,"2006-02-03"
"72287493134","2020-08-09T18:52:00","FM-15","7",,,"3.89","mi",,,,,,,"PENDING COOP",,,,,,,,,,,,,,,,,,,,,,,,,,,,"29.89","57","68","0.00",,"+0.01","5","68","29.88","CLR:00","29.69","10.00","62","260",,"6",,,,,,,,,,,,,,,,,,,,,,,,,,,,,,,,,,,,,"MET09608/09/20 18:52:02 METAR KCQT 100252Z 26005KT 10SM CLR 20/14 A2989 RMK AO2 SLP120 T02000139 55002","FM-15","7",,,,,,,,,,,,,,,,,,,,,,,,,,,"2006-02-03"
"72287493134","2020-08-09T19:52:00","FM-15","7",,,"3.89","mi",,,,,,,"PENDING COOP",,,,,,,,,,,,,,,,,,,,,,,,,,,,"29.91","57","66","0.00",,,,"73","29.90","CLR:00","29.71","10.00","61","270",,"5",,,,,,,,,,,,,,,,,,,,,,,,,,,,,,,,,,,,,"MET09008/09/20 19:52:02 METAR KCQT 100352Z 27004KT 10SM CLR 19/14 A2991 RMK AO2 SLP125 T01890139","FM-15","7",,,,,,,,,,,,,,,,,,,,,,,,,,,"2006-02-03"
"72287493134","2020-08-09T20:52:00","FM-15","7",,,"3.89","mi",,,,,,,"PENDING COOP",,,,,,,,,,,,,,,,,,,,,,,,,,,,"29.93","58","65","0.00",,,,"78","29.92","CLR:00","29.73","10.00","61","260",,"3",,,,,,,,,,,,,,,,,,,,,,,,,,,,,,,,,,,,,"MET09008/09/20 20:52:02 METAR KCQT 100452Z 26003KT 10SM CLR 18/14 A2993 RMK AO2 SLP131 T01830144","FM-15","7",,,,,,,,,,,,,,,,,,,,,,,,,,,"2006-02-03"
"72287493134","2020-08-09T21:52:00","FM-15","7",,,"3.89","mi",,,,,,,"PENDING COOP",,,,,,,,,,,,,,,,,,,,,,,,,,,,"29.92","58","64","0.00",,"-0.03","0","81","29.91","CLR:00","29.72","7.00","60","VRB",,"3",,,,,,,,,,,,,,,,,,,,,,,,,,,,,,,,,,,,,"MET10708/09/20 21:52:02 METAR KCQT 100552Z VRB03KT 7SM CLR 18/14 A2992 RMK AO2 SLP130 T01780144 10239 20178 50010","FM-15","7",,,,,,,,,,,,,,,,,,,,,,,,,,,"2006-02-03"
"72287493134","2020-08-09T22:52:00","FM-15","7",,,"3.89","mi",,,,,,,"PENDING COOP",,,,,,,,,,,,,,,,,,,,,,,,,,,,"29.92","58","63","0.00",,,,"84","29.91","CLR:00","29.72","9.00","60","000",,"0",,,,,,,,,,,,,,,,,,,,,,,,,,,,,,,,,,,,,"MET08908/09/20 22:52:02 METAR KCQT 100652Z 00000KT 9SM CLR 17/14 A2992 RMK AO2 SLP129 T01720144","FM-15","7",,,,,,,,,,,,,,,,,,,,,,,,,,,"2006-02-03"
"72287493134","2020-08-09T23:52:00","FM-15","7",,,"3.89","mi",,,,,,,"PENDING COOP",,,,,,,,,,,,,,,,,,,,,,,,,,,,"29.92","58","62","0.00",,,,"86","29.91","CLR:00","29.72","10.00","60","000",,"0",,,,,,,,,,,,,,,,,,,,,,,,,,,,,,,,,,,,,"MET10008/09/20 23:52:02 METAR KCQT 100752Z 00000KT 10SM CLR 17/14 A2992 RMK AO2 SLP128 T01670144 402670161","FM-15","7",,,,,,,,,,,,,,,,,,,,,,,,,,,"2006-02-03"
"72287493134","2020-08-09T23:59:00","SOD  ","6",,,"3.89","mi",,,,,,,"PENDING COOP",,,,,,"58","71","68","29.93","29.73","62","1.9","6","-3.1","0","80","61","270","15","0.00",,,"280","9",,,,,,,,,,,,,,,,,,,,,,,,,,,,,,,,,,,,,,,,,,,,,,,,,,,,,,,,"SOD75724 HR PRECIPITATION (IN): 0.00 SNOW DEPTH (IN):0     24 HR SNOWFALL (IN):0.0  WEATHER(CODE):18  24 HR MAX TEMP (F): 8024 HR MIN TEMP (F): 61AVERAGE STATION PRESSURE:29.730 MINIMUM SEA LEVEL PRESSURE:29.88 TIME OF OCCURRENCE:1846 PEAK WIND SPEED (MPH): 15 PEAK WIND DIR (DEG):270 PEAK WIND TIME (LST):      FASTEST 2MIN SPEED (MPH):  9FASTEST 2MIN DIR (DEG):280 FASTEST 2MIN TIME (LST):     AVERAGE WIND SPEED (MPH): 1.9 24 HR AVG TEMP (F): 71DEPART FROM NORMAL: -3  HEATING DEGREE DAYS:  0 COOLING DEGREE DAYS:  6 LATEST DAY MAX TEMP (0700-1900 LST):80  LATEST NIGHT MIN TEMP(1900-0800 LST):61 HOURLY INCREMENTAL PRECIPITATION VALUES (IN):.00 0.00 0.00 0.00 0.00 0.00 0.00 0.00 0.00 0.00 0.00 0.00 0.00 0.00 0.00 0.00 0.00 0.00 0.00 0.00 0.00 0.00 0.00 0.00","SOD  ","6",,,,,,,,,,,,,,,,,,,,,,,,,"0511","1846","2006-02-03"
"72287493134","2020-08-10T00:41:00","FM-16","7",,,"3.89","mi",,,,,,,"PENDING COOP",,,,,,,,,,,,,,,,,,,,,,,,,,,,"29.91","58","62",,,,,"86",,"FEW:02 7","29.71","10.00","60","000",,"0",,,,,,,,,,,,,,,,,,,,,,,,,,,,,,,,,,,,,"MET08608/10/20 00:41:02 SPECI KCQT 100841Z 00000KT 10SM FEW007 17/14 A2991 RMK AO2 T01670144","FM-16","7",,,,,,,,,,,,,,,,,,,,,,,,,,,"2006-02-03"
"72287493134","2020-08-10T00:49:00","FM-16","7",,,"3.89","mi",,,,,,,"PENDING COOP",,,,,,,,,,,,,,,,,,,,,,,,,,,,"29.91","58","62",,,,,"86",,"BKN:07 7","29.71","10.00","60","000",,"0",,,,,,,,,,,,,,,,,,,,,,,,,,,,,,,,,,,,,"MET08608/10/20 00:49:02 SPECI KCQT 100849Z 00000KT 10SM BKN007 17/14 A2991 RMK AO2 T01670144","FM-16","7",,,,,,,,,,,,,,,,,,,,,,,,,,,"2006-02-03"
"72287493134","2020-08-10T00:52:00","FM-15","7",,,"3.89","mi",,,,,,,"PENDING COOP",,,,,,,,,,,,,,,,,,,,,,,,,,,,"29.91","58","62","0.00",,"+0.01","8","86","29.90","BKN:07 7","29.71","10.00","60","000",,"0",,,,,,,,,,,,,,,,,,,,,,,,,,,,,,,,,,,,,"MET09908/10/20 00:52:02 METAR KCQT 100852Z 00000KT 10SM BKN007 17/14 A2991 RMK AO2 SLP126 T01670144 58004","FM-15","7",,,,,,,,,,,,,,,,,,,,,,,,,,,"2006-02-03"
"72287493134","2020-08-10T01:11:00","FM-16","7",,,"3.89","mi",,,,,,,"PENDING COOP",,,,,,,,,,,,,,,,,,,,,,,,,,,,"29.91","58","62",,,,,"86",,"SCT:04 7","29.71","10.00","60","000",,"0",,,,,,,,,,,,,,,,,,,,,,,,,,,,,,,,,,,,,"MET08608/10/20 01:11:02 SPECI KCQT 100911Z 00000KT 10SM SCT007 17/14 A2991 RMK AO2 T01670144","FM-16","7",,,,,,,,,,,,,,,,,,,,,,,,,,,"2006-02-03"
"72287493134","2020-08-10T01:52:00","FM-15","7",,,"3.89","mi",,,,,,,"PENDING COOP",,,,,,,,,,,,,,,,,,,,,,,,,,,,"29.92","57","62","0.00",,,,"84","29.91","FEW:02 7","29.72","10.00","59","000",,"0",,,,,,,,,,,,,,,,,,,,,,,,,,,,,,,,,,,,,"MET09308/10/20 01:52:02 METAR KCQT 100952Z 00000KT 10SM FEW007 17/14 A2992 RMK AO2 SLP128 T01670139","FM-15","7",,,,,,,,,,,,,,,,,,,,,,,,,,,"2006-02-03"
"72287493134","2020-08-10T02:02:00","FM-16","7",,,"3.89","mi",,,,,,,"PENDING COOP",,,,,,,,,,,,,,,,,,,,,,,,,,,,"29.92","57","62",,,,,"84",,"BKN:07 7","29.72","10.00","59","000",,"0",,,,,,,,,,,,,,,,,,,,,,,,,,,,,,,,,,,,,"MET09008/10/20 02:02:02 SPECI KCQT 101002Z 00000KT 10SM BKN007 17/14 A2992 RMK AO2 T01670139 RTX","FM-16","7",,,,,,,,,,,,,,,,,,,,,,,,,,,"2006-02-03"
"72287493134","2020-08-10T02:52:00","FM-15","7",,,"3.89","mi",,,,,,,"PENDING COOP",,,,,,,,,,,,,,,,,,,,,,,,,,,,"29.93","57","62","0.00",,,,"84","29.92","OVC:08 7","29.73","10.00","59","260",,"3",,,,,,,,,,,,,,,,,,,,,,,,,,,,,,,,,,,,,"MET09308/10/20 02:52:02 METAR KCQT 101052Z 26003KT 10SM OVC007 17/14 A2993 RMK AO2 SLP131 T01670139","FM-15","7",,,,,,,,,,,,,,,,,,,,,,,,,,,"2006-02-03"
"72287493134","2020-08-10T03:52:00","FM-15","7",,,"3.89","mi",,,,,,,"PENDING COOP",,,,,,,,,,,,,,,,,,,,,,,,,,,,"29.93","57","62","0.00",,"-0.01","1","84","29.92","OVC:08 7","29.73","9.00","59","000",,"0",,,,,,,,,,,,,,,,,,,,,,,,,,,,,,,,,,,,,"MET11008/10/20 03:52:02 METAR KCQT 101152Z 00000KT 9SM OVC007 17/14 A2993 RMK AO2 SLP131 T01670139 10178 20167 51005","FM-15","7",,,,,,,,,,,,,,,,,,,,,,,,,,,"2006-02-03"
"72287493134","2020-08-10T04:52:00","FM-15","7",,,"3.89","mi",,,,,,,"PENDING COOP",,,,,,,,,,,,,,,,,,,,,,,,,,,,"29.93","57","62","0.00",,,,"84","29.93","OVC:08 7","29.73","8.00","59","000",,"0",,,,,,,,,,,,,,,,,,,,,,,,,,,,,,,,,,,,,"MET09208/10/20 04:52:02 METAR KCQT 101252Z 00000KT 8SM OVC007 17/14 A2993 RMK AO2 SLP134 T01670139","FM-15","7",,,,,,,,,,,,,,,,,,,,,,,,,,,"2006-02-03"
"72287493134","2020-08-10T05:52:00","FM-15","7",,,"3.89","mi",,,,,,,"PENDING COOP",,,,,,,,,,,,,,,,,,,,,,,,,,,,"29.94","58","63","0.00",,,,"84","29.94","OVC:08 7","29.74","7.00","60","000",,"0",,,,,,,,,,,,,,,,,,,,,,,,,,,,,,,,,,,,,"MET09208/10/20 05:52:02 METAR KCQT 101352Z 00000KT 7SM OVC007 17/14 A2994 RMK AO2 SLP138 T01720144","FM-15","7",,,,,,,,,,,,,,,,,,,,,,,,,,,"2006-02-03"
"72287493134","2020-08-10T06:52:00","FM-15","7",,,"3.89","mi",,,,,,,"PENDING COOP",,,,,,,,,,,,,,,,,,,,,,,,,,,,"29.95","58","66","0.00",,"-0.02","3","75","29.95","SCT:04 7","29.75","7.00","61","000",,"0",,,,,,,,,,,,,,,,,,,,,,,,,,,,,,,,,,,,,"MET09808/10/20 06:52:02 METAR KCQT 101452Z 00000KT 7SM SCT007 19/14 A2995 RMK AO2 SLP141 T01890144 53008","FM-15","7",,,,,,,,,,,,,,,,,,,,,,,,,,,"2006-02-03"
"72287493134","2020-08-10T06:59:00","FM-16","7",,,"3.89","mi",,,,,,,"PENDING COOP",,,,,,,,,,,,,,,,,,,,,,,,,,,,"29.95","58","66",,,,,"75",,"BKN:07 7","29.75","7.00","61","000",,"0",,,,,,,,,,,,,,,,,,,,,,,,,,,,,,,,,,,,,"MET08508/10/20 06:59:02 SPECI KCQT 101459Z 00000KT 7SM BKN007 19/14 A2995 RMK AO2 T01890144","FM-16","7",,,,,,,,,,,,,,,,,,,,,,,,,,,"2006-02-03"
"72287493134","2020-08-10T07:19:00","FM-16","7",,,"3.89","mi",,,,,,,"PENDING COOP",,,,,,,,,,,,,,,,,,,,,,,,,,,,"29.96","58","68",,,,,"70",,"SCT:04 9","29.76","8.00","62","000",,"0",,,,,,,,,,,,,,,,,,,,,,,,,,,,,,,,,,,,,"MET08508/10/20 07:19:02 SPECI KCQT 101519Z 00000KT 8SM SCT009 20/14 A2996 RMK AO2 T02000144","FM-16","7",,,,,,,,,,,,,,,,,,,,,,,,,,,"2006-02-03"
"72287493134","2020-08-10T07:52:00","FM-15","7",,,"3.89","mi",,,,,,,"PENDING COOP",,,,,,,,,,,,,,,,,,,,,,,,,,,,"29.96","59","68","0.00",,,,"73","29.95","FEW:02 11","29.76","8.00","63","000",,"0",,,,,,,,,,,,,,,,,,,,,,,,,,,,,,,,,,,,,"MET09208/10/20 07:52:02 METAR KCQT 101552Z 00000KT 8SM FEW011 20/15 A2996 RMK AO2 SLP142 T02000150","FM-15","7",,,,,,,,,,,,,,,,,,,,,,,,,,,"2006-02-03"
"72287493134","2020-08-10T08:52:00","FM-15","7",,,"3.89","mi",,,,,,,"PENDING COOP",,,,,,,,,,,,,,,,,,,,,,,,,,,,"29.95","59","73","0.00",,,,"62","29.94","CLR:00","29.75","10.00","64","000",,"0",,,,,,,,,,,,,,,,,,,,,,,,,,,,,,,,,,,,,"MET09008/10/20 08:52:02 METAR KCQT 101652Z 00000KT 10SM CLR 23/15 A2995 RMK AO2 SLP140 T02280150","FM-15","7",,,,,,,,,,,,,,,,,,,,,,,,,,,"2006-02-03"
"72287493134","2020-08-10T09:52:00","FM-15","7",,,"3.89","mi",,,,,,,"PENDING COOP",,,,,,,,,,,,,,,,,,,,,,,,,,,,"29.95","58","74","0.00",,"-0.00","0","57","29.94","CLR:00","29.75","10.00","64","VRB",,"3",,,,,,,,,,,,,,,,,,,,,,,,,,,,,,,,,,,,,"MET10808/10/20 09:52:02 METAR KCQT 101752Z VRB03KT 10SM CLR 23/14 A2995 RMK AO2 SLP139 T02330144 10239 20167 50000","FM-15","7",,,,,,,,,,,,,,,,,,,,,,,,,,,"2006-02-03"
"72287493134","2020-08-10T10:52:00","FM-15","7",,,"3.89","mi",,,,,,,"PENDING COOP",,,,,,,,,,,,,,,,,,,,,,,,,,,,"29.94","57","75","0.00",,,,"54","29.93","CLR:00","29.74","10.00","64","000",,"0",,,,,,,,,,,,,,,,,,,,,,,,,,,,,,,,,,,,,"MET09008/10/20 10:52:02 METAR KCQT 101852Z 00000KT 10SM CLR 24/14 A2994 RMK AO2 SLP137 T02390139","FM-15","7",,,,,,,,,,,,,,,,,,,,,,,,,,,"2006-02-03"
"72287493134","2020-08-10T11:52:00","FM-15","7",,,"3.89","mi",,,,,,,"PENDING COOP",,,,,,,,,,,,,,,,,,,,,,,,,,,,"29.94","57","76","0.00",,,,"52","29.93","CLR:00","29.74","10.00","64","000",,"0",,,,,,,,,,,,,,,,,,,,,,,,,,,,,,,,,,,,,"MET09008/10/20 11:52:02 METAR KCQT 101952Z 00000KT 10SM CLR 24/14 A2994 RMK AO2 SLP134 T02440139","FM-15","7",,,,,,,,,,,,,,,,,,,,,,,,,,,"2006-02-03"
"72287493134","2020-08-10T12:52:00","FM-15","6",,,"3.89","mi",,,,,,,"PENDING COOP",,,,,,,,,,,,,,,,,,,,,,,,,,,,"29.92","56","76","0.00",,"+0.03","8","50","29.91","CLR:00","29.72","10.00","64",,,,,,,,,,,,,,,,,,,,,,,,,,,,,,,,,,,,,,,,"MET09608/10/20 12:52:02 METAR KCQT 102052Z      KT 10SM CLR 24/13 A2992 RMK AO2 SLP130 T02440133 58009","FM-15","6",,,,,,,,,,,,,,,,,,,,,,,,,,,"2006-02-03"
"72287493134","2020-08-10T13:52:00","FM-15","7",,,"3.89","mi",,,,,,,"PENDING COOP",,,,,,,,,,,,,,,,,,,,,,,,,,,,"29.90","56","77","0.00",,,,"48","29.90","CLR:00","29.70","10.00","64","250",,"6",,,,,,,,,,,,,,,,,,,,,,,,,,,,,,,,,,,,,"MET09008/10/20 13:52:02 METAR KCQT 102152Z 25005KT 10SM CLR 25/13 A2990 RMK AO2 SLP124 T02500133","FM-15","7",,,,,,,,,,,,,,,,,,,,,,,,,,,"2006-02-03"
"72287493134","2020-08-10T14:52:00","FM-15","7",,,"3.89","mi",,,,,,,"PENDING COOP",,,,,,,,,,,,,,,,,,,,,,,,,,,,"29.89","56","75","0.00",,,,"52","29.88","CLR:00","29.69","10.00","64","VRB",,"3",,,,,,,,,,,,,,,,,,,,,,,,,,,,,,,,,,,,,"MET09008/10/20 14:52:02 METAR KCQT 102252Z VRB03KT 10SM CLR 24/13 A2989 RMK AO2 SLP119 T02390133","FM-15","7",,,,,,,,,,,,,,,,,,,,,,,,,,,"2006-02-03"
"72287493134","2020-08-10T15:52:00","FM-15","7",,,"3.89","mi",,,,,,,"PENDING COOP",,,,,,,,,,,,,,,,,,,,,,,,,,,,"29.89","57","73","0.00",,"+0.03","6","57","29.88","CLR:00","29.69","10.00","63","260",,"8",,,,,,,,,,,,,,,,,,,,,,,,,,,,,,,,,,,,,"MET10808/10/20 15:52:02 METAR KCQT 102352Z 26007KT 10SM CLR 23/14 A2989 RMK AO2 SLP120 T02280139 10256 20228 56011","FM-15","7",,,,,,,,,,,,,,,,,,,,,,,,,,,"2006-02-03"
"72287493134","2020-08-10T16:52:00","FM-15","7",,,"3.89","mi",,,,,,,"PENDING COOP",,,,,,,,,,,,,,,,,,,,,,,,,,,,"29.89","57","73","0.00",,,,"57","29.88","CLR:00","29.69","10.00","63","VRB",,"6",,,,,,,,,,,,,,,,,,,,,,,,,,,,,,,,,,,,,"MET09008/10/20 16:52:01 METAR KCQT 110052Z VRB05KT 10SM CLR 23/14 A2989 RMK AO2 SLP119 T02280139","FM-15","7",,,,,,,,,,,,,,,,,,,,,,,,,,,"2006-02-03"
"72287493134","2020-08-10T17:52:00","FM-15","7",,,"3.89","mi",,,,,,,"PENDING COOP",,,,,,,,,,,,,,,,,,,,,,,,,,,,"29.88","56","70","0.00",,,,"61","29.88","CLR:00","29.68","10.00","62","000",,"0",,,,,,,,,,,,,,,,,,,,,,,,,,,,,,,,,,,,,"MET09008/10/20 17:52:01 METAR KCQT 110152Z 00000KT 10SM CLR 21/13 A2988 RMK AO2 SLP118 T02110133","FM-15","7",,,,,,,,,,,,,,,,,,,,,,,,,,,"2006-02-03"
"72287493134","2020-08-10T18:52:00","FM-15","7",,,"3.89","mi",,,,,,,"PENDING COOP",,,,,,,,,,,,,,,,,,,,,,,,,,,,"29.88","57","68","0.00",,"+0.01","6","68","29.88","CLR:00","29.68","10.00","62","000",,"0",,,,,,,,,,,,,,,,,,,,,,,,,,,,,,,,,,,,,"MET09608/10/20 18:52:01 METAR KCQT 110252Z 00000KT 10SM CLR 20/14 A2988 RMK AO2 SLP118 T02000139 56002","FM-15","7",,,,,,,,,,,,,,,,,,,,,,,,,,,"2006-02-03"
"72287493134","2020-08-10T19:52:00","FM-15","7",,,"3.89","mi",,,,,,,"PENDING COOP",,,,,,,,,,,,,,,,,,,,,,,,,,,,"29.90","57","65","0.00",,,,"76","29.90","CLR:00","29.70","10.00","60","000",,"0",,,,,,,,,,,,,,,,,,,,,,,,,,,,,,,,,,,,,"MET09008/10/20 19:52:01 METAR KCQT 110352Z 00000KT 10SM CLR 18/14 A2990 RMK AO2 SLP124 T01830139","FM-15","7",,,,,,,,,,,,,,,,,,,,,,,,,,,"2006-02-03"
"72287493134","2020-08-10T20:52:00","FM-15","7",,,"3.89","mi",,,,,,,"PENDING COOP",,,,,,,,,,,,,,,,,,,,,,,,,,,,"29.92","58","64","0.00",,,,"81","29.91","CLR:00","29.72","10.00","60","260",,"3",,,,,,,,,,,,,,,,,,,,,,,,,,,,,,,,,,,,,"MET09008/10/20 20:52:01 METAR KCQT 110452Z 26003KT 10SM CLR 18/14 A2992 RMK AO2 SLP128 T01780144","FM-15","7",,,,,,,,,,,,,,,,,,,,,,,,,,,"2006-02-03"
"72287493134","2020-08-10T21:52:00","FM-15","7",,,"3.89","mi",,,,,,,"PENDING COOP",,,,,,,,,,,,,,,,,,,,,,,,,,,,"29.92","58","64","0.00",,"-0.04","1","81","29.91","CLR:00","29.72","10.00","60","000",,"0",,,,,,,,,,,,,,,,,,,,,,,,,,,,,,,,,,,,,"MET10808/10/20 21:52:01 METAR KCQT 110552Z 00000KT 10SM CLR 18/14 A2992 RMK AO2 SLP128 T01780144 10233 20178 51012","FM-15","7",,,,,,,,,,,,,,,,,,,,,,,,,,,"2006-02-03"
"72287493134","2020-08-10T22:52:00","FM-15","7",,,"3.89","mi",,,,,,,"PENDING COOP",,,,,,,,,,,,,,,,,,,,,,,,,,,,"29.92","58","63","0.00",,,,"84","29.91","CLR:00","29.72","10.00","60","000",,"0",,,,,,,,,,,,,,,,,,,,,,,,,,,,,,,,,,,,,"MET09008/10/20 22:52:01 METAR KCQT 110652Z 00000KT 10SM CLR 17/14 A2992 RMK AO2 SLP128 T01720144","FM-15","7",,,,,,,,,,,,,,,,,,,,,,,,,,,"2006-02-03"
"72287493134","2020-08-10T23:52:00","FM-15","7",,,"3.89","mi",,,,,,,"PENDING COOP",,,,,,,,,,,,,,,,,,,,,,,,,,,,"29.92","58","63","0.00",,,,"84","29.91","CLR:00","29.72","10.00","60","000",,"0",,,,,,,,,,,,,,,,,,,,,,,,,,,,,,,,,,,,,"MET10008/10/20 23:52:01 METAR KCQT 110752Z 00000KT 10SM CLR 17/14 A2992 RMK AO2 SLP129 T01720144 402560167","FM-15","7",,,,,,,,,,,,,,,,,,,,,,,,,,,"2006-02-03"
"72287493134","2020-08-10T23:57:00","FM-16","7",,,"3.89","mi",,,,,,,"PENDING COOP",,,,,,,,,,,,,,,,,,,,,,,,,,,,"29.92","58","63",,,,,"84",,"FEW:02 9","29.72","10.00","60","000",,"0",,,,,,,,,,,,,,,,,,,,,,,,,,,,,,,,,,,,,"MET08608/10/20 23:57:01 SPECI KCQT 110757Z 00000KT 10SM FEW009 17/14 A2992 RMK AO2 T01720144","FM-16","7",,,,,,,,,,,,,,,,,,,,,,,,,,,"2006-02-03"
"72287493134","2020-08-10T23:59:00","SOD  ","6",,,"3.89","mi",,,,,,,"PENDING COOP",,,,,,"57","70","69","29.91","29.72","62","1.5","5","-4.1","0","78","62","270","16","0.00",,,"270","10",,,,,,,,,,,,,,,,,,,,,,,,,,,,,,,,,,,,,,,,,,,,,,,,,,,,,,,,"SOD74324 HR PRECIPITATION (IN): 0.00 SNOW DEPTH (IN):0     24 HR SNOWFALL (IN):0.0  24 HR MAX TEMP (F): 7824 HR MIN TEMP (F): 62AVERAGE STATION PRESSURE(D):29.724 MINIMUM SEA LEVEL PRESSURE:29.87 TIME OF OCCURRENCE:1829 PEAK WIND SPEED (MPH): 16 PEAK WIND DIR (DEG):270 PEAK WIND TIME (LST):      FASTEST 2MIN SPEED (MPH): 10FASTEST 2MIN DIR (DEG):270 FASTEST 2MIN TIME (LST):     AVERAGE WIND SPEED (MPH): 1.5 24 HR AVG TEMP (F): 70DEPART FROM NORMAL: -4  HEATING DEGREE DAYS:  0 COOLING DEGREE DAYS:  5 LATEST DAY MAX TEMP (0700-1900 LST): 78 LATEST NIGHT MIN TEMP(1900-0800 LST):62 HOURLY INCREMENTAL PRECIPITATION VALUES (IN):0.00 0.00 0.00 0.00 0.00 0.00 0.00 0.00 0.00 0.00 0.00 0.00 0.00 0.00 0.00 0.00 0.00 0.00 0.00 0.00 0.00 0.00 0.00 0.00","SOD  ","6",,,,,,,,,,,,,,,,,,,,,,,,,"0512","1845","2006-02-03"
"72287493134","2020-08-11T00:06:00","FM-16","7",,,"3.89","mi",,,,,,,"PENDING COOP",,,,,,,,,,,,,,,,,,,,,,,,,,,,"29.92","58","63",,,,,"84",,"BKN:07 9","29.72","10.00","60","000",,"0",,,,,,,,,,,,,,,,,,,,,,,,,,,,,,,,,,,,,"MET08608/11/20 00:06:02 SPECI KCQT 110806Z 00000KT 10SM BKN009 17/14 A2992 RMK AO2 T01720144","FM-16","7",,,,,,,,,,,,,,,,,,,,,,,,,,,"2006-02-03"
"72287493134","2020-08-11T00:52:00","FM-15","7",,,"3.89","mi",,,,,,,"PENDING COOP",,,,,,,,,,,,,,,,,,,,,,,,,,,,"29.92","58","63","0.00",,"-0.00","3","84","29.91","OVC:08 8","29.72","9.00","60","000",,"0",,,,,,,,,,,,,,,,,,,,,,,,,,,,,,,,,,,,,"MET09808/11/20 00:52:02 METAR KCQT 110852Z 00000KT 9SM OVC008 17/14 A2992 RMK AO2 SLP130 T01720144 53001","FM-15","7",,,,,,,,,,,,,,,,,,,,,,,,,,,"2006-02-03"
"72287493134","2020-08-11T01:09:00","FM-16","7",,,"3.89","mi",,,,,,,"PENDING COOP",,,,,,,,,,,,,,,,,,,,,,,,,,,,"29.92","57","63",,,,,"81",,"SCT:04 8","29.72","8.00","60","000",,"0",,,,,,,,,,,,,,,,,,,,,,,,,,,,,,,,,,,,,"MET08508/11/20 01:09:02 SPECI KCQT 110909Z 00000KT 8SM SCT008 17/14 A2992 RMK AO2 T01720139","FM-16","7",,,,,,,,,,,,,,,,,,,,,,,,,,,"2006-02-03"
"72287493134","2020-08-11T01:52:00","FM-15","7",,,"3.89","mi",,,,,,,"PENDING COOP",,,,,,,,,,,,,,,,,,,,,,,,,,,,"29.91","57","63","0.00",,,,"81","29.90","FEW:02 7","29.71","8.00","60","000",,"0",,,,,,,,,,,,,,,,,,,,,,,,,,,,,,,,,,,,,"MET09208/11/20 01:52:02 METAR KCQT 110952Z 00000KT 8SM FEW007 17/14 A2991 RMK AO2 SLP126 T01720139","FM-15","7",,,,,,,,,,,,,,,,,,,,,,,,,,,"2006-02-03"
"72287493134","2020-08-11T02:32:00","FM-16","7",,,"3.89","mi",,,,,,,"PENDING COOP",,,,,,,,,,,,,,,,,,,,,,,,,,,,"29.91","57","62",,,,,"84",,"BKN:07 8","29.71","9.00","59","000",,"0",,,,,,,,,,,,,,,,,,,,,,,,,,,,,,,,,,,,,"MET08508/11/20 02:32:02 SPECI KCQT 111032Z 00000KT 9SM BKN008 17/14 A2991 RMK AO2 T01670139","FM-16","7",,,,,,,,,,,,,,,,,,,,,,,,,,,"2006-02-03"
"72287493134","2020-08-11T02:52:00","FM-15","7",,,"3.89","mi",,,,,,,"PENDING COOP",,,,,,,,,,,,,,,,,,,,,,,,,,,,"29.91","57","62","0.00",,,,"84","29.90","OVC:08 7","29.71","8.00","59","000",,"0",,,,,,,,,,,,,,,,,,,,,,,,,,,,,,,,,,,,,"MET09208/11/20 02:52:02 METAR KCQT 111052Z 00000KT 8SM OVC007 17/14 A2991 RMK AO2 SLP126 T01670139","FM-15","7",,,,,,,,,,,,,,,,,,,,,,,,,,,"2006-02-03"
"72287493134","2020-08-11T03:52:00","FM-15","7",,,"3.89","mi",,,,,,,"PENDING COOP",,,,,,,,,,,,,,,,,,,,,,,,,,,,"29.91","57","62","0.00",,"+0.01","6","84","29.90","BKN:07 7","29.71","8.00","59","000",,"0",,,,,,,,,,,,,,,,,,,,,,,,,,,,,,,,,,,,,"MET11008/11/20 03:52:02 METAR KCQT 111152Z 00000KT 8SM BKN007 17/14 A2991 RMK AO2 SLP126 T01670139 10178 20167 56004","FM-15","7",,,,,,,,,,,,,,,,,,,,,,,,,,,"2006-02-03"
"72287493134","2020-08-11T04:20:00","FM-16","7",,,"3.89","mi",,,,,,,"PENDING COOP",,,,,,,,,,,,,,,,,,,,,,,,,,,,"29.90","57","61",,,,,"87",,"SCT:04 7","29.70","8.00","59","000",,"0",,,,,,,,,,,,,,,,,,,,,,,,,,,,,,,,,,,,,"MET08508/11/20 04:20:02 SPECI KCQT 111220Z 00000KT 8SM SCT007 16/14 A2990 RMK AO2 T01610139","FM-16","7",,,,,,,,,,,,,,,,,,,,,,,,,,,"2006-02-03"
"72287493134","2020-08-11T04:41:00","FM-16","7",,,"3.89","mi",,,,,,,"PENDING COOP",,,,,,,,,,,,,,,,,,,,,,,,,,,,"29.90","57","62",,,,,"84",,"BKN:07 6","29.70","7.00","59","000",,"0",,,,,,,,,,,,,,,,,,,,,,,,,,,,,,,,,,,,,"MET08508/11/20 04:41:02 SPECI KCQT 111241Z 00000KT 7SM BKN006 17/14 A2990 RMK AO2 T01670139","FM-16","7",,,,,,,,,,,,,,,,,,,,,,,,,,,"2006-02-03"
"72287493134","2020-08-11T04:52:00","FM-15","7",,,"3.89","mi",,,,,,,"PENDING COOP",,,,,,,,,,,,,,,,,,,,,,,,,,,,"29.91","57","61","0.00",,,,"87","29.90","BKN:07 6","29.71","7.00","59","000",,"0",,,,,,,,,,,,,,,,,,,,,,,,,,,,,,,,,,,,,"MET09208/11/20 04:52:02 METAR KCQT 111252Z 00000KT 7SM BKN006 16/14 A2991 RMK AO2 SLP126 T01610139","FM-15","7",,,,,,,,,,,,,,,,,,,,,,,,,,,"2006-02-03"
"72287493134","2020-08-11T05:03:00","FM-16","7",,,"3.89","mi",,,,,,,"PENDING COOP",,,,,,,,,,,,,,,,,,,,,,,,,,,,"29.91","57","61",,,,,"87",,"SCT:04 6","29.71","7.00","59","000",,"0",,,,,,,,,,,,,,,,,,,,,,,,,,,,,,,,,,,,,"MET08508/11/20 05:03:02 SPECI KCQT 111303Z 00000KT 7SM SCT006 16/14 A2991 RMK AO2 T01610139","FM-16","7",,,,,,,,,,,,,,,,,,,,,,,,,,,"2006-02-03"
"72287493134","2020-08-11T05:52:00","FM-15","7",,,"3.89","mi",,,,,,,"PENDING COOP",,,,,,,,,,,,,,,,,,,,,,,,,,,,"29.92","57","62","0.00","HZ:7 |FU |HZ",,,"84","29.92","FEW:02 5","29.72","5.00","59","000",,"0",,,,,,,,,,,,,,,,,,,,,,,,,,,,,,,,,,,,,"MET09508/11/20 05:52:02 METAR KCQT 111352Z 00000KT 5SM HZ FEW005 17/14 A2992 RMK AO2 SLP131 T01670139","FM-15","7",,,,,,,,,,,,,,,,,,,,,,,,,,,"2006-02-03"
"72287493134","2020-08-11T06:52:00","FM-15","7",,,"3.89","mi",,,,,,,"PENDING COOP",,,,,,,,,,,,,,,,,,,,,,,,,,,,"29.94","58","65","0.00","HZ:7 |FU |HZ","-0.03","3","78","29.93","SCT:04 8","29.74","6.00","61","270",,"3",,,,,,,,,,,,,,,,,,,,,,,,,,,,,,,,,,,,,"MET10108/11/20 06:52:02 METAR KCQT 111452Z 27003KT 6SM HZ SCT008 18/14 A2994 RMK AO2 SLP135 T01830144 53009","FM-15","7",,,,,,,,,,,,,,,,,,,,,,,,,,,"2006-02-03"
"72287493134","2020-08-11T07:16:00","FM-16","7",,,"3.89","mi",,,,,,,"PENDING COOP",,,,,,,,,,,,,,,,,,,,,,,,,,,,"29.93","58","66",,,,,"75",,"BKN:07 9","29.73","7.00","61","000",,"0",,,,,,,,,,,,,,,,,,,,,,,,,,,,,,,,,,,,,"MET08508/11/20 07:16:02 SPECI KCQT 111516Z 00000KT 7SM BKN009 19/14 A2993 RMK AO2 T01890144","FM-16","7",,,,,,,,,,,,,,,,,,,,,,,,,,,"2006-02-03"
"72287493134","2020-08-11T07:20:00","FM-16","7",,,"3.89","mi",,,,,,,"PENDING COOP",,,,,,,,,,,,,,,,,,,,,,,,,,,,"29.93","58","66",,"HZ:7 |FU |HZ",,,"75",,"SCT:04 9","29.73","6.00","61","000",,"0",,,,,,,,,,,,,,,,,,,,,,,,,,,,,,,,,,,,,"MET08808/11/20 07:20:02 SPECI KCQT 111520Z 00000KT 6SM HZ SCT009 19/14 A2993 RMK AO2 T01890144","FM-16","7",,,,,,,,,,,,,,,,,,,,,,,,,,,"2006-02-03"
"72287493134","2020-08-11T07:52:00","FM-15","7",,,"3.89","mi",,,,,,,"PENDING COOP",,,,,,,,,,,,,,,,,,,,,,,,,,,,"29.94","58","69","0.00",,,,"68","29.93","CLR:00","29.74","8.00","62","000",,"0",,,,,,,,,,,,,,,,,,,,,,,,,,,,,,,,,,,,,"MET08908/11/20 07:52:02 METAR KCQT 111552Z 00000KT 8SM CLR 21/14 A2994 RMK AO2 SLP135 T02060144","FM-15","7",,,,,,,,,,,,,,,,,,,,,,,,,,,"2006-02-03"
"72287493134","2020-08-11T08:52:00","FM-15","7",,,"3.89","mi",,,,,,,"PENDING COOP",,,,,,,,,,,,,,,,,,,,,,,,,,,,"29.92","58","73","0.00",,,,"59","29.91","CLR:00","29.72","10.00","64","000",,"0",,,,,,,,,,,,,,,,,,,,,,,,,,,,,,,,,,,,,"MET09008/11/20 08:52:02 METAR KCQT 111652Z 00000KT 10SM CLR 23/14 A2992 RMK AO2 SLP130 T02280144","FM-15","7",,,,,,,,,,,,,,,,,,,,,,,,,,,"2006-02-03"
"72287493134","2020-08-11T09:52:00","FM-15","6",,,"3.89","mi",,,,,,,"PENDING COOP",,,,,,,,,,,,,,,,,,,,,,,,,,,,"29.92","58","75","0.00",,"+0.01","5","55","29.92","CLR:00","29.72","10.00","65",,,,,,,,,,,,,,,,,,,,,,,,,,,,,,,,,,,,,,,,"MET10808/11/20 09:52:02 METAR KCQT 111752Z      KT 10SM CLR 24/14 A2992 RMK AO2 SLP131 T02390144 10250 20161 55004","FM-15","6",,,,,,,,,,,,,,,,,,,,,,,,,,,"2006-02-03"
"72287493134","2020-08-11T10:52:00","FM-15","7",,,"3.89","mi",,,,,,,"PENDING COOP",,,,,,,,,,,,,,,,,,,,,,,,,,,,"29.93","57","74","0.00",,,,"56","29.92","CLR:00","29.73","10.00","64","VRB",,"3",,,,,,,,,,,,,,,,,,,,,,,,,,,,,,,,,,,,,"MET09008/11/20 10:52:02 METAR KCQT 111852Z VRB03KT 10SM CLR 23/14 A2993 RMK AO2 SLP132 T02330139","FM-15","7",,,,,,,,,,,,,,,,,,,,,,,,,,,"2006-02-03"
"72287493134","2020-08-11T11:52:00","FM-15","7",,,"3.89","mi",,,,,,,"PENDING COOP",,,,,,,,,,,,,,,,,,,,,,,,,,,,"29.93","56","73","0.00",,,,"55","29.93","CLR:00","29.73","10.00","63","VRB",,"3",,,,,,,,,,,,,,,,,,,,,,,,,,,,,,,,,,,,,"MET09008/11/20 11:52:02 METAR KCQT 111952Z VRB03KT 10SM CLR 23/13 A2993 RMK AO2 SLP134 T02280133","FM-15","7",,,,,,,,,,,,,,,,,,,,,,,,,,,"2006-02-03"
"72287493134","2020-08-11T12:52:00","FM-15","6",,,"3.89","mi",,,,,,,"PENDING COOP",,,,,,,,,,,,,,,,,,,,,,,,,,,,"29.92","56","72","0.00",,"+0.00","8","57","29.91","CLR:00","29.72","10.00","63",,,,,,,,,,,,,,,,,,,,,,,,,,,,,,,,,,,,,,,,"MET09608/11/20 12:52:02 METAR KCQT 112052Z      KT 10SM CLR 22/13 A2992 RMK AO2 SLP130 T02220133 58001","FM-15","6",,,,,,,,,,,,,,,,,,,,,,,,,,,"2006-02-03"
"72287493134","2020-08-11T13:52:00","FM-15","7",,,"3.89","mi",,,,,,,"PENDING COOP",,,,,,,,,,,,,,,,,,,,,,,,,,,,"29.89","56","74","0.00",,,,"54","29.88","CLR:00","29.69","10.00","63","250",,"3",,,,,,,,,,,,,,,,,,,,,,,,,,,,,,,,,,,,,"MET09008/11/20 13:52:02 METAR KCQT 112152Z 25003KT 10SM CLR 23/13 A2989 RMK AO2 SLP120 T02330133","FM-15","7",,,,,,,,,,,,,,,,,,,,,,,,,,,"2006-02-03"
"72287493134","2020-08-11T14:52:00","FM-15","6",,,"3.89","mi",,,,,,,"PENDING COOP",,,,,,,,,,,,,,,,,,,,,,,,,,,,"29.88","54","75","0.00",,,,"48","29.87","CLR:00","29.68","10.00","63",,,,,,,,,,,,,,,,,,,,,,,,,,,,,,,,,,,,,,,,"MET09008/11/20 14:52:02 METAR KCQT 112252Z      KT 10SM CLR 24/12 A2988 RMK AO2 SLP115 T02390122","FM-15","6",,,,,,,,,,,,,,,,,,,,,,,,,,,"2006-02-03"
"72287493134","2020-08-11T15:52:00","FM-15","7",,,"3.89","mi",,,,,,,"PENDING COOP",,,,,,,,,,,,,,,,,,,,,,,,,,,,"29.87","56","75","0.00",,"+0.05","6","52","29.86","CLR:00","29.67","10.00","64","260",,"6",,,,,,,,,,,,,,,,,,,,,,,,,,,,,,,,,,,,,"MET10808/11/20 15:52:02 METAR KCQT 112352Z 26005KT 10SM CLR 24/13 A2987 RMK AO2 SLP111 T02390133 10250 20217 56018","FM-15","7",,,,,,,,,,,,,,,,,,,,,,,,,,,"2006-02-03"
"72287493134","2020-08-11T16:52:00","FM-15","7",,,"3.89","mi",,,,,,,"PENDING COOP",,,,,,,,,,,,,,,,,,,,,,,,,,,,"29.85","56","74","0.00",,,,"54","29.85","CLR:00","29.65","10.00","63","VRB",,"6",,,,,,,,,,,,,,,,,,,,,,,,,,,,,,,,,,,,,"MET09008/11/20 16:52:01 METAR KCQT 120052Z VRB05KT 10SM CLR 23/13 A2985 RMK AO2 SLP108 T02330133","FM-15","7",,,,,,,,,,,,,,,,,,,,,,,,,,,"2006-02-03"
"72287493134","2020-08-11T17:52:00","FM-15","7",,,"3.89","mi",,,,,,,"PENDING COOP",,,,,,,,,,,,,,,,,,,,,,,,,,,,"29.85","56","71","0.00",,,,"59","29.84","CLR:00","29.65","10.00","62","280",,"6",,,,,,,,,,,,,,,,,,,,,,,,,,,,,,,,,,,,,"MET09008/11/20 17:52:01 METAR KCQT 120152Z 28005KT 10SM CLR 22/13 A2985 RMK AO2 SLP106 T02170133","FM-15","7",,,,,,,,,,,,,,,,,,,,,,,,,,,"2006-02-03"
"72287493134","2020-08-11T18:52:00","FM-15","7",,,"3.89","mi",,,,,,,"PENDING COOP",,,,,,,,,,,,,,,,,,,,,,,,,,,,"29.85","56","67","0.00",,"+0.01","5","68","29.85","CLR:00","29.65","10.00","61","000",,"0",,,,,,,,,,,,,,,,,,,,,,,,,,,,,,,,,,,,,"MET09608/11/20 18:52:01 METAR KCQT 120252Z 00000KT 10SM CLR 19/13 A2985 RMK AO2 SLP107 T01940133 55004","FM-15","7",,,,,,,,,,,,,,,,,,,,,,,,,,,"2006-02-03"
"72287493134","2020-08-11T19:52:00","FM-15","7",,,"3.89","mi",,,,,,,"PENDING COOP",,,,,,,,,,,,,,,,,,,,,,,,,,,,"29.88","57","65","0.00",,,,"76","29.87","CLR:00","29.68","10.00","60","VRB",,"3",,,,,,,,,,,,,,,,,,,,,,,,,,,,,,,,,,,,,"MET09008/11/20 19:52:01 METAR KCQT 120352Z VRB03KT 10SM CLR 18/14 A2988 RMK AO2 SLP116 T01830139","FM-15","7",,,,,,,,,,,,,,,,,,,,,,,,,,,"2006-02-03"
"72287493134","2020-08-11T20:52:00","FM-15","7",,,"3.89","mi",,,,,,,"PENDING COOP",,,,,,,,,,,,,,,,,,,,,,,,,,,,"29.90","57","64","0.00",,,,"78","29.89","CLR:00","29.70","10.00","60","000",,"0",,,,,,,,,,,,,,,,,,,,,,,,,,,,,,,,,,,,,"MET09008/11/20 20:52:01 METAR KCQT 120452Z 00000KT 10SM CLR 18/14 A2990 RMK AO2 SLP122 T01780139","FM-15","7",,,,,,,,,,,,,,,,,,,,,,,,,,,"2006-02-03"
"72287493134","2020-08-11T21:52:00","FM-15","7",,,"3.89","mi",,,,,,,"PENDING COOP",,,,,,,,,,,,,,,,,,,,,,,,,,,,"29.90","57","64","0.00",,"-0.05","1","78","29.89","CLR:00","29.70","10.00","60","000",,"0",,,,,,,,,,,,,,,,,,,,,,,,,,,,,,,,,,,,,"MET10808/11/20 21:52:01 METAR KCQT 120552Z 00000KT 10SM CLR 18/14 A2990 RMK AO2 SLP123 T01780139 10244 20178 51016","FM-15","7",,,,,,,,,,,,,,,,,,,,,,,,,,,"2006-02-03"
"72287493134","2020-08-11T22:52:00","FM-15","7",,,"3.89","mi",,,,,,,"PENDING COOP",,,,,,,,,,,,,,,,,,,,,,,,,,,,"29.90","57","63","0.00",,,,"81","29.89","CLR:00","29.70","10.00","60","000",,"0",,,,,,,,,,,,,,,,,,,,,,,,,,,,,,,,,,,,,"MET09008/11/20 22:52:01 METAR KCQT 120652Z 00000KT 10SM CLR 17/14 A2990 RMK AO2 SLP122 T01720139","FM-15","7",,,,,,,,,,,,,,,,,,,,,,,,,,,"2006-02-03"
"72287493134","2020-08-11T23:52:00","FM-15","7",,,"3.89","mi",,,,,,,"PENDING COOP",,,,,,,,,,,,,,,,,,,,,,,,,,,,"29.90","57","63","0.00",,,,"81","29.89","CLR:00","29.70","10.00","60","000",,"0",,,,,,,,,,,,,,,,,,,,,,,,,,,,,,,,,,,,,"MET10008/11/20 23:52:01 METAR KCQT 120752Z 00000KT 10SM CLR 17/14 A2990 RMK AO2 SLP122 T01720139 402500161","FM-15","7",,,,,,,,,,,,,,,,,,,,,,,,,,,"2006-02-03"
"72287493134","2020-08-11T23:59:00","SOD  ","6",,,"3.89","mi",,,,,,,"PENDING COOP",,,,,,"57","69","69","29.89","29.70","61","1.6","4","-5.1","0","77","61","260","14","0.00",,,"260","8","HZ",,,,,,,,,,,,,,,,,,,,,,,,,,,,,,,,,,,,,,,,,,,,,,,,,,,,,,,"SOD75724 HR PRECIPITATION (IN): 0.00 SNOW DEPTH (IN):0     24 HR SNOWFALL (IN):0.0  WEATHER(CODE):18  24 HR MAX TEMP (F): 7724 HR MIN TEMP (F): 61AVERAGE STATION PRESSURE:29.695 MINIMUM SEA LEVEL PRESSURE:29.84 TIME OF OCCURRENCE:1849 PEAK WIND SPEED (MPH): 14 PEAK WIND DIR (DEG):260 PEAK WIND TIME (LST):      FASTEST 2MIN SPEED (MPH):  8FASTEST 2MIN DIR (DEG):260 FASTEST 2MIN TIME (LST):     AVERAGE WIND SPEED (MPH): 1.6 24 HR AVG TEMP (F): 69DEPART FROM NORMAL: -5  HEATING DEGREE DAYS:  0 COOLING DEGREE DAYS:  4 LATEST DAY MAX TEMP (0700-1900 LST):77  LATEST NIGHT MIN TEMP(1900-0800 LST):61 HOURLY INCREMENTAL PRECIPITATION VALUES (IN):.00 0.00 0.00 0.00 0.00 0.00 0.00 0.00 0.00 0.00 0.00 0.00 0.00 0.00 0.00 0.00 0.00 0.00 0.00 0.00 0.00 0.00 0.00 0.00","SOD  ","6",,,,,,,,,,,,,,,,,,,,,,,,,"0512","1843","2006-02-03"
"72287493134","2020-08-12T00:52:00","FM-15","7",,,"3.89","mi",,,,,,,"PENDING COOP",,,,,,,,,,,,,,,,,,,,,,,,,,,,"29.88","56","62","0.00",,"+0.02","8","80","29.87","CLR:00","29.68","10.00","59","000",,"0",,,,,,,,,,,,,,,,,,,,,,,,,,,,,,,,,,,,,"MET09608/12/20 00:52:02 METAR KCQT 120852Z 00000KT 10SM CLR 17/13 A2988 RMK AO2 SLP116 T01670133 58007","FM-15","7",,,,,,,,,,,,,,,,,,,,,,,,,,,"2006-02-03"
"72287493134","2020-08-12T01:52:00","FM-15","7",,,"3.89","mi",,,,,,,"PENDING COOP",,,,,,,,,,,,,,,,,,,,,,,,,,,,"29.87","56","62","0.00",,,,"80","29.87","CLR:00","29.67","10.00","59","000",,"0",,,,,,,,,,,,,,,,,,,,,,,,,,,,,,,,,,,,,"MET09008/12/20 01:52:02 METAR KCQT 120952Z 00000KT 10SM CLR 17/13 A2987 RMK AO2 SLP114 T01670133","FM-15","7",,,,,,,,,,,,,,,,,,,,,,,,,,,"2006-02-03"
"72287493134","2020-08-12T02:52:00","FM-15","7",,,"3.89","mi",,,,,,,"PENDING COOP",,,,,,,,,,,,,,,,,,,,,,,,,,,,"29.88","56","62","0.00",,,,"80","29.87","CLR:00","29.68","10.00","59","000",,"0",,,,,,,,,,,,,,,,,,,,,,,,,,,,,,,,,,,,,"MET09008/12/20 02:52:02 METAR KCQT 121052Z 00000KT 10SM CLR 17/13 A2988 RMK AO2 SLP115 T01670133","FM-15","7",,,,,,,,,,,,,,,,,,,,,,,,,,,"2006-02-03"
"72287493134","2020-08-12T03:52:00","FM-15","7",,,"3.89","mi",,,,,,,"PENDING COOP",,,,,,,,,,,,,,,,,,,,,,,,,,,,"29.87","55","60","0.00",,"+0.01","6","84","29.87","CLR:00","29.67","10.00","57","000",,"0",,,,,,,,,,,,,,,,,,,,,,,,,,,,,,,,,,,,,"MET10808/12/20 03:52:02 METAR KCQT 121152Z 00000KT 10SM CLR 16/13 A2987 RMK AO2 SLP114 T01560128 10178 20156 56002","FM-15","7",,,,,,,,,,,,,,,,,,,,,,,,,,,"2006-02-03"
"72287493134","2020-08-12T04:52:00","FM-15","7",,,"3.89","mi",,,,,,,"PENDING COOP",,,,,,,,,,,,,,,,,,,,,,,,,,,,"29.88","55","61","0.00",,,,"81","29.87","CLR:00","29.68","10.00","58","000",,"0",,,,,,,,,,,,,,,,,,,,,,,,,,,,,,,,,,,,,"MET09008/12/20 04:52:02 METAR KCQT 121252Z 00000KT 10SM CLR 16/13 A2988 RMK AO2 SLP115 T01610128","FM-15","7",,,,,,,,,,,,,,,,,,,,,,,,,,,"2006-02-03"
"72287493134","2020-08-12T05:52:00","FM-15","7",,,"3.89","mi",,,,,,,"PENDING COOP",,,,,,,,,,,,,,,,,,,,,,,,,,,,"29.89","55","62","0.00",,,,"78","29.88","CLR:00","29.69","9.00","58","000",,"0",,,,,,,,,,,,,,,,,,,,,,,,,,,,,,,,,,,,,"MET09308/12/20 05:52:02 METAR KCQT 121352Z 00000KT 9SM CLR 17/13 A2989 RMK AO2 SLP119 T01670128 RTX","FM-15","7",,,,,,,,,,,,,,,,,,,,,,,,,,,"2006-02-03"
"72287493134","2020-08-12T06:52:00","FM-15","7",,,"3.89","mi",,,,,,,"PENDING COOP",,,,,,,,,,,,,,,,,,,,,,,,,,,,"29.90","57","68","0.00",,"-0.02","3","68","29.89","CLR:00","29.70","9.00","62","000",,"0",,,,,,,,,,,,,,,,,,,,,,,,,,,,,,,,,,,,,"MET09508/12/20 06:52:02 METAR KCQT 121452Z 00000KT 9SM CLR 20/14 A2990 RMK AO2 SLP123 T02000139 53008","FM-15","7",,,,,,,,,,,,,,,,,,,,,,,,,,,"2006-02-03"
"72287493134","2020-08-12T07:52:00","FM-15","7",,,"3.89","mi",,,,,,,"PENDING COOP",,,,,,,,,,,,,,,,,,,,,,,,,,,,"29.91","57","73","0.00",,,,"57","29.90","CLR:00","29.71","10.00","63","000",,"0",,,,,,,,,,,,,,,,,,,,,,,,,,,,,,,,,,,,,"MET09008/12/20 07:52:02 METAR KCQT 121552Z 00000KT 10SM CLR 23/14 A2991 RMK AO2 SLP124 T02280139","FM-15","7",,,,,,,,,,,,,,,,,,,,,,,,,,,"2006-02-03"
"72287493134","2020-08-12T08:52:00","FM-15","7",,,"3.89","mi",,,,,,,"PENDING COOP",,,,,,,,,,,,,,,,,,,,,,,,,,,,"29.90","57","77","0.00",,,,"50","29.89","CLR:00","29.70","10.00","65","000",,"0",,,,,,,,,,,,,,,,,,,,,,,,,,,,,,,,,,,,,"MET09008/12/20 08:52:02 METAR KCQT 121652Z 00000KT 10SM CLR 25/14 A2990 RMK AO2 SLP123 T02500139","FM-15","7",,,,,,,,,,,,,,,,,,,,,,,,,,,"2006-02-03"
"72287493134","2020-08-12T09:52:00","FM-15","7",,,"3.89","mi",,,,,,,"PENDING COOP",,,,,,,,,,,,,,,,,,,,,,,,,,,,"29.90","57","83","0.00",,"+0.00","8","41","29.89","CLR:00","29.70","10.00","67","000",,"0",,,,,,,,,,,,,,,,,,,,,,,,,,,,,,,,,,,,,"MET10808/12/20 09:52:02 METAR KCQT 121752Z 00000KT 10SM CLR 28/14 A2990 RMK AO2 SLP121 T02830139 10283 20156 58000","FM-15","7",,,,,,,,,,,,,,,,,,,,,,,,,,,"2006-02-03"
"72287493134","2020-08-12T10:52:00","FM-15","7",,,"3.89","mi",,,,,,,"PENDING COOP",,,,,,,,,,,,,,,,,,,,,,,,,,,,"29.89","60","84","0.00",,,,"44","29.88","CLR:00","29.69","10.00","69","260",,"5",,,,,,,,,,,,,,,,,,,,,,,,,,,,,,,,,,,,,"MET09008/12/20 10:52:02 METAR KCQT 121852Z 26004KT 10SM CLR 29/16 A2989 RMK AO2 SLP119 T02890156","FM-15","7",,,,,,,,,,,,,,,,,,,,,,,,,,,"2006-02-03"
"72287493134","2020-08-12T11:52:00","FM-15","7",,,"3.89","mi",,,,,,,"PENDING COOP",,,,,,,,,,,,,,,,,,,,,,,,,,,,"29.88","57","85","0.00",,,,"39","29.87","CLR:00","29.68","10.00","68","000",,"0",,,,,,,,,,,,,,,,,,,,,,,,,,,,,,,,,,,,,"MET09008/12/20 11:52:02 METAR KCQT 121952Z 00000KT 10SM CLR 29/14 A2988 RMK AO2 SLP114 T02940139","FM-15","7",,,,,,,,,,,,,,,,,,,,,,,,,,,"2006-02-03"
"72287493134","2020-08-12T12:52:00","FM-15","7",,,"3.89","mi",,,,,,,"PENDING COOP",,,,,,,,,,,,,,,,,,,,,,,,,,,,"29.87","54","82","0.00",,"+0.03","8","38","29.86","CLR:00","29.67","10.00","65","VRB",,"5",,,,,,,,,,,,,,,,,,,,,,,,,,,,,,,,,,,,,"MET09608/12/20 12:52:02 METAR KCQT 122052Z VRB04KT 10SM CLR 28/12 A2987 RMK AO2 SLP112 T02780122 58010","FM-15","7",,,,,,,,,,,,,,,,,,,,,,,,,,,"2006-02-03"
"72287493134","2020-08-12T13:52:00","FM-15","6",,,"3.89","mi",,,,,,,"PENDING COOP",,,,,,,,,,,,,,,,,,,,,,,,,,,,"29.86","53","81","0.00",,,,"38","29.85","CLR:00","29.66","10.00","64","VRB",,"6",,,,,,,,,,,,,,,,,,,,,,,,,,,,,,,,,,,,,"MET09008/12/20 13:52:02 METAR KCQT 122152Z VRB05KT 10SM CLR 27/12 A2986 RMK AO2 SLP109 T02720117","FM-15","6",,,,,,,,,,,,,,,,,,,,,,,,,,,"2006-02-03"
"72287493134","2020-08-12T14:52:00","FM-15","6",,,"3.89","mi",,,,,,,"PENDING COOP",,,,,,,,,,,,,,,,,,,,,,,,,,,,"29.86","56","79","0.00",,,,"45","29.85","CLR:00","29.66","10.00","65","000",,"0",,,,,,,,,,,,,,,,,,,,,,,,,,,,,,,,,,,,,"MET09008/12/20 14:52:02 METAR KCQT 122252Z 00000KT 10SM CLR 26/13 A2986 RMK AO2 SLP108 T02610133","FM-15","6",,,,,,,,,,,,,,,,,,,,,,,,,,,"2006-02-03"
"72287493134","2020-08-12T15:52:00","FM-15","6",,,"3.89","mi",,,,,,,"PENDING COOP",,,,,,,,,,,,,,,,,,,,,,,,,,,,"29.85","55","77","0.00",,"+0.01","6","47","29.85","CLR:00","29.65","10.00","64","260",,"3",,,,,,,,,,,,,,,,,,,,,,,,,,,,,,,,,,,,,"MET10808/12/20 15:52:02 METAR KCQT 122352Z 26003KT 10SM CLR 25/13 A2985 RMK AO2 SLP107 T02500128 10300 20250 56005","FM-15","6",,,,,,,,,,,,,,,,,,,,,,,,,,,"2006-02-03"
"72287493134","2020-08-12T16:52:00","FM-15","7",,,"3.89","mi",,,,,,,"PENDING COOP",,,,,,,,,,,,,,,,,,,,,,,,,,,,"29.84","55","78","0.00",,,,"45","29.83","CLR:00","29.64","10.00","64","VRB",,"5",,,,,,,,,,,,,,,,,,,,,,,,,,,,,,,,,,,,,"MET09008/12/20 16:52:01 METAR KCQT 130052Z VRB04KT 10SM CLR 26/13 A2984 RMK AO2 SLP103 T02560128","FM-15","7",,,,,,,,,,,,,,,,,,,,,,,,,,,"2006-02-03"
"72287493134","2020-08-12T17:52:00","FM-15","7",,,"3.89","mi",,,,,,,"PENDING COOP",,,,,,,,,,,,,,,,,,,,,,,,,,,,"29.85","56","75","0.00",,,,"52","29.84","CLR:00","29.65","10.00","64","260",,"6",,,,,,,,,,,,,,,,,,,,,,,,,,,,,,,,,,,,,"MET09008/12/20 17:52:01 METAR KCQT 130152Z 26005KT 10SM CLR 24/13 A2985 RMK AO2 SLP104 T02390133","FM-15","7",,,,,,,,,,,,,,,,,,,,,,,,,,,"2006-02-03"
"72287493134","2020-08-12T18:52:00","FM-15","7",,,"3.89","mi",,,,,,,"PENDING COOP",,,,,,,,,,,,,,,,,,,,,,,,,,,,"29.85","56","71","0.00",,"+0.01","5","59","29.84","CLR:00","29.65","10.00","62","280",,"3",,,,,,,,,,,,,,,,,,,,,,,,,,,,,,,,,,,,,"MET09608/12/20 18:52:01 METAR KCQT 130252Z 28003KT 10SM CLR 22/13 A2985 RMK AO2 SLP105 T02170133 55002","FM-15","7",,,,,,,,,,,,,,,,,,,,,,,,,,,"2006-02-03"
"72287493134","2020-08-12T19:52:00","FM-15","7",,,"3.89","mi",,,,,,,"PENDING COOP",,,,,,,,,,,,,,,,,,,,,,,,,,,,"29.88","57","70","0.00",,,,"64","29.87","CLR:00","29.68","10.00","62","000",,"0",,,,,,,,,,,,,,,,,,,,,,,,,,,,,,,,,,,,,"MET09008/12/20 19:52:01 METAR KCQT 130352Z 00000KT 10SM CLR 21/14 A2988 RMK AO2 SLP114 T02110139","FM-15","7",,,,,,,,,,,,,,,,,,,,,,,,,,,"2006-02-03"
"72287493134","2020-08-12T20:52:00","FM-15","7",,,"3.89","mi",,,,,,,"PENDING COOP",,,,,,,,,,,,,,,,,,,,,,,,,,,,"29.90","58","69","0.00",,,,"68","29.89","CLR:00","29.70","10.00","62","000",,"0",,,,,,,,,,,,,,,,,,,,,,,,,,,,,,,,,,,,,"MET09008/12/20 20:52:01 METAR KCQT 130452Z 00000KT 10SM CLR 21/14 A2990 RMK AO2 SLP121 T02060144","FM-15","7",,,,,,,,,,,,,,,,,,,,,,,,,,,"2006-02-03"
"72287493134","2020-08-12T21:52:00","FM-15","7",,,"3.89","mi",,,,,,,"PENDING COOP",,,,,,,,,,,,,,,,,,,,,,,,,,,,"29.91","59","68","0.00",,"-0.06","1","73","29.90","CLR:00","29.71","10.00","63","000",,"0",,,,,,,,,,,,,,,,,,,,,,,,,,,,,,,,,,,,,"MET10808/12/20 21:52:01 METAR KCQT 130552Z 00000KT 10SM CLR 20/15 A2991 RMK AO2 SLP125 T02000150 10261 20200 51020","FM-15","7",,,,,,,,,,,,,,,,,,,,,,,,,,,"2006-02-03"
"72287493134","2020-08-12T22:52:00","FM-15","7",,,"3.89","mi",,,,,,,"PENDING COOP",,,,,,,,,,,,,,,,,,,,,,,,,,,,"29.90","57","68","0.00",,,,"68","29.89","CLR:00","29.70","10.00","62","000",,"0",,,,,,,,,,,,,,,,,,,,,,,,,,,,,,,,,,,,,"MET09008/12/20 22:52:01 METAR KCQT 130652Z 00000KT 10SM CLR 20/14 A2990 RMK AO2 SLP123 T02000139","FM-15","7",,,,,,,,,,,,,,,,,,,,,,,,,,,"2006-02-03"
"72287493134","2020-08-12T23:52:00","FM-15","7",,,"3.89","mi",,,,,,,"PENDING COOP",,,,,,,,,,,,,,,,,,,,,,,,,,,,"29.92","57","67","0.00",,,,"71","29.91","CLR:00","29.72","10.00","61","000",,"0",,,,,,,,,,,,,,,,,,,,,,,,,,,,,,,,,,,,,"MET10008/12/20 23:52:01 METAR KCQT 130752Z 00000KT 10SM CLR 19/14 A2992 RMK AO2 SLP128 T01940139 403000156","FM-15","7",,,,,,,,,,,,,,,,,,,,,,,,,,,"2006-02-03"
"72287493134","2020-08-12T23:59:00","SOD  ","6",,,"3.89","mi",,,,,,,"PENDING COOP",,,,,,"56","73","60","29.87","29.68","63","1.3","8","-1.2","0","86","60","270","13","0.00",,,"260","8",,,,,,,,,,,,,,,,,,,,,,,,,,,,,,,,,,,,,,,,,,,,,,,,,,,,,,,,"SOD73924 HR PRECIPITATION (IN): 0.00 SNOW DEPTH (IN):0     24 HR SNOWFALL (IN):0.0  24 HR MAX TEMP (F): 8624 HR MIN TEMP (F): 60AVERAGE STATION PRESSURE:29.680 MINIMUM SEA LEVEL PRESSURE:29.83 TIME OF OCCURRENCE:1740 PEAK WIND SPEED (MPH): 13 PEAK WIND DIR (DEG):270 PEAK WIND TIME (LST):      FASTEST 2MIN SPEED (MPH):  8FASTEST 2MIN DIR (DEG):260 FASTEST 2MIN TIME (LST):     AVERAGE WIND SPEED (MPH): 1.3 24 HR AVG TEMP (F): 73DEPART FROM NORMAL: -1  HEATING DEGREE DAYS:  0 COOLING DEGREE DAYS:  8 LATEST DAY MAX TEMP (0700-1900 LST):86  LATEST NIGHT MIN TEMP(1900-0800 LST):60 HOURLY INCREMENTAL PRECIPITATION VALUES (IN):.00 0.00 0.00 0.00 0.00 0.00 0.00 0.00 0.00 0.00 0.00 0.00 0.00 0.00 0.00 0.00 0.00 0.00 0.00 0.00 0.00 0.00 0.00 0.00","SOD  ","6",,,,,,,,,,,,,,,,,,,,,,,,,"0513","1842","2006-02-03"
"72287493134","2020-08-13T00:52:00","FM-15","7",,,"3.89","mi",,,,,,,"PENDING COOP",,,,,,,,,,,,,,,,,,,,,,,,,,,,"29.91","57","68","0.00",,"+0.00","8","68","29.90","CLR:00","29.71","10.00","62","000",,"0",,,,,,,,,,,,,,,,,,,,,,,,,,,,,,,,,,,,,"MET09608/13/20 00:52:02 METAR KCQT 130852Z 00000KT 10SM CLR 20/14 A2991 RMK AO2 SLP124 T02000139 58001","FM-15","7",,,,,,,,,,,,,,,,,,,,,,,,,,,"2006-02-03"
"72287493134","2020-08-13T01:52:00","FM-15","7",,,"3.89","mi",,,,,,,"PENDING COOP",,,,,,,,,,,,,,,,,,,,,,,,,,,,"29.90","57","67","0.00",,,,"71","29.89","CLR:00","29.70","10.00","61","000",,"0",,,,,,,,,,,,,,,,,,,,,,,,,,,,,,,,,,,,,"MET09008/13/20 01:52:02 METAR KCQT 130952Z 00000KT 10SM CLR 19/14 A2990 RMK AO2 SLP121 T01940139","FM-15","7",,,,,,,,,,,,,,,,,,,,,,,,,,,"2006-02-03"
"72287493134","2020-08-13T02:52:00","FM-15","7",,,"3.89","mi",,,,,,,"PENDING COOP",,,,,,,,,,,,,,,,,,,,,,,,,,,,"29.88","58","68","0.00",,,,"70","29.87","CLR:00","29.68","10.00","62","000",,"0",,,,,,,,,,,,,,,,,,,,,,,,,,,,,,,,,,,,,"MET09008/13/20 02:52:02 METAR KCQT 131052Z 00000KT 10SM CLR 20/14 A2988 RMK AO2 SLP116 T02000144","FM-15","7",,,,,,,,,,,,,,,,,,,,,,,,,,,"2006-02-03"
"72287493134","2020-08-13T03:52:00","FM-15","7",,,"3.89","mi",,,,,,,"PENDING COOP",,,,,,,,,,,,,,,,,,,,,,,,,,,,"29.88","58","69","0.00",,"+0.03","6","68","29.87","CLR:00","29.68","10.00","62","000",,"0",,,,,,,,,,,,,,,,,,,,,,,,,,,,,,,,,,,,,"MET10808/13/20 03:52:02 METAR KCQT 131152Z 00000KT 10SM CLR 21/14 A2988 RMK AO2 SLP115 T02060144 10206 20189 56009","FM-15","7",,,,,,,,,,,,,,,,,,,,,,,,,,,"2006-02-03"
"72287493134","2020-08-13T04:52:00","FM-15","7",,,"3.89","mi",,,,,,,"PENDING COOP",,,,,,,,,,,,,,,,,,,,,,,,,,,,"29.88","57","70","0.00",,,,"64","29.87","CLR:00","29.68","10.00","62","000",,"0",,,,,,,,,,,,,,,,,,,,,,,,,,,,,,,,,,,,,"MET09008/13/20 04:52:02 METAR KCQT 131252Z 00000KT 10SM CLR 21/14 A2988 RMK AO2 SLP115 T02110139","FM-15","7",,,,,,,,,,,,,,,,,,,,,,,,,,,"2006-02-03"
"72287493134","2020-08-13T05:52:00","FM-15","7",,,"3.89","mi",,,,,,,"PENDING COOP",,,,,,,,,,,,,,,,,,,,,,,,,,,,"29.89","58","69","0.00",,,,"68","29.88","CLR:00","29.69","10.00","62","000",,"0",,,,,,,,,,,,,,,,,,,,,,,,,,,,,,,,,,,,,"MET09008/13/20 05:52:02 METAR KCQT 131352Z 00000KT 10SM CLR 21/14 A2989 RMK AO2 SLP118 T02060144","FM-15","7",,,,,,,,,,,,,,,,,,,,,,,,,,,"2006-02-03"
"72287493134","2020-08-13T06:52:00","FM-15","7",,,"3.89","mi",,,,,,,"PENDING COOP",,,,,,,,,,,,,,,,,,,,,,,,,,,,"29.90","58","70","0.00",,"-0.02","3","66","29.89","CLR:00","29.70","10.00","63","000",,"0",,,,,,,,,,,,,,,,,,,,,,,,,,,,,,,,,,,,,"MET09608/13/20 06:52:02 METAR KCQT 131452Z 00000KT 10SM CLR 21/14 A2990 RMK AO2 SLP121 T02110144 53006","FM-15","7",,,,,,,,,,,,,,,,,,,,,,,,,,,"2006-02-03"
"72287493134","2020-08-13T07:52:00","FM-15","7",,,"3.89","mi",,,,,,,"PENDING COOP",,,,,,,,,,,,,,,,,,,,,,,,,,,,"29.91","57","73","0.00",,,,"57","29.90","CLR:00","29.71","10.00","63","000",,"0",,,,,,,,,,,,,,,,,,,,,,,,,,,,,,,,,,,,,"MET09008/13/20 07:52:02 METAR KCQT 131552Z 00000KT 10SM CLR 23/14 A2991 RMK AO2 SLP124 T02280139","FM-15","7",,,,,,,,,,,,,,,,,,,,,,,,,,,"2006-02-03"
"72287493134","2020-08-13T08:52:00","FM-15","7",,,"3.89","mi",,,,,,,"PENDING COOP",,,,,,,,,,,,,,,,,,,,,,,,,,,,"29.90","57","80","0.00",,,,"45","29.89","CLR:00","29.70","10.00","66","000",,"0",,,,,,,,,,,,,,,,,,,,,,,,,,,,,,,,,,,,,"MET09008/13/20 08:52:02 METAR KCQT 131652Z 00000KT 10SM CLR 27/14 A2990 RMK AO2 SLP122 T02670139","FM-15","7",,,,,,,,,,,,,,,,,,,,,,,,,,,"2006-02-03"
"72287493134","2020-08-13T09:52:00","FM-15","7",,,"3.89","mi",,,,,,,"PENDING COOP",,,,,,,,,,,,,,,,,,,,,,,,,,,,"29.90","54","83","0.00",,"-0.00","0","37","29.89","CLR:00","29.70","10.00","65","000",,"0",,,,,,,,,,,,,,,,,,,,,,,,,,,,,,,,,,,,,"MET10808/13/20 09:52:02 METAR KCQT 131752Z 00000KT 10SM CLR 28/12 A2990 RMK AO2 SLP121 T02830122 10283 20206 50000","FM-15","7",,,,,,,,,,,,,,,,,,,,,,,,,,,"2006-02-03"
"72287493134","2020-08-13T10:52:00","FM-15","7",,,"3.89","mi",,,,,,,"PENDING COOP",,,,,,,,,,,,,,,,,,,,,,,,,,,,"29.88","59","83","0.00",,,,"44","29.87","CLR:00","29.68","10.00","68","000",,"0",,,,,,,,,,,,,,,,,,,,,,,,,,,,,,,,,,,,,"MET09008/13/20 10:52:02 METAR KCQT 131852Z 00000KT 10SM CLR 28/15 A2988 RMK AO2 SLP116 T02830150","FM-15","7",,,,,,,,,,,,,,,,,,,,,,,,,,,"2006-02-03"
"72287493134","2020-08-13T11:52:00","FM-15","7",,,"3.89","mi",,,,,,,"PENDING COOP",,,,,,,,,,,,,,,,,,,,,,,,,,,,"29.87","56","87","0.00",,,,"35","29.86","CLR:00","29.67","10.00","68","VRB",,"3",,,,,,,,,,,,,,,,,,,,,,,,,,,,,,,,,,,,,"MET09008/13/20 11:52:02 METAR KCQT 131952Z VRB03KT 10SM CLR 31/13 A2987 RMK AO2 SLP112 T03060133","FM-15","7",,,,,,,,,,,,,,,,,,,,,,,,,,,"2006-02-03"
"72287493134","2020-08-13T12:52:00","FM-15","7",,,"3.89","mi",,,,,,,"PENDING COOP",,,,,,,,,,,,,,,,,,,,,,,,,,,,"29.88","51","82","0.00",,"+0.01","5","34","29.88","CLR:00","29.68","10.00","64","270",,"8",,,,,,,,,,,,,,,,,,,,,,,,,,,,,,,,,,,,,"MET09608/13/20 12:52:02 METAR KCQT 132052Z 27007KT 10SM CLR 28/11 A2988 RMK AO2 SLP117 T02780106 55004","FM-15","7",,,,,,,,,,,,,,,,,,,,,,,,,,,"2006-02-03"
"72287493134","2020-08-13T13:52:00","FM-15","7",,,"3.89","mi",,,,,,,"PENDING COOP",,,,,,,,,,,,,,,,,,,,,,,,,,,,"29.86","51","84","0.00",,,,"32","29.85","CLR:00","29.66","10.00","64","000",,"0",,,,,,,,,,,,,,,,,,,,,,,,,,,,,,,,,,,,,"MET09008/13/20 13:52:02 METAR KCQT 132152Z 00000KT 10SM CLR 29/11 A2986 RMK AO2 SLP109 T02890106","FM-15","7",,,,,,,,,,,,,,,,,,,,,,,,,,,"2006-02-03"
"72287493134","2020-08-13T14:52:00","FM-15","7",,,"3.89","mi",,,,,,,"PENDING COOP",,,,,,,,,,,,,,,,,,,,,,,,,,,,"29.84","49","85","0.00",,,,"29","29.83","CLR:00","29.64","10.00","64","VRB",,"3",,,,,,,,,,,,,,,,,,,,,,,,,,,,,,,,,,,,,"MET09008/13/20 14:52:02 METAR KCQT 132252Z VRB03KT 10SM CLR 29/09 A2984 RMK AO2 SLP103 T02940094","FM-15","7",,,,,,,,,,,,,,,,,,,,,,,,,,,"2006-02-03"
"72287493134","2020-08-13T15:52:00","FM-15","7",,,"3.89","mi",,,,,,,"PENDING COOP",,,,,,,,,,,,,,,,,,,,,,,,,,,,"29.83","52","85","0.00",,"+0.06","6","32","29.81","CLR:00","29.63","10.00","65","VRB",,"3",,,,,,,,,,,,,,,,,,,,,,,,,,,,,,,,,,,,,"MET10808/13/20 15:52:02 METAR KCQT 132352Z VRB03KT 10SM CLR 29/11 A2983 RMK AO2 SLP096 T02940111 10311 20272 56019","FM-15","7",,,,,,,,,,,,,,,,,,,,,,,,,,,"2006-02-03"
"72287493134","2020-08-13T16:52:00","FM-15","7",,,"3.89","mi",,,,,,,"PENDING COOP",,,,,,,,,,,,,,,,,,,,,,,,,,,,"29.82","48","85","0.00",,,,"28","29.81","CLR:00","29.62","10.00","63","270",,"9",,,,,,,,,,,,,,,,,,,,,,,,,,,,,,,,,,,,,"MET09008/13/20 16:52:01 METAR KCQT 140052Z 27008KT 10SM CLR 29/09 A2982 RMK AO2 SLP094 T02940089","FM-15","7",,,,,,,,,,,,,,,,,,,,,,,,,,,"2006-02-03"
"72287493134","2020-08-13T17:52:00","FM-15","7",,,"3.89","mi",,,,,,,"PENDING COOP",,,,,,,,,,,,,,,,,,,,,,,,,,,,"29.81","53","81","0.00",,,,"38","29.80","CLR:00","29.61","10.00","64","000",,"0",,,,,,,,,,,,,,,,,,,,,,,,,,,,,,,,,,,,,"MET09008/13/20 17:52:01 METAR KCQT 140152Z 00000KT 10SM CLR 27/12 A2981 RMK AO2 SLP093 T02720117","FM-15","7",,,,,,,,,,,,,,,,,,,,,,,,,,,"2006-02-03"
"72287493134","2020-08-13T18:52:00","FM-15","7",,,"3.89","mi",,,,,,,"PENDING COOP",,,,,,,,,,,,,,,,,,,,,,,,,,,,"29.83","57","75","0.00",,"-0.00","3","54","29.82","CLR:00","29.63","10.00","64","260",,"3",,,,,,,,,,,,,,,,,,,,,,,,,,,,,,,,,,,,,"MET09608/13/20 18:52:02 METAR KCQT 140252Z 26003KT 10SM CLR 24/14 A2983 RMK AO2 SLP098 T02390139 53000","FM-15","7",,,,,,,,,,,,,,,,,,,,,,,,,,,"2006-02-03"
"72287493134","2020-08-13T19:52:00","FM-15","7",,,"3.89","mi",,,,,,,"PENDING COOP",,,,,,,,,,,,,,,,,,,,,,,,,,,,"29.83","58","74","0.00",,,,"57","29.82","CLR:00","29.63","10.00","64","000",,"0",,,,,,,,,,,,,,,,,,,,,,,,,,,,,,,,,,,,,"MET09008/13/20 19:52:02 METAR KCQT 140352Z 00000KT 10SM CLR 23/14 A2983 RMK AO2 SLP099 T02330144","FM-15","7",,,,,,,,,,,,,,,,,,,,,,,,,,,"2006-02-03"
"72287493134","2020-08-13T20:52:00","FM-15","7",,,"3.89","mi",,,,,,,"PENDING COOP",,,,,,,,,,,,,,,,,,,,,,,,,,,,"29.85","59","74","0.00",,,,"60","29.84","CLR:00","29.65","10.00","65","000",,"0",,,,,,,,,,,,,,,,,,,,,,,,,,,,,,,,,,,,,"MET09008/13/20 20:52:02 METAR KCQT 140452Z 00000KT 10SM CLR 23/15 A2985 RMK AO2 SLP106 T02330150","FM-15","7",,,,,,,,,,,,,,,,,,,,,,,,,,,"2006-02-03"
"72287493134","2020-08-13T21:52:00","FM-15","7",,,"3.89","mi",,,,,,,"PENDING COOP",,,,,,,,,,,,,,,,,,,,,,,,,,,,"29.85","59","74","0.00",,"-0.02","0","60","29.84","CLR:00","29.65","10.00","65","000",,"0",,,,,,,,,,,,,,,,,,,,,,,,,,,,,,,,,,,,,"MET10808/13/20 21:52:02 METAR KCQT 140552Z 00000KT 10SM CLR 23/15 A2985 RMK AO2 SLP105 T02330150 10300 20228 50008","FM-15","7",,,,,,,,,,,,,,,,,,,,,,,,,,,"2006-02-03"
"72287493134","2020-08-13T22:52:00","FM-15","7",,,"3.89","mi",,,,,,,"PENDING COOP",,,,,,,,,,,,,,,,,,,,,,,,,,,,"29.85","60","74","0.00",,,,"62","29.84","CLR:00","29.65","10.00","65","000",,"0",,,,,,,,,,,,,,,,,,,,,,,,,,,,,,,,,,,,,"MET09008/13/20 22:52:01 METAR KCQT 140652Z 00000KT 10SM CLR 23/16 A2985 RMK AO2 SLP105 T02330156","FM-15","7",,,,,,,,,,,,,,,,,,,,,,,,,,,"2006-02-03"
"72287493134","2020-08-13T23:52:00","FM-15","7",,,"3.89","mi",,,,,,,"PENDING COOP",,,,,,,,,,,,,,,,,,,,,,,,,,,,"29.85","60","74","0.00",,,,"62","29.84","CLR:00","29.65","10.00","65","000",,"0",,,,,,,,,,,,,,,,,,,,,,,,,,,,,,,,,,,,,"MET10008/13/20 23:52:02 METAR KCQT 140752Z 00000KT 10SM CLR 23/16 A2985 RMK AO2 SLP104 T02330156 403110189","FM-15","7",,,,,,,,,,,,,,,,,,,,,,,,,,,"2006-02-03"
"72287493134","2020-08-13T23:59:00","SOD  ","6",,,"3.89","mi",,,,,,,"PENDING COOP",,,,,,"56","77","51","29.86","29.67","64","1.3","12","2.8","0","88","66","270","14","0.00",,,"260","9",,,,,,,,,,,,,,,,,,,,,,,,,,,,,,,,,,,,,,,,,,,,,,,,,,,,,,,,"SOD74324 HR PRECIPITATION (IN): 0.00 SNOW DEPTH (IN):0     24 HR SNOWFALL (IN):0.0  24 HR MAX TEMP (F): 8824 HR MIN TEMP (F): 66AVERAGE STATION PRESSURE(D):29.669 MINIMUM SEA LEVEL PRESSURE:29.80 TIME OF OCCURRENCE:1754 PEAK WIND SPEED (MPH): 14 PEAK WIND DIR (DEG):270 PEAK WIND TIME (LST):      FASTEST 2MIN SPEED (MPH):  9FASTEST 2MIN DIR (DEG):260 FASTEST 2MIN TIME (LST):     AVERAGE WIND SPEED (MPH): 1.3 24 HR AVG TEMP (F): 77DEPART FROM NORMAL:  3  HEATING DEGREE DAYS:  0 COOLING DEGREE DAYS: 12 LATEST DAY MAX TEMP (0700-1900 LST): 88 LATEST NIGHT MIN TEMP(1900-0800 LST):66 HOURLY INCREMENTAL PRECIPITATION VALUES (IN):0.00 0.00 0.00 0.00 0.00 0.00 0.00 0.00 0.00 0.00 0.00 0.00 0.00 0.00 0.00 0.00 0.00 0.00 0.00 0.00 0.00 0.00 0.00 0.00","SOD  ","6",,,,,,,,,,,,,,,,,,,,,,,,,"0514","1841","2006-02-03"
"72287493134","2020-08-14T00:52:00","FM-15","7",,,"3.89","mi",,,,,,,"PENDING COOP",,,,,,,,,,,,,,,,,,,,,,,,,,,,"29.84","61","73","0.00",,"+0.01","8","66","29.83","CLR:00","29.64","10.00","66","000",,"0",,,,,,,,,,,,,,,,,,,,,,,,,,,,,,,,,,,,,"MET09608/14/20 00:52:02 METAR KCQT 140852Z 00000KT 10SM CLR 23/16 A2984 RMK AO2 SLP100 T02280161 58004","FM-15","7",,,,,,,,,,,,,,,,,,,,,,,,,,,"2006-02-03"
"72287493134","2020-08-14T01:52:00","FM-15","7",,,"3.89","mi",,,,,,,"PENDING COOP",,,,,,,,,,,,,,,,,,,,,,,,,,,,"29.83","62","71","0.00",,,,"73","29.82","CLR:00","29.63","10.00","65","000",,"0",,,,,,,,,,,,,,,,,,,,,,,,,,,,,,,,,,,,,"MET09008/14/20 01:52:02 METAR KCQT 140952Z 00000KT 10SM CLR 22/17 A2983 RMK AO2 SLP098 T02170167","FM-15","7",,,,,,,,,,,,,,,,,,,,,,,,,,,"2006-02-03"
"72287493134","2020-08-14T02:52:00","FM-15","7",,,"3.89","mi",,,,,,,"PENDING COOP",,,,,,,,,,,,,,,,,,,,,,,,,,,,"29.83","61","71","0.00",,,,"71","29.82","CLR:00","29.63","10.00","65","000",,"0",,,,,,,,,,,,,,,,,,,,,,,,,,,,,,,,,,,,,"MET09008/14/20 02:52:02 METAR KCQT 141052Z 00000KT 10SM CLR 22/16 A2983 RMK AO2 SLP097 T02170161","FM-15","7",,,,,,,,,,,,,,,,,,,,,,,,,,,"2006-02-03"
"72287493134","2020-08-14T03:52:00","FM-15","7",,,"3.89","mi",,,,,,,"PENDING COOP",,,,,,,,,,,,,,,,,,,,,,,,,,,,"29.83","61","71","0.00",,"+0.01","5","71","29.82","CLR:00","29.63","10.00","65","000",,"0",,,,,,,,,,,,,,,,,,,,,,,,,,,,,,,,,,,,,"MET10808/14/20 03:52:02 METAR KCQT 141152Z 00000KT 10SM CLR 22/16 A2983 RMK AO2 SLP097 T02170161 10233 20211 55003","FM-15","7",,,,,,,,,,,,,,,,,,,,,,,,,,,"2006-02-03"
"72287493134","2020-08-14T04:52:00","FM-15","7",,,"3.89","mi",,,,,,,"PENDING COOP",,,,,,,,,,,,,,,,,,,,,,,,,,,,"29.84","61","72","0.00",,,,"68","29.83","CLR:00","29.64","9.00","65","000",,"0",,,,,,,,,,,,,,,,,,,,,,,,,,,,,,,,,,,,,"MET08908/14/20 04:52:02 METAR KCQT 141252Z 00000KT 9SM CLR 22/16 A2984 RMK AO2 SLP102 T02220161","FM-15","7",,,,,,,,,,,,,,,,,,,,,,,,,,,"2006-02-03"
"72287493134","2020-08-14T05:52:00","FM-15","7",,,"3.89","mi",,,,,,,"PENDING COOP",,,,,,,,,,,,,,,,,,,,,,,,,,,,"29.87","61","71","0.00",,,,"71","29.86","CLR:00","29.67","9.00","65","000",,"0",,,,,,,,,,,,,,,,,,,,,,,,,,,,,,,,,,,,,"MET08908/14/20 05:52:02 METAR KCQT 141352Z 00000KT 9SM CLR 22/16 A2987 RMK AO2 SLP113 T02170161","FM-15","7",,,,,,,,,,,,,,,,,,,,,,,,,,,"2006-02-03"
"72287493134","2020-08-14T06:52:00","FM-15","7",,,"3.89","mi",,,,,,,"PENDING COOP",,,,,,,,,,,,,,,,,,,,,,,,,,,,"29.88","62","76","0.00",,"-0.06","1","62","29.88","CLR:00","29.68","9.00","67","000",,"0",,,,,,,,,,,,,,,,,,,,,,,,,,,,,,,,,,,,,"MET09508/14/20 06:52:02 METAR KCQT 141452Z 00000KT 9SM CLR 24/17 A2988 RMK AO2 SLP117 T02440167 51019","FM-15","7",,,,,,,,,,,,,,,,,,,,,,,,,,,"2006-02-03"
"72287493134","2020-08-14T07:52:00","FM-15","7",,,"3.89","mi",,,,,,,"PENDING COOP",,,,,,,,,,,,,,,,,,,,,,,,,,,,"29.89","63","81","0.00",,,,"54","29.88","CLR:00","29.69","9.00","69","000",,"0",,,,,,,,,,,,,,,,,,,,,,,,,,,,,,,,,,,,,"MET08908/14/20 07:52:02 METAR KCQT 141552Z 00000KT 9SM CLR 27/17 A2989 RMK AO2 SLP119 T02720172","FM-15","7",,,,,,,,,,,,,,,,,,,,,,,,,,,"2006-02-03"
"72287493134","2020-08-14T08:52:00","FM-15","7",,,"3.89","mi",,,,,,,"PENDING COOP",,,,,,,,,,,,,,,,,,,,,,,,,,,,"29.90","58","85","0.00",,,,"40","29.88","CLR:00","29.70","7.00","68","000",,"0",,,,,,,,,,,,,,,,,,,,,,,,,,,,,,,,,,,,,"MET08908/14/20 08:52:02 METAR KCQT 141652Z 00000KT 7SM CLR 29/14 A2990 RMK AO2 SLP120 T02940144","FM-15","7",,,,,,,,,,,,,,,,,,,,,,,,,,,"2006-02-03"
"72287493134","2020-08-14T09:52:00","FM-15","7",,,"3.89","mi",,,,,,,"PENDING COOP",,,,,,,,,,,,,,,,,,,,,,,,,,,,"29.91","59","90","0.00",,"-0.02","3","35","29.89","CLR:00","29.71","9.00","70","000",,"0",,,,,,,,,,,,,,,,,,,,,,,,,,,,,,,,,,,,,"MET10908/14/20 09:52:02 METAR KCQT 141752Z 00000KT 9SM CLR 32/15 A2991 RMK AO2 SLP123 T03220150 10322 20217 53007 $","FM-15","7",,,,,,,,,,,,,,,,,,,,,,,,,,,"2006-02-03"
"72287493134","2020-08-14T10:52:00","FM-15","6",,,"3.89","mi",,,,,,,"PENDING COOP",,,,,,,,,,,,,,,,,,,,,,,,,,,,"29.90","63","91","0.00",,,,"39","29.89","CLR:00","29.70","10.00","72",,,,,,,,,,,,,,,,,,,,,,,,,,,,,,,,,,,,,,,,"MET09208/14/20 10:52:02 METAR KCQT 141852Z      KT 10SM CLR 33/17 A2990 RMK AO2 SLP121 T03280172 $","FM-15","6",,,,,,,,,,,,,,,,,,,,,,,,,,,"2006-02-03"
"72287493134","2020-08-14T11:52:00","FM-15","7",,,"3.89","mi",,,,,,,"PENDING COOP",,,,,,,,,,,,,,,,,,,,,,,,,,,,"29.88","58","91","0.00",,,,"33","29.87","CLR:00","29.68","10.00","70","000",,"0",,,,,,,,,,,,,,,,,,,,,,,,,,,,,,,,,,,,,"MET09208/14/20 11:52:02 METAR KCQT 141952Z 00000KT 10SM CLR 33/14 A2988 RMK AO2 SLP114 T03280144 $","FM-15","7",,,,,,,,,,,,,,,,,,,,,,,,,,,"2006-02-03"
"72287493134","2020-08-14T12:52:00","FM-15","7",,,"3.89","mi",,,,,,,"PENDING COOP",,,,,,,,,,,,,,,,,,,,,,,,,,,,"29.87","56","90","0.00",,"+0.04","8","32","29.86","CLR:00","29.67","10.00","69","VRB",,"3",,,,,,,,,,,,,,,,,,,,,,,,,,,,,,,,,,,,,"MET09808/14/20 12:52:02 METAR KCQT 142052Z VRB03KT 10SM CLR 32/13 A2987 RMK AO2 SLP111 T03220133 58012 $","FM-15","7",,,,,,,,,,,,,,,,,,,,,,,,,,,"2006-02-03"
"72287493134","2020-08-14T13:52:00","FM-15","7",,,"3.89","mi",,,,,,,"PENDING COOP",,,,,,,,,,,,,,,,,,,,,,,,,,,,"29.85","57","90","0.00",,,,"33","29.84","CLR:00","29.65","10.00","69","VRB",,"5",,,,,,,,,,,,,,,,,,,,,,,,,,,,,,,,,,,,,"MET09208/14/20 13:52:02 METAR KCQT 142152Z VRB04KT 10SM CLR 32/14 A2985 RMK AO2 SLP104 T03220139 $","FM-15","7",,,,,,,,,,,,,,,,,,,,,,,,,,,"2006-02-03"
"72287493134","2020-08-14T14:52:00","FM-15","7",,,"3.89","mi",,,,,,,"PENDING COOP",,,,,,,,,,,,,,,,,,,,,,,,,,,,"29.83","58","89","0.00",,,,"35","29.82","CLR:00","29.63","10.00","69","VRB",,"3",,,,,,,,,,,,,,,,,,,,,,,,,,,,,,,,,,,,,"MET09208/14/20 14:52:02 METAR KCQT 142252Z VRB03KT 10SM CLR 32/14 A2983 RMK AO2 SLP098 T03170144 $","FM-15","7",,,,,,,,,,,,,,,,,,,,,,,,,,,"2006-02-03"
"72287493134","2020-08-14T15:52:00","FM-15","7",,,"3.89","mi",,,,,,,"PENDING COOP",,,,,,,,,,,,,,,,,,,,,,,,,,,,"29.82","57","88","0.00",,"+0.05","6","35","29.80","CLR:00","29.62","10.00","68","VRB",,"5",,,,,,,,,,,,,,,,,,,,,,,,,,,,,,,,,,,,,"MET11008/14/20 15:52:02 METAR KCQT 142352Z VRB04KT 10SM CLR 31/14 A2982 RMK AO2 SLP093 T03110139 10339 20311 56017 $","FM-15","7",,,,,,,,,,,,,,,,,,,,,,,,,,,"2006-02-03"
"72287493134","2020-08-14T16:52:00","FM-15","7",,,"3.89","mi",,,,,,,"PENDING COOP",,,,,,,,,,,,,,,,,,,,,,,,,,,,"29.81","58","87","0.00",,,,"37","29.80","CLR:00","29.61","10.00","69","VRB",,"3",,,,,,,,,,,,,,,,,,,,,,,,,,,,,,,,,,,,,"MET09208/14/20 16:52:01 METAR KCQT 150052Z VRB03KT 10SM CLR 31/14 A2981 RMK AO2 SLP091 T03060144 $","FM-15","7",,,,,,,,,,,,,,,,,,,,,,,,,,,"2006-02-03"
"72287493134","2020-08-14T17:52:00","FM-15","7",,,"3.89","mi",,,,,,,"PENDING COOP",,,,,,,,,,,,,,,,,,,,,,,,,,,,"29.81","58","82","0.00",,,,"44","29.79","CLR:00","29.61","10.00","67","260",,"6",,,,,,,,,,,,,,,,,,,,,,,,,,,,,,,,,,,,,"MET09208/14/20 17:52:01 METAR KCQT 150152Z 26005KT 10SM CLR 28/14 A2981 RMK AO2 SLP089 T02780144 $","FM-15","7",,,,,,,,,,,,,,,,,,,,,,,,,,,"2006-02-03"
"72287493134","2020-08-14T18:52:00","FM-15","7",,,"3.89","mi",,,,,,,"PENDING COOP",,,,,,,,,,,,,,,,,,,,,,,,,,,,"29.82","62","77","0.00",,"+0.00","5","60","29.80","CLR:00","29.62","10.00","68","280",,"6",,,,,,,,,,,,,,,,,,,,,,,,,,,,,,,,,,,,,"MET09808/14/20 18:52:01 METAR KCQT 150252Z 28005KT 10SM CLR 25/17 A2982 RMK AO2 SLP093 T02500167 55000 $","FM-15","7",,,,,,,,,,,,,,,,,,,,,,,,,,,"2006-02-03"
"72287493134","2020-08-14T19:52:00","FM-15","7",,,"3.89","mi",,,,,,,"PENDING COOP",,,,,,,,,,,,,,,,,,,,,,,,,,,,"29.82","64","75","0.00",,,,"69","29.81","CLR:00","29.62","10.00","68","000",,"0",,,,,,,,,,,,,,,,,,,,,,,,,,,,,,,,,,,,,"MET09208/14/20 19:52:01 METAR KCQT 150352Z 00000KT 10SM CLR 24/18 A2982 RMK AO2 SLP096 T02390178 $","FM-15","7",,,,,,,,,,,,,,,,,,,,,,,,,,,"2006-02-03"
"72287493134","2020-08-14T20:52:00","FM-15","7",,,"3.89","mi",,,,,,,"PENDING COOP",,,,,,,,,,,,,,,,,,,,,,,,,,,,"29.83","64","75","0.00",,,,"69","29.82","CLR:00","29.63","9.00","68","000",,"0",,,,,,,,,,,,,,,,,,,,,,,,,,,,,,,,,,,,,"MET09108/14/20 20:52:01 METAR KCQT 150452Z 00000KT 9SM CLR 24/18 A2983 RMK AO2 SLP098 T02390178 $","FM-15","7",,,,,,,,,,,,,,,,,,,,,,,,,,,"2006-02-03"
"72287493134","2020-08-14T21:52:00","FM-15","7",,,"3.89","mi",,,,,,,"PENDING COOP",,,,,,,,,,,,,,,,,,,,,,,,,,,,"29.84","64","74","0.00",,"-0.02","1","71","29.83","CLR:00","29.64","9.00","68","000",,"0",,,,,,,,,,,,,,,,,,,,,,,,,,,,,,,,,,,,,"MET10908/14/20 21:52:01 METAR KCQT 150552Z 00000KT 9SM CLR 23/18 A2984 RMK AO2 SLP100 T02330178 10317 20233 51007 $","FM-15","7",,,,,,,,,,,,,,,,,,,,,,,,,,,"2006-02-03"
"72287493134","2020-08-14T22:52:00","FM-15","7",,,"3.89","mi",,,,,,,"PENDING COOP",,,,,,,,,,,,,,,,,,,,,,,,,,,,"29.83","63","75","0.00",,,,"66","29.82","CLR:00","29.63","10.00","67","000",,"0",,,,,,,,,,,,,,,,,,,,,,,,,,,,,,,,,,,,,"MET09208/14/20 22:52:01 METAR KCQT 150652Z 00000KT 10SM CLR 24/17 A2983 RMK AO2 SLP099 T02390172 $","FM-15","7",,,,,,,,,,,,,,,,,,,,,,,,,,,"2006-02-03"
"72287493134","2020-08-14T23:52:00","FM-15","7",,,"3.89","mi",,,,,,,"PENDING COOP",,,,,,,,,,,,,,,,,,,,,,,,,,,,"29.81","63","75","0.00",,,,"66","29.80","CLR:00","29.61","9.00","67","000",,"0",,,,,,,,,,,,,,,,,,,,,,,,,,,,,,,,,,,,,"MET10108/14/20 23:52:02 METAR KCQT 150752Z 00000KT 9SM CLR 24/17 A2981 RMK AO2 SLP092 T02390172 403390211 $","FM-15","7",,,,,,,,,,,,,,,,,,,,,,,,,,,"2006-02-03"
"72287493134","2020-08-14T23:59:00","SOD  ","6",,,"3.89","mi",,,,,,,"PENDING COOP",,,,,,"61","82","54","29.84","29.65","68","1.4","17","7.8","0","93","70","280","13","0.00",,,"260","9",,,,,,,,,,,,,,,,,,,,,,,,,,,,,,,,,,,,,,,,,,,,,,,,,,,,,,,,"SOD76024 HR PRECIPITATION (IN): 0.00 SNOW DEPTH (IN):0     24 HR SNOWFALL (IN):0.0  WEATHER(CODE):8  24 HR MAX TEMP (F): 9324 HR MIN TEMP (F): 70AVERAGE STATION PRESSURE(D):29.650 MINIMUM SEA LEVEL PRESSURE:29.79 TIME OF OCCURRENCE:1757 PEAK WIND SPEED (MPH): 13 PEAK WIND DIR (DEG):280 PEAK WIND TIME (LST):      FASTEST 2MIN SPEED (MPH):  9FASTEST 2MIN DIR (DEG):260 FASTEST 2MIN TIME (LST):     AVERAGE WIND SPEED (MPH): 1.4 24 HR AVG TEMP (F): 82DEPART FROM NORMAL:  8  HEATING DEGREE DAYS:  0 COOLING DEGREE DAYS: 17 LATEST DAY MAX TEMP (0700-1900 LST): 93 LATEST NIGHT MIN TEMP(1900-0800 LST):70 HOURLY INCREMENTAL PRECIPITATION VALUES (IN):0.00 0.00 0.00 0.00 0.00 0.00 0.00 0.00 0.00 0.00 0.00 0.00 0.00 0.00 0.00 0.00 0.00 0.00 0.00 0.00 0.00 0.00 0.00 0.00","SOD  ","6",,,,,,,,,,,,,,,,,,,,,,,,,"0515","1840","2006-02-03"
"72287493134","2020-08-15T00:52:00","FM-15","7",,,"3.89","mi",,,,,,,"PENDING COOP",,,,,,,,,,,,,,,,,,,,,,,,,,,,"29.80","64","73","0.00",,"+0.04","8","74","29.79","CLR:00","29.60","9.00","67","000",,"0",,,,,,,,,,,,,,,,,,,,,,,,,,,,,,,,,,,,,"MET09708/15/20 00:52:02 METAR KCQT 150852Z 00000KT 9SM CLR 23/18 A2980 RMK AO2 SLP087 T02280178 58013 $","FM-15","7",,,,,,,,,,,,,,,,,,,,,,,,,,,"2006-02-03"
"72287493134","2020-08-15T01:52:00","FM-15","7",,,"3.89","mi",,,,,,,"PENDING COOP",,,,,,,,,,,,,,,,,,,,,,,,,,,,"29.79","63","74","0.00",,,,"69","29.78","CLR:00","29.59","10.00","67","000",,"0",,,,,,,,,,,,,,,,,,,,,,,,,,,,,,,,,,,,,"MET09208/15/20 01:52:02 METAR KCQT 150952Z 00000KT 10SM CLR 23/17 A2979 RMK AO2 SLP084 T02330172 $","FM-15","7",,,,,,,,,,,,,,,,,,,,,,,,,,,"2006-02-03"
"72287493134","2020-08-15T02:52:00","FM-15","7",,,"3.89","mi",,,,,,,"PENDING COOP",,,,,,,,,,,,,,,,,,,,,,,,,,,,"29.79","63","74","0.00",,,,"69","29.78","CLR:00","29.59","9.00","67","000",,"0",,,,,,,,,,,,,,,,,,,,,,,,,,,,,,,,,,,,,"MET09108/15/20 02:52:02 METAR KCQT 151052Z 00000KT 9SM CLR 23/17 A2979 RMK AO2 SLP084 T02330172 $","FM-15","7",,,,,,,,,,,,,,,,,,,,,,,,,,,"2006-02-03"
"72287493134","2020-08-15T03:52:00","FM-15","7",,,"3.89","mi",,,,,,,"PENDING COOP",,,,,,,,,,,,,,,,,,,,,,,,,,,,"29.79","63","74","0.00",,"+0.01","5","69","29.78","CLR:00","29.59","9.00","67","000",,"0",,,,,,,,,,,,,,,,,,,,,,,,,,,,,,,,,,,,,"MET10908/15/20 03:52:02 METAR KCQT 151152Z 00000KT 9SM CLR 23/17 A2979 RMK AO2 SLP085 T02330172 10239 20228 55002 $","FM-15","7",,,,,,,,,,,,,,,,,,,,,,,,,,,"2006-02-03"
"72287493134","2020-08-15T04:52:00","FM-15","7",,,"3.89","mi",,,,,,,"PENDING COOP",,,,,,,,,,,,,,,,,,,,,,,,,,,,"29.80","63","74","0.00",,,,"69","29.79","CLR:00","29.60","9.00","67","000",,"0",,,,,,,,,,,,,,,,,,,,,,,,,,,,,,,,,,,,,"MET09108/15/20 04:52:02 METAR KCQT 151252Z 00000KT 9SM CLR 23/17 A2980 RMK AO2 SLP089 T02330172 $","FM-15","7",,,,,,,,,,,,,,,,,,,,,,,,,,,"2006-02-03"
"72287493134","2020-08-15T05:52:00","FM-15","7",,,"3.89","mi",,,,,,,"PENDING COOP",,,,,,,,,,,,,,,,,,,,,,,,,,,,"29.81","64","75","0.00",,,,"69","29.80","CLR:00","29.61","9.00","68","000",,"0",,,,,,,,,,,,,,,,,,,,,,,,,,,,,,,,,,,,,"MET09108/15/20 05:52:02 METAR KCQT 151352Z 00000KT 9SM CLR 24/18 A2981 RMK AO2 SLP091 T02390178 $","FM-15","7",,,,,,,,,,,,,,,,,,,,,,,,,,,"2006-02-03"
"72287493134","2020-08-15T06:52:00","FM-15","7",,,"3.89","mi",,,,,,,"PENDING COOP",,,,,,,,,,,,,,,,,,,,,,,,,,,,"29.81","65","80","0.00",,"-0.02","0","60","29.80","CLR:00","29.61","9.00","70","000",,"0",,,,,,,,,,,,,,,,,,,,,,,,,,,,,,,,,,,,,"MET09708/15/20 06:52:02 METAR KCQT 151452Z 00000KT 9SM CLR 27/18 A2981 RMK AO2 SLP091 T02670183 50006 $","FM-15","7",,,,,,,,,,,,,,,,,,,,,,,,,,,"2006-02-03"
"72287493134","2020-08-15T07:52:00","FM-15","7",,,"3.89","mi",,,,,,,"PENDING COOP",,,,,,,,,,,,,,,,,,,,,,,,,,,,"29.83","65","83","0.00",,,,"55","29.81","CLR:00","29.63","7.00","71","000",,"0",,,,,,,,,,,,,,,,,,,,,,,,,,,,,,,,,,,,,"MET09108/15/20 07:52:02 METAR KCQT 151552Z 00000KT 7SM CLR 28/18 A2983 RMK AO2 SLP096 T02830183 $","FM-15","7",,,,,,,,,,,,,,,,,,,,,,,,,,,"2006-02-03"
"72287493134","2020-08-15T08:52:00","FM-15","7",,,"3.89","mi",,,,,,,"PENDING COOP",,,,,,,,,,,,,,,,,,,,,,,,,,,,"29.82","63","89","0.00",,,,"42","29.80","CLR:00","29.62","10.00","72","000",,"0",,,,,,,,,,,,,,,,,,,,,,,,,,,,,,,,,,,,,"MET09208/15/20 08:52:02 METAR KCQT 151652Z 00000KT 10SM CLR 32/17 A2982 RMK AO2 SLP093 T03170172 $","FM-15","7",,,,,,,,,,,,,,,,,,,,,,,,,,,"2006-02-03"
"72287493134","2020-08-15T09:52:00","FM-15","7",,,"3.89","mi",,,,,,,"PENDING COOP",,,,,,,,,,,,,,,,,,,,,,,,,,,,"29.81","63","95","0.00",,"-0.00","0","35","29.80","CLR:00","29.61","10.00","74","VRB",,"3",,,,,,,,,,,,,,,,,,,,,,,,,,,,,,,,,,,,,"MET11408/15/20 09:52:02 METAR KCQT 151752Z VRB03KT 10SM CLR 35/17 A2981 RMK AO2 SLP090 T03500172 10350 20228 50001 $ RTX","FM-15","7",,,,,,,,,,,,,,,,,,,,,,,,,,,"2006-02-03"
"72287493134","2020-08-15T10:52:00","FM-15","7",,,"3.89","mi",,,,,,,"PENDING COOP",,,,,,,,,,,,,,,,,,,,,,,,,,,,"29.81","63","98","0.00",,,,"32","29.79","CLR:00","29.61","10.00","74","000",,"0",,,,,,,,,,,,,,,,,,,,,,,,,,,,,,,,,,,,,"MET09608/15/20 10:52:02 METAR KCQT 151852Z 00000KT 10SM CLR 37/17 A2981 RMK AO2 SLP088 T03670172 $ RTX","FM-15","7",,,,,,,,,,,,,,,,,,,,,,,,,,,"2006-02-03"
"72287493134","2020-08-15T11:52:00","FM-15","7",,,"3.89","mi",,,,,,,"PENDING COOP",,,,,,,,,,,,,,,,,,,,,,,,,,,,"29.81","65","94","0.00",,,,"38","29.80","CLR:00","29.61","10.00","74","000",,"0",,,,,,,,,,,,,,,,,,,,,,,,,,,,,,,,,,,,,"MET09208/15/20 11:52:02 METAR KCQT 151952Z 00000KT 10SM CLR 34/18 A2981 RMK AO2 SLP090 T03440183 $","FM-15","7",,,,,,,,,,,,,,,,,,,,,,,,,,,"2006-02-03"
"72287493134","2020-08-15T12:52:00","FM-15","6",,,"3.89","mi",,,,,,,"PENDING COOP",,,,,,,,,,,,,,,,,,,,,,,,,,,,"29.80","63","94","0.00",,"+0.01","8","36","29.79","CLR:00","29.60","10.00","73","000",,"0",,,,,,,,,,,,,,,,,,,,,,,,,,,,,,,,,,,,,"MET09808/15/20 12:52:02 METAR KCQT 152052Z 00000KT 10SM CLR 34/17 A2980 RMK AO2 SLP087 T03440172 58004 $","FM-15","6",,,,,,,,,,,,,,,,,,,,,,,,,,,"2006-02-03"
"72287493134","2020-08-15T13:52:00","FM-15","7",,,"3.89","mi",,,,,,,"PENDING COOP",,,,,,,,,,,,,,,,,,,,,,,,,,,,"29.79","62","92","0.00",,,,"37","29.78","CLR:00","29.59","10.00","72","VRB",,"3",,,,,,,,,,,,,,,,,,,,,,,,,,,,,,,,,,,,,"MET09208/15/20 13:52:02 METAR KCQT 152152Z VRB03KT 10SM CLR 33/17 A2979 RMK AO2 SLP084 T03330167 $","FM-15","7",,,,,,,,,,,,,,,,,,,,,,,,,,,"2006-02-03"
"72287493134","2020-08-15T14:52:00","FM-15","7",,,"3.89","mi",,,,,,,"PENDING COOP",,,,,,,,,,,,,,,,,,,,,,,,,,,,"29.78","61","89","0.00",,,,"39","29.77","CLR:00","29.58","10.00","71","240",,"3",,,,,,,,,,,,,,,,,,,,,,,,,,,,,,,,,,,,,"MET09208/15/20 14:52:02 METAR KCQT 152252Z 24003KT 10SM CLR 32/16 A2978 RMK AO2 SLP080 T03170161 $","FM-15","7",,,,,,,,,,,,,,,,,,,,,,,,,,,"2006-02-03"
"72287493134","2020-08-15T15:52:00","FM-15","7",,,"3.89","mi",,,,,,,"PENDING COOP",,,,,,,,,,,,,,,,,,,,,,,,,,,,"29.78","62","89","0.00",,"+0.02","6","41","29.77","CLR:00","29.58","10.00","71","250",,"3",,,,,,,,,,,,,,,,,,,,,,,,,,,,,,,,,,,,,"MET11008/15/20 15:52:02 METAR KCQT 152352Z 25003KT 10SM CLR 32/17 A2978 RMK AO2 SLP080 T03170167 10367 20317 56007 $","FM-15","7",,,,,,,,,,,,,,,,,,,,,,,,,,,"2006-02-03"
"72287493134","2020-08-15T16:52:00","FM-15","7",,,"3.89","mi",,,,,,,"PENDING COOP",,,,,,,,,,,,,,,,,,,,,,,,,,,,"29.77","62","85","0.00",,,,"46","29.76","CLR:00","29.57","10.00","70","000",,"0",,,,,,,,,,,,,,,,,,,,,,,,,,,,,,,,,,,,,"MET09208/15/20 16:52:01 METAR KCQT 160052Z 00000KT 10SM CLR 29/17 A2977 RMK AO2 SLP078 T02940167 $","FM-15","7",,,,,,,,,,,,,,,,,,,,,,,,,,,"2006-02-03"
"72287493134","2020-08-15T17:52:00","FM-15","7",,,"3.89","mi",,,,,,,"PENDING COOP",,,,,,,,,,,,,,,,,,,,,,,,,,,,"29.78","62","83","0.00",,,,"49","29.76","CLR:00","29.58","10.00","69","000",,"0",,,,,,,,,,,,,,,,,,,,,,,,,,,,,,,,,,,,,"MET09208/15/20 17:52:01 METAR KCQT 160152Z 00000KT 10SM CLR 28/17 A2978 RMK AO2 SLP079 T02830167 $","FM-15","7",,,,,,,,,,,,,,,,,,,,,,,,,,,"2006-02-03"
"72287493134","2020-08-15T18:52:00","FM-15","7",,,"3.89","mi",,,,,,,"PENDING COOP",,,,,,,,,,,,,,,,,,,,,,,,,,,,"29.79","63","80","0.00",,"-0.01","3","56","29.78","CLR:00","29.59","10.00","69","000",,"0",,,,,,,,,,,,,,,,,,,,,,,,,,,,,,,,,,,,,"MET09808/15/20 18:52:01 METAR KCQT 160252Z 00000KT 10SM CLR 27/17 A2979 RMK AO2 SLP084 T02670172 53005 $","FM-15","7",,,,,,,,,,,,,,,,,,,,,,,,,,,"2006-02-03"
"72287493134","2020-08-15T19:52:00","FM-15","7",,,"3.89","mi",,,,,,,"PENDING COOP",,,,,,,,,,,,,,,,,,,,,,,,,,,,"29.80","64","77","0.00",,,,"64","29.79","CLR:00","29.60","9.00","69","000",,"0",,,,,,,,,,,,,,,,,,,,,,,,,,,,,,,,,,,,,"MET09108/15/20 19:52:01 METAR KCQT 160352Z 00000KT 9SM CLR 25/18 A2980 RMK AO2 SLP087 T02500178 $","FM-15","7",,,,,,,,,,,,,,,,,,,,,,,,,,,"2006-02-03"
"72287493134","2020-08-15T20:52:00","FM-15","7",,,"3.89","mi",,,,,,,"PENDING COOP",,,,,,,,,,,,,,,,,,,,,,,,,,,,"29.82","65","77","0.00",,,,"66","29.81","CLR:00","29.62","9.00","69","000",,"0",,,,,,,,,,,,,,,,,,,,,,,,,,,,,,,,,,,,,"MET09108/15/20 20:52:01 METAR KCQT 160452Z 00000KT 9SM CLR 25/18 A2982 RMK AO2 SLP095 T02500183 $","FM-15","7",,,,,,,,,,,,,,,,,,,,,,,,,,,"2006-02-03"
"72287493134","2020-08-15T21:52:00","FM-15","7",,,"3.89","mi",,,,,,,"PENDING COOP",,,,,,,,,,,,,,,,,,,,,,,,,,,,"29.83","64","77","0.00",,"-0.04","3","64","29.82","CLR:00","29.63","9.00","69","VRB",,"5",,,,,,,,,,,,,,,,,,,,,,,,,,,,,,,,,,,,,"MET10908/15/20 21:52:01 METAR KCQT 160552Z VRB04KT 9SM CLR 25/18 A2983 RMK AO2 SLP097 T02500178 10322 20250 53014 $","FM-15","7",,,,,,,,,,,,,,,,,,,,,,,,,,,"2006-02-03"
"72287493134","2020-08-15T22:52:00","FM-15","7",,,"3.89","mi",,,,,,,"PENDING COOP",,,,,,,,,,,,,,,,,,,,,,,,,,,,"29.85","65","76","0.00",,,,"69","29.83","CLR:00","29.65","9.00","69","000",,"0",,,,,,,,,,,,,,,,,,,,,,,,,,,,,,,,,,,,,"MET09108/15/20 22:52:01 METAR KCQT 160652Z 00000KT 9SM CLR 24/18 A2985 RMK AO2 SLP103 T02440183 $","FM-15","7",,,,,,,,,,,,,,,,,,,,,,,,,,,"2006-02-03"
"72287493134","2020-08-15T23:52:00","FM-15","7",,,"3.89","mi",,,,,,,"PENDING COOP",,,,,,,,,,,,,,,,,,,,,,,,,,,,"29.86","65","75","0.00",,,,"71","29.84","CLR:00","29.66","9.00","69","000",,"0",,,,,,,,,,,,,,,,,,,,,,,,,,,,,,,,,,,,,"MET10108/15/20 23:52:02 METAR KCQT 160752Z 00000KT 9SM CLR 24/18 A2986 RMK AO2 SLP106 T02390183 403670228 $","FM-15","7",,,,,,,,,,,,,,,,,,,,,,,,,,,"2006-02-03"
"72287493134","2020-08-15T23:59:00","SOD  ","6",,,"3.89","mi",,,,,,,"PENDING COOP",,,,,,"63","86","54","29.79","29.60","70","0.8","21","11.8","0","98","73","260","13","0.00",,,"170","7",,,,,,,,,,,,,,,,,,,,,,,,,,,,,,,,,,,,,,,,,,,,,,,,,,,,,,,,"SOD73924 HR PRECIPITATION (IN): 0.00 SNOW DEPTH (IN):0     24 HR SNOWFALL (IN):0.0  24 HR MAX TEMP (F): 9824 HR MIN TEMP (F): 73AVERAGE STATION PRESSURE:29.600 MINIMUM SEA LEVEL PRESSURE:29.76 TIME OF OCCURRENCE:1806 PEAK WIND SPEED (MPH): 13 PEAK WIND DIR (DEG):260 PEAK WIND TIME (LST):      FASTEST 2MIN SPEED (MPH):  7FASTEST 2MIN DIR (DEG):170 FASTEST 2MIN TIME (LST):     AVERAGE WIND SPEED (MPH): 0.8 24 HR AVG TEMP (F): 86DEPART FROM NORMAL: 12  HEATING DEGREE DAYS:  0 COOLING DEGREE DAYS: 21 LATEST DAY MAX TEMP (0700-1900 LST):98  LATEST NIGHT MIN TEMP(1900-0800 LST):73 HOURLY INCREMENTAL PRECIPITATION VALUES (IN):.00 0.00 0.00 0.00 0.00 0.00 0.00 0.00 0.00 0.00 0.00 0.00 0.00 0.00 0.00 0.00 0.00 0.00 0.00 0.00 0.00 0.00 0.00 0.00","SOD  ","6",,,,,,,,,,,,,,,,,,,,,,,,,"0515","1839","2006-02-03"
"72287493134","2020-08-16T00:52:00","FM-15","7",,,"3.89","mi",,,,,,,"PENDING COOP",,,,,,,,,,,,,,,,,,,,,,,,,,,,"29.84","63","75","0.00",,"-0.01","0","66","29.83","CLR:00","29.64","10.00","67","VRB",,"3",,,,,,,,,,,,,,,,,,,,,,,,,,,,,,,,,,,,,"MET09808/16/20 00:52:02 METAR KCQT 160852Z VRB03KT 10SM CLR 24/17 A2984 RMK AO2 SLP101 T02390172 50004 $","FM-15","7",,,,,,,,,,,,,,,,,,,,,,,,,,,"2006-02-03"
"72287493134","2020-08-16T01:52:00","FM-15","7",,,"3.89","mi",,,,,,,"PENDING COOP",,,,,,,,,,,,,,,,,,,,,,,,,,,,"29.83","64","75","0.00",,,,"69","29.82","CLR:00","29.63","10.00","68","000",,"0",,,,,,,,,,,,,,,,,,,,,,,,,,,,,,,,,,,,,"MET09208/16/20 01:52:02 METAR KCQT 160952Z 00000KT 10SM CLR 24/18 A2983 RMK AO2 SLP098 T02390178 $","FM-15","7",,,,,,,,,,,,,,,,,,,,,,,,,,,"2006-02-03"
"72287493134","2020-08-16T02:52:00","FM-15","7",,,"3.89","mi",,,,,,,"PENDING COOP",,,,,,,,,,,,,,,,,,,,,,,,,,,,"29.83","64","75","0.00",,,,"69","29.81","CLR:00","29.63","10.00","68","000",,"0",,,,,,,,,,,,,,,,,,,,,,,,,,,,,,,,,,,,,"MET09608/16/20 02:52:02 METAR KCQT 161052Z 00000KT 10SM CLR 24/18 A2983 RMK AO2 SLP096 T02390178 $ RTX","FM-15","7",,,,,,,,,,,,,,,,,,,,,,,,,,,"2006-02-03"
"72287493134","2020-08-16T03:52:00","FM-15","7",,,"3.89","mi",,,,,,,"PENDING COOP",,,,,,,,,,,,,,,,,,,,,,,,,,,,"29.83","64","75","0.00",,"+0.01","5","69","29.82","CLR:00","29.63","10.00","68","000",,"0",,,,,,,,,,,,,,,,,,,,,,,,,,,,,,,,,,,,,"MET11408/16/20 03:52:02 METAR KCQT 161152Z 00000KT 10SM CLR 24/18 A2983 RMK AO2 SLP098 T02390178 10250 20233 55004 $ RTX","FM-15","7",,,,,,,,,,,,,,,,,,,,,,,,,,,"2006-02-03"
"72287493134","2020-08-16T04:52:00","FM-15","7",,,"3.89","mi",,,,,,,"PENDING COOP",,,,,,,,,,,,,,,,,,,,,,,,,,,,"29.86","64","75","0.00",,,,"69","29.85","CLR:00","29.66","9.00","68","000",,"0",,,,,,,,,,,,,,,,,,,,,,,,,,,,,,,,,,,,,"MET09108/16/20 04:52:02 METAR KCQT 161252Z 00000KT 9SM CLR 24/18 A2986 RMK AO2 SLP107 T02390178 $","FM-15","7",,,,,,,,,,,,,,,,,,,,,,,,,,,"2006-02-03"
"72287493134","2020-08-16T05:52:00","FM-15","7",,,"3.89","mi",,,,,,,"PENDING COOP",,,,,,,,,,,,,,,,,,,,,,,,,,,,"29.89","64","77","0.00",,,,"64","29.88","CLR:00","29.69","8.00","69","000",,"0",,,,,,,,,,,,,,,,,,,,,,,,,,,,,,,,,,,,,"MET09508/16/20 05:52:02 METAR KCQT 161352Z 00000KT 8SM CLR 25/18 A2989 RMK AO2 SLP117 T02500178 $ RTX","FM-15","7",,,,,,,,,,,,,,,,,,,,,,,,,,,"2006-02-03"
"72287493134","2020-08-16T06:52:00","FM-15","7",,,"3.89","mi",,,,,,,"PENDING COOP",,,,,,,,,,,,,,,,,,,,,,,,,,,,"29.89","64","79","0.00",,"-0.06","1","60","29.88","CLR:00","29.69","9.00","69","000",,"0",,,,,,,,,,,,,,,,,,,,,,,,,,,,,,,,,,,,,"MET09708/16/20 06:52:02 METAR KCQT 161452Z 00000KT 9SM CLR 26/18 A2989 RMK AO2 SLP118 T02610178 51020 $","FM-15","7",,,,,,,,,,,,,,,,,,,,,,,,,,,"2006-02-03"
"72287493134","2020-08-16T07:52:00","FM-15","7",,,"3.89","mi",,,,,,,"PENDING COOP",,,,,,,,,,,,,,,,,,,,,,,,,,,,"29.90","61","83","0.00",,,,"48","29.88","CLR:00","29.70","10.00","69","090",,"5",,,,,,,,,,,,,,,,,,,,,,,,,,,,,,,,,,,,,"MET09208/16/20 07:52:02 METAR KCQT 161552Z 09004KT 10SM CLR 28/16 A2990 RMK AO2 SLP120 T02830161 $","FM-15","7",,,,,,,,,,,,,,,,,,,,,,,,,,,"2006-02-03"
"72287493134","2020-08-16T08:52:00","FM-15","7",,,"3.89","mi",,,,,,,"PENDING COOP",,,,,,,,,,,,,,,,,,,,,,,,,,,,"29.90","61","86","0.00",,,,"43","29.89","CLR:00","29.70","10.00","70","120",,"5",,,,,,,,,,,,,,,,,,,,,,,,,,,,,,,,,,,,,"MET09208/16/20 08:52:02 METAR KCQT 161652Z 12004KT 10SM CLR 30/16 A2990 RMK AO2 SLP122 T03000161 $","FM-15","7",,,,,,,,,,,,,,,,,,,,,,,,,,,"2006-02-03"
"72287493134","2020-08-16T09:52:00","FM-15","7",,,"3.89","mi",,,,,,,"PENDING COOP",,,,,,,,,,,,,,,,,,,,,,,,,,,,"29.90","62","90","0.00",,"-0.01","0","39","29.89","CLR:00","29.70","10.00","72","VRB",,"7",,,,,,,,,,,,,,,,,,,,,,,,,,,,,,,,,,,,,"MET11008/16/20 09:52:02 METAR KCQT 161752Z VRB06KT 10SM CLR 32/17 A2990 RMK AO2 SLP121 T03220167 10322 20239 50003 $","FM-15","7",,,,,,,,,,,,,,,,,,,,,,,,,,,"2006-02-03"
"72287493134","2020-08-16T10:52:00","FM-15","7",,,"3.89","mi",,,,,,,"PENDING COOP",,,,,,,,,,,,,,,,,,,,,,,,,,,,"29.89","62","93","0.00",,,,"36","29.88","CLR:00","29.69","10.00","72","000",,"0",,,,,,,,,,,,,,,,,,,,,,,,,,,,,,,,,,,,,"MET09208/16/20 10:52:02 METAR KCQT 161852Z 00000KT 10SM CLR 34/17 A2989 RMK AO2 SLP118 T03390167 $","FM-15","7",,,,,,,,,,,,,,,,,,,,,,,,,,,"2006-02-03"
"72287493134","2020-08-16T11:52:00","FM-15","7",,,"3.89","mi",,,,,,,"PENDING COOP",,,,,,,,,,,,,,,,,,,,,,,,,,,,"29.88","60","93","0.00",,,,"33","29.87","CLR:00","29.68","10.00","71","000",,"0",,,,,,,,,,,,,,,,,,,,,,,,,,,,,,,,,,,,,"MET09208/16/20 11:52:02 METAR KCQT 161952Z 00000KT 10SM CLR 34/16 A2988 RMK AO2 SLP115 T03390156 $","FM-15","7",,,,,,,,,,,,,,,,,,,,,,,,,,,"2006-02-03"
"72287493134","2020-08-16T12:52:00","FM-15","7",,,"3.89","mi",,,,,,,"PENDING COOP",,,,,,,,,,,,,,,,,,,,,,,,,,,,"29.87","61","93","0.00",,"+0.03","8","34","29.85","CLR:00","29.67","10.00","72","VRB",,"3",,,,,,,,,,,,,,,,,,,,,,,,,,,,,,,,,,,,,"MET09808/16/20 12:52:02 METAR KCQT 162052Z VRB03KT 10SM CLR 34/16 A2987 RMK AO2 SLP110 T03390161 58011 $","FM-15","7",,,,,,,,,,,,,,,,,,,,,,,,,,,"2006-02-03"
"72287493134","2020-08-16T13:52:00","FM-15","7",,,"3.89","mi",,,,,,,"PENDING COOP",,,,,,,,,,,,,,,,,,,,,,,,,,,,"29.86","58","93","0.00",,,,"31","29.85","CLR:00","29.66","10.00","70","VRB",,"3",,,,,,,,,,,,,,,,,,,,,,,,,,,,,,,,,,,,,"MET09208/16/20 13:52:02 METAR KCQT 162152Z VRB03KT 10SM CLR 34/14 A2986 RMK AO2 SLP108 T03390144 $","FM-15","7",,,,,,,,,,,,,,,,,,,,,,,,,,,"2006-02-03"
"72287493134","2020-08-16T14:52:00","FM-15","7",,,"3.89","mi",,,,,,,"PENDING COOP",,,,,,,,,,,,,,,,,,,,,,,,,,,,"29.86","57","93","0.00",,,,"30","29.85","CLR:00","29.66","10.00","70","000",,"0",,,,,,,,,,,,,,,,,,,,,,,,,,,,,,,,,,,,,"MET09208/16/20 14:52:02 METAR KCQT 162252Z 00000KT 10SM CLR 34/14 A2986 RMK AO2 SLP107 T03390139 $","FM-15","7",,,,,,,,,,,,,,,,,,,,,,,,,,,"2006-02-03"
"72287493134","2020-08-16T15:52:00","FM-15","7",,,"3.89","mi",,,,,,,"PENDING COOP",,,,,,,,,,,,,,,,,,,,,,,,,,,,"29.85","66","86","0.00",,"+0.01","8","51","29.84","CLR:00","29.65","10.00","73","260",,"5",,,,,,,,,,,,,,,,,,,,,,,,,,,,,,,,,,,,,"MET11008/16/20 15:52:02 METAR KCQT 162352Z 26004KT 10SM CLR 30/19 A2985 RMK AO2 SLP104 T03000189 10350 20300 58005 $","FM-15","7",,,,,,,,,,,,,,,,,,,,,,,,,,,"2006-02-03"
"72287493134","2020-08-16T16:52:00","FM-15","7",,,"3.89","mi",,,,,,,"PENDING COOP",,,,,,,,,,,,,,,,,,,,,,,,,,,,"29.85","67","84","0.00",,,,"57","29.84","CLR:00","29.65","10.00","73","250",,"5",,,,,,,,,,,,,,,,,,,,,,,,,,,,,,,,,,,,,"MET09208/16/20 16:52:01 METAR KCQT 170052Z 25004KT 10SM CLR 29/19 A2985 RMK AO2 SLP106 T02890194 $","FM-15","7",,,,,,,,,,,,,,,,,,,,,,,,,,,"2006-02-03"
"72287493134","2020-08-16T17:52:00","FM-15","7",,,"3.89","mi",,,,,,,"PENDING COOP",,,,,,,,,,,,,,,,,,,,,,,,,,,,"29.85","67","82","0.00",,,,"60","29.84","CLR:00","29.65","9.00","72","000",,"0",,,,,,,,,,,,,,,,,,,,,,,,,,,,,,,,,,,,,"MET09108/16/20 17:52:01 METAR KCQT 170152Z 00000KT 9SM CLR 28/19 A2985 RMK AO2 SLP106 T02780194 $","FM-15","7",,,,,,,,,,,,,,,,,,,,,,,,,,,"2006-02-03"
"72287493134","2020-08-16T18:52:00","FM-15","7",,,"3.89","mi",,,,,,,"PENDING COOP",,,,,,,,,,,,,,,,,,,,,,,,,,,,"29.86","66","80","0.00",,"-0.01","2","62","29.85","CLR:00","29.66","9.00","71","000",,"0",,,,,,,,,,,,,,,,,,,,,,,,,,,,,,,,,,,,,"MET09708/16/20 18:52:01 METAR KCQT 170252Z 00000KT 9SM CLR 27/19 A2986 RMK AO2 SLP107 T02670189 52002 $","FM-15","7",,,,,,,,,,,,,,,,,,,,,,,,,,,"2006-02-03"
"72287493134","2020-08-16T19:52:00","FM-15","7",,,"3.89","mi",,,,,,,"PENDING COOP",,,,,,,,,,,,,,,,,,,,,,,,,,,,"29.88","67","78","0.00",,,,"69","29.87","CLR:00","29.68","9.00","71","000",,"0",,,,,,,,,,,,,,,,,,,,,,,,,,,,,,,,,,,,,"MET09108/16/20 19:52:01 METAR KCQT 170352Z 00000KT 9SM CLR 26/19 A2988 RMK AO2 SLP115 T02560194 $","FM-15","7",,,,,,,,,,,,,,,,,,,,,,,,,,,"2006-02-03"
"72287493134","2020-08-16T20:52:00","FM-15","7",,,"3.89","mi",,,,,,,"PENDING COOP",,,,,,,,,,,,,,,,,,,,,,,,,,,,"29.90","67","75","0.00",,,,"76","29.89","CLR:00","29.70","8.00","70","260",,"3",,,,,,,,,,,,,,,,,,,,,,,,,,,,,,,,,,,,,"MET09108/16/20 20:52:01 METAR KCQT 170452Z 26003KT 8SM CLR 24/19 A2990 RMK AO2 SLP122 T02390194 $","FM-15","7",,,,,,,,,,,,,,,,,,,,,,,,,,,"2006-02-03"
"72287493134","2020-08-16T21:52:00","FM-15","7",,,"3.89","mi",,,,,,,"PENDING COOP",,,,,,,,,,,,,,,,,,,,,,,,,,,,"29.91","67","74","0.00",,"-0.05","1","79","29.90","CLR:00","29.71","7.00","69","000",,"0",,,,,,,,,,,,,,,,,,,,,,,,,,,,,,,,,,,,,"MET10908/16/20 21:52:01 METAR KCQT 170552Z 00000KT 7SM CLR 23/19 A2991 RMK AO2 SLP124 T02330194 10300 20233 51017 $","FM-15","7",,,,,,,,,,,,,,,,,,,,,,,,,,,"2006-02-03"
"72287493134","2020-08-16T22:52:00","FM-15","7",,,"3.89","mi",,,,,,,"PENDING COOP",,,,,,,,,,,,,,,,,,,,,,,,,,,,"29.91","67","73","0.00","HZ:7 |FU |HZ",,,"81","29.90","CLR:00","29.71","6.00","69","000",,"0",,,,,,,,,,,,,,,,,,,,,,,,,,,,,,,,,,,,,"MET09408/16/20 22:52:01 METAR KCQT 170652Z 00000KT 6SM HZ CLR 23/19 A2991 RMK AO2 SLP124 T02280194 $","FM-15","7",,,,,,,,,,,,,,,,,,,,,,,,,,,"2006-02-03"
"72287493134","2020-08-16T23:52:00","FM-15","7",,,"3.89","mi",,,,,,,"PENDING COOP",,,,,,,,,,,,,,,,,,,,,,,,,,,,"29.91","65","74","0.00",,,,"74","29.90","CLR:00","29.71","10.00","68","000",,"0",,,,,,,,,,,,,,,,,,,,,,,,,,,,,,,,,,,,,"MET10208/16/20 23:52:01 METAR KCQT 170752Z 00000KT 10SM CLR 23/18 A2991 RMK AO2 SLP124 T02330183 403500228 $","FM-15","7",,,,,,,,,,,,,,,,,,,,,,,,,,,"2006-02-03"
"72287493134","2020-08-16T23:59:00","SOD  ","6",,,"3.89","mi",,,,,,,"PENDING COOP",,,,,,"64","84","57","29.86","29.67","70","1.6","19","9.7","0","95","73","130","12","0.00",,,"130","8","HZ",,,,,,,,,,,,,,,,,,,,,,,,,,,,,,,,,,,,,,,,,,,,,,,,,,,,,,,"SOD75624 HR PRECIPITATION (IN): 0.00 SNOW DEPTH (IN):0     24 HR SNOWFALL (IN):0.0  WEATHER(CODE):8  24 HR MAX TEMP (F): 9524 HR MIN TEMP (F): 73AVERAGE STATION PRESSURE:29.670 MINIMUM SEA LEVEL PRESSURE:29.81 TIME OF OCCURRENCE:0338 PEAK WIND SPEED (MPH): 12 PEAK WIND DIR (DEG):130 PEAK WIND TIME (LST):      FASTEST 2MIN SPEED (MPH):  8FASTEST 2MIN DIR (DEG):130 FASTEST 2MIN TIME (LST):     AVERAGE WIND SPEED (MPH): 1.6 24 HR AVG TEMP (F): 84DEPART FROM NORMAL: 10  HEATING DEGREE DAYS:  0 COOLING DEGREE DAYS: 19 LATEST DAY MAX TEMP (0700-1900 LST):95  LATEST NIGHT MIN TEMP(1900-0800 LST):74 HOURLY INCREMENTAL PRECIPITATION VALUES (IN):.00 0.00 0.00 0.00 0.00 0.00 0.00 0.00 0.00 0.00 0.00 0.00 0.00 0.00 0.00 0.00 0.00 0.00 0.00 0.00 0.00 0.00 0.00 0.00","SOD  ","6",,,,,,,,,,,,,,,,,,,,,,,,,"0516","1838","2006-02-03"
"72287493134","2020-08-17T00:52:00","FM-15","7",,,"3.89","mi",,,,,,,"PENDING COOP",,,,,,,,,,,,,,,,,,,,,,,,,,,,"29.91","66","73","0.00",,"+0.00","8","79","29.90","CLR:00","29.71","9.00","69","000",,"0",,,,,,,,,,,,,,,,,,,,,,,,,,,,,,,,,,,,,"MET09708/17/20 00:52:02 METAR KCQT 170852Z 00000KT 9SM CLR 23/19 A2991 RMK AO2 SLP124 T02280189 58001 $","FM-15","7",,,,,,,,,,,,,,,,,,,,,,,,,,,"2006-02-03"
"72287493134","2020-08-17T01:52:00","FM-15","7",,,"3.89","mi",,,,,,,"PENDING COOP",,,,,,,,,,,,,,,,,,,,,,,,,,,,"29.89","66","73","0.00",,,,"79","29.88","CLR:00","29.69","9.00","69","000",,"0",,,,,,,,,,,,,,,,,,,,,,,,,,,,,,,,,,,,,"MET09108/17/20 01:52:02 METAR KCQT 170952Z 00000KT 9SM CLR 23/19 A2989 RMK AO2 SLP119 T02280189 $","FM-15","7",,,,,,,,,,,,,,,,,,,,,,,,,,,"2006-02-03"
"72287493134","2020-08-17T02:52:00","FM-15","7",,,"3.89","mi",,,,,,,"PENDING COOP",,,,,,,,,,,,,,,,,,,,,,,,,,,,"29.90","65","73","0.00",,,,"76","29.88","CLR:00","29.70","9.00","68","000",,"0",,,,,,,,,,,,,,,,,,,,,,,,,,,,,,,,,,,,,"MET09108/17/20 02:52:02 METAR KCQT 171052Z 00000KT 9SM CLR 23/18 A2990 RMK AO2 SLP120 T02280183 $","FM-15","7",,,,,,,,,,,,,,,,,,,,,,,,,,,"2006-02-03"
"72287493134","2020-08-17T03:52:00","FM-15","7",,,"3.89","mi",,,,,,,"PENDING COOP",,,,,,,,,,,,,,,,,,,,,,,,,,,,"29.89","66","73","0.00",,"+0.01","6","79","29.88","CLR:00","29.69","9.00","69","000",,"0",,,,,,,,,,,,,,,,,,,,,,,,,,,,,,,,,,,,,"MET10908/17/20 03:52:02 METAR KCQT 171152Z 00000KT 9SM CLR 23/19 A2989 RMK AO2 SLP119 T02280189 10239 20228 56005 $","FM-15","7",,,,,,,,,,,,,,,,,,,,,,,,,,,"2006-02-03"
"72287493134","2020-08-17T04:52:00","FM-15","7",,,"3.89","mi",,,,,,,"PENDING COOP",,,,,,,,,,,,,,,,,,,,,,,,,,,,"29.90","65","73","0.00",,,,"76","29.88","CLR:00","29.70","9.00","68","000",,"0",,,,,,,,,,,,,,,,,,,,,,,,,,,,,,,,,,,,,"MET09108/17/20 04:52:02 METAR KCQT 171252Z 00000KT 9SM CLR 23/18 A2990 RMK AO2 SLP120 T02280183 $","FM-15","7",,,,,,,,,,,,,,,,,,,,,,,,,,,"2006-02-03"
"72287493134","2020-08-17T05:52:00","FM-15","7",,,"3.89","mi",,,,,,,"PENDING COOP",,,,,,,,,,,,,,,,,,,,,,,,,,,,"29.90","66","74","0.00",,,,"76","29.88","CLR:00","29.70","7.00","69","000",,"0",,,,,,,,,,,,,,,,,,,,,,,,,,,,,,,,,,,,,"MET09108/17/20 05:52:02 METAR KCQT 171352Z 00000KT 7SM CLR 23/19 A2990 RMK AO2 SLP120 T02330189 $","FM-15","7",,,,,,,,,,,,,,,,,,,,,,,,,,,"2006-02-03"
"72287493134","2020-08-17T06:52:00","FM-15","7",,,"3.89","mi",,,,,,,"PENDING COOP",,,,,,,,,,,,,,,,,,,,,,,,,,,,"29.92","66","75","0.00",,"-0.02","3","74","29.91","CLR:00","29.72","7.00","69","000",,"0",,,,,,,,,,,,,,,,,,,,,,,,,,,,,,,,,,,,,"MET09708/17/20 06:52:02 METAR KCQT 171452Z 00000KT 7SM CLR 24/19 A2992 RMK AO2 SLP127 T02390189 53008 $","FM-15","7",,,,,,,,,,,,,,,,,,,,,,,,,,,"2006-02-03"
"72287493134","2020-08-17T07:52:00","FM-15","7",,,"3.89","mi",,,,,,,"PENDING COOP",,,,,,,,,,,,,,,,,,,,,,,,,,,,"29.92","67","79","0.00",,,,"67","29.91","CLR:00","29.72","7.00","71","000",,"0",,,,,,,,,,,,,,,,,,,,,,,,,,,,,,,,,,,,,"MET09108/17/20 07:52:02 METAR KCQT 171552Z 00000KT 7SM CLR 26/19 A2992 RMK AO2 SLP129 T02610194 $","FM-15","7",,,,,,,,,,,,,,,,,,,,,,,,,,,"2006-02-03"
"72287493134","2020-08-17T08:52:00","FM-15","7",,,"3.89","mi",,,,,,,"PENDING COOP",,,,,,,,,,,,,,,,,,,,,,,,,,,,"29.92","67","81","0.00",,,,"62","29.91","CLR:00","29.72","8.00","72","000",,"0",,,,,,,,,,,,,,,,,,,,,,,,,,,,,,,,,,,,,"MET09108/17/20 08:52:02 METAR KCQT 171652Z 00000KT 8SM CLR 27/19 A2992 RMK AO2 SLP129 T02720194 $","FM-15","7",,,,,,,,,,,,,,,,,,,,,,,,,,,"2006-02-03"
"72287493134","2020-08-17T09:52:00","FM-15","7",,,"3.89","mi",,,,,,,"PENDING COOP",,,,,,,,,,,,,,,,,,,,,,,,,,,,"29.92","67","83","0.00",,"-0.00","0","59","29.91","CLR:00","29.72","10.00","72","270",,"3",,,,,,,,,,,,,,,,,,,,,,,,,,,,,,,,,,,,,"MET11008/17/20 09:52:02 METAR KCQT 171752Z 27003KT 10SM CLR 28/19 A2992 RMK AO2 SLP127 T02830194 10289 20222 50001 $","FM-15","7",,,,,,,,,,,,,,,,,,,,,,,,,,,"2006-02-03"
"72287493134","2020-08-17T10:52:00","FM-15","7",,,"3.89","mi",,,,,,,"PENDING COOP",,,,,,,,,,,,,,,,,,,,,,,,,,,,"29.90","66","88","0.00",,,,"48","29.89","CLR:00","29.70","10.00","73","000",,"0",,,,,,,,,,,,,,,,,,,,,,,,,,,,,,,,,,,,,"MET09208/17/20 10:52:02 METAR KCQT 171852Z 00000KT 10SM CLR 31/19 A2990 RMK AO2 SLP122 T03110189 $","FM-15","7",,,,,,,,,,,,,,,,,,,,,,,,,,,"2006-02-03"
"72287493134","2020-08-17T11:52:00","FM-15","7",,,"3.89","mi",,,,,,,"PENDING COOP",,,,,,,,,,,,,,,,,,,,,,,,,,,,"29.89","66","86","0.00",,,,"51","29.88","CLR:00","29.69","10.00","73","000",,"0",,,,,,,,,,,,,,,,,,,,,,,,,,,,,,,,,,,,,"MET09208/17/20 11:52:02 METAR KCQT 171952Z 00000KT 10SM CLR 30/19 A2989 RMK AO2 SLP117 T03000189 $","FM-15","7",,,,,,,,,,,,,,,,,,,,,,,,,,,"2006-02-03"
"72287493134","2020-08-17T12:52:00","FM-15","7",,,"3.89","mi",,,,,,,"PENDING COOP",,,,,,,,,,,,,,,,,,,,,,,,,,,,"29.89","66","87","0.00",,"+0.03","6","50","29.87","CLR:00","29.69","10.00","73","VRB",,"3",,,,,,,,,,,,,,,,,,,,,,,,,,,,,,,,,,,,,"MET09808/17/20 12:52:02 METAR KCQT 172052Z VRB03KT 10SM CLR 31/19 A2989 RMK AO2 SLP116 T03060189 56011 $","FM-15","7",,,,,,,,,,,,,,,,,,,,,,,,,,,"2006-02-03"
"72287493134","2020-08-17T13:52:00","FM-15","7",,,"3.89","mi",,,,,,,"PENDING COOP",,,,,,,,,,,,,,,,,,,,,,,,,,,,"29.88","66","85","0.00",,,,"53","29.87","CLR:00","29.68","10.00","72","000",,"0",,,,,,,,,,,,,,,,,,,,,,,,,,,,,,,,,,,,,"MET09608/17/20 13:52:02 METAR KCQT 172152Z 00000KT 10SM CLR 29/19 A2988 RMK AO2 SLP114 T02940189 $ RTX","FM-15","7",,,,,,,,,,,,,,,,,,,,,,,,,,,"2006-02-03"
"72287493134","2020-08-17T14:52:00","FM-15","6",,,"3.89","mi",,,,,,,"PENDING COOP",,,,,,,,,,,,,,,,,,,,,,,,,,,,"29.85","65","85","0.00",,,,"51","29.84","CLR:00","29.65","10.00","72","VRB",,"7",,,,,,,,,,,,,,,,,,,,,,,,,,,,,,,,,,,,,"MET09208/17/20 14:52:02 METAR KCQT 172252Z VRB06KT 10SM CLR 29/18 A2985 RMK AO2 SLP106 T02940183 $","FM-15","6",,,,,,,,,,,,,,,,,,,,,,,,,,,"2006-02-03"
"72287493134","2020-08-17T15:52:00","FM-15","7",,,"3.89","mi",,,,,,,"PENDING COOP",,,,,,,,,,,,,,,,,,,,,,,,,,,,"29.84","64","87","0.00",,"+0.04","8","46","29.83","CLR:00","29.64","10.00","72","240",,"3",,,,,,,,,,,,,,,,,,,,,,,,,,,,,,,,,,,,,"MET11008/17/20 15:52:02 METAR KCQT 172352Z 24003KT 10SM CLR 31/18 A2984 RMK AO2 SLP101 T03060178 10317 20283 58015 $","FM-15","7",,,,,,,,,,,,,,,,,,,,,,,,,,,"2006-02-03"
"72287493134","2020-08-17T16:52:00","FM-15","7",,,"3.89","mi",,,,,,,"PENDING COOP",,,,,,,,,,,,,,,,,,,,,,,,,,,,"29.84","65","82","0.00",,,,"56","29.83","CLR:00","29.64","9.00","71","VRB",,"5",,,,,,,,,,,,,,,,,,,,,,,,,,,,,,,,,,,,,"MET09108/17/20 16:52:01 METAR KCQT 180052Z VRB04KT 9SM CLR 28/18 A2984 RMK AO2 SLP102 T02780183 $","FM-15","7",,,,,,,,,,,,,,,,,,,,,,,,,,,"2006-02-03"
"72287493134","2020-08-17T17:52:00","FM-15","7",,,"3.89","mi",,,,,,,"PENDING COOP",,,,,,,,,,,,,,,,,,,,,,,,,,,,"29.84","63","81","0.00",,,,"54","29.83","CLR:00","29.64","10.00","69","VRB",,"3",,,,,,,,,,,,,,,,,,,,,,,,,,,,,,,,,,,,,"MET09208/17/20 17:52:01 METAR KCQT 180152Z VRB03KT 10SM CLR 27/17 A2984 RMK AO2 SLP100 T02720172 $","FM-15","7",,,,,,,,,,,,,,,,,,,,,,,,,,,"2006-02-03"
"72287493134","2020-08-17T18:52:00","FM-15","7",,,"3.89","mi",,,,,,,"PENDING COOP",,,,,,,,,,,,,,,,,,,,,,,,,,,,"29.85","64","78","0.00",,"-0.01","3","62","29.84","CLR:00","29.65","9.00","69","260",,"3",,,,,,,,,,,,,,,,,,,,,,,,,,,,,,,,,,,,,"MET09708/17/20 18:52:01 METAR KCQT 180252Z 26003KT 9SM CLR 26/18 A2985 RMK AO2 SLP105 T02560178 53003 $","FM-15","7",,,,,,,,,,,,,,,,,,,,,,,,,,,"2006-02-03"
"72287493134","2020-08-17T19:52:00","FM-15","7",,,"3.89","mi",,,,,,,"PENDING COOP",,,,,,,,,,,,,,,,,,,,,,,,,,,,"29.88","63","76","0.00",,,,"64","29.87","CLR:00","29.68","10.00","68","000",,"0",,,,,,,,,,,,,,,,,,,,,,,,,,,,,,,,,,,,,"MET09208/17/20 19:52:02 METAR KCQT 180352Z 00000KT 10SM CLR 24/17 A2988 RMK AO2 SLP114 T02440172 $","FM-15","7",,,,,,,,,,,,,,,,,,,,,,,,,,,"2006-02-03"
"72287493134","2020-08-17T20:52:00","FM-15","7",,,"3.89","mi",,,,,,,"PENDING COOP",,,,,,,,,,,,,,,,,,,,,,,,,,,,"29.90","63","76","0.00",,,,"64","29.88","CLR:00","29.70","10.00","68","000",,"0",,,,,,,,,,,,,,,,,,,,,,,,,,,,,,,,,,,,,"MET09208/17/20 20:52:02 METAR KCQT 180452Z 00000KT 10SM CLR 24/17 A2990 RMK AO2 SLP120 T02440172 $","FM-15","7",,,,,,,,,,,,,,,,,,,,,,,,,,,"2006-02-03"
"72287493134","2020-08-17T21:52:00","FM-15","7",,,"3.89","mi",,,,,,,"PENDING COOP",,,,,,,,,,,,,,,,,,,,,,,,,,,,"29.91","63","75","0.00",,"-0.06","1","66","29.90","CLR:00","29.71","10.00","67","000",,"0",,,,,,,,,,,,,,,,,,,,,,,,,,,,,,,,,,,,,"MET11008/17/20 21:52:02 METAR KCQT 180552Z 00000KT 10SM CLR 24/17 A2991 RMK AO2 SLP125 T02390172 10306 20233 51020 $","FM-15","7",,,,,,,,,,,,,,,,,,,,,,,,,,,"2006-02-03"
"72287493134","2020-08-17T22:52:00","FM-15","7",,,"3.89","mi",,,,,,,"PENDING COOP",,,,,,,,,,,,,,,,,,,,,,,,,,,,"29.91","63","74","0.00",,,,"69","29.90","CLR:00","29.71","10.00","67","000",,"0",,,,,,,,,,,,,,,,,,,,,,,,,,,,,,,,,,,,,"MET09208/17/20 22:52:02 METAR KCQT 180652Z 00000KT 10SM CLR 23/17 A2991 RMK AO2 SLP125 T02330172 $","FM-15","7",,,,,,,,,,,,,,,,,,,,,,,,,,,"2006-02-03"
"72287493134","2020-08-17T23:52:00","FM-15","7",,,"3.89","mi",,,,,,,"PENDING COOP",,,,,,,,,,,,,,,,,,,,,,,,,,,,"29.92","63","73","0.00",,,,"71","29.91","CLR:00","29.72","10.00","67","000",,"0",,,,,,,,,,,,,,,,,,,,,,,,,,,,,,,,,,,,,"MET10208/17/20 23:52:02 METAR KCQT 180752Z 00000KT 10SM CLR 23/17 A2992 RMK AO2 SLP127 T02280172 403170222 $","FM-15","7",,,,,,,,,,,,,,,,,,,,,,,,,,,"2006-02-03"
"72287493134","2020-08-17T23:59:00","SOD  ","6",,,"3.89","mi",,,,,,,"PENDING COOP",,,,,,"65","81","63","29.88","29.68","70","1.2","16","6.7","0","89","72","270","14","0.00",,,"260","9",,,,,,,,,,,,,,,,,,,,,,,,,,,,,,,,,,,,,,,,,,,,,,,,,,,,,,,,"SOD73924 HR PRECIPITATION (IN): 0.00 SNOW DEPTH (IN):0     24 HR SNOWFALL (IN):0.0  24 HR MAX TEMP (F): 8924 HR MIN TEMP (F): 72AVERAGE STATION PRESSURE:29.685 MINIMUM SEA LEVEL PRESSURE:29.82 TIME OF OCCURRENCE:1716 PEAK WIND SPEED (MPH): 14 PEAK WIND DIR (DEG):270 PEAK WIND TIME (LST):      FASTEST 2MIN SPEED (MPH):  9FASTEST 2MIN DIR (DEG):260 FASTEST 2MIN TIME (LST):     AVERAGE WIND SPEED (MPH): 1.2 24 HR AVG TEMP (F): 81DEPART FROM NORMAL:  7  HEATING DEGREE DAYS:  0 COOLING DEGREE DAYS: 16 LATEST DAY MAX TEMP (0700-1900 LST):89  LATEST NIGHT MIN TEMP(1900-0800 LST):72 HOURLY INCREMENTAL PRECIPITATION VALUES (IN):.00 0.00 0.00 0.00 0.00 0.00 0.00 0.00 0.00 0.00 0.00 0.00 0.00 0.00 0.00 0.00 0.00 0.00 0.00 0.00 0.00 0.00 0.00 0.00","SOD  ","6",,,,,,,,,,,,,,,,,,,,,,,,,"0517","1837","2006-02-03"
"72287493134","2020-08-18T00:52:00","FM-15","7",,,"3.89","mi",,,,,,,"PENDING COOP",,,,,,,,,,,,,,,,,,,,,,,,,,,,"29.90","63","73","0.00",,"+0.01","8","71","29.89","CLR:00","29.70","9.00","67","000",,"0",,,,,,,,,,,,,,,,,,,,,,,,,,,,,,,,,,,,,"MET09708/18/20 00:52:02 METAR KCQT 180852Z 00000KT 9SM CLR 23/17 A2990 RMK AO2 SLP123 T02280172 58002 $","FM-15","7",,,,,,,,,,,,,,,,,,,,,,,,,,,"2006-02-03"
"72287493134","2020-08-18T01:52:00","FM-15","7",,,"3.89","mi",,,,,,,"PENDING COOP",,,,,,,,,,,,,,,,,,,,,,,,,,,,"29.90","63","72","0.00",,,,"73","29.88","CLR:00","29.70","9.00","66","000",,"0",,,,,,,,,,,,,,,,,,,,,,,,,,,,,,,,,,,,,"MET09108/18/20 01:52:02 METAR KCQT 180952Z 00000KT 9SM CLR 22/17 A2990 RMK AO2 SLP120 T02220172 $","FM-15","7",,,,,,,,,,,,,,,,,,,,,,,,,,,"2006-02-03"
"72287493134","2020-08-18T02:52:00","FM-15","7",,,"3.89","mi",,,,,,,"PENDING COOP",,,,,,,,,,,,,,,,,,,,,,,,,,,,"29.89","63","72","0.00",,,,"73","29.88","CLR:00","29.69","8.00","66","000",,"0",,,,,,,,,,,,,,,,,,,,,,,,,,,,,,,,,,,,,"MET09108/18/20 02:52:02 METAR KCQT 181052Z 00000KT 8SM CLR 22/17 A2989 RMK AO2 SLP117 T02220172 $","FM-15","7",,,,,,,,,,,,,,,,,,,,,,,,,,,"2006-02-03"
"72287493134","2020-08-18T03:52:00","FM-15","7",,,"3.89","mi",,,,,,,"PENDING COOP",,,,,,,,,,,,,,,,,,,,,,,,,,,,"29.89","64","72","0.00",,"+0.01","5","76","29.88","CLR:00","29.69","8.00","67","000",,"0",,,,,,,,,,,,,,,,,,,,,,,,,,,,,,,,,,,,,"MET10908/18/20 03:52:02 METAR KCQT 181152Z 00000KT 8SM CLR 22/18 A2989 RMK AO2 SLP119 T02220178 10239 20222 55004 $","FM-15","7",,,,,,,,,,,,,,,,,,,,,,,,,,,"2006-02-03"
"72287493134","2020-08-18T04:52:00","FM-15","7",,,"3.89","mi",,,,,,,"PENDING COOP",,,,,,,,,,,,,,,,,,,,,,,,,,,,"29.89","64","72","0.00",,,,"76","29.88","CLR:00","29.69","8.00","67","000",,"0",,,,,,,,,,,,,,,,,,,,,,,,,,,,,,,,,,,,,"MET09108/18/20 04:52:02 METAR KCQT 181252Z 00000KT 8SM CLR 22/18 A2989 RMK AO2 SLP117 T02220178 $","FM-15","7",,,,,,,,,,,,,,,,,,,,,,,,,,,"2006-02-03"
"72287493134","2020-08-18T05:52:00","FM-15","7",,,"3.89","mi",,,,,,,"PENDING COOP",,,,,,,,,,,,,,,,,,,,,,,,,,,,"29.92","64","73","0.00",,,,"74","29.91","CLR:00","29.72","7.00","67","000",,"0",,,,,,,,,,,,,,,,,,,,,,,,,,,,,,,,,,,,,"MET09108/18/20 05:52:02 METAR KCQT 181352Z 00000KT 7SM CLR 23/18 A2992 RMK AO2 SLP127 T02280178 $","FM-15","7",,,,,,,,,,,,,,,,,,,,,,,,,,,"2006-02-03"
"72287493134","2020-08-18T06:52:00","FM-15","7",,,"3.89","mi",,,,,,,"PENDING COOP",,,,,,,,,,,,,,,,,,,,,,,,,,,,"29.92","65","75","0.00","HZ:7 |FU |HZ","-0.03","3","71","29.91","CLR:00","29.72","6.00","69","000",,"0",,,,,,,,,,,,,,,,,,,,,,,,,,,,,,,,,,,,,"MET10008/18/20 06:52:02 METAR KCQT 181452Z 00000KT 6SM HZ CLR 24/18 A2992 RMK AO2 SLP129 T02390183 53011 $","FM-15","7",,,,,,,,,,,,,,,,,,,,,,,,,,,"2006-02-03"
"72287493134","2020-08-18T07:52:00","FM-15","7",,,"3.89","mi",,,,,,,"PENDING COOP",,,,,,,,,,,,,,,,,,,,,,,,,,,,"29.91","66","81","0.00",,,,"61","29.89","CLR:00","29.71","7.00","71","000",,"0",,,,,,,,,,,,,,,,,,,,,,,,,,,,,,,,,,,,,"MET08908/18/20 07:52:02 METAR KCQT 181552Z 00000KT 7SM CLR 27/19 A2991 RMK AO2 SLP123 T02720189","FM-15","7",,,,,,,,,,,,,,,,,,,,,,,,,,,"2006-02-03"
"72287493134","2020-08-18T08:52:00","FM-15","7",,,"3.89","mi",,,,,,,"PENDING COOP",,,,,,,,,,,,,,,,,,,,,,,,,,,,"29.88","66","88","0.00",,,,"48","29.87","CLR:00","29.68","8.00","73","000",,"0",,,,,,,,,,,,,,,,,,,,,,,,,,,,,,,,,,,,,"MET08908/18/20 08:52:02 METAR KCQT 181652Z 00000KT 8SM CLR 31/19 A2988 RMK AO2 SLP116 T03110189","FM-15","7",,,,,,,,,,,,,,,,,,,,,,,,,,,"2006-02-03"
"72287493134","2020-08-18T09:52:00","FM-15","7",,,"3.89","mi",,,,,,,"PENDING COOP",,,,,,,,,,,,,,,,,,,,,,,,,,,,"29.88","66","93","0.00",,"+0.04","6","41","29.87","CLR:00","29.68","7.00","75","000",,"0",,,,,,,,,,,,,,,,,,,,,,,,,,,,,,,,,,,,,"MET10708/18/20 09:52:02 METAR KCQT 181752Z 00000KT 7SM CLR 34/19 A2988 RMK AO2 SLP116 T03390189 10339 20222 56014","FM-15","7",,,,,,,,,,,,,,,,,,,,,,,,,,,"2006-02-03"
"72287493134","2020-08-18T10:52:00","FM-15","7",,,"3.89","mi",,,,,,,"PENDING COOP",,,,,,,,,,,,,,,,,,,,,,,,,,,,"29.87","68","93","0.00",,,,"44","29.86","CLR:00","29.67","8.00","76","270",,"6",,,,,,,,,,,,,,,,,,,,,,,,,,,,,,,,,,,,,"MET08908/18/20 10:52:02 METAR KCQT 181852Z 27005KT 8SM CLR 34/20 A2987 RMK AO2 SLP111 T03390200","FM-15","7",,,,,,,,,,,,,,,,,,,,,,,,,,,"2006-02-03"
"72287493134","2020-08-18T11:52:00","FM-15","7",,,"3.89","mi",,,,,,,"PENDING COOP",,,,,,,,,,,,,,,,,,,,,,,,,,,,"29.86","67","92","0.00",,,,"44","29.85","CLR:00","29.66","9.00","75","VRB",,"5",,,,,,,,,,,,,,,,,,,,,,,,,,,,,,,,,,,,,"MET08908/18/20 11:52:02 METAR KCQT 181952Z VRB04KT 9SM CLR 33/19 A2986 RMK AO2 SLP108 T03330194","FM-15","7",,,,,,,,,,,,,,,,,,,,,,,,,,,"2006-02-03"
"72287493134","2020-08-18T12:52:00","FM-15","7",,,"3.89","mi",,,,,,,"PENDING COOP",,,,,,,,,,,,,,,,,,,,,,,,,,,,"29.84","66","93","0.00",,"+0.04","8","41","29.83","CLR:00","29.64","8.00","75","VRB",,"3",,,,,,,,,,,,,,,,,,,,,,,,,,,,,,,,,,,,,"MET09508/18/20 12:52:02 METAR KCQT 182052Z VRB03KT 8SM CLR 34/19 A2984 RMK AO2 SLP101 T03390189 58015","FM-15","7",,,,,,,,,,,,,,,,,,,,,,,,,,,"2006-02-03"
"72287493134","2020-08-18T13:52:00","FM-15","7",,,"3.89","mi",,,,,,,"PENDING COOP",,,,,,,,,,,,,,,,,,,,,,,,,,,,"29.82","65","95","0.00",,,,"37","29.81","CLR:00","29.62","9.00","75","270",,"5",,,,,,,,,,,,,,,,,,,,,,,,,,,,,,,,,,,,,"MET08908/18/20 13:52:02 METAR KCQT 182152Z 27004KT 9SM CLR 35/18 A2982 RMK AO2 SLP095 T03500183","FM-15","7",,,,,,,,,,,,,,,,,,,,,,,,,,,"2006-02-03"
"72287493134","2020-08-18T14:52:00","FM-15","7",,,"3.89","mi",,,,,,,"PENDING COOP",,,,,,,,,,,,,,,,,,,,,,,,,,,,"29.80","64","96","0.00",,,,"35","29.79","CLR:00","29.60","9.00","74","000",,"0",,,,,,,,,,,,,,,,,,,,,,,,,,,,,,,,,,,,,"MET08908/18/20 14:52:02 METAR KCQT 182252Z 00000KT 9SM CLR 36/18 A2980 RMK AO2 SLP089 T03560178","FM-15","7",,,,,,,,,,,,,,,,,,,,,,,,,,,"2006-02-03"
"72287493134","2020-08-18T15:52:00","FM-15","7",,,"3.89","mi",,,,,,,"PENDING COOP",,,,,,,,,,,,,,,,,,,,,,,,,,,,"29.81","61","89","0.00",,"+0.03","5","39","29.80","CLR:00","29.61","8.00","71","000",,"0",,,,,,,,,,,,,,,,,,,,,,,,,,,,,,,,,,,,,"MET10708/18/20 15:52:02 METAR KCQT 182352Z 00000KT 8SM CLR 32/16 A2981 RMK AO2 SLP091 T03170161 10361 20317 55009","FM-15","7",,,,,,,,,,,,,,,,,,,,,,,,,,,"2006-02-03"
"72287493134","2020-08-18T16:52:00","FM-15","7",,,"3.89","mi",,,,,,,"PENDING COOP",,,,,,,,,,,,,,,,,,,,,,,,,,,,"29.82","62","86","0.00",,,,"45","29.81","CLR:00","29.62","9.00","70","VRB",,"5",,,,,,,,,,,,,,,,,,,,,,,,,,,,,,,,,,,,,"MET08908/18/20 16:52:01 METAR KCQT 190052Z VRB04KT 9SM CLR 30/17 A2982 RMK AO2 SLP094 T03000167","FM-15","7",,,,,,,,,,,,,,,,,,,,,,,,,,,"2006-02-03"
"72287493134","2020-08-18T17:52:00","FM-15","7",,,"3.89","mi",,,,,,,"PENDING COOP",,,,,,,,,,,,,,,,,,,,,,,,,,,,"29.83","65","81","0.00",,,,"58","29.82","CLR:00","29.63","8.00","71","VRB",,"3",,,,,,,,,,,,,,,,,,,,,,,,,,,,,,,,,,,,,"MET08908/18/20 17:52:01 METAR KCQT 190152Z VRB03KT 8SM CLR 27/18 A2983 RMK AO2 SLP099 T02720183","FM-15","7",,,,,,,,,,,,,,,,,,,,,,,,,,,"2006-02-03"
"72287493134","2020-08-18T18:52:00","FM-15","7",,,"3.89","mi",,,,,,,"PENDING COOP",,,,,,,,,,,,,,,,,,,,,,,,,,,,"29.85","66","78","0.00",,"-0.04","3","67","29.84","CLR:00","29.65","9.00","70","000",,"0",,,,,,,,,,,,,,,,,,,,,,,,,,,,,,,,,,,,,"MET09508/18/20 18:52:01 METAR KCQT 190252Z 00000KT 9SM CLR 26/19 A2985 RMK AO2 SLP105 T02560189 53014","FM-15","7",,,,,,,,,,,,,,,,,,,,,,,,,,,"2006-02-03"
"72287493134","2020-08-18T19:52:00","FM-15","7",,,"3.89","mi",,,,,,,"PENDING COOP",,,,,,,,,,,,,,,,,,,,,,,,,,,,"29.86","65","76","0.00",,,,"69","29.85","CLR:00","29.66","9.00","69","260",,"3",,,,,,,,,,,,,,,,,,,,,,,,,,,,,,,,,,,,,"MET08908/18/20 19:52:02 METAR KCQT 190352Z 26003KT 9SM CLR 24/18 A2986 RMK AO2 SLP107 T02440183","FM-15","7",,,,,,,,,,,,,,,,,,,,,,,,,,,"2006-02-03"
"72287493134","2020-08-18T20:52:00","FM-15","7",,,"3.89","mi",,,,,,,"PENDING COOP",,,,,,,,,,,,,,,,,,,,,,,,,,,,"29.87","64","76","0.00",,,,"67","29.85","CLR:00","29.67","9.00","68","000",,"0",,,,,,,,,,,,,,,,,,,,,,,,,,,,,,,,,,,,,"MET08908/18/20 20:52:02 METAR KCQT 190452Z 00000KT 9SM CLR 24/18 A2987 RMK AO2 SLP109 T02440178","FM-15","7",,,,,,,,,,,,,,,,,,,,,,,,,,,"2006-02-03"
"72287493134","2020-08-18T21:52:00","FM-15","7",,,"3.89","mi",,,,,,,"PENDING COOP",,,,,,,,,,,,,,,,,,,,,,,,,,,,"29.86","64","76","0.00",,"-0.01","0","67","29.85","CLR:00","29.66","9.00","68","000",,"0",,,,,,,,,,,,,,,,,,,,,,,,,,,,,,,,,,,,,"MET10708/18/20 21:52:02 METAR KCQT 190552Z 00000KT 9SM CLR 24/18 A2986 RMK AO2 SLP108 T02440178 10328 20239 50004","FM-15","7",,,,,,,,,,,,,,,,,,,,,,,,,,,"2006-02-03"
"72287493134","2020-08-18T22:52:00","FM-15","7",,,"3.89","mi",,,,,,,"PENDING COOP",,,,,,,,,,,,,,,,,,,,,,,,,,,,"29.86","63","77","0.00",,,,"62","29.85","CLR:00","29.66","10.00","68","000",,"0",,,,,,,,,,,,,,,,,,,,,,,,,,,,,,,,,,,,,"MET09008/18/20 22:52:02 METAR KCQT 190652Z 00000KT 10SM CLR 25/17 A2986 RMK AO2 SLP107 T02500172","FM-15","7",,,,,,,,,,,,,,,,,,,,,,,,,,,"2006-02-03"
"72287493134","2020-08-18T23:52:00","FM-15","7",,,"3.89","mi",,,,,,,"PENDING COOP",,,,,,,,,,,,,,,,,,,,,,,,,,,,"29.85","63","77","0.00",,,,"62","29.84","CLR:00","29.65","10.00","68","000",,"0",,,,,,,,,,,,,,,,,,,,,,,,,,,,,,,,,,,,,"MET10008/18/20 23:52:02 METAR KCQT 190752Z 00000KT 10SM CLR 25/17 A2985 RMK AO2 SLP104 T02500172 403610222","FM-15","7",,,,,,,,,,,,,,,,,,,,,,,,,,,"2006-02-03"
"72287493134","2020-08-18T23:59:00","SOD  ","6",,,"3.89","mi",,,,,,,"PENDING COOP",,,,,,"64","85","58","29.85","29.66","70","1.2","20","10.7","0","97","72","260","13","0.00",,,"260","8","HZ",,,,,,,,,,,,,,,,,,,,,,,,,,,,,,,,,,,,,,,,,,,,,,,,,,,,,,,"SOD75624 HR PRECIPITATION (IN): 0.00 SNOW DEPTH (IN):0     24 HR SNOWFALL (IN):0.0  WEATHER(CODE):8  24 HR MAX TEMP (F): 9724 HR MIN TEMP (F): 72AVERAGE STATION PRESSURE:29.660 MINIMUM SEA LEVEL PRESSURE:29.78 TIME OF OCCURRENCE:1528 PEAK WIND SPEED (MPH): 13 PEAK WIND DIR (DEG):260 PEAK WIND TIME (LST):      FASTEST 2MIN SPEED (MPH):  8FASTEST 2MIN DIR (DEG):260 FASTEST 2MIN TIME (LST):     AVERAGE WIND SPEED (MPH): 1.2 24 HR AVG TEMP (F): 85DEPART FROM NORMAL: 11  HEATING DEGREE DAYS:  0 COOLING DEGREE DAYS: 20 LATEST DAY MAX TEMP (0700-1900 LST):97  LATEST NIGHT MIN TEMP(1900-0800 LST):72 HOURLY INCREMENTAL PRECIPITATION VALUES (IN):.00 0.00 0.00 0.00 0.00 0.00 0.00 0.00 0.00 0.00 0.00 0.00 0.00 0.00 0.00 0.00 0.00 0.00 0.00 0.00 0.00 0.00 0.00 0.00","SOD  ","6",,,,,,,,,,,,,,,,,,,,,,,,,"0517","1836","2006-02-03"
"72287493134","2020-08-19T00:52:00","FM-15","7",,,"3.89","mi",,,,,,,"PENDING COOP",,,,,,,,,,,,,,,,,,,,,,,,,,,,"29.84","64","77","0.00",,"+0.03","8","64","29.82","CLR:00","29.64","9.00","69","000",,"0",,,,,,,,,,,,,,,,,,,,,,,,,,,,,,,,,,,,,"MET09508/19/20 00:52:02 METAR KCQT 190852Z 00000KT 9SM CLR 25/18 A2984 RMK AO2 SLP098 T02500178 58010","FM-15","7",,,,,,,,,,,,,,,,,,,,,,,,,,,"2006-02-03"
"72287493134","2020-08-19T01:52:00","FM-15","7",,,"3.89","mi",,,,,,,"PENDING COOP",,,,,,,,,,,,,,,,,,,,,,,,,,,,"29.83","64","77","0.00",,,,"64","29.82","CLR:00","29.63","9.00","69","000",,"0",,,,,,,,,,,,,,,,,,,,,,,,,,,,,,,,,,,,,"MET08908/19/20 01:52:02 METAR KCQT 190952Z 00000KT 9SM CLR 25/18 A2983 RMK AO2 SLP098 T02500178","FM-15","7",,,,,,,,,,,,,,,,,,,,,,,,,,,"2006-02-03"
"72287493134","2020-08-19T02:52:00","FM-15","7",,,"3.89","mi",,,,,,,"PENDING COOP",,,,,,,,,,,,,,,,,,,,,,,,,,,,"29.84","64","76","0.00",,,,"67","29.82","CLR:00","29.64","9.00","68","000",,"0",,,,,,,,,,,,,,,,,,,,,,,,,,,,,,,,,,,,,"MET08908/19/20 02:52:02 METAR KCQT 191052Z 00000KT 9SM CLR 24/18 A2984 RMK AO2 SLP099 T02440178","FM-15","7",,,,,,,,,,,,,,,,,,,,,,,,,,,"2006-02-03"
"72287493134","2020-08-19T03:52:00","FM-15","7",,,"3.89","mi",,,,,,,"PENDING COOP",,,,,,,,,,,,,,,,,,,,,,,,,,,,"29.84","64","77","0.00",,"-0.01","3","64","29.83","CLR:00","29.64","8.00","69","000",,"0",,,,,,,,,,,,,,,,,,,,,,,,,,,,,,,,,,,,,"MET10708/19/20 03:52:02 METAR KCQT 191152Z 00000KT 8SM CLR 25/18 A2984 RMK AO2 SLP102 T02500178 10250 20244 53003","FM-15","7",,,,,,,,,,,,,,,,,,,,,,,,,,,"2006-02-03"
"72287493134","2020-08-19T04:52:00","FM-15","7",,,"3.89","mi",,,,,,,"PENDING COOP",,,,,,,,,,,,,,,,,,,,,,,,,,,,"29.84","65","77","0.00",,,,"66","29.83","CLR:00","29.64","8.00","69","000",,"0",,,,,,,,,,,,,,,,,,,,,,,,,,,,,,,,,,,,,"MET08908/19/20 04:52:02 METAR KCQT 191252Z 00000KT 8SM CLR 25/18 A2984 RMK AO2 SLP102 T02500183","FM-15","7",,,,,,,,,,,,,,,,,,,,,,,,,,,"2006-02-03"
"72287493134","2020-08-19T05:52:00","FM-15","7",,,"3.89","mi",,,,,,,"PENDING COOP",,,,,,,,,,,,,,,,,,,,,,,,,,,,"29.85","66","76","0.00",,,,"72","29.83","CLR:00","29.65","7.00","70","000",,"0",,,,,,,,,,,,,,,,,,,,,,,,,,,,,,,,,,,,,"MET08908/19/20 05:52:02 METAR KCQT 191352Z 00000KT 7SM CLR 24/19 A2985 RMK AO2 SLP103 T02440189","FM-15","7",,,,,,,,,,,,,,,,,,,,,,,,,,,"2006-02-03"
"72287493134","2020-08-19T06:52:00","FM-15","7",,,"3.89","mi",,,,,,,"PENDING COOP",,,,,,,,,,,,,,,,,,,,,,,,,,,,"29.85","67","80","0.00",,"-0.01","3","64","29.84","CLR:00","29.65","7.00","71","000",,"0",,,,,,,,,,,,,,,,,,,,,,,,,,,,,,,,,,,,,"MET09508/19/20 06:52:02 METAR KCQT 191452Z 00000KT 7SM CLR 27/19 A2985 RMK AO2 SLP104 T02670194 53002","FM-15","7",,,,,,,,,,,,,,,,,,,,,,,,,,,"2006-02-03"
"72287493134","2020-08-19T07:52:00","FM-15","7",,,"3.89","mi",,,,,,,"PENDING COOP",,,,,,,,,,,,,,,,,,,,,,,,,,,,"29.84","67","85","0.00",,,,"55","29.82","CLR:00","29.64","7.00","73","000",,"0",,,,,,,,,,,,,,,,,,,,,,,,,,,,,,,,,,,,,"MET08908/19/20 07:52:02 METAR KCQT 191552Z 00000KT 7SM CLR 29/19 A2984 RMK AO2 SLP099 T02940194","FM-15","7",,,,,,,,,,,,,,,,,,,,,,,,,,,"2006-02-03"
"72287493134","2020-08-19T08:52:00","FM-15","7",,,"3.89","mi",,,,,,,"PENDING COOP",,,,,,,,,,,,,,,,,,,,,,,,,,,,"29.83","67","89","0.00",,,,"48","29.82","CLR:00","29.63","7.00","74","000",,"0",,,,,,,,,,,,,,,,,,,,,,,,,,,,,,,,,,,,,"MET08908/19/20 08:52:02 METAR KCQT 191652Z 00000KT 7SM CLR 32/19 A2983 RMK AO2 SLP098 T03170194","FM-15","7",,,,,,,,,,,,,,,,,,,,,,,,,,,"2006-02-03"
"72287493134","2020-08-19T09:52:00","FM-15","7",,,"3.89","mi",,,,,,,"PENDING COOP",,,,,,,,,,,,,,,,,,,,,,,,,,,,"29.82","68","91","0.00",,"+0.02","6","47","29.81","CLR:00","29.62","7.00","75","000",,"0",,,,,,,,,,,,,,,,,,,,,,,,,,,,,,,,,,,,,"MET10708/19/20 09:52:02 METAR KCQT 191752Z 00000KT 7SM CLR 33/20 A2982 RMK AO2 SLP095 T03280200 10333 20244 56008","FM-15","7",,,,,,,,,,,,,,,,,,,,,,,,,,,"2006-02-03"
"72287493134","2020-08-19T10:52:00","FM-15","7",,,"3.89","mi",,,,,,,"PENDING COOP",,,,,,,,,,,,,,,,,,,,,,,,,,,,"29.81","67","91","0.00",,,,"45","29.80","CLR:00","29.61","8.00","75","250",,"3",,,,,,,,,,,,,,,,,,,,,,,,,,,,,,,,,,,,,"MET08908/19/20 10:52:02 METAR KCQT 191852Z 25003KT 8SM CLR 33/19 A2981 RMK AO2 SLP092 T03280194","FM-15","7",,,,,,,,,,,,,,,,,,,,,,,,,,,"2006-02-03"
"72287493134","2020-08-19T11:52:00","FM-15","6",,,"3.89","mi",,,,,,,"PENDING COOP",,,,,,,,,,,,,,,,,,,,,,,,,,,,"29.80","66","94","0.00",,,,"40","29.78","CLR:00","29.60","8.00","75",,,,,,,,,,,,,,,,,,,,,,,,,,,,,,,,,,,,,,,,"MET09108/19/20 11:52:02 METAR KCQT 191952Z      KT 8SM CLR 34/19 A2980 RMK AO2 SLP085 T03440189 $","FM-15","6",,,,,,,,,,,,,,,,,,,,,,,,,,,"2006-02-03"
"72287493134","2020-08-19T12:52:00","FM-15","7",,,"3.89","mi",,,,,,,"PENDING COOP",,,,,,,,,,,,,,,,,,,,,,,,,,,,"29.79","64","92","0.00",,"+0.03","6","40","29.78","CLR:00","29.59","9.00","73","250",,"3",,,,,,,,,,,,,,,,,,,,,,,,,,,,,,,,,,,,,"MET09708/19/20 12:52:02 METAR KCQT 192052Z 25003KT 9SM CLR 33/18 A2979 RMK AO2 SLP084 T03330178 56010 $","FM-15","7",,,,,,,,,,,,,,,,,,,,,,,,,,,"2006-02-03"
"72287493134","2020-08-19T13:52:00","FM-15","7",,,"3.89","mi",,,,,,,"PENDING COOP",,,,,,,,,,,,,,,,,,,,,,,,,,,,"29.79","65","90","0.00",,,,"44","29.78","CLR:00","29.59","9.00","73","VRB",,"5",,,,,,,,,,,,,,,,,,,,,,,,,,,,,,,,,,,,,"MET09108/19/20 13:52:02 METAR KCQT 192152Z VRB04KT 9SM CLR 32/18 A2979 RMK AO2 SLP083 T03220183 $","FM-15","7",,,,,,,,,,,,,,,,,,,,,,,,,,,"2006-02-03"
"72287493134","2020-08-19T14:52:00","FM-15","7",,,"3.89","mi",,,,,,,"PENDING COOP",,,,,,,,,,,,,,,,,,,,,,,,,,,,"29.78","62","88","0.00",,,,"42","29.77","CLR:00","29.58","10.00","71","260",,"5",,,,,,,,,,,,,,,,,,,,,,,,,,,,,,,,,,,,,"MET09208/19/20 14:52:02 METAR KCQT 192252Z 26004KT 10SM CLR 31/17 A2978 RMK AO2 SLP080 T03110167 $","FM-15","7",,,,,,,,,,,,,,,,,,,,,,,,,,,"2006-02-03"
"72287493134","2020-08-19T15:52:00","FM-15","7",,,"3.89","mi",,,,,,,"PENDING COOP",,,,,,,,,,,,,,,,,,,,,,,,,,,,"29.77","62","86","0.00",,"+0.02","7","45","29.76","CLR:00","29.57","10.00","70","260",,"7",,,,,,,,,,,,,,,,,,,,,,,,,,,,,,,,,,,,,"MET11008/19/20 15:52:02 METAR KCQT 192352Z 26006KT 10SM CLR 30/17 A2977 RMK AO2 SLP078 T03000167 10344 20300 57007 $","FM-15","7",,,,,,,,,,,,,,,,,,,,,,,,,,,"2006-02-03"
"72287493134","2020-08-19T16:52:00","FM-15","7",,,"3.89","mi",,,,,,,"PENDING COOP",,,,,,,,,,,,,,,,,,,,,,,,,,,,"29.76","63","83","0.00",,,,"51","29.75","CLR:00","29.56","10.00","70","250",,"5",,,,,,,,,,,,,,,,,,,,,,,,,,,,,,,,,,,,,"MET09208/19/20 16:52:01 METAR KCQT 200052Z 25004KT 10SM CLR 28/17 A2976 RMK AO2 SLP075 T02830172 $","FM-15","7",,,,,,,,,,,,,,,,,,,,,,,,,,,"2006-02-03"
"72287493134","2020-08-19T17:52:00","FM-15","7",,,"3.89","mi",,,,,,,"PENDING COOP",,,,,,,,,,,,,,,,,,,,,,,,,,,,"29.77","62","82","0.00",,,,"51","29.75","CLR:00","29.57","9.00","69","000",,"0",,,,,,,,,,,,,,,,,,,,,,,,,,,,,,,,,,,,,"MET09108/19/20 17:52:01 METAR KCQT 200152Z 00000KT 9SM CLR 28/17 A2977 RMK AO2 SLP076 T02780167 $","FM-15","7",,,,,,,,,,,,,,,,,,,,,,,,,,,"2006-02-03"
"72287493134","2020-08-19T18:52:00","FM-15","7",,,"3.89","mi",,,,,,,"PENDING COOP",,,,,,,,,,,,,,,,,,,,,,,,,,,,"29.78","61","80","0.00",,"-0.01","3","52","29.77","CLR:00","29.58","10.00","68","260",,"5",,,,,,,,,,,,,,,,,,,,,,,,,,,,,,,,,,,,,"MET09808/19/20 18:52:02 METAR KCQT 200252Z 26004KT 10SM CLR 27/16 A2978 RMK AO2 SLP080 T02670161 53002 $","FM-15","7",,,,,,,,,,,,,,,,,,,,,,,,,,,"2006-02-03"
"72287493134","2020-08-19T19:52:00","FM-15","7",,,"3.89","mi",,,,,,,"PENDING COOP",,,,,,,,,,,,,,,,,,,,,,,,,,,,"29.79","63","78","0.00",,,,"60","29.78","CLR:00","29.59","9.00","68","000",,"0",,,,,,,,,,,,,,,,,,,,,,,,,,,,,,,,,,,,,"MET09108/19/20 19:52:02 METAR KCQT 200352Z 00000KT 9SM CLR 26/17 A2979 RMK AO2 SLP084 T02560172 $","FM-15","7",,,,,,,,,,,,,,,,,,,,,,,,,,,"2006-02-03"
"72287493134","2020-08-19T20:52:00","FM-15","7",,,"3.89","mi",,,,,,,"PENDING COOP",,,,,,,,,,,,,,,,,,,,,,,,,,,,"29.80","62","79","0.00",,,,"56","29.79","CLR:00","29.60","9.00","68","000",,"0",,,,,,,,,,,,,,,,,,,,,,,,,,,,,,,,,,,,,"MET09108/19/20 20:52:02 METAR KCQT 200452Z 00000KT 9SM CLR 26/17 A2980 RMK AO2 SLP087 T02610167 $","FM-15","7",,,,,,,,,,,,,,,,,,,,,,,,,,,"2006-02-03"
"72287493134","2020-08-19T21:52:00","FM-15","7",,,"3.89","mi",,,,,,,"PENDING COOP",,,,,,,,,,,,,,,,,,,,,,,,,,,,"29.80","63","78","0.00",,"-0.02","1","60","29.79","CLR:00","29.60","9.00","68","000",,"0",,,,,,,,,,,,,,,,,,,,,,,,,,,,,,,,,,,,,"MET10908/19/20 21:52:02 METAR KCQT 200552Z 00000KT 9SM CLR 26/17 A2980 RMK AO2 SLP087 T02560172 10300 20250 51007 $","FM-15","7",,,,,,,,,,,,,,,,,,,,,,,,,,,"2006-02-03"
"72287493134","2020-08-19T22:52:00","FM-15","7",,,"3.89","mi",,,,,,,"PENDING COOP",,,,,,,,,,,,,,,,,,,,,,,,,,,,"29.80","64","77","0.00",,,,"64","29.79","CLR:00","29.60","9.00","69","000",,"0",,,,,,,,,,,,,,,,,,,,,,,,,,,,,,,,,,,,,"MET09108/19/20 22:52:02 METAR KCQT 200652Z 00000KT 9SM CLR 25/18 A2980 RMK AO2 SLP087 T02500178 $","FM-15","7",,,,,,,,,,,,,,,,,,,,,,,,,,,"2006-02-03"
"72287493134","2020-08-19T23:52:00","FM-15","7",,,"3.89","mi",,,,,,,"PENDING COOP",,,,,,,,,,,,,,,,,,,,,,,,,,,,"29.80","65","75","0.00",,,,"71","29.78","CLR:00","29.60","9.00","69","000",,"0",,,,,,,,,,,,,,,,,,,,,,,,,,,,,,,,,,,,,"MET10108/19/20 23:52:02 METAR KCQT 200752Z 00000KT 9SM CLR 24/18 A2980 RMK AO2 SLP085 T02390183 403440239 $","FM-15","7",,,,,,,,,,,,,,,,,,,,,,,,,,,"2006-02-03"
"72287493134","2020-08-19T23:59:00","SOD  ","6",,,"3.89","mi",,,,,,,"PENDING COOP",,,,,,"64","85","55","29.80","29.60","71","1.4","20","10.6","0","94","75","260","16","0.00",,,"260","9",,,,,,,,,,,,,,,,,,,,,,,,,,,,,,,,,,,,,,,,,,,,,,,,,,,,,,,,"SOD73924 HR PRECIPITATION (IN): 0.00 SNOW DEPTH (IN):0     24 HR SNOWFALL (IN):0.0  24 HR MAX TEMP (F): 9424 HR MIN TEMP (F): 75AVERAGE STATION PRESSURE:29.605 MINIMUM SEA LEVEL PRESSURE:29.74 TIME OF OCCURRENCE:1721 PEAK WIND SPEED (MPH): 16 PEAK WIND DIR (DEG):260 PEAK WIND TIME (LST):      FASTEST 2MIN SPEED (MPH):  9FASTEST 2MIN DIR (DEG):260 FASTEST 2MIN TIME (LST):     AVERAGE WIND SPEED (MPH): 1.4 24 HR AVG TEMP (F): 85DEPART FROM NORMAL: 11  HEATING DEGREE DAYS:  0 COOLING DEGREE DAYS: 20 LATEST DAY MAX TEMP (0700-1900 LST):94  LATEST NIGHT MIN TEMP(1900-0800 LST):75 HOURLY INCREMENTAL PRECIPITATION VALUES (IN):.00 0.00 0.00 0.00 0.00 0.00 0.00 0.00 0.00 0.00 0.00 0.00 0.00 0.00 0.00 0.00 0.00 0.00 0.00 0.00 0.00 0.00 0.00 0.00","SOD  ","6",,,,,,,,,,,,,,,,,,,,,,,,,"0518","1834","2006-02-03"
"72287493134","2020-08-20T00:52:00","FM-15","7",,,"3.89","mi",,,,,,,"PENDING COOP",,,,,,,,,,,,,,,,,,,,,,,,,,,,"29.78","64","76","0.00",,"+0.02","8","67","29.77","CLR:00","29.58","9.00","68","000",,"0",,,,,,,,,,,,,,,,,,,,,,,,,,,,,,,,,,,,,"MET09708/20/20 00:52:02 METAR KCQT 200852Z 00000KT 9SM CLR 24/18 A2978 RMK AO2 SLP081 T02440178 58007 $","FM-15","7",,,,,,,,,,,,,,,,,,,,,,,,,,,"2006-02-03"
"72287493134","2020-08-20T01:52:00","FM-15","7",,,"3.89","mi",,,,,,,"PENDING COOP",,,,,,,,,,,,,,,,,,,,,,,,,,,,"29.77","65","75","0.00",,,,"71","29.76","CLR:00","29.57","8.00","69","000",,"0",,,,,,,,,,,,,,,,,,,,,,,,,,,,,,,,,,,,,"MET09108/20/20 01:52:02 METAR KCQT 200952Z 00000KT 8SM CLR 24/18 A2977 RMK AO2 SLP079 T02390183 $","FM-15","7",,,,,,,,,,,,,,,,,,,,,,,,,,,"2006-02-03"
"72287493134","2020-08-20T02:52:00","FM-15","7",,,"3.89","mi",,,,,,,"PENDING COOP",,,,,,,,,,,,,,,,,,,,,,,,,,,,"29.77","66","74","0.00",,,,"76","29.76","CLR:00","29.57","8.00","69","000",,"0",,,,,,,,,,,,,,,,,,,,,,,,,,,,,,,,,,,,,"MET09108/20/20 02:52:02 METAR KCQT 201052Z 00000KT 8SM CLR 23/19 A2977 RMK AO2 SLP077 T02330189 $","FM-15","7",,,,,,,,,,,,,,,,,,,,,,,,,,,"2006-02-03"
"72287493134","2020-08-20T03:52:00","FM-15","7",,,"3.89","mi",,,,,,,"PENDING COOP",,,,,,,,,,,,,,,,,,,,,,,,,,,,"29.77","66","73","0.00",,"+0.01","6","79","29.76","CLR:00","29.57","8.00","69","000",,"0",,,,,,,,,,,,,,,,,,,,,,,,,,,,,,,,,,,,,"MET10908/20/20 03:52:02 METAR KCQT 201152Z 00000KT 8SM CLR 23/19 A2977 RMK AO2 SLP078 T02280189 10256 20228 56003 $","FM-15","7",,,,,,,,,,,,,,,,,,,,,,,,,,,"2006-02-03"
"72287493134","2020-08-20T04:52:00","FM-15","7",,,"3.89","mi",,,,,,,"PENDING COOP",,,,,,,,,,,,,,,,,,,,,,,,,,,,"29.77","66","73","0.00",,,,"79","29.76","CLR:00","29.57","8.00","69","000",,"0",,,,,,,,,,,,,,,,,,,,,,,,,,,,,,,,,,,,,"MET09108/20/20 04:52:02 METAR KCQT 201252Z 00000KT 8SM CLR 23/19 A2977 RMK AO2 SLP079 T02280189 $","FM-15","7",,,,,,,,,,,,,,,,,,,,,,,,,,,"2006-02-03"
"72287493134","2020-08-20T05:52:00","FM-15","7",,,"3.89","mi",,,,,,,"PENDING COOP",,,,,,,,,,,,,,,,,,,,,,,,,,,,"29.78","66","73","0.00",,,,"79","29.77","CLR:00","29.58","7.00","69","000",,"0",,,,,,,,,,,,,,,,,,,,,,,,,,,,,,,,,,,,,"MET09508/20/20 05:52:02 METAR KCQT 201352Z 00000KT 7SM CLR 23/19 A2978 RMK AO2 SLP080 T02280189 $ RTX","FM-15","7",,,,,,,,,,,,,,,,,,,,,,,,,,,"2006-02-03"
"72287493134","2020-08-20T06:52:00","FM-15","7",,,"3.89","mi",,,,,,,"PENDING COOP",,,,,,,,,,,,,,,,,,,,,,,,,,,,"29.78","67","76","0.00",,"-0.01","1","74","29.77","CLR:00","29.58","7.00","70","000",,"0",,,,,,,,,,,,,,,,,,,,,,,,,,,,,,,,,,,,,"MET10108/20/20 06:52:02 METAR KCQT 201452Z 00000KT 7SM CLR 24/19 A2978 RMK AO2 SLP081 T02440194 51003 $ RTX","FM-15","7",,,,,,,,,,,,,,,,,,,,,,,,,,,"2006-02-03"
"72287493134","2020-08-20T07:52:00","FM-15","7",,,"3.89","mi",,,,,,,"PENDING COOP",,,,,,,,,,,,,,,,,,,,,,,,,,,,"29.78","68","80","0.00",,,,"67","29.77","CLR:00","29.58","7.00","72","000",,"0",,,,,,,,,,,,,,,,,,,,,,,,,,,,,,,,,,,,,"MET09108/20/20 07:52:02 METAR KCQT 201552Z 00000KT 7SM CLR 27/20 A2978 RMK AO2 SLP080 T02670200 $","FM-15","7",,,,,,,,,,,,,,,,,,,,,,,,,,,"2006-02-03"
"72287493134","2020-08-20T08:52:00","FM-15","7",,,"3.89","mi",,,,,,,"PENDING COOP",,,,,,,,,,,,,,,,,,,,,,,,,,,,"29.77","67","84","0.00",,,,"57","29.76","CLR:00","29.57","7.00","73","000",,"0",,,,,,,,,,,,,,,,,,,,,,,,,,,,,,,,,,,,,"MET09108/20/20 08:52:02 METAR KCQT 201652Z 00000KT 7SM CLR 29/19 A2977 RMK AO2 SLP077 T02890194 $","FM-15","7",,,,,,,,,,,,,,,,,,,,,,,,,,,"2006-02-03"
"72287493134","2020-08-20T09:52:00","FM-15","7",,,"3.89","mi",,,,,,,"PENDING COOP",,,,,,,,,,,,,,,,,,,,,,,,,,,,"29.76","66","89","0.00",,"+0.02","8","47","29.75","CLR:00","29.56","8.00","73","000",,"0",,,,,,,,,,,,,,,,,,,,,,,,,,,,,,,,,,,,,"MET10908/20/20 09:52:02 METAR KCQT 201752Z 00000KT 8SM CLR 32/19 A2976 RMK AO2 SLP073 T03170189 10317 20228 58007 $","FM-15","7",,,,,,,,,,,,,,,,,,,,,,,,,,,"2006-02-03"
"72287493134","2020-08-20T10:52:00","FM-15","7",,,"3.89","mi",,,,,,,"PENDING COOP",,,,,,,,,,,,,,,,,,,,,,,,,,,,"29.74","64","92","0.00",,,,"40","29.72","CLR:00","29.54","8.00","73","000",,"0",,,,,,,,,,,,,,,,,,,,,,,,,,,,,,,,,,,,,"MET09108/20/20 10:52:02 METAR KCQT 201852Z 00000KT 8SM CLR 33/18 A2974 RMK AO2 SLP066 T03330178 $","FM-15","7",,,,,,,,,,,,,,,,,,,,,,,,,,,"2006-02-03"
"72287493134","2020-08-20T11:52:00","FM-15","7",,,"3.89","mi",,,,,,,"PENDING COOP",,,,,,,,,,,,,,,,,,,,,,,,,,,,"29.73","65","92","0.00",,,,"41","29.72","CLR:00","29.53","8.00","74","260",,"7",,,,,,,,,,,,,,,,,,,,,,,,,,,,,,,,,,,,,"MET09108/20/20 11:52:02 METAR KCQT 201952Z 26006KT 8SM CLR 33/18 A2973 RMK AO2 SLP063 T03330183 $","FM-15","7",,,,,,,,,,,,,,,,,,,,,,,,,,,"2006-02-03"
"72287493134","2020-08-20T12:52:00","FM-15","7",,,"3.89","mi",,,,,,,"PENDING COOP",,,,,,,,,,,,,,,,,,,,,,,,,,,,"29.72","65","89","0.00",,"+0.04","6","45","29.71","CLR:00","29.52","8.00","73","250",,"5",,,,,,,,,,,,,,,,,,,,,,,,,,,,,,,,,,,,,"MET09708/20/20 12:52:02 METAR KCQT 202052Z 25004KT 8SM CLR 32/18 A2972 RMK AO2 SLP060 T03170183 56013 $","FM-15","7",,,,,,,,,,,,,,,,,,,,,,,,,,,"2006-02-03"
"72287493134","2020-08-20T13:52:00","FM-15","7",,,"3.89","mi",,,,,,,"PENDING COOP",,,,,,,,,,,,,,,,,,,,,,,,,,,,"29.71","65","86","0.00",,,,"49","29.70","CLR:00","29.51","9.00","72","250",,"6",,,,,,,,,,,,,,,,,,,,,,,,,,,,,,,,,,,,,"MET09108/20/20 13:52:02 METAR KCQT 202152Z 25005KT 9SM CLR 30/18 A2971 RMK AO2 SLP056 T03000183 $","FM-15","7",,,,,,,,,,,,,,,,,,,,,,,,,,,"2006-02-03"
"72287493134","2020-08-20T14:52:00","FM-15","7",,,"3.89","mi",,,,,,,"PENDING COOP",,,,,,,,,,,,,,,,,,,,,,,,,,,,"29.69","64","86","0.00",,,,"48","29.68","CLR:00","29.49","9.00","71","VRB",,"3",,,,,,,,,,,,,,,,,,,,,,,,,,,,,,,,,,,,,"MET09108/20/20 14:52:02 METAR KCQT 202252Z VRB03KT 9SM CLR 30/18 A2969 RMK AO2 SLP051 T03000178 $","FM-15","7",,,,,,,,,,,,,,,,,,,,,,,,,,,"2006-02-03"
"72287493134","2020-08-20T15:52:00","FM-15","7",,,"3.89","mi",,,,,,,"PENDING COOP",,,,,,,,,,,,,,,,,,,,,,,,,,,,"29.68","64","84","0.00",,"+0.04","6","51","29.67","CLR:00","29.48","9.00","71","260",,"6",,,,,,,,,,,,,,,,,,,,,,,,,,,,,,,,,,,,,"MET10908/20/20 15:52:02 METAR KCQT 202352Z 26005KT 9SM CLR 29/18 A2968 RMK AO2 SLP047 T02890178 10344 20289 56013 $","FM-15","7",,,,,,,,,,,,,,,,,,,,,,,,,,,"2006-02-03"
"72287493134","2020-08-20T16:52:00","FM-15","7",,,"3.89","mi",,,,,,,"PENDING COOP",,,,,,,,,,,,,,,,,,,,,,,,,,,,"29.70","64","83","0.00",,,,"53","29.69","CLR:00","29.50","9.00","71","270",,"7",,,,,,,,,,,,,,,,,,,,,,,,,,,,,,,,,,,,,"MET09108/20/20 16:52:01 METAR KCQT 210052Z 27006KT 9SM CLR 28/18 A2970 RMK AO2 SLP053 T02830178 $","FM-15","7",,,,,,,,,,,,,,,,,,,,,,,,,,,"2006-02-03"
"72287493134","2020-08-20T17:52:00","FM-15","7",,,"3.89","mi",,,,,,,"PENDING COOP",,,,,,,,,,,,,,,,,,,,,,,,,,,,"29.72","64","82","0.00",,,,"55","29.71","CLR:00","29.52","9.00","70","VRB",,"3",,,,,,,,,,,,,,,,,,,,,,,,,,,,,,,,,,,,,"MET09108/20/20 17:52:02 METAR KCQT 210152Z VRB03KT 9SM CLR 28/18 A2972 RMK AO2 SLP060 T02780178 $","FM-15","7",,,,,,,,,,,,,,,,,,,,,,,,,,,"2006-02-03"
"72287493134","2020-08-20T18:52:00","FM-15","7",,,"3.89","mi",,,,,,,"PENDING COOP",,,,,,,,,,,,,,,,,,,,,,,,,,,,"29.74","64","79","0.00",,"-0.05","3","60","29.72","CLR:00","29.54","9.00","69","000",,"0",,,,,,,,,,,,,,,,,,,,,,,,,,,,,,,,,,,,,"MET09708/20/20 18:52:02 METAR KCQT 210252Z 00000KT 9SM CLR 26/18 A2974 RMK AO2 SLP066 T02610178 53018 $","FM-15","7",,,,,,,,,,,,,,,,,,,,,,,,,,,"2006-02-03"
"72287493134","2020-08-20T19:52:00","FM-15","7",,,"3.89","mi",,,,,,,"PENDING COOP",,,,,,,,,,,,,,,,,,,,,,,,,,,,"29.75","64","77","0.00",,,,"64","29.74","CLR:00","29.55","9.00","69","000",,"0",,,,,,,,,,,,,,,,,,,,,,,,,,,,,,,,,,,,,"MET09108/20/20 19:52:02 METAR KCQT 210352Z 00000KT 9SM CLR 25/18 A2975 RMK AO2 SLP072 T02500178 $","FM-15","7",,,,,,,,,,,,,,,,,,,,,,,,,,,"2006-02-03"
"72287493134","2020-08-20T20:52:00","FM-15","7",,,"3.89","mi",,,,,,,"PENDING COOP",,,,,,,,,,,,,,,,,,,,,,,,,,,,"29.77","67","77","0.00",,,,"71","29.75","CLR:00","29.57","8.00","70","VRB",,"3",,,,,,,,,,,,,,,,,,,,,,,,,,,,,,,,,,,,,"MET09108/20/20 20:52:02 METAR KCQT 210452Z VRB03KT 8SM CLR 25/19 A2977 RMK AO2 SLP076 T02500194 $","FM-15","7",,,,,,,,,,,,,,,,,,,,,,,,,,,"2006-02-03"
"72287493134","2020-08-20T21:52:00","FM-15","7",,,"3.89","mi",,,,,,,"PENDING COOP",,,,,,,,,,,,,,,,,,,,,,,,,,,,"29.77","65","77","0.00",,"-0.03","1","66","29.76","CLR:00","29.57","9.00","69","000",,"0",,,,,,,,,,,,,,,,,,,,,,,,,,,,,,,,,,,,,"MET10908/20/20 21:52:02 METAR KCQT 210552Z 00000KT 9SM CLR 25/18 A2977 RMK AO2 SLP077 T02500183 10294 20250 51011 $","FM-15","7",,,,,,,,,,,,,,,,,,,,,,,,,,,"2006-02-03"
"72287493134","2020-08-20T22:52:00","FM-15","7",,,"3.89","mi",,,,,,,"PENDING COOP",,,,,,,,,,,,,,,,,,,,,,,,,,,,"29.76","66","76","0.00",,,,"72","29.75","CLR:00","29.56","9.00","70","000",,"0",,,,,,,,,,,,,,,,,,,,,,,,,,,,,,,,,,,,,"MET09108/20/20 22:52:02 METAR KCQT 210652Z 00000KT 9SM CLR 24/19 A2976 RMK AO2 SLP074 T02440189 $","FM-15","7",,,,,,,,,,,,,,,,,,,,,,,,,,,"2006-02-03"
"72287493134","2020-08-20T23:52:00","FM-15","7",,,"3.89","mi",,,,,,,"PENDING COOP",,,,,,,,,,,,,,,,,,,,,,,,,,,,"29.75","67","75","0.00",,,,"76","29.74","CLR:00","29.55","8.00","70","000",,"0",,,,,,,,,,,,,,,,,,,,,,,,,,,,,,,,,,,,,"MET10108/20/20 23:52:02 METAR KCQT 210752Z 00000KT 8SM CLR 24/19 A2975 RMK AO2 SLP071 T02390194 403440228 $","FM-15","7",,,,,,,,,,,,,,,,,,,,,,,,,,,"2006-02-03"
"72287493134","2020-08-20T23:59:00","SOD  ","6",,,"3.89","mi",,,,,,,"PENDING COOP",,,,,,"65","84","62","29.74","29.54","71","1.7","19","9.6","0","94","73","260","15","0.00",,,"260","9",,,,,,,,,,,,,,,,,,,,,,,,,,,,,,,,,,,,,,,,,,,,,,,,,,,,,,,,"SOD75624 HR PRECIPITATION (IN): 0.00 SNOW DEPTH (IN):0     24 HR SNOWFALL (IN):0.0  WEATHER(CODE):8  24 HR MAX TEMP (F): 9424 HR MIN TEMP (F): 73AVERAGE STATION PRESSURE:29.540 MINIMUM SEA LEVEL PRESSURE:29.67 TIME OF OCCURRENCE:1610 PEAK WIND SPEED (MPH): 15 PEAK WIND DIR (DEG):260 PEAK WIND TIME (LST):      FASTEST 2MIN SPEED (MPH):  9FASTEST 2MIN DIR (DEG):260 FASTEST 2MIN TIME (LST):     AVERAGE WIND SPEED (MPH): 1.7 24 HR AVG TEMP (F): 84DEPART FROM NORMAL: 10  HEATING DEGREE DAYS:  0 COOLING DEGREE DAYS: 19 LATEST DAY MAX TEMP (0700-1900 LST):94  LATEST NIGHT MIN TEMP(1900-0800 LST):73 HOURLY INCREMENTAL PRECIPITATION VALUES (IN):.00 0.00 0.00 0.00 0.00 0.00 0.00 0.00 0.00 0.00 0.00 0.00 0.00 0.00 0.00 0.00 0.00 0.00 0.00 0.00 0.00 0.00 0.00 0.00","SOD  ","6",,,,,,,,,,,,,,,,,,,,,,,,,"0519","1833","2006-02-03"
"72287493134","2020-08-21T00:52:00","FM-15","7",,,"3.89","mi",,,,,,,"PENDING COOP",,,,,,,,,,,,,,,,,,,,,,,,,,,,"29.75","67","76","0.00",,"+0.02","5","74","29.74","CLR:00","29.55","8.00","70","000",,"0",,,,,,,,,,,,,,,,,,,,,,,,,,,,,,,,,,,,,"MET09708/21/20 00:52:02 METAR KCQT 210852Z 00000KT 8SM CLR 24/19 A2975 RMK AO2 SLP071 T02440194 55006 $","FM-15","7",,,,,,,,,,,,,,,,,,,,,,,,,,,"2006-02-03"
"72287493134","2020-08-21T01:52:00","FM-15","7",,,"3.89","mi",,,,,,,"PENDING COOP",,,,,,,,,,,,,,,,,,,,,,,,,,,,"29.75","67","75","0.00",,,,"76","29.74","CLR:00","29.55","7.00","70","000",,"0",,,,,,,,,,,,,,,,,,,,,,,,,,,,,,,,,,,,,"MET09108/21/20 01:52:02 METAR KCQT 210952Z 00000KT 7SM CLR 24/19 A2975 RMK AO2 SLP070 T02390194 $","FM-15","7",,,,,,,,,,,,,,,,,,,,,,,,,,,"2006-02-03"
"72287493134","2020-08-21T02:52:00","FM-15","7",,,"3.89","mi",,,,,,,"PENDING COOP",,,,,,,,,,,,,,,,,,,,,,,,,,,,"29.74","67","74","0.00",,,,"79","29.73","CLR:00","29.54","7.00","69","000",,"0",,,,,,,,,,,,,,,,,,,,,,,,,,,,,,,,,,,,,"MET09108/21/20 02:52:02 METAR KCQT 211052Z 00000KT 7SM CLR 23/19 A2974 RMK AO2 SLP067 T02330194 $","FM-15","7",,,,,,,,,,,,,,,,,,,,,,,,,,,"2006-02-03"
"72287493134","2020-08-21T03:52:00","FM-15","7",,,"3.89","mi",,,,,,,"PENDING COOP",,,,,,,,,,,,,,,,,,,,,,,,,,,,"29.73","68","73","0.00",,"+0.02","8","84","29.72","CLR:00","29.53","7.00","70","000",,"0",,,,,,,,,,,,,,,,,,,,,,,,,,,,,,,,,,,,,"MET10908/21/20 03:52:02 METAR KCQT 211152Z 00000KT 7SM CLR 23/20 A2973 RMK AO2 SLP064 T02280200 10250 20228 58007 $","FM-15","7",,,,,,,,,,,,,,,,,,,,,,,,,,,"2006-02-03"
"72287493134","2020-08-21T04:52:00","FM-15","7",,,"3.89","mi",,,,,,,"PENDING COOP",,,,,,,,,,,,,,,,,,,,,,,,,,,,"29.74","67","74","0.00",,,,"79","29.73","CLR:00","29.54","7.00","69","000",,"0",,,,,,,,,,,,,,,,,,,,,,,,,,,,,,,,,,,,,"MET09108/21/20 04:52:02 METAR KCQT 211252Z 00000KT 7SM CLR 23/19 A2974 RMK AO2 SLP067 T02330194 $","FM-15","7",,,,,,,,,,,,,,,,,,,,,,,,,,,"2006-02-03"
"72287493134","2020-08-21T05:52:00","FM-15","7",,,"3.89","mi",,,,,,,"PENDING COOP",,,,,,,,,,,,,,,,,,,,,,,,,,,,"29.75","66","73","0.00","HZ:7 |FU |HZ",,,"79","29.74","CLR:00","29.55","6.00","68","VRB",,"3",,,,,,,,,,,,,,,,,,,,,,,,,,,,,,,,,,,,,"MET09808/21/20 05:52:02 METAR KCQT 211352Z VRB03KT 6SM HZ CLR 23/19 A2975 RMK AO2 SLP070 T02280189 $ RTX","FM-15","7",,,,,,,,,,,,,,,,,,,,,,,,,,,"2006-02-03"
"72287493134","2020-08-21T06:52:00","FM-15","7",,,"3.89","mi",,,,,,,"PENDING COOP",,,,,,,,,,,,,,,,,,,,,,,,,,,,"29.76","66","76","0.00","HZ:7 |FU |HZ","-0.03","3","72","29.75","CLR:00","29.56","6.00","70","000",,"0",,,,,,,,,,,,,,,,,,,,,,,,,,,,,,,,,,,,,"MET10008/21/20 06:52:02 METAR KCQT 211452Z 00000KT 6SM HZ CLR 24/19 A2976 RMK AO2 SLP074 T02440189 53010 $","FM-15","7",,,,,,,,,,,,,,,,,,,,,,,,,,,"2006-02-03"
"72287493134","2020-08-21T07:52:00","FM-15","7",,,"3.89","mi",,,,,,,"PENDING COOP",,,,,,,,,,,,,,,,,,,,,,,,,,,,"29.77","68","79","0.00","HZ:7 |FU |HZ",,,"69","29.75","CLR:00","29.57","6.00","72","000",,"0",,,,,,,,,,,,,,,,,,,,,,,,,,,,,,,,,,,,,"MET09408/21/20 07:52:02 METAR KCQT 211552Z 00000KT 6SM HZ CLR 26/20 A2977 RMK AO2 SLP076 T02610200 $","FM-15","7",,,,,,,,,,,,,,,,,,,,,,,,,,,"2006-02-03"
"72287493134","2020-08-21T08:52:00","FM-15","7",,,"3.89","mi",,,,,,,"PENDING COOP",,,,,,,,,,,,,,,,,,,,,,,,,,,,"29.78","68","85","0.00",,,,"57","29.76","CLR:00","29.58","7.00","74","000",,"0",,,,,,,,,,,,,,,,,,,,,,,,,,,,,,,,,,,,,"MET09108/21/20 08:52:02 METAR KCQT 211652Z 00000KT 7SM CLR 29/20 A2978 RMK AO2 SLP079 T02940200 $","FM-15","7",,,,,,,,,,,,,,,,,,,,,,,,,,,"2006-02-03"
"72287493134","2020-08-21T09:52:00","FM-15","7",,,"3.89","mi",,,,,,,"PENDING COOP",,,,,,,,,,,,,,,,,,,,,,,,,,,,"29.78","68","88","0.00",,"-0.02","1","52","29.77","CLR:00","29.58","7.00","74","000",,"0",,,,,,,,,,,,,,,,,,,,,,,,,,,,,,,,,,,,,"MET10908/21/20 09:52:02 METAR KCQT 211752Z 00000KT 7SM CLR 31/20 A2978 RMK AO2 SLP080 T03110200 10317 20228 51007 $","FM-15","7",,,,,,,,,,,,,,,,,,,,,,,,,,,"2006-02-03"
"72287493134","2020-08-21T10:52:00","FM-15","7",,,"3.89","mi",,,,,,,"PENDING COOP",,,,,,,,,,,,,,,,,,,,,,,,,,,,"29.78","70","90","0.00","HZ:7 |FU |HZ",,,"52","29.77","CLR:00","29.58","6.00","76","000",,"0",,,,,,,,,,,,,,,,,,,,,,,,,,,,,,,,,,,,,"MET09408/21/20 10:52:02 METAR KCQT 211852Z 00000KT 6SM HZ CLR 32/21 A2978 RMK AO2 SLP081 T03220211 $","FM-15","7",,,,,,,,,,,,,,,,,,,,,,,,,,,"2006-02-03"
"72287493134","2020-08-21T11:52:00","FM-15","7",,,"3.89","mi",,,,,,,"PENDING COOP",,,,,,,,,,,,,,,,,,,,,,,,,,,,"29.78","68","89","0.00","HZ:7 |FU |HZ",,,"50","29.77","CLR:00","29.58","6.00","75","VRB",,"3",,,,,,,,,,,,,,,,,,,,,,,,,,,,,,,,,,,,,"MET09208/21/20 11:52:02 METAR KCQT 211952Z VRB03KT 6SM HZ CLR 32/20 A2978 RMK AO2 SLP081 T03170200","FM-15","7",,,,,,,,,,,,,,,,,,,,,,,,,,,"2006-02-03"
"72287493134","2020-08-21T12:52:00","FM-15","7",,,"3.89","mi",,,,,,,"PENDING COOP",,,,,,,,,,,,,,,,,,,,,,,,,,,,"29.79","68","86","0.00","HZ:7 |FU |HZ","-0.01","3","55","29.78","CLR:00","29.59","6.00","74","260",,"6",,,,,,,,,,,,,,,,,,,,,,,,,,,,,,,,,,,,,"MET09808/21/20 12:52:02 METAR KCQT 212052Z 26005KT 6SM HZ CLR 30/20 A2979 RMK AO2 SLP084 T03000200 53003","FM-15","7",,,,,,,,,,,,,,,,,,,,,,,,,,,"2006-02-03"
"72287493134","2020-08-21T13:52:00","FM-15","7",,,"3.89","mi",,,,,,,"PENDING COOP",,,,,,,,,,,,,,,,,,,,,,,,,,,,"29.80","67","85","0.00","HZ:7 |FU |HZ",,,"55","29.78","CLR:00","29.60","6.00","73","260",,"5",,,,,,,,,,,,,,,,,,,,,,,,,,,,,,,,,,,,,"MET09208/21/20 13:52:02 METAR KCQT 212152Z 26004KT 6SM HZ CLR 29/19 A2980 RMK AO2 SLP086 T02940194","FM-15","7",,,,,,,,,,,,,,,,,,,,,,,,,,,"2006-02-03"
"72287493134","2020-08-21T14:52:00","FM-15","7",,,"3.89","mi",,,,,,,"PENDING COOP",,,,,,,,,,,,,,,,,,,,,,,,,,,,"29.79","67","86","0.00",,,,"53","29.78","CLR:00","29.59","7.00","73","260",,"3",,,,,,,,,,,,,,,,,,,,,,,,,,,,,,,,,,,,,"MET08908/21/20 14:52:02 METAR KCQT 212252Z 26003KT 7SM CLR 30/19 A2979 RMK AO2 SLP085 T03000194","FM-15","7",,,,,,,,,,,,,,,,,,,,,,,,,,,"2006-02-03"
"72287493134","2020-08-21T15:52:00","FM-15","7",,,"3.89","mi",,,,,,,"PENDING COOP",,,,,,,,,,,,,,,,,,,,,,,,,,,,"29.78","68","85","0.00",,"+0.01","8","57","29.77","CLR:00","29.58","7.00","74","270",,"3",,,,,,,,,,,,,,,,,,,,,,,,,,,,,,,,,,,,,"MET10708/21/20 15:52:02 METAR KCQT 212352Z 27003KT 7SM CLR 29/20 A2978 RMK AO2 SLP082 T02940200 10328 20294 58002","FM-15","7",,,,,,,,,,,,,,,,,,,,,,,,,,,"2006-02-03"
"72287493134","2020-08-21T16:52:00","FM-15","7",,,"3.89","mi",,,,,,,"PENDING COOP",,,,,,,,,,,,,,,,,,,,,,,,,,,,"29.78","67","86","0.00",,,,"53","29.77","CLR:00","29.58","7.00","73","000",,"0",,,,,,,,,,,,,,,,,,,,,,,,,,,,,,,,,,,,,"MET08908/21/20 16:52:01 METAR KCQT 220052Z 00000KT 7SM CLR 30/19 A2978 RMK AO2 SLP081 T03000194","FM-15","7",,,,,,,,,,,,,,,,,,,,,,,,,,,"2006-02-03"
"72287493134","2020-08-21T17:52:00","FM-15","7",,,"3.89","mi",,,,,,,"PENDING COOP",,,,,,,,,,,,,,,,,,,,,,,,,,,,"29.77","65","87","0.00",,,,"48","29.76","CLR:00","29.57","7.00","72","270",,"6",,,,,,,,,,,,,,,,,,,,,,,,,,,,,,,,,,,,,"MET08908/21/20 17:52:02 METAR KCQT 220152Z 27005KT 7SM CLR 31/18 A2977 RMK AO2 SLP077 T03060183","FM-15","7",,,,,,,,,,,,,,,,,,,,,,,,,,,"2006-02-03"
"72287493134","2020-08-21T18:52:00","FM-15","7",,,"3.89","mi",,,,,,,"PENDING COOP",,,,,,,,,,,,,,,,,,,,,,,,,,,,"29.80","64","82","0.00",,"-0.01","3","55","29.78","CLR:00","29.60","8.00","70","000",,"0",,,,,,,,,,,,,,,,,,,,,,,,,,,,,,,,,,,,,"MET09508/21/20 18:52:02 METAR KCQT 220252Z 00000KT 8SM CLR 28/18 A2980 RMK AO2 SLP086 T02780178 53004","FM-15","7",,,,,,,,,,,,,,,,,,,,,,,,,,,"2006-02-03"
"72287493134","2020-08-21T19:52:00","FM-15","7",,,"3.89","mi",,,,,,,"PENDING COOP",,,,,,,,,,,,,,,,,,,,,,,,,,,,"29.82","64","80","0.00",,,,"58","29.80","CLR:00","29.62","7.00","70","280",,"3",,,,,,,,,,,,,,,,,,,,,,,,,,,,,,,,,,,,,"MET08908/21/20 19:52:02 METAR KCQT 220352Z 28003KT 7SM CLR 27/18 A2982 RMK AO2 SLP093 T02670178","FM-15","7",,,,,,,,,,,,,,,,,,,,,,,,,,,"2006-02-03"
"72287493134","2020-08-21T20:52:00","FM-15","7",,,"3.89","mi",,,,,,,"PENDING COOP",,,,,,,,,,,,,,,,,,,,,,,,,,,,"29.82","65","78","0.00",,,,"64","29.81","CLR:00","29.62","7.00","70","000",,"0",,,,,,,,,,,,,,,,,,,,,,,,,,,,,,,,,,,,,"MET08908/21/20 20:52:02 METAR KCQT 220452Z 00000KT 7SM CLR 26/18 A2982 RMK AO2 SLP094 T02560183","FM-15","7",,,,,,,,,,,,,,,,,,,,,,,,,,,"2006-02-03"
"72287493134","2020-08-21T21:52:00","FM-15","7",,,"3.89","mi",,,,,,,"PENDING COOP",,,,,,,,,,,,,,,,,,,,,,,,,,,,"29.81","65","76","0.00",,"-0.02","0","69","29.80","CLR:00","29.61","7.00","69","260",,"5",,,,,,,,,,,,,,,,,,,,,,,,,,,,,,,,,,,,,"MET10708/21/20 21:52:02 METAR KCQT 220552Z 26004KT 7SM CLR 24/18 A2981 RMK AO2 SLP092 T02440183 10311 20244 50006","FM-15","7",,,,,,,,,,,,,,,,,,,,,,,,,,,"2006-02-03"
"72287493134","2020-08-21T22:52:00","FM-15","7",,,"3.89","mi",,,,,,,"PENDING COOP",,,,,,,,,,,,,,,,,,,,,,,,,,,,"29.80","66","74","0.00","HZ:7 |FU |HZ",,,"76","29.79","CLR:00","29.60","6.00","69","000",,"0",,,,,,,,,,,,,,,,,,,,,,,,,,,,,,,,,,,,,"MET09208/21/20 22:52:02 METAR KCQT 220652Z 00000KT 6SM HZ CLR 23/19 A2980 RMK AO2 SLP088 T02330189","FM-15","7",,,,,,,,,,,,,,,,,,,,,,,,,,,"2006-02-03"
"72287493134","2020-08-21T23:52:00","FM-15","7",,,"3.89","mi",,,,,,,"PENDING COOP",,,,,,,,,,,,,,,,,,,,,,,,,,,,"29.80","67","73","0.00","HZ:7 |FU |HZ",,,"81","29.79","CLR:00","29.60","5.00","69","000",,"0",,,,,,,,,,,,,,,,,,,,,,,,,,,,,,,,,,,,,"MET10208/21/20 23:52:02 METAR KCQT 220752Z 00000KT 5SM HZ CLR 23/19 A2980 RMK AO2 SLP087 T02280194 403280228","FM-15","7",,,,,,,,,,,,,,,,,,,,,,,,,,,"2006-02-03"
"72287493134","2020-08-21T23:59:00","SOD  ","6",,,"3.89","mi",,,,,,,"PENDING COOP",,,,,,"67","82","64","29.77","29.57","71","1.6","17","7.6","0","91","73","270","12","0.00",,,"270","7","HZ",,,,,,,,,,,,,,,,,,,,,,,,,,,,,,,,,,,,,,,,,,,,,,,,,,,,,,,"SOD75624 HR PRECIPITATION (IN): 0.00 SNOW DEPTH (IN):0     24 HR SNOWFALL (IN):0.0  WEATHER(CODE):8  24 HR MAX TEMP (F): 9124 HR MIN TEMP (F): 73AVERAGE STATION PRESSURE:29.575 MINIMUM SEA LEVEL PRESSURE:29.71 TIME OF OCCURRENCE:0403 PEAK WIND SPEED (MPH): 12 PEAK WIND DIR (DEG):270 PEAK WIND TIME (LST):      FASTEST 2MIN SPEED (MPH):  7FASTEST 2MIN DIR (DEG):270 FASTEST 2MIN TIME (LST):     AVERAGE WIND SPEED (MPH): 1.6 24 HR AVG TEMP (F): 82DEPART FROM NORMAL:  8  HEATING DEGREE DAYS:  0 COOLING DEGREE DAYS: 17 LATEST DAY MAX TEMP (0700-1900 LST):91  LATEST NIGHT MIN TEMP(1900-0800 LST):73 HOURLY INCREMENTAL PRECIPITATION VALUES (IN):.00 0.00 0.00 0.00 0.00 0.00 0.00 0.00 0.00 0.00 0.00 0.00 0.00 0.00 0.00 0.00 0.00 0.00 0.00 0.00 0.00 0.00 0.00 0.00","SOD  ","6",,,,,,,,,,,,,,,,,,,,,,,,,"0520","1832","2006-02-03"
"72287493134","2020-08-22T00:52:00","FM-15","7",,,"3.89","mi",,,,,,,"PENDING COOP",,,,,,,,,,,,,,,,,,,,,,,,,,,,"29.80","67","73","0.00","HZ:7 |FU |HZ","+0.01","5","81","29.79","CLR:00","29.60","5.00","69","000",,"0",,,,,,,,,,,,,,,,,,,,,,,,,,,,,,,,,,,,,"MET09808/22/20 00:52:02 METAR KCQT 220852Z 00000KT 5SM HZ CLR 23/19 A2980 RMK AO2 SLP088 T02280194 55004","FM-15","7",,,,,,,,,,,,,,,,,,,,,,,,,,,"2006-02-03"
"72287493134","2020-08-22T01:52:00","FM-15","7",,,"3.89","mi",,,,,,,"PENDING COOP",,,,,,,,,,,,,,,,,,,,,,,,,,,,"29.81","67","73","0.00","HZ:7 |FU |HZ",,,"81","29.79","CLR:00","29.61","5.00","69","000",,"0",,,,,,,,,,,,,,,,,,,,,,,,,,,,,,,,,,,,,"MET09208/22/20 01:52:02 METAR KCQT 220952Z 00000KT 5SM HZ CLR 23/19 A2981 RMK AO2 SLP089 T02280194","FM-15","7",,,,,,,,,,,,,,,,,,,,,,,,,,,"2006-02-03"
"72287493134","2020-08-22T02:52:00","FM-15","7",,,"3.89","mi",,,,,,,"PENDING COOP",,,,,,,,,,,,,,,,,,,,,,,,,,,,"29.81","67","74","0.00","HZ:7 |FU |HZ",,,"79","29.80","CLR:00","29.61","5.00","69","000",,"0",,,,,,,,,,,,,,,,,,,,,,,,,,,,,,,,,,,,,"MET09208/22/20 02:52:02 METAR KCQT 221052Z 00000KT 5SM HZ CLR 23/19 A2981 RMK AO2 SLP090 T02330194","FM-15","7",,,,,,,,,,,,,,,,,,,,,,,,,,,"2006-02-03"
"72287493134","2020-08-22T03:52:00","FM-15","7",,,"3.89","mi",,,,,,,"PENDING COOP",,,,,,,,,,,,,,,,,,,,,,,,,,,,"29.81","67","75","0.00","HZ:7 |FU |HZ","-0.01","2","76","29.80","CLR:00","29.61","5.00","70","000",,"0",,,,,,,,,,,,,,,,,,,,,,,,,,,,,,,,,,,,,"MET11008/22/20 03:52:02 METAR KCQT 221152Z 00000KT 5SM HZ CLR 24/19 A2981 RMK AO2 SLP091 T02390194 10244 20228 52003","FM-15","7",,,,,,,,,,,,,,,,,,,,,,,,,,,"2006-02-03"
"72287493134","2020-08-22T04:52:00","FM-15","7",,,"3.89","mi",,,,,,,"PENDING COOP",,,,,,,,,,,,,,,,,,,,,,,,,,,,"29.81","67","76","0.00","HZ:7 |FU |HZ",,,"74","29.80","CLR:00","29.61","5.00","70","000",,"0",,,,,,,,,,,,,,,,,,,,,,,,,,,,,,,,,,,,,"MET09208/22/20 04:52:02 METAR KCQT 221252Z 00000KT 5SM HZ CLR 24/19 A2981 RMK AO2 SLP091 T02440194","FM-15","7",,,,,,,,,,,,,,,,,,,,,,,,,,,"2006-02-03"
"72287493134","2020-08-22T05:52:00","FM-15","7",,,"3.89","mi",,,,,,,"PENDING COOP",,,,,,,,,,,,,,,,,,,,,,,,,,,,"29.82","67","76","0.00","HZ:7 |FU |HZ",,,"74","29.81","CLR:00","29.62","4.00","70","000",,"0",,,,,,,,,,,,,,,,,,,,,,,,,,,,,,,,,,,,,"MET09208/22/20 05:52:02 METAR KCQT 221352Z 00000KT 4SM HZ CLR 24/19 A2982 RMK AO2 SLP094 T02440194","FM-15","7",,,,,,,,,,,,,,,,,,,,,,,,,,,"2006-02-03"
"72287493134","2020-08-22T06:52:00","FM-15","7",,,"3.89","mi",,,,,,,"PENDING COOP",,,,,,,,,,,,,,,,,,,,,,,,,,,,"29.83","68","78","0.00","HZ:7 |FU |HZ","-0.02","3","71","29.82","FEW:02 110","29.63","4.00","71","000",,"0",,,,,,,,,,,,,,,,,,,,,,,,,,,,,,,,,,,,,"MET10108/22/20 06:52:02 METAR KCQT 221452Z 00000KT 4SM HZ FEW110 26/20 A2983 RMK AO2 SLP099 T02560200 53007","FM-15","7",,,,,,,,,,,,,,,,,,,,,,,,,,,"2006-02-03"
"72287493134","2020-08-22T07:52:00","FM-15","7",,,"3.89","mi",,,,,,,"PENDING COOP",,,,,,,,,,,,,,,,,,,,,,,,,,,,"29.85","65","87","0.00","HZ:7 |FU |HZ",,,"48","29.83","CLR:00","29.65","6.00","72","000",,"0",,,,,,,,,,,,,,,,,,,,,,,,,,,,,,,,,,,,,"MET09208/22/20 07:52:02 METAR KCQT 221552Z 00000KT 6SM HZ CLR 31/18 A2985 RMK AO2 SLP103 T03060183","FM-15","7",,,,,,,,,,,,,,,,,,,,,,,,,,,"2006-02-03"
"72287493134","2020-08-22T08:52:00","FM-15","7",,,"3.89","mi",,,,,,,"PENDING COOP",,,,,,,,,,,,,,,,,,,,,,,,,,,,"29.87","67","89","0.00",,,,"48","29.85","CLR:00","29.67","7.00","74","000",,"0",,,,,,,,,,,,,,,,,,,,,,,,,,,,,,,,,,,,,"MET08908/22/20 08:52:02 METAR KCQT 221652Z 00000KT 7SM CLR 32/19 A2987 RMK AO2 SLP110 T03170194","FM-15","7",,,,,,,,,,,,,,,,,,,,,,,,,,,"2006-02-03"
"72287493134","2020-08-22T09:52:00","FM-15","7",,,"3.89","mi",,,,,,,"PENDING COOP",,,,,,,,,,,,,,,,,,,,,,,,,,,,"29.88","63","92","0.00",,"-0.04","1","38","29.86","CLR:00","29.68","7.00","73","VRB",,"6",,,,,,,,,,,,,,,,,,,,,,,,,,,,,,,,,,,,,"MET10708/22/20 09:52:02 METAR KCQT 221752Z VRB05KT 7SM CLR 33/17 A2988 RMK AO2 SLP113 T03330172 10339 20233 51014","FM-15","7",,,,,,,,,,,,,,,,,,,,,,,,,,,"2006-02-03"
"72287493134","2020-08-22T10:52:00","FM-15","7",,,"3.89","mi",,,,,,,"PENDING COOP",,,,,,,,,,,,,,,,,,,,,,,,,,,,"29.86","58","95","0.00","HZ:7 |FU |HZ",,,"29","29.85","CLR:00","29.66","6.00","71","VRB",,"3",,,,,,,,,,,,,,,,,,,,,,,,,,,,,,,,,,,,,"MET09208/22/20 10:52:02 METAR KCQT 221852Z VRB03KT 6SM HZ CLR 35/14 A2986 RMK AO2 SLP108 T03500144","FM-15","7",,,,,,,,,,,,,,,,,,,,,,,,,,,"2006-02-03"
"72287493134","2020-08-22T11:52:00","FM-15","7",,,"3.89","mi",,,,,,,"PENDING COOP",,,,,,,,,,,,,,,,,,,,,,,,,,,,"29.86","65","93","0.00","HZ:7 |FU |HZ",,,"40","29.85","CLR:00","29.66","6.00","74","000",,"0",,,,,,,,,,,,,,,,,,,,,,,,,,,,,,,,,,,,,"MET09208/22/20 11:52:02 METAR KCQT 221952Z 00000KT 6SM HZ CLR 34/18 A2986 RMK AO2 SLP107 T03390183","FM-15","7",,,,,,,,,,,,,,,,,,,,,,,,,,,"2006-02-03"
"72287493134","2020-08-22T12:52:00","FM-15","7",,,"3.89","mi",,,,,,,"PENDING COOP",,,,,,,,,,,,,,,,,,,,,,,,,,,,"29.85","63","91","0.00","HZ:7 |FU |HZ","+0.03","6","39","29.84","CLR:00","29.65","6.00","72","VRB",,"3",,,,,,,,,,,,,,,,,,,,,,,,,,,,,,,,,,,,,"MET09808/22/20 12:52:02 METAR KCQT 222052Z VRB03KT 6SM HZ CLR 33/17 A2985 RMK AO2 SLP104 T03280172 56009","FM-15","7",,,,,,,,,,,,,,,,,,,,,,,,,,,"2006-02-03"
"72287493134","2020-08-22T13:52:00","FM-15","7",,,"3.89","mi",,,,,,,"PENDING COOP",,,,,,,,,,,,,,,,,,,,,,,,,,,,"29.83","63","92","0.00","HZ:7 |FU |HZ",,,"38","29.82","CLR:00","29.63","6.00","73","VRB",,"6",,,,,,,,,,,,,,,,,,,,,,,,,,,,,,,,,,,,,"MET09208/22/20 13:52:02 METAR KCQT 222152Z VRB05KT 6SM HZ CLR 33/17 A2983 RMK AO2 SLP097 T03330172","FM-15","7",,,,,,,,,,,,,,,,,,,,,,,,,,,"2006-02-03"
"72287493134","2020-08-22T14:52:00","FM-15","6",,,"3.89","mi",,,,,,,"PENDING COOP",,,,,,,,,,,,,,,,,,,,,,,,,,,,"29.82","62","90","0.00",,,,"39","29.81","CLR:00","29.62","7.00","72",,,,,,,,,,,,,,,,,,,,,,,,,,,,,,,,,,,,,,,,"MET08908/22/20 14:52:02 METAR KCQT 222252Z      KT 7SM CLR 32/17 A2982 RMK AO2 SLP094 T03220167","FM-15","6",,,,,,,,,,,,,,,,,,,,,,,,,,,"2006-02-03"
"72287493134","2020-08-22T15:52:00","FM-15","7",,,"3.89","mi",,,,,,,"PENDING COOP",,,,,,,,,,,,,,,,,,,,,,,,,,,,"29.82","63","88","0.00",,"+0.03","6","43","29.80","CLR:00","29.62","7.00","72","VRB",,"3",,,,,,,,,,,,,,,,,,,,,,,,,,,,,,,,,,,,,"MET10708/22/20 15:52:02 METAR KCQT 222352Z VRB03KT 7SM CLR 31/17 A2982 RMK AO2 SLP093 T03110172 10356 20311 56011","FM-15","7",,,,,,,,,,,,,,,,,,,,,,,,,,,"2006-02-03"
"72287493134","2020-08-22T16:52:00","FM-15","7",,,"3.89","mi",,,,,,,"PENDING COOP",,,,,,,,,,,,,,,,,,,,,,,,,,,,"29.82","63","86","0.00",,,,"46","29.80","CLR:00","29.62","7.00","71","260",,"7",,,,,,,,,,,,,,,,,,,,,,,,,,,,,,,,,,,,,"MET08908/22/20 16:52:01 METAR KCQT 230052Z 26006KT 7SM CLR 30/17 A2982 RMK AO2 SLP093 T03000172","FM-15","7",,,,,,,,,,,,,,,,,,,,,,,,,,,"2006-02-03"
"72287493134","2020-08-22T17:52:00","FM-15","6",,,"3.89","mi",,,,,,,"PENDING COOP",,,,,,,,,,,,,,,,,,,,,,,,,,,,"29.82","63","84","0.00","HZ:7 ||HZ",,,"49","29.81","CLR:00","29.62","6.00","70",,,,,,,,,,,,,,,,,,,,,,,,,,,,,,,,,,,,,,,,"MET09208/22/20 17:52:01 METAR KCQT 230152Z      KT 6SM HZ CLR 29/17 A2982 RMK AO2 SLP094 T02890172","FM-15","6",,,,,,,,,,,,,,,,,,,,,,,,,,,"2006-02-03"
"72287493134","2020-08-22T18:52:00","FM-15","7",,,"3.89","mi",,,,,,,"PENDING COOP",,,,,,,,,,,,,,,,,,,,,,,,,,,,,"71","73","0.00",,"-0.04","3","94",,,,"7.00",,"000",,"0",,,,,,,,,,,,,,,,,,,,,,,,,,,,,,,,,,,,,"MET09208/22/20 18:52:01 METAR KCQT 230252Z      KT NO 23/22 A2998 RMK AO2 SLP159 T02280217 53012 $","FM-15","7",,,,,,,,,,,,,,,,,,,,,,,,,,,"2006-02-03"
"72287493134","2020-08-22T19:52:00","FM-15","7",,,"3.89","mi",,,,,,,"PENDING COOP",,,,,,,,,,,,,,,,,,,,,,,,,,,,"29.86","63","80","0.00",,,,"56","29.85","CLR:00","29.66","7.00","69","270",,"5",,,,,,,,,,,,,,,,,,,,,,,,,,,,,,,,,,,,,"MET08908/22/20 19:52:02 METAR KCQT 230352Z 27004KT 7SM CLR 27/17 A2986 RMK AO2 SLP109 T02670172","FM-15","7",,,,,,,,,,,,,,,,,,,,,,,,,,,"2006-02-03"
"72287493134","2020-08-22T20:52:00","FM-15","7",,,"3.89","mi",,,,,,,"PENDING COOP",,,,,,,,,,,,,,,,,,,,,,,,,,,,"29.88","64","78","0.00",,,,"62","29.87","CLR:00","29.68","7.00","69","000",,"0",,,,,,,,,,,,,,,,,,,,,,,,,,,,,,,,,,,,,"MET08908/22/20 20:52:02 METAR KCQT 230452Z 00000KT 7SM CLR 26/18 A2988 RMK AO2 SLP114 T02560178","FM-15","7",,,,,,,,,,,,,,,,,,,,,,,,,,,"2006-02-03"
"72287493134","2020-08-22T21:52:00","FM-15","7",,,"3.89","mi",,,,,,,"PENDING COOP",,,,,,,,,,,,,,,,,,,,,,,,,,,,"29.88","64","78","0.00",,"-0.04","1","62","29.87","CLR:00","29.68","7.00","69","000",,"0",,,,,,,,,,,,,,,,,,,,,,,,,,,,,,,,,,,,,"MET10708/22/20 21:52:02 METAR KCQT 230552Z 00000KT 7SM CLR 26/18 A2988 RMK AO2 SLP114 T02560178 10311 20256 51012","FM-15","7",,,,,,,,,,,,,,,,,,,,,,,,,,,"2006-02-03"
"72287493134","2020-08-22T22:52:00","FM-15","7",,,"3.89","mi",,,,,,,"PENDING COOP",,,,,,,,,,,,,,,,,,,,,,,,,,,,"29.88","65","77","0.00","HZ:7 |FU |HZ",,,"66","29.87","CLR:00","29.68","6.00","69","000",,"0",,,,,,,,,,,,,,,,,,,,,,,,,,,,,,,,,,,,,"MET09208/22/20 22:52:02 METAR KCQT 230652Z 00000KT 6SM HZ CLR 25/18 A2988 RMK AO2 SLP114 T02500183","FM-15","7",,,,,,,,,,,,,,,,,,,,,,,,,,,"2006-02-03"
"72287493134","2020-08-22T23:52:00","FM-15","7",,,"3.89","mi",,,,,,,"PENDING COOP",,,,,,,,,,,,,,,,,,,,,,,,,,,,"29.88","67","76","0.00","HZ:7 |FU |HZ",,,"74","29.87","CLR:00","29.68","6.00","70","000",,"0",,,,,,,,,,,,,,,,,,,,,,,,,,,,,,,,,,,,,"MET10208/22/20 23:52:02 METAR KCQT 230752Z 00000KT 6SM HZ CLR 24/19 A2988 RMK AO2 SLP114 T02440194 403560228","FM-15","7",,,,,,,,,,,,,,,,,,,,,,,,,,,"2006-02-03"
"72287493134","2020-08-22T23:59:00","SOD  ","6",,,"3.89","mi",,,,,,,"PENDING COOP",,,,,,"65","85","58","29.84","29.65","71","1.5","20","10.6","0","96","73","260","15","0.00",,,"270","9","HZ",,,,,,,,,,,,,,,,,,,,,,,,,,,,,,,,,,,,,,,,,,,,,,,,,,,,,,,"SOD75624 HR PRECIPITATION (IN): 0.00 SNOW DEPTH (IN):0     24 HR SNOWFALL (IN):0.0  WEATHER(CODE):8  24 HR MAX TEMP (F): 9624 HR MIN TEMP (F): 73AVERAGE STATION PRESSURE:29.645 MINIMUM SEA LEVEL PRESSURE:29.79 TIME OF OCCURRENCE:0310 PEAK WIND SPEED (MPH): 15 PEAK WIND DIR (DEG):260 PEAK WIND TIME (LST):      FASTEST 2MIN SPEED (MPH):  9FASTEST 2MIN DIR (DEG):270 FASTEST 2MIN TIME (LST):     AVERAGE WIND SPEED (MPH): 1.5 24 HR AVG TEMP (F): 85DEPART FROM NORMAL: 11  HEATING DEGREE DAYS:  0 COOLING DEGREE DAYS: 20 LATEST DAY MAX TEMP (0700-1900 LST):96  LATEST NIGHT MIN TEMP(1900-0800 LST):73 HOURLY INCREMENTAL PRECIPITATION VALUES (IN):.00 0.00 0.00 0.00 0.00 0.00 0.00 0.00 0.00 0.00 0.00 0.00 0.00 0.00 0.00 0.00 0.00 0.00 0.00 0.00 0.00 0.00 0.00 0.00","SOD  ","6",,,,,,,,,,,,,,,,,,,,,,,,,"0520","1831","2006-02-03"
"72287493134","2020-08-23T00:52:00","FM-15","7",,,"3.89","mi",,,,,,,"PENDING COOP",,,,,,,,,,,,,,,,,,,,,,,,,,,,"29.88","69","75","0.00","HZ:7 |FU |HZ","+0.00","8","82","29.87","CLR:00","29.68","6.00","71","000",,"0",,,,,,,,,,,,,,,,,,,,,,,,,,,,,,,,,,,,,"MET09808/23/20 00:52:02 METAR KCQT 230852Z 00000KT 6SM HZ CLR 24/21 A2988 RMK AO2 SLP114 T02390206 58001","FM-15","7",,,,,,,,,,,,,,,,,,,,,,,,,,,"2006-02-03"
"72287493134","2020-08-23T01:52:00","FM-15","7",,,"3.89","mi",,,,,,,"PENDING COOP",,,,,,,,,,,,,,,,,,,,,,,,,,,,"29.87","69","75","0.00","HZ:7 |FU |HZ",,,"82","29.86","CLR:00","29.67","6.00","71","000",,"0",,,,,,,,,,,,,,,,,,,,,,,,,,,,,,,,,,,,,"MET09208/23/20 01:52:02 METAR KCQT 230952Z 00000KT 6SM HZ CLR 24/21 A2987 RMK AO2 SLP113 T02390206","FM-15","7",,,,,,,,,,,,,,,,,,,,,,,,,,,"2006-02-03"
"72287493134","2020-08-23T02:18:00","FM-16","7",,,"3.89","mi",,,,,,,"PENDING COOP",,,,,,,,,,,,,,,,,,,,,,,,,,,,"29.87","68","75",,"HZ:7 |FU |HZ",,,"79",,"BKN:07 15","29.67","6.00","70","000",,"0",,,,,,,,,,,,,,,,,,,,,,,,,,,,,,,,,,,,,"MET08808/23/20 02:18:02 SPECI KCQT 231018Z 00000KT 6SM HZ BKN015 24/20 A2987 RMK AO2 T02390200","FM-16","7",,,,,,,,,,,,,,,,,,,,,,,,,,,"2006-02-03"
"72287493134","2020-08-23T02:39:00","FM-16","7",,,"3.89","mi",,,,,,,"PENDING COOP",,,,,,,,,,,,,,,,,,,,,,,,,,,,"29.87","68","75",,"HZ:7 |FU |HZ",,,"79",,"SCT:04 15","29.67","6.00","70","000",,"0",,,,,,,,,,,,,,,,,,,,,,,,,,,,,,,,,,,,,"MET08808/23/20 02:39:02 SPECI KCQT 231039Z 00000KT 6SM HZ SCT015 24/20 A2987 RMK AO2 T02390200","FM-16","7",,,,,,,,,,,,,,,,,,,,,,,,,,,"2006-02-03"
"72287493134","2020-08-23T02:52:00","FM-15","7",,,"3.89","mi",,,,,,,"PENDING COOP",,,,,,,,,,,,,,,,,,,,,,,,,,,,"29.87","68","75","0.00","HZ:7 |FU |HZ",,,"79","29.85","FEW:02 15","29.67","6.00","70","000",,"0",,,,,,,,,,,,,,,,,,,,,,,,,,,,,,,,,,,,,"MET09508/23/20 02:52:02 METAR KCQT 231052Z 00000KT 6SM HZ FEW015 24/20 A2987 RMK AO2 SLP110 T02390200","FM-15","7",,,,,,,,,,,,,,,,,,,,,,,,,,,"2006-02-03"
"72287493134","2020-08-23T03:52:00","FM-15","7",,,"3.89","mi",,,,,,,"PENDING COOP",,,,,,,,,,,,,,,,,,,,,,,,,,,,"29.87","67","75","0.00","HZ:7 |FU |HZ","+0.01","6","76","29.85","CLR:00","29.67","6.00","70","000",,"0",,,,,,,,,,,,,,,,,,,,,,,,,,,,,,,,,,,,,"MET11008/23/20 03:52:02 METAR KCQT 231152Z 00000KT 6SM HZ CLR 24/19 A2987 RMK AO2 SLP110 T02390194 10256 20239 56004","FM-15","7",,,,,,,,,,,,,,,,,,,,,,,,,,,"2006-02-03"
"72287493134","2020-08-23T04:52:00","FM-15","7",,,"3.89","mi",,,,,,,"PENDING COOP",,,,,,,,,,,,,,,,,,,,,,,,,,,,"29.87","67","75","0.00","HZ:7 |FU |HZ",,,"76","29.86","CLR:00","29.67","6.00","70","000",,"0",,,,,,,,,,,,,,,,,,,,,,,,,,,,,,,,,,,,,"MET09208/23/20 04:52:02 METAR KCQT 231252Z 00000KT 6SM HZ CLR 24/19 A2987 RMK AO2 SLP112 T02390194","FM-15","7",,,,,,,,,,,,,,,,,,,,,,,,,,,"2006-02-03"
"72287493134","2020-08-23T05:52:00","FM-15","7",,,"3.89","mi",,,,,,,"PENDING COOP",,,,,,,,,,,,,,,,,,,,,,,,,,,,"29.88","67","76","0.00","HZ:7 |FU |HZ",,,"74","29.87","CLR:00","29.68","5.00","70","000",,"0",,,,,,,,,,,,,,,,,,,,,,,,,,,,,,,,,,,,,"MET09608/23/20 05:52:02 METAR KCQT 231352Z 00000KT 5SM HZ CLR 24/19 A2988 RMK AO2 SLP116 T02440194 RTX","FM-15","7",,,,,,,,,,,,,,,,,,,,,,,,,,,"2006-02-03"
"72287493134","2020-08-23T06:52:00","FM-15","7",,,"3.89","mi",,,,,,,"PENDING COOP",,,,,,,,,,,,,,,,,,,,,,,,,,,,"29.90","68","79","0.00","HZ:7 |FU |HZ","-0.03","3","69","29.88","CLR:00","29.70","5.00","72","000",,"0",,,,,,,,,,,,,,,,,,,,,,,,,,,,,,,,,,,,,"MET09808/23/20 06:52:02 METAR KCQT 231452Z 00000KT 5SM HZ CLR 26/20 A2990 RMK AO2 SLP120 T02610200 53010","FM-15","7",,,,,,,,,,,,,,,,,,,,,,,,,,,"2006-02-03"
"72287493134","2020-08-23T07:52:00","FM-15","7",,,"3.89","mi",,,,,,,"PENDING COOP",,,,,,,,,,,,,,,,,,,,,,,,,,,,"29.89","69","82","0.00","HZ:7 |FU |HZ",,,"65","29.88","CLR:00","29.69","5.00","73","000",,"0",,,,,,,,,,,,,,,,,,,,,,,,,,,,,,,,,,,,,"MET09208/23/20 07:52:02 METAR KCQT 231552Z 00000KT 5SM HZ CLR 28/21 A2989 RMK AO2 SLP118 T02780206","FM-15","7",,,,,,,,,,,,,,,,,,,,,,,,,,,"2006-02-03"
"72287493134","2020-08-23T08:52:00","FM-15","7",,,"3.89","mi",,,,,,,"PENDING COOP",,,,,,,,,,,,,,,,,,,,,,,,,,,,"29.90","69","87","0.00","HZ:7 |FU |HZ",,,"55","29.88","CLR:00","29.70","6.00","75","000",,"0",,,,,,,,,,,,,,,,,,,,,,,,,,,,,,,,,,,,,"MET09208/23/20 08:52:02 METAR KCQT 231652Z 00000KT 6SM HZ CLR 31/21 A2990 RMK AO2 SLP120 T03060206","FM-15","7",,,,,,,,,,,,,,,,,,,,,,,,,,,"2006-02-03"
"72287493134","2020-08-23T09:52:00","FM-15","7",,,"3.89","mi",,,,,,,"PENDING COOP",,,,,,,,,,,,,,,,,,,,,,,,,,,,"29.89","69","88","0.00","HZ:7 |FU |HZ","+0.01","8","54","29.88","CLR:00","29.69","6.00","75","000",,"0",,,,,,,,,,,,,,,,,,,,,,,,,,,,,,,,,,,,,"MET11008/23/20 09:52:02 METAR KCQT 231752Z 00000KT 6SM HZ CLR 31/21 A2989 RMK AO2 SLP117 T03110206 10322 20239 58003","FM-15","7",,,,,,,,,,,,,,,,,,,,,,,,,,,"2006-02-03"
"72287493134","2020-08-23T10:52:00","FM-15","7",,,"3.89","mi",,,,,,,"PENDING COOP",,,,,,,,,,,,,,,,,,,,,,,,,,,,"29.87","70","88","0.00","HZ:7 |FU |HZ",,,"55","29.86","CLR:00","29.67","6.00","76","000",,"0",,,,,,,,,,,,,,,,,,,,,,,,,,,,,,,,,,,,,"MET09208/23/20 10:52:02 METAR KCQT 231852Z 00000KT 6SM HZ CLR 31/21 A2987 RMK AO2 SLP112 T03110211","FM-15","7",,,,,,,,,,,,,,,,,,,,,,,,,,,"2006-02-03"
"72287493134","2020-08-23T11:52:00","FM-15","7",,,"3.89","mi",,,,,,,"PENDING COOP",,,,,,,,,,,,,,,,,,,,,,,,,,,,"29.86","70","88","0.00","HZ:7 |FU |HZ",,,"55","29.84","CLR:00","29.66","6.00","76","000",,"0",,,,,,,,,,,,,,,,,,,,,,,,,,,,,,,,,,,,,"MET09208/23/20 11:52:02 METAR KCQT 231952Z 00000KT 6SM HZ CLR 31/21 A2986 RMK AO2 SLP106 T03110211","FM-15","7",,,,,,,,,,,,,,,,,,,,,,,,,,,"2006-02-03"
"72287493134","2020-08-23T12:52:00","FM-15","7",,,"3.89","mi",,,,,,,"PENDING COOP",,,,,,,,,,,,,,,,,,,,,,,,,,,,"29.85","70","86","0.00",,"+0.04","6","59","29.84","CLR:00","29.65","7.00","75","000",,"0",,,,,,,,,,,,,,,,,,,,,,,,,,,,,,,,,,,,,"MET09508/23/20 12:52:02 METAR KCQT 232052Z 00000KT 7SM CLR 30/21 A2985 RMK AO2 SLP104 T03000211 56013","FM-15","7",,,,,,,,,,,,,,,,,,,,,,,,,,,"2006-02-03"
"72287493134","2020-08-23T13:52:00","FM-15","7",,,"3.89","mi",,,,,,,"PENDING COOP",,,,,,,,,,,,,,,,,,,,,,,,,,,,"29.83","70","86","0.00",,,,"59","29.82","CLR:00","29.63","7.00","75","VRB",,"7",,,,,,,,,,,,,,,,,,,,,,,,,,,,,,,,,,,,,"MET08908/23/20 13:52:02 METAR KCQT 232152Z VRB06KT 7SM CLR 30/21 A2983 RMK AO2 SLP098 T03000211","FM-15","7",,,,,,,,,,,,,,,,,,,,,,,,,,,"2006-02-03"
"72287493134","2020-08-23T14:52:00","FM-15","7",,,"3.89","mi",,,,,,,"PENDING COOP",,,,,,,,,,,,,,,,,,,,,,,,,,,,"29.81","68","85","0.00",,,,"57","29.80","CLR:00","29.61","8.00","74","VRB",,"3",,,,,,,,,,,,,,,,,,,,,,,,,,,,,,,,,,,,,"MET08908/23/20 14:52:02 METAR KCQT 232252Z VRB03KT 8SM CLR 29/20 A2981 RMK AO2 SLP092 T02940200","FM-15","7",,,,,,,,,,,,,,,,,,,,,,,,,,,"2006-02-03"
"72287493134","2020-08-23T15:52:00","FM-15","7",,,"3.89","mi",,,,,,,"PENDING COOP",,,,,,,,,,,,,,,,,,,,,,,,,,,,"29.81","68","85","0.00",,"+0.04","6","57","29.80","CLR:00","29.61","8.00","74","260",,"5",,,,,,,,,,,,,,,,,,,,,,,,,,,,,,,,,,,,,"MET10708/23/20 15:52:02 METAR KCQT 232352Z 26004KT 8SM CLR 29/20 A2981 RMK AO2 SLP090 T02940200 10328 20289 56015","FM-15","7",,,,,,,,,,,,,,,,,,,,,,,,,,,"2006-02-03"
"72287493134","2020-08-23T16:52:00","FM-15","7",,,"3.89","mi",,,,,,,"PENDING COOP",,,,,,,,,,,,,,,,,,,,,,,,,,,,"29.81","67","83","0.00",,,,"59","29.80","CLR:00","29.61","8.00","72","VRB",,"8",,,,,,,,,,,,,,,,,,,,,,,,,,,,,,,,,,,,,"MET08908/23/20 16:52:01 METAR KCQT 240052Z 26007KT 8SM CLR 28/19 A2981 RMK AO2 SLP090 T02830194","FM-15","7",,,,,,,,,,,,,,,,,,,,,,,,,,,"2006-02-03"
"72287493134","2020-08-23T17:52:00","FM-15","7",,,"3.89","mi",,,,,,,"PENDING COOP",,,,,,,,,,,,,,,,,,,,,,,,,,,,"29.80","67","81","0.00",,,,"62","29.79","CLR:00","29.60","7.00","72","250",,"6",,,,,,,,,,,,,,,,,,,,,,,,,,,,,,,,,,,,,"MET08908/23/20 17:52:02 METAR KCQT 240152Z 25005KT 7SM CLR 27/19 A2980 RMK AO2 SLP088 T02720194","FM-15","7",,,,,,,,,,,,,,,,,,,,,,,,,,,"2006-02-03"
"72287493134","2020-08-23T18:52:00","FM-15","7",,,"3.89","mi",,,,,,,"PENDING COOP",,,,,,,,,,,,,,,,,,,,,,,,,,,,"29.82","66","78","0.00",,"-0.01","3","67","29.80","CLR:00","29.62","8.00","70","VRB",,"3",,,,,,,,,,,,,,,,,,,,,,,,,,,,,,,,,,,,,"MET09508/23/20 18:52:02 METAR KCQT 240252Z VRB03KT 8SM CLR 26/19 A2982 RMK AO2 SLP093 T02560189 53003","FM-15","7",,,,,,,,,,,,,,,,,,,,,,,,,,,"2006-02-03"
"72287493134","2020-08-23T19:52:00","FM-15","7",,,"3.89","mi",,,,,,,"PENDING COOP",,,,,,,,,,,,,,,,,,,,,,,,,,,,"29.83","67","77","0.00",,,,"71","29.82","CLR:00","29.63","7.00","70","250",,"3",,,,,,,,,,,,,,,,,,,,,,,,,,,,,,,,,,,,,"MET08908/23/20 19:52:02 METAR KCQT 240352Z 25003KT 7SM CLR 25/19 A2983 RMK AO2 SLP099 T02500194","FM-15","7",,,,,,,,,,,,,,,,,,,,,,,,,,,"2006-02-03"
"72287493134","2020-08-23T20:52:00","FM-15","7",,,"3.89","mi",,,,,,,"PENDING COOP",,,,,,,,,,,,,,,,,,,,,,,,,,,,"29.85","67","76","0.00",,,,"74","29.84","CLR:00","29.65","7.00","70","260",,"3",,,,,,,,,,,,,,,,,,,,,,,,,,,,,,,,,,,,,"MET08908/23/20 20:52:02 METAR KCQT 240452Z 26003KT 7SM CLR 24/19 A2985 RMK AO2 SLP104 T02440194","FM-15","7",,,,,,,,,,,,,,,,,,,,,,,,,,,"2006-02-03"
"72287493134","2020-08-23T21:52:00","FM-15","7",,,"3.89","mi",,,,,,,"PENDING COOP",,,,,,,,,,,,,,,,,,,,,,,,,,,,"29.85","67","74","0.00","HZ:7 |FU |HZ","-0.04","1","79","29.84","CLR:00","29.65","6.00","69","270",,"3",,,,,,,,,,,,,,,,,,,,,,,,,,,,,,,,,,,,,"MET11008/23/20 21:52:02 METAR KCQT 240552Z 27003KT 6SM HZ CLR 23/19 A2985 RMK AO2 SLP105 T02330194 10294 20233 51013","FM-15","7",,,,,,,,,,,,,,,,,,,,,,,,,,,"2006-02-03"
"72287493134","2020-08-23T22:52:00","FM-15","7",,,"3.89","mi",,,,,,,"PENDING COOP",,,,,,,,,,,,,,,,,,,,,,,,,,,,"29.86","67","73","0.00",,,,"81","29.85","CLR:00","29.66","7.00","69","000",,"0",,,,,,,,,,,,,,,,,,,,,,,,,,,,,,,,,,,,,"MET08908/23/20 22:52:02 METAR KCQT 240652Z 00000KT 7SM CLR 23/19 A2986 RMK AO2 SLP109 T02280194","FM-15","7",,,,,,,,,,,,,,,,,,,,,,,,,,,"2006-02-03"
"72287493134","2020-08-23T23:23:00","FM-16","7",,,"3.89","mi",,,,,,,"PENDING COOP",,,,,,,,,,,,,,,,,,,,,,,,,,,,"29.86","67","73",,,,,"81",,"FEW:02 9","29.66","7.00","69","000",,"0",,,,,,,,,,,,,,,,,,,,,,,,,,,,,,,,,,,,,"MET08508/23/20 23:23:02 SPECI KCQT 240723Z 00000KT 7SM FEW009 23/19 A2986 RMK AO2 T02280194","FM-16","7",,,,,,,,,,,,,,,,,,,,,,,,,,,"2006-02-03"
"72287493134","2020-08-23T23:52:00","FM-15","7",,,"3.89","mi",,,,,,,"PENDING COOP",,,,,,,,,,,,,,,,,,,,,,,,,,,,"29.86","67","73","0.00",,,,"81","29.85","FEW:02 9","29.66","7.00","69","000",,"0",,,,,,,,,,,,,,,,,,,,,,,,,,,,,,,,,,,,,"MET10208/23/20 23:52:02 METAR KCQT 240752Z 00000KT 7SM FEW009 23/19 A2986 RMK AO2 SLP107 T02280194 403280228","FM-15","7",,,,,,,,,,,,,,,,,,,,,,,,,,,"2006-02-03"
"72287493134","2020-08-23T23:59:00","SOD  ","6",,,"3.89","mi",,,,,,,"PENDING COOP",,,,,,"68","82","67","29.84","29.65","72","1.8","17","7.6","0","91","73","270","15","0.00",,,"260","9","HZ",,,,,,,,,,,,,,,,,,,,,,,,,,,,,,,,,,,,,,,,,,,,,,,,,,,,,,,"SOD75624 HR PRECIPITATION (IN): 0.00 SNOW DEPTH (IN):0     24 HR SNOWFALL (IN):0.0  WEATHER(CODE):8  24 HR MAX TEMP (F): 9124 HR MIN TEMP (F): 73AVERAGE STATION PRESSURE:29.650 MINIMUM SEA LEVEL PRESSURE:29.79 TIME OF OCCURRENCE:1823 PEAK WIND SPEED (MPH): 15 PEAK WIND DIR (DEG):270 PEAK WIND TIME (LST):      FASTEST 2MIN SPEED (MPH):  9FASTEST 2MIN DIR (DEG):260 FASTEST 2MIN TIME (LST):     AVERAGE WIND SPEED (MPH): 1.8 24 HR AVG TEMP (F): 82DEPART FROM NORMAL:  8  HEATING DEGREE DAYS:  0 COOLING DEGREE DAYS: 17 LATEST DAY MAX TEMP (0700-1900 LST):91  LATEST NIGHT MIN TEMP(1900-0800 LST):75 HOURLY INCREMENTAL PRECIPITATION VALUES (IN):.00 0.00 0.00 0.00 0.00 0.00 0.00 0.00 0.00 0.00 0.00 0.00 0.00 0.00 0.00 0.00 0.00 0.00 0.00 0.00 0.00 0.00 0.00 0.00","SOD  ","6",,,,,,,,,,,,,,,,,,,,,,,,,"0521","1829","2006-02-03"
"72287493134","2020-08-24T00:16:00","FM-16","7",,,"3.89","mi",,,,,,,"PENDING COOP",,,,,,,,,,,,,,,,,,,,,,,,,,,,"29.86","67","73",,,,,"81",,"BKN:07 8","29.66","7.00","69","000",,"0",,,,,,,,,,,,,,,,,,,,,,,,,,,,,,,,,,,,,"MET08508/24/20 00:16:02 SPECI KCQT 240816Z 00000KT 7SM BKN008 23/19 A2986 RMK AO2 T02280194","FM-16","7",,,,,,,,,,,,,,,,,,,,,,,,,,,"2006-02-03"
"72287493134","2020-08-24T00:41:00","FM-16","7",,,"3.89","mi",,,,,,,"PENDING COOP",,,,,,,,,,,,,,,,,,,,,,,,,,,,"29.85","67","72",,,,,"84",,"SCT:04 8","29.65","7.00","69","000",,"0",,,,,,,,,,,,,,,,,,,,,,,,,,,,,,,,,,,,,"MET08508/24/20 00:41:02 SPECI KCQT 240841Z 00000KT 7SM SCT008 22/19 A2985 RMK AO2 T02220194","FM-16","7",,,,,,,,,,,,,,,,,,,,,,,,,,,"2006-02-03"
"72287493134","2020-08-24T00:52:00","FM-15","7",,,"3.89","mi",,,,,,,"PENDING COOP",,,,,,,,,,,,,,,,,,,,,,,,,,,,"29.85","67","72","0.00",,"+0.00","8","84","29.84","FEW:02 8","29.65","7.00","69","000",,"0",,,,,,,,,,,,,,,,,,,,,,,,,,,,,,,,,,,,,"MET09808/24/20 00:52:02 METAR KCQT 240852Z 00000KT 7SM FEW008 22/19 A2985 RMK AO2 SLP104 T02220194 58001","FM-15","7",,,,,,,,,,,,,,,,,,,,,,,,,,,"2006-02-03"
"72287493134","2020-08-24T01:15:00","FM-16","7",,,"3.89","mi",,,,,,,"PENDING COOP",,,,,,,,,,,,,,,,,,,,,,,,,,,,"29.85","67","72",,,,,"84",,"BKN:07 8","29.65","7.00","69","000",,"0",,,,,,,,,,,,,,,,,,,,,,,,,,,,,,,,,,,,,"MET08508/24/20 01:15:02 SPECI KCQT 240915Z 00000KT 7SM BKN008 22/19 A2985 RMK AO2 T02220194","FM-16","7",,,,,,,,,,,,,,,,,,,,,,,,,,,"2006-02-03"
"72287493134","2020-08-24T01:52:00","FM-15","7",,,"3.89","mi",,,,,,,"PENDING COOP",,,,,,,,,,,,,,,,,,,,,,,,,,,,"29.85","67","72","0.00",,,,"84","29.83","OVC:08 8","29.65","7.00","69","000",,"0",,,,,,,,,,,,,,,,,,,,,,,,,,,,,,,,,,,,,"MET09608/24/20 01:52:02 METAR KCQT 240952Z 00000KT 7SM OVC008 22/19 A2985 RMK AO2 SLP103 T02220194 RTX","FM-15","7",,,,,,,,,,,,,,,,,,,,,,,,,,,"2006-02-03"
"72287493134","2020-08-24T02:52:00","FM-15","7",,,"3.89","mi",,,,,,,"PENDING COOP",,,,,,,,,,,,,,,,,,,,,,,,,,,,"29.85","66","72","0.00","HZ:7 |FU |HZ",,,"82","29.83","OVC:08 8","29.65","6.00","68","000",,"0",,,,,,,,,,,,,,,,,,,,,,,,,,,,,,,,,,,,,"MET09508/24/20 02:52:02 METAR KCQT 241052Z 00000KT 6SM HZ OVC008 22/19 A2985 RMK AO2 SLP103 T02220189","FM-15","7",,,,,,,,,,,,,,,,,,,,,,,,,,,"2006-02-03"
"72287493134","2020-08-24T03:52:00","FM-15","7",,,"3.89","mi",,,,,,,"PENDING COOP",,,,,,,,,,,,,,,,,,,,,,,,,,,,"29.84","66","72","0.00",,"+0.01","7","82","29.83","OVC:08 7","29.64","7.00","68","260",,"5",,,,,,,,,,,,,,,,,,,,,,,,,,,,,,,,,,,,,"MET11008/24/20 03:52:02 METAR KCQT 241152Z 26004KT 7SM OVC007 22/19 A2984 RMK AO2 SLP102 T02220189 10233 20222 57002","FM-15","7",,,,,,,,,,,,,,,,,,,,,,,,,,,"2006-02-03"
"72287493134","2020-08-24T04:52:00","FM-15","7",,,"3.89","mi",,,,,,,"PENDING COOP",,,,,,,,,,,,,,,,,,,,,,,,,,,,"29.85","66","72","0.00",,,,"82","29.84","OVC:08 7","29.65","7.00","68","000",,"0",,,,,,,,,,,,,,,,,,,,,,,,,,,,,,,,,,,,,"MET09208/24/20 04:52:02 METAR KCQT 241252Z 00000KT 7SM OVC007 22/19 A2985 RMK AO2 SLP105 T02220189","FM-15","7",,,,,,,,,,,,,,,,,,,,,,,,,,,"2006-02-03"
"72287493134","2020-08-24T05:52:00","FM-15","7",,,"3.89","mi",,,,,,,"PENDING COOP",,,,,,,,,,,,,,,,,,,,,,,,,,,,"29.86","66","71","0.00","HZ:7 |FU |HZ",,,"84","29.85","OVC:08 7","29.66","5.00","68","000",,"0",,,,,,,,,,,,,,,,,,,,,,,,,,,,,,,,,,,,,"MET09908/24/20 05:52:02 METAR KCQT 241352Z 00000KT 5SM HZ OVC007 22/19 A2986 RMK AO2 SLP110 T02170189 RTX","FM-15","7",,,,,,,,,,,,,,,,,,,,,,,,,,,"2006-02-03"
"72287493134","2020-08-24T06:52:00","FM-15","7",,,"3.89","mi",,,,,,,"PENDING COOP",,,,,,,,,,,,,,,,,,,,,,,,,,,,"29.87","66","72","0.00","HZ:7 |FU |HZ","-0.03","3","82","29.86","OVC:08 7","29.67","6.00","68","000",,"0",,,,,,,,,,,,,,,,,,,,,,,,,,,,,,,,,,,,,"MET10108/24/20 06:52:02 METAR KCQT 241452Z 00000KT 6SM HZ OVC007 22/19 A2987 RMK AO2 SLP113 T02220189 53010","FM-15","7",,,,,,,,,,,,,,,,,,,,,,,,,,,"2006-02-03"
"72287493134","2020-08-24T07:52:00","FM-15","7",,,"3.89","mi",,,,,,,"PENDING COOP",,,,,,,,,,,,,,,,,,,,,,,,,,,,"29.88","67","73","0.00","HZ:7 |FU |HZ",,,"81","29.87","OVC:08 7","29.68","5.00","69","000",,"0",,,,,,,,,,,,,,,,,,,,,,,,,,,,,,,,,,,,,"MET09508/24/20 07:52:02 METAR KCQT 241552Z 00000KT 5SM HZ OVC007 23/19 A2988 RMK AO2 SLP115 T02280194","FM-15","7",,,,,,,,,,,,,,,,,,,,,,,,,,,"2006-02-03"
"72287493134","2020-08-24T08:37:00","FM-16","6",,,"3.89","mi",,,,,,,"PENDING COOP",,,,,,,,,,,,,,,,,,,,,,,,,,,,"29.88","67","77",,"HZ:7 ||HZ",,,"71",,"BKN:07 10","29.68","6.00","70","260",,"3",,,,,,,,,,,,,,,,,,,,,,,,,,,,,,,,,,,,,"MET09208/24/20 08:37:02 SPECI KCQT 241637Z 26003KT 6SM HZ BKN010 25/19 A2988 RMK AO2 T02500194 RTX","FM-16","6",,,,,,,,,,,,,,,,,,,,,,,,,,,"2006-02-03"
"72287493134","2020-08-24T08:44:00","FM-16","7",,,"3.89","mi",,,,,,,"PENDING COOP",,,,,,,,,,,,,,,,,,,,,,,,,,,,"29.88","67","77",,"HZ:7 |FU |HZ",,,"71",,"SCT:04 10","29.68","6.00","70","000",,"0",,,,,,,,,,,,,,,,,,,,,,,,,,,,,,,,,,,,,"MET08808/24/20 08:44:02 SPECI KCQT 241644Z 00000KT 6SM HZ SCT010 25/19 A2988 RMK AO2 T02500194","FM-16","7",,,,,,,,,,,,,,,,,,,,,,,,,,,"2006-02-03"
"72287493134","2020-08-24T08:52:00","FM-15","7",,,"3.89","mi",,,,,,,"PENDING COOP",,,,,,,,,,,,,,,,,,,,,,,,,,,,"29.88","67","78","0.00","HZ:7 |FU |HZ",,,"69","29.87","FEW:02 10","29.68","6.00","71","260",,"3",,,,,,,,,,,,,,,,,,,,,,,,,,,,,,,,,,,,,"MET09508/24/20 08:52:02 METAR KCQT 241652Z 26003KT 6SM HZ FEW010 26/19 A2988 RMK AO2 SLP114 T02560194","FM-15","7",,,,,,,,,,,,,,,,,,,,,,,,,,,"2006-02-03"
"72287493134","2020-08-24T09:52:00","FM-15","6",,,"3.89","mi",,,,,,,"PENDING COOP",,,,,,,,,,,,,,,,,,,,,,,,,,,,"29.88","67","81","0.00","HZ:7 ||HZ","-0.00","0","62","29.86","CLR:00","29.68","6.00","72",,,,,,,,,,,,,,,,,,,,,,,,,,,,,,,,,,,,,,,,"MET11008/24/20 09:52:02 METAR KCQT 241752Z      KT 6SM HZ CLR 27/19 A2988 RMK AO2 SLP113 T02720194 10272 20217 50001","FM-15","6",,,,,,,,,,,,,,,,,,,,,,,,,,,"2006-02-03"
"72287493134","2020-08-24T10:52:00","FM-15","7",,,"3.89","mi",,,,,,,"PENDING COOP",,,,,,,,,,,,,,,,,,,,,,,,,,,,"29.86","67","79","0.00",,,,"67","29.85","CLR:00","29.66","9.00","71","000",,"0",,,,,,,,,,,,,,,,,,,,,,,,,,,,,,,,,,,,,"MET09308/24/20 10:52:02 METAR KCQT 241852Z 00000KT 9SM CLR 26/19 A2986 RMK AO2 SLP110 T02610194 RTX","FM-15","7",,,,,,,,,,,,,,,,,,,,,,,,,,,"2006-02-03"
"72287493134","2020-08-24T11:52:00","FM-15","7",,,"3.89","mi",,,,,,,"PENDING COOP",,,,,,,,,,,,,,,,,,,,,,,,,,,,"29.85","67","79","0.00",,,,"67","29.85","CLR:00","29.65","8.00","71","VRB",,"3",,,,,,,,,,,,,,,,,,,,,,,,,,,,,,,,,,,,,"MET08908/24/20 11:52:02 METAR KCQT 241952Z VRB03KT 8SM CLR 26/19 A2985 RMK AO2 SLP107 T02610194","FM-15","7",,,,,,,,,,,,,,,,,,,,,,,,,,,"2006-02-03"
"72287493134","2020-08-24T12:52:00","FM-15","7",,,"3.89","mi",,,,,,,"PENDING COOP",,,,,,,,,,,,,,,,,,,,,,,,,,,,"29.84","66","78","0.00",,"+0.04","8","67","29.83","CLR:00","29.64","9.00","70","260",,"8",,,,,,,,,,,,,,,,,,,,,,,,,,,,,,,,,,,,,"MET09508/24/20 12:52:02 METAR KCQT 242052Z 26007KT 9SM CLR 26/19 A2984 RMK AO2 SLP102 T02560189 58013","FM-15","7",,,,,,,,,,,,,,,,,,,,,,,,,,,"2006-02-03"
"72287493134","2020-08-24T13:52:00","FM-15","7",,,"3.89","mi",,,,,,,"PENDING COOP",,,,,,,,,,,,,,,,,,,,,,,,,,,,"29.82","66","79","0.00",,,,"65","29.81","CLR:00","29.62","10.00","70","260",,"6",,,,,,,,,,,,,,,,,,,,,,,,,,,,,,,,,,,,,"MET09408/24/20 13:52:02 METAR KCQT 242152Z 26005KT 10SM CLR 26/19 A2982 RMK AO2 SLP096 T02610189 RTX","FM-15","7",,,,,,,,,,,,,,,,,,,,,,,,,,,"2006-02-03"
"72287493134","2020-08-24T14:52:00","FM-15","7",,,"3.89","mi",,,,,,,"PENDING COOP",,,,,,,,,,,,,,,,,,,,,,,,,,,,"29.81","66","78","0.00",,,,"67","29.80","CLR:00","29.61","10.00","70","VRB",,"6",,,,,,,,,,,,,,,,,,,,,,,,,,,,,,,,,,,,,"MET09008/24/20 14:52:02 METAR KCQT 242252Z VRB05KT 10SM CLR 26/19 A2981 RMK AO2 SLP091 T02560189","FM-15","7",,,,,,,,,,,,,,,,,,,,,,,,,,,"2006-02-03"
"72287493134","2020-08-24T15:52:00","FM-15","7",,,"3.89","mi",,,,,,,"PENDING COOP",,,,,,,,,,,,,,,,,,,,,,,,,,,,"29.80","66","77","0.00",,"+0.04","6","69","29.79","CLR:00","29.60","10.00","70","VRB",,"6",,,,,,,,,,,,,,,,,,,,,,,,,,,,,,,,,,,,,"MET10808/24/20 15:52:02 METAR KCQT 242352Z VRB05KT 10SM CLR 25/19 A2980 RMK AO2 SLP087 T02500189 10272 20250 56015","FM-15","7",,,,,,,,,,,,,,,,,,,,,,,,,,,"2006-02-03"
"72287493134","2020-08-24T16:52:00","FM-15","7",,,"3.89","mi",,,,,,,"PENDING COOP",,,,,,,,,,,,,,,,,,,,,,,,,,,,"29.79","66","77","0.00",,,,"69","29.79","CLR:00","29.59","10.00","70","260",,"5",,,,,,,,,,,,,,,,,,,,,,,,,,,,,,,,,,,,,"MET09008/24/20 16:52:01 METAR KCQT 250052Z 26004KT 10SM CLR 25/19 A2979 RMK AO2 SLP087 T02500189","FM-15","7",,,,,,,,,,,,,,,,,,,,,,,,,,,"2006-02-03"
"72287493134","2020-08-24T17:52:00","FM-15","7",,,"3.89","mi",,,,,,,"PENDING COOP",,,,,,,,,,,,,,,,,,,,,,,,,,,,"29.79","65","73","0.00",,,,"76","29.78","CLR:00","29.59","9.00","68","260",,"7",,,,,,,,,,,,,,,,,,,,,,,,,,,,,,,,,,,,,"MET08908/24/20 17:52:01 METAR KCQT 250152Z 26006KT 9SM CLR 23/18 A2979 RMK AO2 SLP085 T02280183","FM-15","7",,,,,,,,,,,,,,,,,,,,,,,,,,,"2006-02-03"
"72287493134","2020-08-24T18:00:00","FM-16","7",,,"3.89","mi",,,,,,,"PENDING COOP",,,,,,,,,,,,,,,,,,,,,,,,,,,,"29.79","66","73",,,,,"79",,"FEW:02 9","29.59","9.00","69","VRB",,"5",,,,,,,,,,,,,,,,,,,,,,,,,,,,,,,,,,,,,"MET08508/24/20 18:00:01 SPECI KCQT 250200Z VRB04KT 9SM FEW009 23/19 A2979 RMK AO2 T02280189","FM-16","7",,,,,,,,,,,,,,,,,,,,,,,,,,,"2006-02-03"
"72287493134","2020-08-24T18:15:00","FM-16","7",,,"3.89","mi",,,,,,,"PENDING COOP",,,,,,,,,,,,,,,,,,,,,,,,,,,,"29.79","65","73",,,,,"76",,"BKN:07 9","29.59","9.00","68","260",,"5",,,,,,,,,,,,,,,,,,,,,,,,,,,,,,,,,,,,,"MET08508/24/20 18:15:01 SPECI KCQT 250215Z 26004KT 9SM BKN009 23/18 A2979 RMK AO2 T02280183","FM-16","7",,,,,,,,,,,,,,,,,,,,,,,,,,,"2006-02-03"
"72287493134","2020-08-24T18:37:00","FM-16","7",,,"3.89","mi",,,,,,,"PENDING COOP",,,,,,,,,,,,,,,,,,,,,,,,,,,,"29.80","65","73",,,,,"76",,"BKN:07 10","29.60","10.00","68","000",,"0",,,,,,,,,,,,,,,,,,,,,,,,,,,,,,,,,,,,,"MET08608/24/20 18:37:01 SPECI KCQT 250237Z 00000KT 10SM BKN010 23/18 A2980 RMK AO2 T02280183","FM-16","7",,,,,,,,,,,,,,,,,,,,,,,,,,,"2006-02-03"
"72287493134","2020-08-24T18:43:00","FM-16","7",,,"3.89","mi",,,,,,,"PENDING COOP",,,,,,,,,,,,,,,,,,,,,,,,,,,,"29.80","65","73",,,,,"76",,"SCT:04 10","29.60","10.00","68","260",,"5",,,,,,,,,,,,,,,,,,,,,,,,,,,,,,,,,,,,,"MET08608/24/20 18:43:01 SPECI KCQT 250243Z 26004KT 10SM SCT010 23/18 A2980 RMK AO2 T02280183","FM-16","7",,,,,,,,,,,,,,,,,,,,,,,,,,,"2006-02-03"
"72287493134","2020-08-24T18:52:00","FM-15","7",,,"3.89","mi",,,,,,,"PENDING COOP",,,,,,,,,,,,,,,,,,,,,,,,,,,,"29.80","65","73","0.00",,"-0.01","3","76","29.80","FEW:02 10","29.60","10.00","68","250",,"5",,,,,,,,,,,,,,,,,,,,,,,,,,,,,,,,,,,,,"MET09908/24/20 18:52:01 METAR KCQT 250252Z 25004KT 10SM FEW010 23/18 A2980 RMK AO2 SLP090 T02280183 53003","FM-15","7",,,,,,,,,,,,,,,,,,,,,,,,,,,"2006-02-03"
"72287493134","2020-08-24T19:52:00","FM-15","7",,,"3.89","mi",,,,,,,"PENDING COOP",,,,,,,,,,,,,,,,,,,,,,,,,,,,"29.83","65","72","0.00",,,,"79","29.82","FEW:02 10","29.63","9.00","68","VRB",,"3",,,,,,,,,,,,,,,,,,,,,,,,,,,,,,,,,,,,,"MET09208/24/20 19:52:01 METAR KCQT 250352Z VRB03KT 9SM FEW010 22/18 A2983 RMK AO2 SLP099 T02220183","FM-15","7",,,,,,,,,,,,,,,,,,,,,,,,,,,"2006-02-03"
"72287493134","2020-08-24T20:17:00","FM-16","7",,,"3.89","mi",,,,,,,"PENDING COOP",,,,,,,,,,,,,,,,,,,,,,,,,,,,"29.84","65","72",,,,,"79",,"BKN:07 10","29.64","9.00","68","000",,"0",,,,,,,,,,,,,,,,,,,,,,,,,,,,,,,,,,,,,"MET08508/24/20 20:17:01 SPECI KCQT 250417Z 00000KT 9SM BKN010 22/18 A2984 RMK AO2 T02220183","FM-16","7",,,,,,,,,,,,,,,,,,,,,,,,,,,"2006-02-03"
"72287493134","2020-08-24T20:28:00","FM-16","6",,,"3.89","mi",,,,,,,"PENDING COOP",,,,,,,,,,,,,,,,,,,,,,,,,,,,"29.84","65","72",,,,,"79",,,"29.64","9.00","68",,,,,,,,,,,,,,,,,,,,,,,,,,,,,,,,,,,,,,,,"MET07708/24/20 20:28:01 SPECI KCQT 250428Z      KT NO 22/18 A2984 RMK AO2 T02220183","FM-16","6",,,,,,,,,,,,,,,,,,,,,,,,,,,"2006-02-03"
"72287493134","2020-08-24T20:52:00","FM-15","7",,,"3.89","mi",,,,,,,"PENDING COOP",,,,,,,,,,,,,,,,,,,,,,,,,,,,"29.85","65","72","0.00",,,,"79","29.84","SCT:04 10","29.65","9.00","68","260",,"3",,,,,,,,,,,,,,,,,,,,,,,,,,,,,,,,,,,,,"MET09208/24/20 20:52:01 METAR KCQT 250452Z 26003KT 9SM SCT010 22/18 A2985 RMK AO2 SLP105 T02220183","FM-15","7",,,,,,,,,,,,,,,,,,,,,,,,,,,"2006-02-03"
"72287493134","2020-08-24T21:52:00","FM-15","7",,,"3.89","mi",,,,,,,"PENDING COOP",,,,,,,,,,,,,,,,,,,,,,,,,,,,"29.85","65","71","0.00",,"-0.04","0","81","29.84","FEW:02 10","29.65","9.00","67","000",,"0",,,,,,,,,,,,,,,,,,,,,,,,,,,,,,,,,,,,,"MET11008/24/20 21:52:01 METAR KCQT 250552Z 00000KT 9SM FEW010 22/18 A2985 RMK AO2 SLP104 T02170183 10256 20217 50014","FM-15","7",,,,,,,,,,,,,,,,,,,,,,,,,,,"2006-02-03"
"72287493134","2020-08-24T22:13:00","FM-16","7",,,"3.89","mi",,,,,,,"PENDING COOP",,,,,,,,,,,,,,,,,,,,,,,,,,,,"29.85","65","71",,,,,"81",,"SCT:04 9","29.65","9.00","67","000",,"0",,,,,,,,,,,,,,,,,,,,,,,,,,,,,,,,,,,,,"MET08508/24/20 22:13:01 SPECI KCQT 250613Z 00000KT 9SM SCT009 22/18 A2985 RMK AO2 T02170183","FM-16","7",,,,,,,,,,,,,,,,,,,,,,,,,,,"2006-02-03"
"72287493134","2020-08-24T22:36:00","FM-16","7",,,"3.89","mi",,,,,,,"PENDING COOP",,,,,,,,,,,,,,,,,,,,,,,,,,,,"29.85","65","71",,,,,"81",,"BKN:07 9","29.65","9.00","67","000",,"0",,,,,,,,,,,,,,,,,,,,,,,,,,,,,,,,,,,,,"MET08508/24/20 22:36:01 SPECI KCQT 250636Z 00000KT 9SM BKN009 22/18 A2985 RMK AO2 T02170183","FM-16","7",,,,,,,,,,,,,,,,,,,,,,,,,,,"2006-02-03"
"72287493134","2020-08-24T22:42:00","FM-16","7",,,"3.89","mi",,,,,,,"PENDING COOP",,,,,,,,,,,,,,,,,,,,,,,,,,,,"29.85","65","71",,,,,"81",,"BKN:07 10","29.65","9.00","67","000",,"0",,,,,,,,,,,,,,,,,,,,,,,,,,,,,,,,,,,,,"MET08508/24/20 22:42:01 SPECI KCQT 250642Z 00000KT 9SM BKN010 22/18 A2985 RMK AO2 T02170183","FM-16","7",,,,,,,,,,,,,,,,,,,,,,,,,,,"2006-02-03"
"72287493134","2020-08-24T22:52:00","FM-15","7",,,"3.89","mi",,,,,,,"PENDING COOP",,,,,,,,,,,,,,,,,,,,,,,,,,,,"29.85","65","71","0.00",,,,"81","29.84","SCT:04 10","29.65","8.00","67","000",,"0",,,,,,,,,,,,,,,,,,,,,,,,,,,,,,,,,,,,,"MET09208/24/20 22:52:01 METAR KCQT 250652Z 00000KT 8SM SCT010 22/18 A2985 RMK AO2 SLP106 T02170183","FM-15","7",,,,,,,,,,,,,,,,,,,,,,,,,,,"2006-02-03"
"72287493134","2020-08-24T23:15:00","FM-16","7",,,"3.89","mi",,,,,,,"PENDING COOP",,,,,,,,,,,,,,,,,,,,,,,,,,,,"29.86","65","71",,,,,"81",,"FEW:02 9","29.66","9.00","67","000",,"0",,,,,,,,,,,,,,,,,,,,,,,,,,,,,,,,,,,,,"MET08508/24/20 23:15:01 SPECI KCQT 250715Z 00000KT 9SM FEW009 22/18 A2986 RMK AO2 T02170183","FM-16","7",,,,,,,,,,,,,,,,,,,,,,,,,,,"2006-02-03"
"72287493134","2020-08-24T23:52:00","FM-15","7",,,"3.89","mi",,,,,,,"PENDING COOP",,,,,,,,,,,,,,,,,,,,,,,,,,,,"29.85","65","71","0.00",,,,"81","29.84","CLR:00","29.65","9.00","67","000",,"0",,,,,,,,,,,,,,,,,,,,,,,,,,,,,,,,,,,,,"MET09908/24/20 23:52:01 METAR KCQT 250752Z 00000KT 9SM CLR 22/18 A2985 RMK AO2 SLP106 T02170183 402720217","FM-15","7",,,,,,,,,,,,,,,,,,,,,,,,,,,"2006-02-03"
"72287493134","2020-08-24T23:59:00","SOD  ","6",,,"3.89","mi",,,,,,,"PENDING COOP",,,,,,"66","76","75","29.83","29.64","69","2.6","11","1.5","0","81","70","270","15","0.00",,,"270","9","HZ",,,,,,,,,,,,,,,,,,,,,,,,,,,,,,,,,,,,,,,,,,,,,,,,,,,,,,,"SOD75624 HR PRECIPITATION (IN): 0.00 SNOW DEPTH (IN):0     24 HR SNOWFALL (IN):0.0  WEATHER(CODE):8  24 HR MAX TEMP (F): 8124 HR MIN TEMP (F): 70AVERAGE STATION PRESSURE:29.635 MINIMUM SEA LEVEL PRESSURE:29.78 TIME OF OCCURRENCE:1817 PEAK WIND SPEED (MPH): 15 PEAK WIND DIR (DEG):270 PEAK WIND TIME (LST):      FASTEST 2MIN SPEED (MPH):  9FASTEST 2MIN DIR (DEG):270 FASTEST 2MIN TIME (LST):     AVERAGE WIND SPEED (MPH): 2.6 24 HR AVG TEMP (F): 76DEPART FROM NORMAL:  2  HEATING DEGREE DAYS:  0 COOLING DEGREE DAYS: 11 LATEST DAY MAX TEMP (0700-1900 LST):81  LATEST NIGHT MIN TEMP(1900-0800 LST):71 HOURLY INCREMENTAL PRECIPITATION VALUES (IN):.00 0.00 0.00 0.00 0.00 0.00 0.00 0.00 0.00 0.00 0.00 0.00 0.00 0.00 0.00 0.00 0.00 0.00 0.00 0.00 0.00 0.00 0.00 0.00","SOD  ","6",,,,,,,,,,,,,,,,,,,,,,,,,"0522","1828","2006-02-03"
"72287493134","2020-08-25T00:32:00","FM-16","7",,,"3.89","mi",,,,,,,"PENDING COOP",,,,,,,,,,,,,,,,,,,,,,,,,,,,"29.84","65","70",,,,,"84",,"FEW:02 9","29.64","9.00","67","000",,"0",,,,,,,,,,,,,,,,,,,,,,,,,,,,,,,,,,,,,"MET08508/25/20 00:32:02 SPECI KCQT 250832Z 00000KT 9SM FEW009 21/18 A2984 RMK AO2 T02110183","FM-16","7",,,,,,,,,,,,,,,,,,,,,,,,,,,"2006-02-03"
"72287493134","2020-08-25T00:52:00","FM-15","7",,,"3.89","mi",,,,,,,"PENDING COOP",,,,,,,,,,,,,,,,,,,,,,,,,,,,"29.84","64","70","0.00",,"+0.01","8","82","29.83","SCT:04 9","29.64","8.00","66","000",,"0",,,,,,,,,,,,,,,,,,,,,,,,,,,,,,,,,,,,,"MET09808/25/20 00:52:02 METAR KCQT 250852Z 00000KT 8SM SCT009 21/18 A2984 RMK AO2 SLP101 T02110178 58003","FM-15","7",,,,,,,,,,,,,,,,,,,,,,,,,,,"2006-02-03"
"72287493134","2020-08-25T01:52:00","FM-15","7",,,"3.89","mi",,,,,,,"PENDING COOP",,,,,,,,,,,,,,,,,,,,,,,,,,,,"29.82","65","70","0.00",,,,"84","29.81","CLR:00","29.62","8.00","67","000",,"0",,,,,,,,,,,,,,,,,,,,,,,,,,,,,,,,,,,,,"MET08908/25/20 01:52:02 METAR KCQT 250952Z 00000KT 8SM CLR 21/18 A2982 RMK AO2 SLP094 T02110183","FM-15","7",,,,,,,,,,,,,,,,,,,,,,,,,,,"2006-02-03"
"72287493134","2020-08-25T02:52:00","FM-15","7",,,"3.89","mi",,,,,,,"PENDING COOP",,,,,,,,,,,,,,,,,,,,,,,,,,,,"29.82","64","70","0.00",,,,"82","29.81","CLR:00","29.62","9.00","66","000",,"0",,,,,,,,,,,,,,,,,,,,,,,,,,,,,,,,,,,,,"MET08908/25/20 02:52:02 METAR KCQT 251052Z 00000KT 9SM CLR 21/18 A2982 RMK AO2 SLP094 T02110178","FM-15","7",,,,,,,,,,,,,,,,,,,,,,,,,,,"2006-02-03"
"72287493134","2020-08-25T02:55:00","FM-16","7",,,"3.89","mi",,,,,,,"PENDING COOP",,,,,,,,,,,,,,,,,,,,,,,,,,,,"29.82","64","70",,,,,"82",,"FEW:02 7","29.62","9.00","66","000",,"0",,,,,,,,,,,,,,,,,,,,,,,,,,,,,,,,,,,,,"MET08508/25/20 02:55:02 SPECI KCQT 251055Z 00000KT 9SM FEW007 21/18 A2982 RMK AO2 T02110178","FM-16","7",,,,,,,,,,,,,,,,,,,,,,,,,,,"2006-02-03"
"72287493134","2020-08-25T03:52:00","FM-15","7",,,"3.89","mi",,,,,,,"PENDING COOP",,,,,,,,,,,,,,,,,,,,,,,,,,,,"29.82","65","70","0.00",,"+0.02","5","84","29.81","CLR:00","29.62","9.00","67","000",,"0",,,,,,,,,,,,,,,,,,,,,,,,,,,,,,,,,,,,,"MET10708/25/20 03:52:02 METAR KCQT 251152Z 00000KT 9SM CLR 21/18 A2982 RMK AO2 SLP096 T02110183 10217 20206 55006","FM-15","7",,,,,,,,,,,,,,,,,,,,,,,,,,,"2006-02-03"
"72287493134","2020-08-25T04:52:00","FM-15","7",,,"3.89","mi",,,,,,,"PENDING COOP",,,,,,,,,,,,,,,,,,,,,,,,,,,,"29.83","64","70","0.00",,,,"82","29.82","CLR:00","29.63","8.00","66","000",,"0",,,,,,,,,,,,,,,,,,,,,,,,,,,,,,,,,,,,,"MET08908/25/20 04:52:02 METAR KCQT 251252Z 00000KT 8SM CLR 21/18 A2983 RMK AO2 SLP098 T02110178","FM-15","7",,,,,,,,,,,,,,,,,,,,,,,,,,,"2006-02-03"
"72287493134","2020-08-25T05:52:00","FM-15","7",,,"3.89","mi",,,,,,,"PENDING COOP",,,,,,,,,,,,,,,,,,,,,,,,,,,,"29.84","65","70","0.00",,,,"84","29.83","CLR:00","29.64","7.00","67","000",,"0",,,,,,,,,,,,,,,,,,,,,,,,,,,,,,,,,,,,,"MET08908/25/20 05:52:02 METAR KCQT 251352Z 00000KT 7SM CLR 21/18 A2984 RMK AO2 SLP101 T02110183","FM-15","7",,,,,,,,,,,,,,,,,,,,,,,,,,,"2006-02-03"
"72287493134","2020-08-25T06:52:00","FM-15","7",,,"3.89","mi",,,,,,,"PENDING COOP",,,,,,,,,,,,,,,,,,,,,,,,,,,,"29.84","66","73","0.00","HZ:7 |FU |HZ","-0.02","1","79","29.83","CLR:00","29.64","6.00","69","000",,"0",,,,,,,,,,,,,,,,,,,,,,,,,,,,,,,,,,,,,"MET09808/25/20 06:52:02 METAR KCQT 251452Z 00000KT 6SM HZ CLR 23/19 A2984 RMK AO2 SLP103 T02280189 51007","FM-15","7",,,,,,,,,,,,,,,,,,,,,,,,,,,"2006-02-03"
"72287493134","2020-08-25T07:52:00","FM-15","7",,,"3.89","mi",,,,,,,"PENDING COOP",,,,,,,,,,,,,,,,,,,,,,,,,,,,"29.85","66","76","0.00","HZ:7 |FU |HZ",,,"72","29.84","CLR:00","29.65","6.00","70","000",,"0",,,,,,,,,,,,,,,,,,,,,,,,,,,,,,,,,,,,,"MET09208/25/20 07:52:02 METAR KCQT 251552Z 00000KT 6SM HZ CLR 24/19 A2985 RMK AO2 SLP105 T02440189","FM-15","7",,,,,,,,,,,,,,,,,,,,,,,,,,,"2006-02-03"
"72287493134","2020-08-25T08:52:00","FM-15","7",,,"3.89","mi",,,,,,,"PENDING COOP",,,,,,,,,,,,,,,,,,,,,,,,,,,,"29.85","67","82","0.00",,,,"60","29.83","CLR:00","29.65","7.00","72","000",,"0",,,,,,,,,,,,,,,,,,,,,,,,,,,,,,,,,,,,,"MET08908/25/20 08:52:02 METAR KCQT 251652Z 00000KT 7SM CLR 28/19 A2985 RMK AO2 SLP103 T02780194","FM-15","7",,,,,,,,,,,,,,,,,,,,,,,,,,,"2006-02-03"
"72287493134","2020-08-25T09:52:00","FM-15","7",,,"3.89","mi",,,,,,,"PENDING COOP",,,,,,,,,,,,,,,,,,,,,,,,,,,,"29.84","66","84","0.00",,"-0.00","0","55","29.83","CLR:00","29.64","8.00","72","000",,"0",,,,,,,,,,,,,,,,,,,,,,,,,,,,,,,,,,,,,"MET10708/25/20 09:52:02 METAR KCQT 251752Z 00000KT 8SM CLR 29/19 A2984 RMK AO2 SLP102 T02890189 10300 20206 50000","FM-15","7",,,,,,,,,,,,,,,,,,,,,,,,,,,"2006-02-03"
"72287493134","2020-08-25T10:52:00","FM-15","7",,,"3.89","mi",,,,,,,"PENDING COOP",,,,,,,,,,,,,,,,,,,,,,,,,,,,"29.83","67","85","0.00",,,,"55","29.81","CLR:00","29.63","8.00","73","VRB",,"5",,,,,,,,,,,,,,,,,,,,,,,,,,,,,,,,,,,,,"MET08908/25/20 10:52:02 METAR KCQT 251852Z VRB04KT 8SM CLR 29/19 A2983 RMK AO2 SLP096 T02940194","FM-15","7",,,,,,,,,,,,,,,,,,,,,,,,,,,"2006-02-03"
"72287493134","2020-08-25T11:52:00","FM-15","7",,,"3.89","mi",,,,,,,"PENDING COOP",,,,,,,,,,,,,,,,,,,,,,,,,,,,"29.82","66","83","0.00",,,,"57","29.80","CLR:00","29.62","9.00","72","000",,"0",,,,,,,,,,,,,,,,,,,,,,,,,,,,,,,,,,,,,"MET08908/25/20 11:52:02 METAR KCQT 251952Z 00000KT 9SM CLR 28/19 A2982 RMK AO2 SLP093 T02830189","FM-15","7",,,,,,,,,,,,,,,,,,,,,,,,,,,"2006-02-03"
"72287493134","2020-08-25T12:52:00","FM-15","7",,,"3.89","mi",,,,,,,"PENDING COOP",,,,,,,,,,,,,,,,,,,,,,,,,,,,"29.80","65","82","0.00",,"+0.04","6","56","29.80","CLR:00","29.60","10.00","71","VRB",,"3",,,,,,,,,,,,,,,,,,,,,,,,,,,,,,,,,,,,,"MET09608/25/20 12:52:02 METAR KCQT 252052Z VRB03KT 10SM CLR 28/18 A2980 RMK AO2 SLP090 T02780183 56013","FM-15","7",,,,,,,,,,,,,,,,,,,,,,,,,,,"2006-02-03"
"72287493134","2020-08-25T13:52:00","FM-15","7",,,"3.89","mi",,,,,,,"PENDING COOP",,,,,,,,,,,,,,,,,,,,,,,,,,,,"29.79","65","81","0.00",,,,"58","29.78","CLR:00","29.59","10.00","71","250",,"6",,,,,,,,,,,,,,,,,,,,,,,,,,,,,,,,,,,,,"MET09008/25/20 13:52:02 METAR KCQT 252152Z 25005KT 10SM CLR 27/18 A2979 RMK AO2 SLP086 T02720183","FM-15","7",,,,,,,,,,,,,,,,,,,,,,,,,,,"2006-02-03"
"72287493134","2020-08-25T14:52:00","FM-15","7",,,"3.89","mi",,,,,,,"PENDING COOP",,,,,,,,,,,,,,,,,,,,,,,,,,,,"29.78","64","80","0.00",,,,"58","29.78","CLR:00","29.58","10.00","70","VRB",,"5",,,,,,,,,,,,,,,,,,,,,,,,,,,,,,,,,,,,,"MET09008/25/20 14:52:02 METAR KCQT 252252Z VRB04KT 10SM CLR 27/18 A2978 RMK AO2 SLP083 T02670178","FM-15","7",,,,,,,,,,,,,,,,,,,,,,,,,,,"2006-02-03"
"72287493134","2020-08-25T15:52:00","FM-15","7",,,"3.89","mi",,,,,,,"PENDING COOP",,,,,,,,,,,,,,,,,,,,,,,,,,,,"29.77","63","80","0.00",,"+0.03","8","56","29.76","CLR:00","29.57","10.00","69","VRB",,"6",,,,,,,,,,,,,,,,,,,,,,,,,,,,,,,,,,,,,"MET10808/25/20 15:52:02 METAR KCQT 252352Z VRB05KT 10SM CLR 27/17 A2977 RMK AO2 SLP079 T02670172 10300 20261 58011","FM-15","7",,,,,,,,,,,,,,,,,,,,,,,,,,,"2006-02-03"
"72287493134","2020-08-25T16:52:00","FM-15","6",,,"3.89","mi",,,,,,,"PENDING COOP",,,,,,,,,,,,,,,,,,,,,,,,,,,,"29.76","64","80","0.00",,,,"58","29.75","CLR:00","29.56","10.00","70",,,,,,,,,,,,,,,,,,,,,,,,,,,,,,,,,,,,,,,,"MET09008/25/20 16:52:01 METAR KCQT 260052Z      KT 10SM CLR 27/18 A2976 RMK AO2 SLP074 T02670178","FM-15","6",,,,,,,,,,,,,,,,,,,,,,,,,,,"2006-02-03"
"72287493134","2020-08-25T17:52:00","FM-15","7",,,"3.89","mi",,,,,,,"PENDING COOP",,,,,,,,,,,,,,,,,,,,,,,,,,,,"29.76","63","77","0.00",,,,"62","29.75","CLR:00","29.56","10.00","68","000",,"0",,,,,,,,,,,,,,,,,,,,,,,,,,,,,,,,,,,,,"MET09008/25/20 17:52:01 METAR KCQT 260152Z 00000KT 10SM CLR 25/17 A2976 RMK AO2 SLP074 T02500172","FM-15","7",,,,,,,,,,,,,,,,,,,,,,,,,,,"2006-02-03"
"72287493134","2020-08-25T18:52:00","FM-15","7",,,"3.89","mi",,,,,,,"PENDING COOP",,,,,,,,,,,,,,,,,,,,,,,,,,,,"29.76","63","75","0.00",,"+0.01","5","66","29.75","CLR:00","29.56","10.00","67","260",,"5",,,,,,,,,,,,,,,,,,,,,,,,,,,,,,,,,,,,,"MET09608/25/20 18:52:01 METAR KCQT 260252Z 26004KT 10SM CLR 24/17 A2976 RMK AO2 SLP075 T02390172 55004","FM-15","7",,,,,,,,,,,,,,,,,,,,,,,,,,,"2006-02-03"
"72287493134","2020-08-25T19:52:00","FM-15","7",,,"3.89","mi",,,,,,,"PENDING COOP",,,,,,,,,,,,,,,,,,,,,,,,,,,,"29.77","64","73","0.00",,,,"74","29.76","CLR:00","29.57","10.00","67","000",,"0",,,,,,,,,,,,,,,,,,,,,,,,,,,,,,,,,,,,,"MET09008/25/20 19:52:01 METAR KCQT 260352Z 00000KT 10SM CLR 23/18 A2977 RMK AO2 SLP079 T02280178","FM-15","7",,,,,,,,,,,,,,,,,,,,,,,,,,,"2006-02-03"
"72287493134","2020-08-25T20:52:00","FM-15","7",,,"3.89","mi",,,,,,,"PENDING COOP",,,,,,,,,,,,,,,,,,,,,,,,,,,,"29.79","64","72","0.00",,,,"76","29.78","CLR:00","29.59","10.00","67","000",,"0",,,,,,,,,,,,,,,,,,,,,,,,,,,,,,,,,,,,,"MET09008/25/20 20:52:01 METAR KCQT 260452Z 00000KT 10SM CLR 22/18 A2979 RMK AO2 SLP084 T02220178","FM-15","7",,,,,,,,,,,,,,,,,,,,,,,,,,,"2006-02-03"
"72287493134","2020-08-25T21:52:00","FM-15","7",,,"3.89","mi",,,,,,,"PENDING COOP",,,,,,,,,,,,,,,,,,,,,,,,,,,,"29.80","64","71","0.00",,"-0.04","1","79","29.79","CLR:00","29.60","10.00","67","000",,"0",,,,,,,,,,,,,,,,,,,,,,,,,,,,,,,,,,,,,"MET10808/25/20 21:52:01 METAR KCQT 260552Z 00000KT 10SM CLR 22/18 A2980 RMK AO2 SLP087 T02170178 10272 20217 51013","FM-15","7",,,,,,,,,,,,,,,,,,,,,,,,,,,"2006-02-03"
"72287493134","2020-08-25T22:52:00","FM-15","7",,,"3.89","mi",,,,,,,"PENDING COOP",,,,,,,,,,,,,,,,,,,,,,,,,,,,"29.80","64","71","0.00",,,,"79","29.78","CLR:00","29.60","10.00","67","000",,"0",,,,,,,,,,,,,,,,,,,,,,,,,,,,,,,,,,,,,"MET09008/25/20 22:52:01 METAR KCQT 260652Z 00000KT 10SM CLR 22/18 A2980 RMK AO2 SLP086 T02170178","FM-15","7",,,,,,,,,,,,,,,,,,,,,,,,,,,"2006-02-03"
"72287493134","2020-08-25T23:52:00","FM-15","7",,,"3.89","mi",,,,,,,"PENDING COOP",,,,,,,,,,,,,,,,,,,,,,,,,,,,"29.79","64","70","0.00",,,,"82","29.78","CLR:00","29.59","9.00","66","000",,"0",,,,,,,,,,,,,,,,,,,,,,,,,,,,,,,,,,,,,"MET09908/25/20 23:52:02 METAR KCQT 260752Z 00000KT 9SM CLR 21/18 A2979 RMK AO2 SLP086 T02110178 403000206","FM-15","7",,,,,,,,,,,,,,,,,,,,,,,,,,,"2006-02-03"
"72287493134","2020-08-25T23:59:00","SOD  ","6",,,"3.89","mi",,,,,,,"PENDING COOP",,,,,,"65","78","69","29.80","29.60","69","1.3","13","3.5","0","86","69","260","16","0.00",,,"270","10","HZ",,,,,,,,,,,,,,,,,,,,,,,,,,,,,,,,,,,,,,,,,,,,,,,,,,,,,,,"SOD75724 HR PRECIPITATION (IN): 0.00 SNOW DEPTH (IN):0     24 HR SNOWFALL (IN):0.0  WEATHER(CODE):18  24 HR MAX TEMP (F): 8624 HR MIN TEMP (F): 69AVERAGE STATION PRESSURE:29.605 MINIMUM SEA LEVEL PRESSURE:29.75 TIME OF OCCURRENCE:1910 PEAK WIND SPEED (MPH): 16 PEAK WIND DIR (DEG):260 PEAK WIND TIME (LST):      FASTEST 2MIN SPEED (MPH): 10FASTEST 2MIN DIR (DEG):270 FASTEST 2MIN TIME (LST):     AVERAGE WIND SPEED (MPH): 1.3 24 HR AVG TEMP (F): 78DEPART FROM NORMAL:  4  HEATING DEGREE DAYS:  0 COOLING DEGREE DAYS: 13 LATEST DAY MAX TEMP (0700-1900 LST):86  LATEST NIGHT MIN TEMP(1900-0800 LST):69 HOURLY INCREMENTAL PRECIPITATION VALUES (IN):.00 0.00 0.00 0.00 0.00 0.00 0.00 0.00 0.00 0.00 0.00 0.00 0.00 0.00 0.00 0.00 0.00 0.00 0.00 0.00 0.00 0.00 0.00 0.00","SOD  ","6",,,,,,,,,,,,,,,,,,,,,,,,,"0522","1827","2006-02-03"
"72287493134","2020-08-26T00:37:00","FM-16","7",,,"3.89","mi",,,,,,,"PENDING COOP",,,,,,,,,,,,,,,,,,,,,,,,,,,,"29.79","64","69",,,,,"84",,"FEW:02 6","29.59","9.00","66","000",,"0",,,,,,,,,,,,,,,,,,,,,,,,,,,,,,,,,,,,,"MET08508/26/20 00:37:02 SPECI KCQT 260837Z 00000KT 9SM FEW006 21/18 A2979 RMK AO2 T02060178","FM-16","7",,,,,,,,,,,,,,,,,,,,,,,,,,,"2006-02-03"
"72287493134","2020-08-26T00:52:00","FM-15","7",,,"3.89","mi",,,,,,,"PENDING COOP",,,,,,,,,,,,,,,,,,,,,,,,,,,,"29.78","64","69","0.00",,"+0.01","8","84","29.78","FEW:02 6","29.58","8.00","66","000",,"0",,,,,,,,,,,,,,,,,,,,,,,,,,,,,,,,,,,,,"MET09808/26/20 00:52:02 METAR KCQT 260852Z 00000KT 8SM FEW006 21/18 A2978 RMK AO2 SLP083 T02060178 58005","FM-15","7",,,,,,,,,,,,,,,,,,,,,,,,,,,"2006-02-03"
"72287493134","2020-08-26T01:52:00","FM-15","7",,,"3.89","mi",,,,,,,"PENDING COOP",,,,,,,,,,,,,,,,,,,,,,,,,,,,"29.78","64","69","0.00",,,,"84","29.77","FEW:02 6","29.58","8.00","66","000",,"0",,,,,,,,,,,,,,,,,,,,,,,,,,,,,,,,,,,,,"MET09208/26/20 01:52:02 METAR KCQT 260952Z 00000KT 8SM FEW006 21/18 A2978 RMK AO2 SLP081 T02060178","FM-15","7",,,,,,,,,,,,,,,,,,,,,,,,,,,"2006-02-03"
"72287493134","2020-08-26T02:52:00","FM-15","7",,,"3.89","mi",,,,,,,"PENDING COOP",,,,,,,,,,,,,,,,,,,,,,,,,,,,"29.77","64","68","0.00",,,,"87","29.76","SCT:04 5","29.57","7.00","66","000",,"0",,,,,,,,,,,,,,,,,,,,,,,,,,,,,,,,,,,,,"MET09208/26/20 02:52:02 METAR KCQT 261052Z 00000KT 7SM SCT005 20/18 A2977 RMK AO2 SLP079 T02000178","FM-15","7",,,,,,,,,,,,,,,,,,,,,,,,,,,"2006-02-03"
"72287493134","2020-08-26T03:52:00","FM-15","7",,,"3.89","mi",,,,,,,"PENDING COOP",,,,,,,,,,,,,,,,,,,,,,,,,,,,"29.78","63","68","0.00","HZ:7 |FU |HZ","+0.01","5","84","29.77","CLR:00","29.58","6.00","65","000",,"0",,,,,,,,,,,,,,,,,,,,,,,,,,,,,,,,,,,,,"MET11008/26/20 03:52:02 METAR KCQT 261152Z 00000KT 6SM HZ CLR 20/17 A2978 RMK AO2 SLP080 T02000172 10217 20194 55002","FM-15","7",,,,,,,,,,,,,,,,,,,,,,,,,,,"2006-02-03"
"72287493134","2020-08-26T04:08:00","FM-16","7",,,"3.89","mi",,,,,,,"PENDING COOP",,,,,,,,,,,,,,,,,,,,,,,,,,,,"29.78","63","67",,"BR:1 ||",,,"87",,"FEW:02 2","29.58","5.00","65","000",,"0",,,,,,,,,,,,,,,,,,,,,,,,,,,,,,,,,,,,,"MET08808/26/20 04:08:02 SPECI KCQT 261208Z 00000KT 5SM BR FEW002 19/17 A2978 RMK AO2 T01940172","FM-16","7",,,,,,,,,,,,,,,,,,,,,,,,,,,"2006-02-03"
"72287493134","2020-08-26T04:16:00","FM-16","7",,,"3.89","mi",,,,,,,"PENDING COOP",,,,,,,,,,,,,,,,,,,,,,,,,,,,"29.78","63","67",,"BR:1 ||",,,"87",,"BKN:07 2","29.58","4.00","65","000",,"0",,,,,,,,,,,,,,,,,,,,,,,,,,,,,,,,,,,,,"MET08808/26/20 04:16:02 SPECI KCQT 261216Z 00000KT 4SM BR BKN002 19/17 A2978 RMK AO2 T01940172","FM-16","7",,,,,,,,,,,,,,,,,,,,,,,,,,,"2006-02-03"
"72287493134","2020-08-26T04:41:00","FM-16","7",,,"3.89","mi",,,,,,,"PENDING COOP",,,,,,,,,,,,,,,,,,,,,,,,,,,,"29.78","63","67",,"BR:1 ||",,,"87",,"OVC:08 3","29.58","2.50","65","000",,"0",,,,,,,,,,,,,,,,,,,,,,,,,,,,,,,,,,,,,"MET09208/26/20 04:41:02 SPECI KCQT 261241Z 00000KT 2 1/2SM BR OVC003 19/17 A2978 RMK AO2 T01940172","FM-16","7",,,,,,,,,,,,,,,,,,,,,,,,,,,"2006-02-03"
"72287493134","2020-08-26T04:52:00","FM-15","7",,,"3.89","mi",,,,,,,"PENDING COOP",,,,,,,,,,,,,,,,,,,,,,,,,,,,"29.78","63","66","0.00","BR:1 ||",,,"90","29.77","OVC:08 2","29.58","2.00","64","000",,"0",,,,,,,,,,,,,,,,,,,,,,,,,,,,,,,,,,,,,"MET09508/26/20 04:52:02 METAR KCQT 261252Z 00000KT 2SM BR OVC002 19/17 A2978 RMK AO2 SLP082 T01890172","FM-15","7",,,,,,,,,,,,,,,,,,,,,,,,,,,"2006-02-03"
"72287493134","2020-08-26T05:04:00","FM-16","7",,,"3.89","mi",,,,,,,"PENDING COOP",,,,,,,,,,,,,,,,,,,,,,,,,,,,"29.79","63","66",,"BR:1 ||",,,"90",,"BKN:07 2","29.59","3.00","64","000",,"0",,,,,,,,,,,,,,,,,,,,,,,,,,,,,,,,,,,,,"MET08808/26/20 05:04:02 SPECI KCQT 261304Z 00000KT 3SM BR BKN002 19/17 A2979 RMK AO2 T01890172","FM-16","7",,,,,,,,,,,,,,,,,,,,,,,,,,,"2006-02-03"
"72287493134","2020-08-26T05:10:00","FM-16","7",,,"3.89","mi",,,,,,,"PENDING COOP",,,,,,,,,,,,,,,,,,,,,,,,,,,,"29.79","63","67",,"BR:1 ||",,,"87",,"SCT:04 2","29.59","4.00","65","000",,"0",,,,,,,,,,,,,,,,,,,,,,,,,,,,,,,,,,,,,"MET08808/26/20 05:10:02 SPECI KCQT 261310Z 00000KT 4SM BR SCT002 19/17 A2979 RMK AO2 T01940172","FM-16","7",,,,,,,,,,,,,,,,,,,,,,,,,,,"2006-02-03"
"72287493134","2020-08-26T05:52:00","FM-15","7",,,"3.89","mi",,,,,,,"PENDING COOP",,,,,,,,,,,,,,,,,,,,,,,,,,,,"29.79","63","68","0.00","HZ:7 |FU |HZ",,,"84","29.78","CLR:00","29.59","5.00","65","000",,"0",,,,,,,,,,,,,,,,,,,,,,,,,,,,,,,,,,,,,"MET09208/26/20 05:52:02 METAR KCQT 261352Z 00000KT 5SM HZ CLR 20/17 A2979 RMK AO2 SLP086 T02000172","FM-15","7",,,,,,,,,,,,,,,,,,,,,,,,,,,"2006-02-03"
"72287493134","2020-08-26T06:52:00","FM-15","7",,,"3.89","mi",,,,,,,"PENDING COOP",,,,,,,,,,,,,,,,,,,,,,,,,,,,"29.79","64","71","0.00","HZ:7 |FU |HZ","-0.02","1","79","29.78","CLR:00","29.59","6.00","67","000",,"0",,,,,,,,,,,,,,,,,,,,,,,,,,,,,,,,,,,,,"MET09808/26/20 06:52:02 METAR KCQT 261452Z 00000KT 6SM HZ CLR 22/18 A2979 RMK AO2 SLP086 T02170178 51006","FM-15","7",,,,,,,,,,,,,,,,,,,,,,,,,,,"2006-02-03"
"72287493134","2020-08-26T07:52:00","FM-15","7",,,"3.89","mi",,,,,,,"PENDING COOP",,,,,,,,,,,,,,,,,,,,,,,,,,,,"29.79","65","75","0.00","HZ:7 |FU |HZ",,,"71","29.78","CLR:00","29.59","6.00","69","000",,"0",,,,,,,,,,,,,,,,,,,,,,,,,,,,,,,,,,,,,"MET09208/26/20 07:52:02 METAR KCQT 261552Z 00000KT 6SM HZ CLR 24/18 A2979 RMK AO2 SLP086 T02390183","FM-15","7",,,,,,,,,,,,,,,,,,,,,,,,,,,"2006-02-03"
"72287493134","2020-08-26T08:52:00","FM-15","7",,,"3.89","mi",,,,,,,"PENDING COOP",,,,,,,,,,,,,,,,,,,,,,,,,,,,"29.78","67","80","0.00",,,,"64","29.77","CLR:00","29.58","7.00","71","000",,"0",,,,,,,,,,,,,,,,,,,,,,,,,,,,,,,,,,,,,"MET08908/26/20 08:52:02 METAR KCQT 261652Z 00000KT 7SM CLR 27/19 A2978 RMK AO2 SLP082 T02670194","FM-15","7",,,,,,,,,,,,,,,,,,,,,,,,,,,"2006-02-03"
"72287493134","2020-08-26T09:52:00","FM-15","7",,,"3.89","mi",,,,,,,"PENDING COOP",,,,,,,,,,,,,,,,,,,,,,,,,,,,"29.77","66","84","0.00",,"+0.02","8","55","29.76","CLR:00","29.57","8.00","72","000",,"0",,,,,,,,,,,,,,,,,,,,,,,,,,,,,,,,,,,,,"MET10708/26/20 09:52:02 METAR KCQT 261752Z 00000KT 8SM CLR 29/19 A2977 RMK AO2 SLP078 T02890189 10289 20189 58008","FM-15","7",,,,,,,,,,,,,,,,,,,,,,,,,,,"2006-02-03"
"72287493134","2020-08-26T10:52:00","FM-15","7",,,"3.89","mi",,,,,,,"PENDING COOP",,,,,,,,,,,,,,,,,,,,,,,,,,,,"29.76","66","86","0.00",,,,"51","29.75","CLR:00","29.56","9.00","73","VRB",,"3",,,,,,,,,,,,,,,,,,,,,,,,,,,,,,,,,,,,,"MET08908/26/20 10:52:02 METAR KCQT 261852Z VRB03KT 9SM CLR 30/19 A2976 RMK AO2 SLP073 T03000189","FM-15","7",,,,,,,,,,,,,,,,,,,,,,,,,,,"2006-02-03"
"72287493134","2020-08-26T11:52:00","FM-15","7",,,"3.89","mi",,,,,,,"PENDING COOP",,,,,,,,,,,,,,,,,,,,,,,,,,,,"29.74","65","86","0.00",,,,"49","29.73","CLR:00","29.54","10.00","72","270",,"6",,,,,,,,,,,,,,,,,,,,,,,,,,,,,,,,,,,,,"MET09008/26/20 11:52:02 METAR KCQT 261952Z 27005KT 10SM CLR 30/18 A2974 RMK AO2 SLP068 T03000183","FM-15","7",,,,,,,,,,,,,,,,,,,,,,,,,,,"2006-02-03"
"72287493134","2020-08-26T12:52:00","FM-15","7",,,"3.89","mi",,,,,,,"PENDING COOP",,,,,,,,,,,,,,,,,,,,,,,,,,,,"29.73","65","84","0.00",,"+0.04","6","53","29.72","CLR:00","29.53","10.00","71","270",,"7",,,,,,,,,,,,,,,,,,,,,,,,,,,,,,,,,,,,,"MET09608/26/20 12:52:02 METAR KCQT 262052Z 27006KT 10SM CLR 29/18 A2973 RMK AO2 SLP064 T02890183 56013","FM-15","7",,,,,,,,,,,,,,,,,,,,,,,,,,,"2006-02-03"
"72287493134","2020-08-26T13:52:00","FM-15","7",,,"3.89","mi",,,,,,,"PENDING COOP",,,,,,,,,,,,,,,,,,,,,,,,,,,,"29.72","63","82","0.00",,,,"53","29.71","CLR:00","29.52","10.00","70","250",,"6",,,,,,,,,,,,,,,,,,,,,,,,,,,,,,,,,,,,,"MET09008/26/20 13:52:02 METAR KCQT 262152Z 25005KT 10SM CLR 28/17 A2972 RMK AO2 SLP062 T02780172","FM-15","7",,,,,,,,,,,,,,,,,,,,,,,,,,,"2006-02-03"
"72287493134","2020-08-26T14:52:00","FM-15","7",,,"3.89","mi",,,,,,,"PENDING COOP",,,,,,,,,,,,,,,,,,,,,,,,,,,,"29.71","63","80","0.00",,,,"56","29.70","CLR:00","29.51","10.00","69","VRB",,"6",,,,,,,,,,,,,,,,,,,,,,,,,,,,,,,,,,,,,"MET09008/26/20 14:52:02 METAR KCQT 262252Z VRB05KT 10SM CLR 27/17 A2971 RMK AO2 SLP057 T02670172","FM-15","7",,,,,,,,,,,,,,,,,,,,,,,,,,,"2006-02-03"
"72287493134","2020-08-26T15:52:00","FM-15","7",,,"3.89","mi",,,,,,,"PENDING COOP",,,,,,,,,,,,,,,,,,,,,,,,,,,,"29.70","62","79","0.00",,"+0.03","6","56","29.69","CLR:00","29.50","10.00","68","280",,"6",,,,,,,,,,,,,,,,,,,,,,,,,,,,,,,,,,,,,"MET10808/26/20 15:52:02 METAR KCQT 262352Z 28005KT 10SM CLR 26/17 A2970 RMK AO2 SLP055 T02610167 10306 20261 56010","FM-15","7",,,,,,,,,,,,,,,,,,,,,,,,,,,"2006-02-03"
"72287493134","2020-08-26T16:52:00","FM-15","7",,,"3.89","mi",,,,,,,"PENDING COOP",,,,,,,,,,,,,,,,,,,,,,,,,,,,"29.70","62","79","0.00",,,,"56","29.69","CLR:00","29.50","10.00","68","000",,"0",,,,,,,,,,,,,,,,,,,,,,,,,,,,,,,,,,,,,"MET09008/26/20 16:52:01 METAR KCQT 270052Z 00000KT 10SM CLR 26/17 A2970 RMK AO2 SLP053 T02610167","FM-15","7",,,,,,,,,,,,,,,,,,,,,,,,,,,"2006-02-03"
"72287493134","2020-08-26T17:52:00","FM-15","7",,,"3.89","mi",,,,,,,"PENDING COOP",,,,,,,,,,,,,,,,,,,,,,,,,,,,"29.69","62","77","0.00",,,,"60","29.69","CLR:00","29.49","10.00","68","000",,"0",,,,,,,,,,,,,,,,,,,,,,,,,,,,,,,,,,,,,"MET09008/26/20 17:52:01 METAR KCQT 270152Z 00000KT 10SM CLR 25/17 A2969 RMK AO2 SLP053 T02500167","FM-15","7",,,,,,,,,,,,,,,,,,,,,,,,,,,"2006-02-03"
"72287493134","2020-08-26T18:52:00","FM-15","7",,,"3.89","mi",,,,,,,"PENDING COOP",,,,,,,,,,,,,,,,,,,,,,,,,,,,"29.71","62","72","0.00",,"-0.01","3","71","29.70","CLR:00","29.51","9.00","66","260",,"5",,,,,,,,,,,,,,,,,,,,,,,,,,,,,,,,,,,,,"MET09508/26/20 18:52:01 METAR KCQT 270252Z 26004KT 9SM CLR 22/17 A2971 RMK AO2 SLP058 T02220167 53002","FM-15","7",,,,,,,,,,,,,,,,,,,,,,,,,,,"2006-02-03"
"72287493134","2020-08-26T19:52:00","FM-15","7",,,"3.89","mi",,,,,,,"PENDING COOP",,,,,,,,,,,,,,,,,,,,,,,,,,,,"29.72","62","71","0.00",,,,"73","29.71","CLR:00","29.52","8.00","65","250",,"3",,,,,,,,,,,,,,,,,,,,,,,,,,,,,,,,,,,,,"MET08908/26/20 19:52:01 METAR KCQT 270352Z 25003KT 8SM CLR 22/17 A2972 RMK AO2 SLP061 T02170167","FM-15","7",,,,,,,,,,,,,,,,,,,,,,,,,,,"2006-02-03"
"72287493134","2020-08-26T20:52:00","FM-15","7",,,"3.89","mi",,,,,,,"PENDING COOP",,,,,,,,,,,,,,,,,,,,,,,,,,,,"29.73","63","71","0.00",,,,"76","29.72","CLR:00","29.53","9.00","66","000",,"0",,,,,,,,,,,,,,,,,,,,,,,,,,,,,,,,,,,,,"MET08908/26/20 20:52:01 METAR KCQT 270452Z 00000KT 9SM CLR 22/17 A2973 RMK AO2 SLP065 T02170172","FM-15","7",,,,,,,,,,,,,,,,,,,,,,,,,,,"2006-02-03"
"72287493134","2020-08-26T21:52:00","FM-15","7",,,"3.89","mi",,,,,,,"PENDING COOP",,,,,,,,,,,,,,,,,,,,,,,,,,,,"29.73","64","70","0.00",,"-0.02","0","82","29.72","CLR:00","29.53","8.00","66","000",,"0",,,,,,,,,,,,,,,,,,,,,,,,,,,,,,,,,,,,,"MET10708/26/20 21:52:01 METAR KCQT 270552Z 00000KT 8SM CLR 21/18 A2973 RMK AO2 SLP063 T02110178 10261 20211 50006","FM-15","7",,,,,,,,,,,,,,,,,,,,,,,,,,,"2006-02-03"
"72287493134","2020-08-26T22:52:00","FM-15","7",,,"3.89","mi",,,,,,,"PENDING COOP",,,,,,,,,,,,,,,,,,,,,,,,,,,,"29.73","63","69","0.00","HZ:7 |FU |HZ",,,"81","29.72","CLR:00","29.53","6.00","65","000",,"0",,,,,,,,,,,,,,,,,,,,,,,,,,,,,,,,,,,,,"MET09208/26/20 22:52:01 METAR KCQT 270652Z 00000KT 6SM HZ CLR 21/17 A2973 RMK AO2 SLP064 T02060172","FM-15","7",,,,,,,,,,,,,,,,,,,,,,,,,,,"2006-02-03"
"72287493134","2020-08-26T23:52:00","FM-15","7",,,"3.89","mi",,,,,,,"PENDING COOP",,,,,,,,,,,,,,,,,,,,,,,,,,,,"29.72","62","69","0.00",,,,"78","29.71","CLR:00","29.52","8.00","65","000",,"0",,,,,,,,,,,,,,,,,,,,,,,,,,,,,,,,,,,,,"MET09908/26/20 23:52:01 METAR KCQT 270752Z 00000KT 8SM CLR 21/17 A2972 RMK AO2 SLP062 T02060167 403060189","FM-15","7",,,,,,,,,,,,,,,,,,,,,,,,,,,"2006-02-03"
"72287493134","2020-08-26T23:59:00","SOD  ","6",,,"3.89","mi",,,,,,,"PENDING COOP",,,,,,"64","77","69","29.74","29.54","68","1.7","12","2.5","0","87","66","270","15","0.00",,,"270","10","BR HZ",,,,,,,,,,,,,,,,,,,,,,,,,,,,,,,,,,,,,,,,,,,,,,,,,,,,,,,"SOD75724 HR PRECIPITATION (IN): 0.00 SNOW DEPTH (IN):0     24 HR SNOWFALL (IN):0.0  WEATHER(CODE):18  24 HR MAX TEMP (F): 8724 HR MIN TEMP (F): 66AVERAGE STATION PRESSURE:29.540 MINIMUM SEA LEVEL PRESSURE:29.68 TIME OF OCCURRENCE:1800 PEAK WIND SPEED (MPH): 15 PEAK WIND DIR (DEG):270 PEAK WIND TIME (LST):      FASTEST 2MIN SPEED (MPH): 10FASTEST 2MIN DIR (DEG):270 FASTEST 2MIN TIME (LST):     AVERAGE WIND SPEED (MPH): 1.7 24 HR AVG TEMP (F): 77DEPART FROM NORMAL:  3  HEATING DEGREE DAYS:  0 COOLING DEGREE DAYS: 12 LATEST DAY MAX TEMP (0700-1900 LST):87  LATEST NIGHT MIN TEMP(1900-0800 LST):66 HOURLY INCREMENTAL PRECIPITATION VALUES (IN):.00 0.00 0.00 0.00 0.00 0.00 0.00 0.00 0.00 0.00 0.00 0.00 0.00 0.00 0.00 0.00 0.00 0.00 0.00 0.00 0.00 0.00 0.00 0.00","SOD  ","6",,,,,,,,,,,,,,,,,,,,,,,,,"0523","1826","2006-02-03"
"72287493134","2020-08-27T00:52:00","FM-15","7",,,"3.89","mi",,,,,,,"PENDING COOP",,,,,,,,,,,,,,,,,,,,,,,,,,,,"29.71","62","68","0.00",,"+0.02","8","81","29.70","CLR:00","29.51","8.00","64","000",,"0",,,,,,,,,,,,,,,,,,,,,,,,,,,,,,,,,,,,,"MET09508/27/20 00:52:02 METAR KCQT 270852Z 00000KT 8SM CLR 20/17 A2971 RMK AO2 SLP058 T02000167 58006","FM-15","7",,,,,,,,,,,,,,,,,,,,,,,,,,,"2006-02-03"
"72287493134","2020-08-27T01:52:00","FM-15","7",,,"3.89","mi",,,,,,,"PENDING COOP",,,,,,,,,,,,,,,,,,,,,,,,,,,,"29.71","61","69","0.00",,,,"76","29.70","CLR:00","29.51","8.00","64","000",,"0",,,,,,,,,,,,,,,,,,,,,,,,,,,,,,,,,,,,,"MET08908/27/20 01:52:02 METAR KCQT 270952Z 00000KT 8SM CLR 21/16 A2971 RMK AO2 SLP057 T02060161","FM-15","7",,,,,,,,,,,,,,,,,,,,,,,,,,,"2006-02-03"
"72287493134","2020-08-27T02:52:00","FM-15","7",,,"3.89","mi",,,,,,,"PENDING COOP",,,,,,,,,,,,,,,,,,,,,,,,,,,,"29.71","61","69","0.00",,,,"76","29.70","CLR:00","29.51","8.00","64","000",,"0",,,,,,,,,,,,,,,,,,,,,,,,,,,,,,,,,,,,,"MET08908/27/20 02:52:02 METAR KCQT 271052Z 00000KT 8SM CLR 21/16 A2971 RMK AO2 SLP056 T02060161","FM-15","7",,,,,,,,,,,,,,,,,,,,,,,,,,,"2006-02-03"
"72287493134","2020-08-27T03:52:00","FM-15","7",,,"3.89","mi",,,,,,,"PENDING COOP",,,,,,,,,,,,,,,,,,,,,,,,,,,,"29.71","61","68","0.00",,"-0.00","3","78","29.70","CLR:00","29.51","8.00","64","000",,"0",,,,,,,,,,,,,,,,,,,,,,,,,,,,,,,,,,,,,"MET10708/27/20 03:52:02 METAR KCQT 271152Z 00000KT 8SM CLR 20/16 A2971 RMK AO2 SLP058 T02000161 10211 20200 53000","FM-15","7",,,,,,,,,,,,,,,,,,,,,,,,,,,"2006-02-03"
"72287493134","2020-08-27T04:52:00","FM-15","7",,,"3.89","mi",,,,,,,"PENDING COOP",,,,,,,,,,,,,,,,,,,,,,,,,,,,"29.72","61","68","0.00",,,,"78","29.72","CLR:00","29.52","8.00","64","000",,"0",,,,,,,,,,,,,,,,,,,,,,,,,,,,,,,,,,,,,"MET08908/27/20 04:52:02 METAR KCQT 271252Z 00000KT 8SM CLR 20/16 A2972 RMK AO2 SLP063 T02000161","FM-15","7",,,,,,,,,,,,,,,,,,,,,,,,,,,"2006-02-03"
"72287493134","2020-08-27T05:52:00","FM-15","7",,,"3.89","mi",,,,,,,"PENDING COOP",,,,,,,,,,,,,,,,,,,,,,,,,,,,"29.74","62","68","0.00","HZ:7 |FU |HZ",,,"81","29.73","CLR:00","29.54","6.00","64","000",,"0",,,,,,,,,,,,,,,,,,,,,,,,,,,,,,,,,,,,,"MET09608/27/20 05:52:02 METAR KCQT 271352Z 00000KT 6SM HZ CLR 20/17 A2974 RMK AO2 SLP068 T02000167 RTX","FM-15","7",,,,,,,,,,,,,,,,,,,,,,,,,,,"2006-02-03"
"72287493134","2020-08-27T06:52:00","FM-15","7",,,"3.89","mi",,,,,,,"PENDING COOP",,,,,,,,,,,,,,,,,,,,,,,,,,,,"29.75","63","73","0.00","HZ:7 |FU |HZ","-0.04","1","71","29.74","CLR:00","29.55","6.00","67","000",,"0",,,,,,,,,,,,,,,,,,,,,,,,,,,,,,,,,,,,,"MET09808/27/20 06:52:02 METAR KCQT 271452Z 00000KT 6SM HZ CLR 23/17 A2975 RMK AO2 SLP071 T02280172 51012","FM-15","7",,,,,,,,,,,,,,,,,,,,,,,,,,,"2006-02-03"
"72287493134","2020-08-27T07:52:00","FM-15","7",,,"3.89","mi",,,,,,,"PENDING COOP",,,,,,,,,,,,,,,,,,,,,,,,,,,,"29.75","63","77","0.00","HZ:7 |FU |HZ",,,"62","29.74","CLR:00","29.55","6.00","68","000",,"0",,,,,,,,,,,,,,,,,,,,,,,,,,,,,,,,,,,,,"MET09208/27/20 07:52:02 METAR KCQT 271552Z 00000KT 6SM HZ CLR 25/17 A2975 RMK AO2 SLP070 T02500172","FM-15","7",,,,,,,,,,,,,,,,,,,,,,,,,,,"2006-02-03"
"72287493134","2020-08-27T08:52:00","FM-15","7",,,"3.89","mi",,,,,,,"PENDING COOP",,,,,,,,,,,,,,,,,,,,,,,,,,,,"29.75","64","82","0.00",,,,"55","29.74","CLR:00","29.55","7.00","70","000",,"0",,,,,,,,,,,,,,,,,,,,,,,,,,,,,,,,,,,,,"MET08908/27/20 08:52:02 METAR KCQT 271652Z 00000KT 7SM CLR 28/18 A2975 RMK AO2 SLP070 T02780178","FM-15","7",,,,,,,,,,,,,,,,,,,,,,,,,,,"2006-02-03"
"72287493134","2020-08-27T09:47:00","FM-16","7",,,"3.89","mi",,,,,,,"PENDING COOP",,,,,,,,,,,,,,,,,,,,,,,,,,,,"29.75","64","87",,"HZ:7 |FU |HZ",,,"46",,"CLR:00","29.55","2.00V","72","000",,"0",,,,,,,,,,,,,,,,,,,,,,,,,,,,,,,,,,,,,"MET09508/27/20 09:47:02 SPECI KCQT 271747Z 00000KT 2SM HZ CLR 31/18 A2975 RMK AO2 VIS 3/4V5 T03060178","FM-16","7",,,,,,,,,,,,,,,,,,,,,,,,,,,"2006-02-03"
"72287493134","2020-08-27T09:52:00","FM-15","7",,,"3.89","mi",,,,,,,"PENDING COOP",,,,,,,,,,,,,,,,,,,,,,,,,,,,"29.75","63","86","0.00","HZ:7 |FU |HZ","0.00","4","46","29.74","CLR:00","29.55","2.00V","71","000",,"0",,,,,,,,,,,,,,,,,,,,,,,,,,,,,,,,,,,,,"MET12008/27/20 09:52:02 METAR KCQT 271752Z 00000KT 2SM HZ CLR 30/17 A2975 RMK AO2 VIS 3/4V5 SLP070 T03000172 10306 20194 54000","FM-15","7",,,,,,,,,,,,,,,,,,,,,,,,,,,"2006-02-03"
"72287493134","2020-08-27T09:55:00","FM-16","7",,,"3.89","mi",,,,,,,"PENDING COOP",,,,,,,,,,,,,,,,,,,,,,,,,,,,"29.75","63","86",,"HZ:7 |FU |HZ",,,"46",,"CLR:00","29.55","4.00","71","000",,"0",,,,,,,,,,,,,,,,,,,,,,,,,,,,,,,,,,,,,"MET08508/27/20 09:55:02 SPECI KCQT 271755Z 00000KT 4SM HZ CLR 30/17 A2975 RMK AO2 T03000172","FM-16","7",,,,,,,,,,,,,,,,,,,,,,,,,,,"2006-02-03"
"72287493134","2020-08-27T10:52:00","FM-15","7",,,"3.89","mi",,,,,,,"PENDING COOP",,,,,,,,,,,,,,,,,,,,,,,,,,,,"29.73","65","86","0.00",,,,"49","29.72","CLR:00","29.53","8.00","72","000",,"0",,,,,,,,,,,,,,,,,,,,,,,,,,,,,,,,,,,,,"MET08908/27/20 10:52:02 METAR KCQT 271852Z 00000KT 8SM CLR 30/18 A2973 RMK AO2 SLP065 T03000183","FM-15","7",,,,,,,,,,,,,,,,,,,,,,,,,,,"2006-02-03"
"72287493134","2020-08-27T11:52:00","FM-15","7",,,"3.89","mi",,,,,,,"PENDING COOP",,,,,,,,,,,,,,,,,,,,,,,,,,,,"29.71","63","88","0.00",,,,"43","29.70","CLR:00","29.51","9.00","72","250",,"5",,,,,,,,,,,,,,,,,,,,,,,,,,,,,,,,,,,,,"MET08908/27/20 11:52:02 METAR KCQT 271952Z 25004KT 9SM CLR 31/17 A2971 RMK AO2 SLP058 T03110172","FM-15","7",,,,,,,,,,,,,,,,,,,,,,,,,,,"2006-02-03"
"72287493134","2020-08-27T12:52:00","FM-15","7",,,"3.89","mi",,,,,,,"PENDING COOP",,,,,,,,,,,,,,,,,,,,,,,,,,,,"29.71","62","88","0.00",,"+0.04","6","42","29.70","CLR:00","29.51","10.00","71","250",,"5",,,,,,,,,,,,,,,,,,,,,,,,,,,,,,,,,,,,,"MET09608/27/20 12:52:02 METAR KCQT 272052Z 25004KT 10SM CLR 31/17 A2971 RMK AO2 SLP058 T03110167 56012","FM-15","7",,,,,,,,,,,,,,,,,,,,,,,,,,,"2006-02-03"
"72287493134","2020-08-27T13:52:00","FM-15","7",,,"3.89","mi",,,,,,,"PENDING COOP",,,,,,,,,,,,,,,,,,,,,,,,,,,,"29.71","62","84","0.00",,,,"48","29.70","CLR:00","29.51","9.00","70","000",,"0",,,,,,,,,,,,,,,,,,,,,,,,,,,,,,,,,,,,,"MET08908/27/20 13:52:02 METAR KCQT 272152Z 00000KT 9SM CLR 29/17 A2971 RMK AO2 SLP056 T02890167","FM-15","7",,,,,,,,,,,,,,,,,,,,,,,,,,,"2006-02-03"
"72287493134","2020-08-27T14:52:00","FM-15","7",,,"3.89","mi",,,,,,,"PENDING COOP",,,,,,,,,,,,,,,,,,,,,,,,,,,,"29.70","59","81","0.00",,,,"47","29.70","CLR:00","29.50","8.00","67","000",,"0",,,,,,,,,,,,,,,,,,,,,,,,,,,,,,,,,,,,,"MET08908/27/20 14:52:02 METAR KCQT 272252Z 00000KT 8SM CLR 27/15 A2970 RMK AO2 SLP056 T02720150","FM-15","7",,,,,,,,,,,,,,,,,,,,,,,,,,,"2006-02-03"
"72287493134","2020-08-27T15:52:00","FM-15","6",,,"3.89","mi",,,,,,,"PENDING COOP",,,,,,,,,,,,,,,,,,,,,,,,,,,,"29.70","59","81","0.00",,"+0.02","8","47","29.69","CLR:00","29.50","9.00","67",,,,,,,,,,,,,,,,,,,,,,,,,,,,,,,,,,,,,,,,"MET10708/27/20 15:52:02 METAR KCQT 272352Z      KT 9SM CLR 27/15 A2970 RMK AO2 SLP053 T02720150 10317 20267 58006","FM-15","6",,,,,,,,,,,,,,,,,,,,,,,,,,,"2006-02-03"
"72287493134","2020-08-27T16:52:00","FM-15","7",,,"3.89","mi",,,,,,,"PENDING COOP",,,,,,,,,,,,,,,,,,,,,,,,,,,,"29.70","56","78","0.00",,,,"47","29.70","CLR:00","29.50","9.00","65","260",,"7",,,,,,,,,,,,,,,,,,,,,,,,,,,,,,,,,,,,,"MET08908/27/20 16:52:01 METAR KCQT 280052Z 26006KT 9SM CLR 26/13 A2970 RMK AO2 SLP056 T02560133","FM-15","7",,,,,,,,,,,,,,,,,,,,,,,,,,,"2006-02-03"
"72287493134","2020-08-27T17:52:00","FM-15","7",,,"3.89","mi",,,,,,,"PENDING COOP",,,,,,,,,,,,,,,,,,,,,,,,,,,,"29.71","58","75","0.00",,,,"55","29.70","CLR:00","29.51","8.00","65","260",,"5",,,,,,,,,,,,,,,,,,,,,,,,,,,,,,,,,,,,,"MET08908/27/20 17:52:01 METAR KCQT 280152Z 26004KT 8SM CLR 24/14 A2971 RMK AO2 SLP057 T02390144","FM-15","7",,,,,,,,,,,,,,,,,,,,,,,,,,,"2006-02-03"
"72287493134","2020-08-27T18:52:00","FM-15","7",,,"3.89","mi",,,,,,,"PENDING COOP",,,,,,,,,,,,,,,,,,,,,,,,,,,,"29.72","59","74","0.00",,"-0.03","3","60","29.71","CLR:00","29.52","9.00","65","000",,"0",,,,,,,,,,,,,,,,,,,,,,,,,,,,,,,,,,,,,"MET09508/27/20 18:52:01 METAR KCQT 280252Z 00000KT 9SM CLR 23/15 A2972 RMK AO2 SLP062 T02330150 53009","FM-15","7",,,,,,,,,,,,,,,,,,,,,,,,,,,"2006-02-03"
"72287493134","2020-08-27T19:52:00","FM-15","7",,,"3.89","mi",,,,,,,"PENDING COOP",,,,,,,,,,,,,,,,,,,,,,,,,,,,"29.74","58","72","0.00",,,,"61","29.73","CLR:00","29.54","10.00","64","000",,"0",,,,,,,,,,,,,,,,,,,,,,,,,,,,,,,,,,,,,"MET09008/27/20 19:52:01 METAR KCQT 280352Z 00000KT 10SM CLR 22/14 A2974 RMK AO2 SLP067 T02220144","FM-15","7",,,,,,,,,,,,,,,,,,,,,,,,,,,"2006-02-03"
"72287493134","2020-08-27T20:52:00","FM-15","7",,,"3.89","mi",,,,,,,"PENDING COOP",,,,,,,,,,,,,,,,,,,,,,,,,,,,"29.75","58","70","0.00",,,,"66","29.74","CLR:00","29.55","10.00","63","000",,"0",,,,,,,,,,,,,,,,,,,,,,,,,,,,,,,,,,,,,"MET09008/27/20 20:52:01 METAR KCQT 280452Z 00000KT 10SM CLR 21/14 A2975 RMK AO2 SLP071 T02110144","FM-15","7",,,,,,,,,,,,,,,,,,,,,,,,,,,"2006-02-03"
"72287493134","2020-08-27T21:52:00","FM-15","7",,,"3.89","mi",,,,,,,"PENDING COOP",,,,,,,,,,,,,,,,,,,,,,,,,,,,"29.75","59","70","0.00",,"-0.03","1","68","29.74","CLR:00","29.55","9.00","63","000",,"0",,,,,,,,,,,,,,,,,,,,,,,,,,,,,,,,,,,,,"MET10708/27/20 21:52:01 METAR KCQT 280552Z 00000KT 9SM CLR 21/15 A2975 RMK AO2 SLP071 T02110150 10272 20211 51009","FM-15","7",,,,,,,,,,,,,,,,,,,,,,,,,,,"2006-02-03"
"72287493134","2020-08-27T22:52:00","FM-15","7",,,"3.89","mi",,,,,,,"PENDING COOP",,,,,,,,,,,,,,,,,,,,,,,,,,,,"29.76","59","70","0.00",,,,"68","29.75","CLR:00","29.56","9.00","63","000",,"0",,,,,,,,,,,,,,,,,,,,,,,,,,,,,,,,,,,,,"MET08908/27/20 22:52:01 METAR KCQT 280652Z 00000KT 9SM CLR 21/15 A2976 RMK AO2 SLP073 T02110150","FM-15","7",,,,,,,,,,,,,,,,,,,,,,,,,,,"2006-02-03"
"72287493134","2020-08-27T23:52:00","FM-15","7",,,"3.89","mi",,,,,,,"PENDING COOP",,,,,,,,,,,,,,,,,,,,,,,,,,,,"29.75","59","69","0.00",,,,"70","29.74","CLR:00","29.55","9.00","63","000",,"0",,,,,,,,,,,,,,,,,,,,,,,,,,,,,,,,,,,,,"MET09908/27/20 23:52:01 METAR KCQT 280752Z 00000KT 9SM CLR 21/15 A2975 RMK AO2 SLP072 T02060150 403170194","FM-15","7",,,,,,,,,,,,,,,,,,,,,,,,,,,"2006-02-03"
"72287493134","2020-08-27T23:59:00","SOD  ","6",,,"3.89","mi",,,,,,,"PENDING COOP",,,,,,"61","78","61","29.72","29.52","66","0.9","13","3.5","0","89","67","270","15","0.00",,,"260","10","HZ",,,,,,,,,,,,,,,,,,,,,,,,,,,,,,,,,,,,,,,,,,,,,,,,,,,,,,,"SOD75624 HR PRECIPITATION (IN): 0.00 SNOW DEPTH (IN):0     24 HR SNOWFALL (IN):0.0  WEATHER(CODE):8  24 HR MAX TEMP (F): 8924 HR MIN TEMP (F): 67AVERAGE STATION PRESSURE:29.525 MINIMUM SEA LEVEL PRESSURE:29.69 TIME OF OCCURRENCE:1710 PEAK WIND SPEED (MPH): 15 PEAK WIND DIR (DEG):270 PEAK WIND TIME (LST):      FASTEST 2MIN SPEED (MPH): 10FASTEST 2MIN DIR (DEG):260 FASTEST 2MIN TIME (LST):     AVERAGE WIND SPEED (MPH): 0.9 24 HR AVG TEMP (F): 78DEPART FROM NORMAL:  4  HEATING DEGREE DAYS:  0 COOLING DEGREE DAYS: 13 LATEST DAY MAX TEMP (0700-1900 LST):89  LATEST NIGHT MIN TEMP(1900-0800 LST):67 HOURLY INCREMENTAL PRECIPITATION VALUES (IN):.00 0.00 0.00 0.00 0.00 0.00 0.00 0.00 0.00 0.00 0.00 0.00 0.00 0.00 0.00 0.00 0.00 0.00 0.00 0.00 0.00 0.00 0.00 0.00","SOD  ","6",,,,,,,,,,,,,,,,,,,,,,,,,"0524","1824","2006-02-03"
"72287493134","2020-08-28T00:52:00","FM-15","7",,,"3.89","mi",,,,,,,"PENDING COOP",,,,,,,,,,,,,,,,,,,,,,,,,,,,"29.76","60","69","0.00",,"-0.01","1","73","29.75","CLR:00","29.56","8.00","64","000",,"0",,,,,,,,,,,,,,,,,,,,,,,,,,,,,,,,,,,,,"MET09508/28/20 00:52:02 METAR KCQT 280852Z 00000KT 8SM CLR 21/16 A2976 RMK AO2 SLP073 T02060156 51002","FM-15","7",,,,,,,,,,,,,,,,,,,,,,,,,,,"2006-02-03"
"72287493134","2020-08-28T01:52:00","FM-15","7",,,"3.89","mi",,,,,,,"PENDING COOP",,,,,,,,,,,,,,,,,,,,,,,,,,,,"29.77","61","67","0.00",,,,"81","29.76","CLR:00","29.57","8.00","63","000",,"0",,,,,,,,,,,,,,,,,,,,,,,,,,,,,,,,,,,,,"MET08908/28/20 01:52:02 METAR KCQT 280952Z 00000KT 8SM CLR 19/16 A2977 RMK AO2 SLP077 T01940161","FM-15","7",,,,,,,,,,,,,,,,,,,,,,,,,,,"2006-02-03"
"72287493134","2020-08-28T02:52:00","FM-15","7",,,"3.89","mi",,,,,,,"PENDING COOP",,,,,,,,,,,,,,,,,,,,,,,,,,,,"29.77","60","67","0.00",,,,"79","29.76","CLR:00","29.57","8.00","63","000",,"0",,,,,,,,,,,,,,,,,,,,,,,,,,,,,,,,,,,,,"MET08908/28/20 02:52:02 METAR KCQT 281052Z 00000KT 8SM CLR 19/16 A2977 RMK AO2 SLP077 T01940156","FM-15","7",,,,,,,,,,,,,,,,,,,,,,,,,,,"2006-02-03"
"72287493134","2020-08-28T03:52:00","FM-15","7",,,"3.89","mi",,,,,,,"PENDING COOP",,,,,,,,,,,,,,,,,,,,,,,,,,,,"29.77","60","67","0.00",,"-0.01","1","79","29.76","CLR:00","29.57","8.00","63","000",,"0",,,,,,,,,,,,,,,,,,,,,,,,,,,,,,,,,,,,,"MET10708/28/20 03:52:02 METAR KCQT 281152Z 00000KT 8SM CLR 19/16 A2977 RMK AO2 SLP079 T01940156 10211 20189 51004","FM-15","7",,,,,,,,,,,,,,,,,,,,,,,,,,,"2006-02-03"
"72287493134","2020-08-28T04:52:00","FM-15","7",,,"3.89","mi",,,,,,,"PENDING COOP",,,,,,,,,,,,,,,,,,,,,,,,,,,,"29.78","60","66","0.00",,,,"81","29.77","CLR:00","29.58","8.00","62","000",,"0",,,,,,,,,,,,,,,,,,,,,,,,,,,,,,,,,,,,,"MET08908/28/20 04:52:02 METAR KCQT 281252Z 00000KT 8SM CLR 19/16 A2978 RMK AO2 SLP081 T01890156","FM-15","7",,,,,,,,,,,,,,,,,,,,,,,,,,,"2006-02-03"
"72287493134","2020-08-28T05:52:00","FM-15","7",,,"3.89","mi",,,,,,,"PENDING COOP",,,,,,,,,,,,,,,,,,,,,,,,,,,,"29.79","60","66","0.00",,,,"81","29.78","CLR:00","29.59","7.00","62","000",,"0",,,,,,,,,,,,,,,,,,,,,,,,,,,,,,,,,,,,,"MET09308/28/20 05:52:02 METAR KCQT 281352Z 00000KT 7SM CLR 19/16 A2979 RMK AO2 SLP086 T01890156 RTX","FM-15","7",,,,,,,,,,,,,,,,,,,,,,,,,,,"2006-02-03"
"72287493134","2020-08-28T06:52:00","FM-15","7",,,"3.89","mi",,,,,,,"PENDING COOP",,,,,,,,,,,,,,,,,,,,,,,,,,,,"29.80","60","69","0.00",,"-0.03","3","73","29.80","CLR:00","29.60","7.00","64","000",,"0",,,,,,,,,,,,,,,,,,,,,,,,,,,,,,,,,,,,,"MET09508/28/20 06:52:02 METAR KCQT 281452Z 00000KT 7SM CLR 21/16 A2980 RMK AO2 SLP090 T02060156 53011","FM-15","7",,,,,,,,,,,,,,,,,,,,,,,,,,,"2006-02-03"
"72287493134","2020-08-28T07:52:00","FM-15","7",,,"3.89","mi",,,,,,,"PENDING COOP",,,,,,,,,,,,,,,,,,,,,,,,,,,,"29.81","62","74","0.00",,,,"67","29.80","CLR:00","29.61","7.00","66","000",,"0",,,,,,,,,,,,,,,,,,,,,,,,,,,,,,,,,,,,,"MET08908/28/20 07:52:02 METAR KCQT 281552Z 00000KT 7SM CLR 23/17 A2981 RMK AO2 SLP092 T02330167","FM-15","7",,,,,,,,,,,,,,,,,,,,,,,,,,,"2006-02-03"
"72287493134","2020-08-28T08:52:00","FM-15","7",,,"3.89","mi",,,,,,,"PENDING COOP",,,,,,,,,,,,,,,,,,,,,,,,,,,,"29.81","62","78","0.00",,,,"58","29.80","CLR:00","29.61","8.00","68","000",,"0",,,,,,,,,,,,,,,,,,,,,,,,,,,,,,,,,,,,,"MET08908/28/20 08:52:02 METAR KCQT 281652Z 00000KT 8SM CLR 26/17 A2981 RMK AO2 SLP093 T02560167","FM-15","7",,,,,,,,,,,,,,,,,,,,,,,,,,,"2006-02-03"
"72287493134","2020-08-28T09:52:00","FM-15","7",,,"3.89","mi",,,,,,,"PENDING COOP",,,,,,,,,,,,,,,,,,,,,,,,,,,,"29.82","62","82","0.00",,"-0.01","1","51","29.81","CLR:00","29.62","8.00","69","000",,"0",,,,,,,,,,,,,,,,,,,,,,,,,,,,,,,,,,,,,"MET10708/28/20 09:52:02 METAR KCQT 281752Z 00000KT 8SM CLR 28/17 A2982 RMK AO2 SLP094 T02780167 10278 20183 51004","FM-15","7",,,,,,,,,,,,,,,,,,,,,,,,,,,"2006-02-03"
"72287493134","2020-08-28T10:52:00","FM-15","7",,,"3.89","mi",,,,,,,"PENDING COOP",,,,,,,,,,,,,,,,,,,,,,,,,,,,"29.81","61","84","0.00",,,,"46","29.80","CLR:00","29.61","8.00","69","000",,"0",,,,,,,,,,,,,,,,,,,,,,,,,,,,,,,,,,,,,"MET08908/28/20 10:52:02 METAR KCQT 281852Z 00000KT 8SM CLR 29/16 A2981 RMK AO2 SLP092 T02890161","FM-15","7",,,,,,,,,,,,,,,,,,,,,,,,,,,"2006-02-03"
"72287493134","2020-08-28T11:52:00","FM-15","7",,,"3.89","mi",,,,,,,"PENDING COOP",,,,,,,,,,,,,,,,,,,,,,,,,,,,"29.81","61","81","0.00",,,,"51","29.80","CLR:00","29.61","9.00","68","250",,"5",,,,,,,,,,,,,,,,,,,,,,,,,,,,,,,,,,,,,"MET08908/28/20 11:52:02 METAR KCQT 281952Z 25004KT 9SM CLR 27/16 A2981 RMK AO2 SLP091 T02720161","FM-15","7",,,,,,,,,,,,,,,,,,,,,,,,,,,"2006-02-03"
"72287493134","2020-08-28T12:52:00","FM-15","7",,,"3.89","mi",,,,,,,"PENDING COOP",,,,,,,,,,,,,,,,,,,,,,,,,,,,"29.81","61","79","0.00",,"+0.01","6","54","29.80","CLR:00","29.61","9.00","68","000",,"0",,,,,,,,,,,,,,,,,,,,,,,,,,,,,,,,,,,,,"MET09508/28/20 12:52:02 METAR KCQT 282052Z 00000KT 9SM CLR 26/16 A2981 RMK AO2 SLP091 T02610161 56004","FM-15","7",,,,,,,,,,,,,,,,,,,,,,,,,,,"2006-02-03"
"72287493134","2020-08-28T13:52:00","FM-15","7",,,"3.89","mi",,,,,,,"PENDING COOP",,,,,,,,,,,,,,,,,,,,,,,,,,,,"29.80","59","78","0.00",,,,"52","29.79","CLR:00","29.60","10.00","66","VRB",,"3",,,,,,,,,,,,,,,,,,,,,,,,,,,,,,,,,,,,,"MET09008/28/20 13:52:02 METAR KCQT 282152Z VRB03KT 10SM CLR 26/15 A2980 RMK AO2 SLP089 T02560150","FM-15","7",,,,,,,,,,,,,,,,,,,,,,,,,,,"2006-02-03"
"72287493134","2020-08-28T14:52:00","FM-15","7",,,"3.89","mi",,,,,,,"PENDING COOP",,,,,,,,,,,,,,,,,,,,,,,,,,,,"29.79","58","77","0.00",,,,"52","29.78","CLR:00","29.59","10.00","65","280",,"5",,,,,,,,,,,,,,,,,,,,,,,,,,,,,,,,,,,,,"MET09008/28/20 14:52:02 METAR KCQT 282252Z 28004KT 10SM CLR 25/14 A2979 RMK AO2 SLP084 T02500144","FM-15","7",,,,,,,,,,,,,,,,,,,,,,,,,,,"2006-02-03"
"72287493134","2020-08-28T15:52:00","FM-15","7",,,"3.89","mi",,,,,,,"PENDING COOP",,,,,,,,,,,,,,,,,,,,,,,,,,,,"29.79","58","75","0.00",,"+0.01","5","55","29.78","CLR:00","29.59","10.00","65","000",,"0",,,,,,,,,,,,,,,,,,,,,,,,,,,,,,,,,,,,,"MET10808/28/20 15:52:02 METAR KCQT 282352Z 00000KT 10SM CLR 24/14 A2979 RMK AO2 SLP085 T02390144 10300 20239 55005","FM-15","7",,,,,,,,,,,,,,,,,,,,,,,,,,,"2006-02-03"
"72287493134","2020-08-28T16:52:00","FM-15","7",,,"3.89","mi",,,,,,,"PENDING COOP",,,,,,,,,,,,,,,,,,,,,,,,,,,,"29.79","59","74","0.00",,,,"60","29.78","CLR:00","29.59","10.00","65","260",,"3",,,,,,,,,,,,,,,,,,,,,,,,,,,,,,,,,,,,,"MET09008/28/20 16:52:01 METAR KCQT 290052Z 26003KT 10SM CLR 23/15 A2979 RMK AO2 SLP085 T02330150","FM-15","7",,,,,,,,,,,,,,,,,,,,,,,,,,,"2006-02-03"
"72287493134","2020-08-28T17:52:00","FM-15","7",,,"3.89","mi",,,,,,,"PENDING COOP",,,,,,,,,,,,,,,,,,,,,,,,,,,,"29.79","57","70","0.00",,,,"64","29.78","CLR:00","29.59","10.00","62","260",,"5",,,,,,,,,,,,,,,,,,,,,,,,,,,,,,,,,,,,,"MET09008/28/20 17:52:01 METAR KCQT 290152Z 26004KT 10SM CLR 21/14 A2979 RMK AO2 SLP086 T02110139","FM-15","7",,,,,,,,,,,,,,,,,,,,,,,,,,,"2006-02-03"
"72287493134","2020-08-28T18:52:00","FM-15","7",,,"3.89","mi",,,,,,,"PENDING COOP",,,,,,,,,,,,,,,,,,,,,,,,,,,,"29.81","57","68","0.00",,"-0.02","3","68","29.80","CLR:00","29.61","10.00","62","000",,"0",,,,,,,,,,,,,,,,,,,,,,,,,,,,,,,,,,,,,"MET09608/28/20 18:52:01 METAR KCQT 290252Z 00000KT 10SM CLR 20/14 A2981 RMK AO2 SLP091 T02000139 53006","FM-15","7",,,,,,,,,,,,,,,,,,,,,,,,,,,"2006-02-03"
"72287493134","2020-08-28T19:52:00","FM-15","7",,,"3.89","mi",,,,,,,"PENDING COOP",,,,,,,,,,,,,,,,,,,,,,,,,,,,"29.83","58","67","0.00",,,,"73","29.82","CLR:00","29.63","10.00","62","000",,"0",,,,,,,,,,,,,,,,,,,,,,,,,,,,,,,,,,,,,"MET09008/28/20 19:52:02 METAR KCQT 290352Z 00000KT 10SM CLR 19/14 A2983 RMK AO2 SLP099 T01940144","FM-15","7",,,,,,,,,,,,,,,,,,,,,,,,,,,"2006-02-03"
"72287493134","2020-08-28T20:52:00","FM-15","7",,,"3.89","mi",,,,,,,"PENDING COOP",,,,,,,,,,,,,,,,,,,,,,,,,,,,"29.85","58","66","0.00",,,,"75","29.84","CLR:00","29.65","9.00","61","000",,"0",,,,,,,,,,,,,,,,,,,,,,,,,,,,,,,,,,,,,"MET08908/28/20 20:52:02 METAR KCQT 290452Z 00000KT 9SM CLR 19/14 A2985 RMK AO2 SLP105 T01890144","FM-15","7",,,,,,,,,,,,,,,,,,,,,,,,,,,"2006-02-03"
"72287493134","2020-08-28T21:52:00","FM-15","7",,,"3.89","mi",,,,,,,"PENDING COOP",,,,,,,,,,,,,,,,,,,,,,,,,,,,"29.86","58","65","0.00",,"-0.05","1","78","29.85","CLR:00","29.66","8.00","61","000",,"0",,,,,,,,,,,,,,,,,,,,,,,,,,,,,,,,,,,,,"MET10708/28/20 21:52:02 METAR KCQT 290552Z 00000KT 8SM CLR 18/14 A2986 RMK AO2 SLP109 T01830144 10244 20183 51018","FM-15","7",,,,,,,,,,,,,,,,,,,,,,,,,,,"2006-02-03"
"72287493134","2020-08-28T22:52:00","FM-15","7",,,"3.89","mi",,,,,,,"PENDING COOP",,,,,,,,,,,,,,,,,,,,,,,,,,,,"29.87","59","64","0.00",,,,"84","29.86","CLR:00","29.67","8.00","61","270",,"5",,,,,,,,,,,,,,,,,,,,,,,,,,,,,,,,,,,,,"MET08908/28/20 22:52:02 METAR KCQT 290652Z 27004KT 8SM CLR 18/15 A2987 RMK AO2 SLP111 T01780150","FM-15","7",,,,,,,,,,,,,,,,,,,,,,,,,,,"2006-02-03"
"72287493134","2020-08-28T23:38:00","FM-16","7",,,"3.89","mi",,,,,,,"PENDING COOP",,,,,,,,,,,,,,,,,,,,,,,,,,,,"29.87","58","63",,,,,"84",,"FEW:02 8","29.67","8.00","60","000",,"0",,,,,,,,,,,,,,,,,,,,,,,,,,,,,,,,,,,,,"MET08508/28/20 23:38:02 SPECI KCQT 290738Z 00000KT 8SM FEW008 17/14 A2987 RMK AO2 T01720144","FM-16","7",,,,,,,,,,,,,,,,,,,,,,,,,,,"2006-02-03"
"72287493134","2020-08-28T23:48:00","FM-16","7",,,"3.89","mi",,,,,,,"PENDING COOP",,,,,,,,,,,,,,,,,,,,,,,,,,,,"29.87","58","63",,,,,"84",,"BKN:07 8","29.67","8.00","60","270",,"3",,,,,,,,,,,,,,,,,,,,,,,,,,,,,,,,,,,,,"MET08508/28/20 23:48:02 SPECI KCQT 290748Z 27003KT 8SM BKN008 17/14 A2987 RMK AO2 T01720144","FM-16","7",,,,,,,,,,,,,,,,,,,,,,,,,,,"2006-02-03"
"72287493134","2020-08-28T23:52:00","FM-15","7",,,"3.89","mi",,,,,,,"PENDING COOP",,,,,,,,,,,,,,,,,,,,,,,,,,,,"29.87","58","63","0.00",,,,"84","29.86","BKN:07 8","29.67","8.00","60","000",,"0",,,,,,,,,,,,,,,,,,,,,,,,,,,,,,,,,,,,,"MET10208/28/20 23:52:02 METAR KCQT 290752Z 00000KT 8SM BKN008 17/14 A2987 RMK AO2 SLP111 T01720144 403000172","FM-15","7",,,,,,,,,,,,,,,,,,,,,,,,,,,"2006-02-03"
"72287493134","2020-08-28T23:59:00","SOD  ","6",,,"3.89","mi",,,,,,,"PENDING COOP",,,,,,"60","75","67","29.80","29.60","64","1.1","10","0.5","0","86","63","260","14","0.00",,,"260","8",,,,,,,,,,,,,,,,,,,,,,,,,,,,,,,,,,,,,,,,,,,,,,,,,,,,,,,,"SOD75624 HR PRECIPITATION (IN): 0.00 SNOW DEPTH (IN):0     24 HR SNOWFALL (IN):0.0  WEATHER(CODE):8  24 HR MAX TEMP (F): 8624 HR MIN TEMP (F): 63AVERAGE STATION PRESSURE:29.605 MINIMUM SEA LEVEL PRESSURE:29.74 TIME OF OCCURRENCE:0050 PEAK WIND SPEED (MPH): 14 PEAK WIND DIR (DEG):260 PEAK WIND TIME (LST):      FASTEST 2MIN SPEED (MPH):  8FASTEST 2MIN DIR (DEG):260 FASTEST 2MIN TIME (LST):     AVERAGE WIND SPEED (MPH): 1.1 24 HR AVG TEMP (F): 75DEPART FROM NORMAL:  1  HEATING DEGREE DAYS:  0 COOLING DEGREE DAYS: 10 LATEST DAY MAX TEMP (0700-1900 LST):86  LATEST NIGHT MIN TEMP(1900-0800 LST):65 HOURLY INCREMENTAL PRECIPITATION VALUES (IN):.00 0.00 0.00 0.00 0.00 0.00 0.00 0.00 0.00 0.00 0.00 0.00 0.00 0.00 0.00 0.00 0.00 0.00 0.00 0.00 0.00 0.00 0.00 0.00","SOD  ","6",,,,,,,,,,,,,,,,,,,,,,,,,"0524","1823","2006-02-03"
"72287493134","2020-08-29T00:52:00","FM-15","7",,,"3.89","mi",,,,,,,"PENDING COOP",,,,,,,,,,,,,,,,,,,,,,,,,,,,"29.86","58","63","0.00",,"+0.00","8","84","29.85","BKN:07 8","29.66","9.00","60","000",,"0",,,,,,,,,,,,,,,,,,,,,,,,,,,,,,,,,,,,,"MET09808/29/20 00:52:02 METAR KCQT 290852Z 00000KT 9SM BKN008 17/14 A2986 RMK AO2 SLP109 T01720144 58000","FM-15","7",,,,,,,,,,,,,,,,,,,,,,,,,,,"2006-02-03"
"72287493134","2020-08-29T01:52:00","FM-15","7",,,"3.89","mi",,,,,,,"PENDING COOP",,,,,,,,,,,,,,,,,,,,,,,,,,,,"29.86","58","63","0.00",,,,"84","29.85","OVC:08 7","29.66","8.00","60","VRB",,"3",,,,,,,,,,,,,,,,,,,,,,,,,,,,,,,,,,,,,"MET09208/29/20 01:52:02 METAR KCQT 290952Z VRB03KT 8SM OVC007 17/14 A2986 RMK AO2 SLP108 T01720144","FM-15","7",,,,,,,,,,,,,,,,,,,,,,,,,,,"2006-02-03"
"72287493134","2020-08-29T02:52:00","FM-15","7",,,"3.89","mi",,,,,,,"PENDING COOP",,,,,,,,,,,,,,,,,,,,,,,,,,,,"29.86","57","63","0.00",,,,"81","29.85","OVC:08 7","29.66","8.00","60","000",,"0",,,,,,,,,,,,,,,,,,,,,,,,,,,,,,,,,,,,,"MET09208/29/20 02:52:02 METAR KCQT 291052Z 00000KT 8SM OVC007 17/14 A2986 RMK AO2 SLP109 T01720139","FM-15","7",,,,,,,,,,,,,,,,,,,,,,,,,,,"2006-02-03"
"72287493134","2020-08-29T03:52:00","FM-15","7",,,"3.89","mi",,,,,,,"PENDING COOP",,,,,,,,,,,,,,,,,,,,,,,,,,,,"29.86","58","63","0.00",,"-0.00","3","84","29.85","OVC:08 7","29.66","7.00","60","000",,"0",,,,,,,,,,,,,,,,,,,,,,,,,,,,,,,,,,,,,"MET11008/29/20 03:52:02 METAR KCQT 291152Z 00000KT 7SM OVC007 17/14 A2986 RMK AO2 SLP110 T01720144 10183 20172 53001","FM-15","7",,,,,,,,,,,,,,,,,,,,,,,,,,,"2006-02-03"
"72287493134","2020-08-29T04:52:00","FM-15","7",,,"3.89","mi",,,,,,,"PENDING COOP",,,,,,,,,,,,,,,,,,,,,,,,,,,,"29.87","57","63","0.00",,,,"81","29.86","OVC:08 7","29.67","7.00","60","000",,"0",,,,,,,,,,,,,,,,,,,,,,,,,,,,,,,,,,,,,"MET09208/29/20 04:52:02 METAR KCQT 291252Z 00000KT 7SM OVC007 17/14 A2987 RMK AO2 SLP112 T01720139","FM-15","7",,,,,,,,,,,,,,,,,,,,,,,,,,,"2006-02-03"
"72287493134","2020-08-29T05:52:00","FM-15","7",,,"3.89","mi",,,,,,,"PENDING COOP",,,,,,,,,,,,,,,,,,,,,,,,,,,,"29.88","57","63","0.00","HZ:7 |FU |HZ",,,"81","29.87","OVC:08 8","29.68","5.00","60","000",,"0",,,,,,,,,,,,,,,,,,,,,,,,,,,,,,,,,,,,,"MET09908/29/20 05:52:02 METAR KCQT 291352Z 00000KT 5SM HZ OVC008 17/14 A2988 RMK AO2 SLP115 T01720139 RTX","FM-15","7",,,,,,,,,,,,,,,,,,,,,,,,,,,"2006-02-03"
"72287493134","2020-08-29T06:52:00","FM-15","7",,,"3.89","mi",,,,,,,"PENDING COOP",,,,,,,,,,,,,,,,,,,,,,,,,,,,"29.89","57","64","0.00","HZ:7 |FU |HZ","-0.02","3","78","29.88","OVC:08 10","29.69","6.00","60","000",,"0",,,,,,,,,,,,,,,,,,,,,,,,,,,,,,,,,,,,,"MET10108/29/20 06:52:02 METAR KCQT 291452Z 00000KT 6SM HZ OVC010 18/14 A2989 RMK AO2 SLP120 T01780139 53008","FM-15","7",,,,,,,,,,,,,,,,,,,,,,,,,,,"2006-02-03"
"72287493134","2020-08-29T07:13:00","FM-16","7",,,"3.89","mi",,,,,,,"PENDING COOP",,,,,,,,,,,,,,,,,,,,,,,,,,,,"29.89","57","65",,"HZ:7 |FU |HZ",,,"76",,"SCT:04 10","29.69","6.00","60","000",,"0",,,,,,,,,,,,,,,,,,,,,,,,,,,,,,,,,,,,,"MET08808/29/20 07:13:02 SPECI KCQT 291513Z 00000KT 6SM HZ SCT010 18/14 A2989 RMK AO2 T01830139","FM-16","7",,,,,,,,,,,,,,,,,,,,,,,,,,,"2006-02-03"
"72287493134","2020-08-29T07:52:00","FM-15","7",,,"3.89","mi",,,,,,,"PENDING COOP",,,,,,,,,,,,,,,,,,,,,,,,,,,,"29.90","58","69","0.00",,,,"68","29.89","FEW:02 13","29.70","7.00","62","VRB",,"3",,,,,,,,,,,,,,,,,,,,,,,,,,,,,,,,,,,,,"MET09208/29/20 07:52:02 METAR KCQT 291552Z VRB03KT 7SM FEW013 21/14 A2990 RMK AO2 SLP122 T02060144","FM-15","7",,,,,,,,,,,,,,,,,,,,,,,,,,,"2006-02-03"
"72287493134","2020-08-29T08:00:00","FM-16","7",,,"3.89","mi",,,,,,,"PENDING COOP",,,,,,,,,,,,,,,,,,,,,,,,,,,,"29.90","59","69",,,,,"70",,"BKN:07 13","29.70","7.00","63","000",,"0",,,,,,,,,,,,,,,,,,,,,,,,,,,,,,,,,,,,,"MET08508/29/20 08:00:02 SPECI KCQT 291600Z 00000KT 7SM BKN013 21/15 A2990 RMK AO2 T02060150","FM-16","7",,,,,,,,,,,,,,,,,,,,,,,,,,,"2006-02-03"
"72287493134","2020-08-29T08:09:00","FM-16","7",,,"3.89","mi",,,,,,,"PENDING COOP",,,,,,,,,,,,,,,,,,,,,,,,,,,,"29.90","59","69",,,,,"70",,"SCT:04 14","29.70","7.00","63","000",,"0",,,,,,,,,,,,,,,,,,,,,,,,,,,,,,,,,,,,,"MET08508/29/20 08:09:02 SPECI KCQT 291609Z 00000KT 7SM SCT014 21/15 A2990 RMK AO2 T02060150","FM-16","7",,,,,,,,,,,,,,,,,,,,,,,,,,,"2006-02-03"
"72287493134","2020-08-29T08:52:00","FM-15","7",,,"3.89","mi",,,,,,,"PENDING COOP",,,,,,,,,,,,,,,,,,,,,,,,,,,,"29.90","60","72","0.00",,,,"66","29.89","CLR:00","29.70","7.00","65","000",,"0",,,,,,,,,,,,,,,,,,,,,,,,,,,,,,,,,,,,,"MET08908/29/20 08:52:02 METAR KCQT 291652Z 00000KT 7SM CLR 22/16 A2990 RMK AO2 SLP123 T02220156","FM-15","7",,,,,,,,,,,,,,,,,,,,,,,,,,,"2006-02-03"
"72287493134","2020-08-29T09:52:00","FM-15","7",,,"3.89","mi",,,,,,,"PENDING COOP",,,,,,,,,,,,,,,,,,,,,,,,,,,,"29.90","59","76","0.00",,"-0.01","0","56","29.89","CLR:00","29.70","8.00","66","000",,"0",,,,,,,,,,,,,,,,,,,,,,,,,,,,,,,,,,,,,"MET10708/29/20 09:52:02 METAR KCQT 291752Z 00000KT 8SM CLR 24/15 A2990 RMK AO2 SLP121 T02440150 10244 20172 50002","FM-15","7",,,,,,,,,,,,,,,,,,,,,,,,,,,"2006-02-03"
"72287493134","2020-08-29T10:52:00","FM-15","7",,,"3.89","mi",,,,,,,"PENDING COOP",,,,,,,,,,,,,,,,,,,,,,,,,,,,"29.89","59","78","0.00",,,,"52","29.88","CLR:00","29.69","9.00","66","000",,"0",,,,,,,,,,,,,,,,,,,,,,,,,,,,,,,,,,,,,"MET08908/29/20 10:52:02 METAR KCQT 291852Z 00000KT 9SM CLR 26/15 A2989 RMK AO2 SLP119 T02560150","FM-15","7",,,,,,,,,,,,,,,,,,,,,,,,,,,"2006-02-03"
"72287493134","2020-08-29T11:52:00","FM-15","7",,,"3.89","mi",,,,,,,"PENDING COOP",,,,,,,,,,,,,,,,,,,,,,,,,,,,"29.87","58","79","0.00",,,,"49","29.86","CLR:00","29.67","10.00","66","VRB",,"3",,,,,,,,,,,,,,,,,,,,,,,,,,,,,,,,,,,,,"MET09008/29/20 11:52:02 METAR KCQT 291952Z VRB03KT 10SM CLR 26/14 A2987 RMK AO2 SLP113 T02610144","FM-15","7",,,,,,,,,,,,,,,,,,,,,,,,,,,"2006-02-03"
"72287493134","2020-08-29T12:52:00","FM-15","7",,,"3.89","mi",,,,,,,"PENDING COOP",,,,,,,,,,,,,,,,,,,,,,,,,,,,"29.87","58","77","0.00",,"+0.03","8","52","29.86","CLR:00","29.67","10.00","65","260",,"7",,,,,,,,,,,,,,,,,,,,,,,,,,,,,,,,,,,,,"MET10008/29/20 12:52:02 METAR KCQT 292052Z 26006KT 10SM CLR 25/14 A2987 RMK AO2 SLP111 T02500144 58009 RTX","FM-15","7",,,,,,,,,,,,,,,,,,,,,,,,,,,"2006-02-03"
"72287493134","2020-08-29T13:52:00","FM-15","7",,,"3.89","mi",,,,,,,"PENDING COOP",,,,,,,,,,,,,,,,,,,,,,,,,,,,"29.86","58","78","0.00",,,,"50","29.85","CLR:00","29.66","10.00","66","250",,"3",,,,,,,,,,,,,,,,,,,,,,,,,,,,,,,,,,,,,"MET09008/29/20 13:52:02 METAR KCQT 292152Z 25003KT 10SM CLR 26/14 A2986 RMK AO2 SLP107 T02560144","FM-15","7",,,,,,,,,,,,,,,,,,,,,,,,,,,"2006-02-03"
"72287493134","2020-08-29T14:52:00","FM-15","7",,,"3.89","mi",,,,,,,"PENDING COOP",,,,,,,,,,,,,,,,,,,,,,,,,,,,"29.85","58","77","0.00",,,,"52","29.84","CLR:00","29.65","10.00","65","VRB",,"5",,,,,,,,,,,,,,,,,,,,,,,,,,,,,,,,,,,,,"MET09008/29/20 14:52:02 METAR KCQT 292252Z VRB04KT 10SM CLR 25/14 A2985 RMK AO2 SLP105 T02500144","FM-15","7",,,,,,,,,,,,,,,,,,,,,,,,,,,"2006-02-03"
"72287493134","2020-08-29T15:52:00","FM-15","7",,,"3.89","mi",,,,,,,"PENDING COOP",,,,,,,,,,,,,,,,,,,,,,,,,,,,"29.85","59","75","0.00",,"+0.02","6","58","29.84","CLR:00","29.65","10.00","65","VRB",,"6",,,,,,,,,,,,,,,,,,,,,,,,,,,,,,,,,,,,,"MET10808/29/20 15:52:02 METAR KCQT 292352Z VRB05KT 10SM CLR 24/15 A2985 RMK AO2 SLP105 T02390150 10267 20239 56006","FM-15","7",,,,,,,,,,,,,,,,,,,,,,,,,,,"2006-02-03"
"72287493134","2020-08-29T16:52:00","FM-15","7",,,"3.89","mi",,,,,,,"PENDING COOP",,,,,,,,,,,,,,,,,,,,,,,,,,,,"29.85","59","74","0.00",,,,"60","29.84","CLR:00","29.65","10.00","65","VRB",,"7",,,,,,,,,,,,,,,,,,,,,,,,,,,,,,,,,,,,,"MET09008/29/20 16:52:01 METAR KCQT 300052Z VRB06KT 10SM CLR 23/15 A2985 RMK AO2 SLP105 T02330150","FM-15","7",,,,,,,,,,,,,,,,,,,,,,,,,,,"2006-02-03"
"72287493134","2020-08-29T17:52:00","FM-15","7",,,"3.89","mi",,,,,,,"PENDING COOP",,,,,,,,,,,,,,,,,,,,,,,,,,,,"29.84","58","70","0.00",,,,"66","29.83","CLR:00","29.64","10.00","63","270",,"8",,,,,,,,,,,,,,,,,,,,,,,,,,,,,,,,,,,,,"MET09008/29/20 17:52:01 METAR KCQT 300152Z 27007KT 10SM CLR 21/14 A2984 RMK AO2 SLP102 T02110144","FM-15","7",,,,,,,,,,,,,,,,,,,,,,,,,,,"2006-02-03"
"72287493134","2020-08-29T18:52:00","FM-15","7",,,"3.89","mi",,,,,,,"PENDING COOP",,,,,,,,,,,,,,,,,,,,,,,,,,,,"29.85","58","68","0.00",,"+0.00","5","70","29.84","CLR:00","29.65","10.00","62","000",,"0",,,,,,,,,,,,,,,,,,,,,,,,,,,,,,,,,,,,,"MET09608/29/20 18:52:01 METAR KCQT 300252Z 00000KT 10SM CLR 20/14 A2985 RMK AO2 SLP105 T02000144 55001","FM-15","7",,,,,,,,,,,,,,,,,,,,,,,,,,,"2006-02-03"
"72287493134","2020-08-29T19:52:00","FM-15","7",,,"3.89","mi",,,,,,,"PENDING COOP",,,,,,,,,,,,,,,,,,,,,,,,,,,,"29.87","58","67","0.00",,,,"73","29.86","CLR:00","29.67","10.00","62","000",,"0",,,,,,,,,,,,,,,,,,,,,,,,,,,,,,,,,,,,,"MET09008/29/20 19:52:02 METAR KCQT 300352Z 00000KT 10SM CLR 19/14 A2987 RMK AO2 SLP113 T01940144","FM-15","7",,,,,,,,,,,,,,,,,,,,,,,,,,,"2006-02-03"
"72287493134","2020-08-29T20:52:00","FM-15","7",,,"3.89","mi",,,,,,,"PENDING COOP",,,,,,,,,,,,,,,,,,,,,,,,,,,,"29.89","58","66","0.00",,,,"75","29.88","CLR:00","29.69","10.00","61","000",,"0",,,,,,,,,,,,,,,,,,,,,,,,,,,,,,,,,,,,,"MET09008/29/20 20:52:02 METAR KCQT 300452Z 00000KT 10SM CLR 19/14 A2989 RMK AO2 SLP118 T01890144","FM-15","7",,,,,,,,,,,,,,,,,,,,,,,,,,,"2006-02-03"
"72287493134","2020-08-29T21:52:00","FM-15","7",,,"3.89","mi",,,,,,,"PENDING COOP",,,,,,,,,,,,,,,,,,,,,,,,,,,,"29.89","58","65","0.00",,"-0.05","1","78","29.88","CLR:00","29.69","10.00","61","270",,"3",,,,,,,,,,,,,,,,,,,,,,,,,,,,,,,,,,,,,"MET10808/29/20 21:52:02 METAR KCQT 300552Z 27003KT 10SM CLR 18/14 A2989 RMK AO2 SLP120 T01830144 10239 20183 51017","FM-15","7",,,,,,,,,,,,,,,,,,,,,,,,,,,"2006-02-03"
"72287493134","2020-08-29T22:42:00","FM-16","7",,,"3.89","mi",,,,,,,"PENDING COOP",,,,,,,,,,,,,,,,,,,,,,,,,,,,"29.90","58","65",,,,,"78",,"FEW:02 9","29.70","10.00","61","260",,"3",,,,,,,,,,,,,,,,,,,,,,,,,,,,,,,,,,,,,"MET08608/29/20 22:42:02 SPECI KCQT 300642Z 26003KT 10SM FEW009 18/14 A2990 RMK AO2 T01830144","FM-16","7",,,,,,,,,,,,,,,,,,,,,,,,,,,"2006-02-03"
"72287493134","2020-08-29T22:50:00","FM-16","6",,,"3.89","mi",,,,,,,"PENDING COOP",,,,,,,,,,,,,,,,,,,,,,,,,,,,"29.90","57","64",,,,,"78",,"BKN:07 8","29.70","10.00","60","000",,"0",,,,,,,,,,,,,,,,,,,,,,,,,,,,,,,,,,,,,"MET08108/29/20 22:50:03 SPECI KCQT 300650Z 00000KT 10SM BKN008 18/14 A2990 RMK AO2 FIBI","FM-16","6",,,,,,,,,,,,,,,,,,,,,,,,,,,"2006-02-03"
"72287493134","2020-08-29T22:52:00","FM-15","7",,,"3.89","mi",,,,,,,"PENDING COOP",,,,,,,,,,,,,,,,,,,,,,,,,,,,"29.90","58","65","0.00",,,,"78","29.89","BKN:07 8","29.70","10.00","61","000",,"0",,,,,,,,,,,,,,,,,,,,,,,,,,,,,,,,,,,,,"MET09308/29/20 22:52:02 METAR KCQT 300652Z 00000KT 10SM BKN008 18/14 A2990 RMK AO2 SLP122 T01830144","FM-15","7",,,,,,,,,,,,,,,,,,,,,,,,,,,"2006-02-03"
"72287493134","2020-08-29T23:52:00","FM-15","7",,,"3.89","mi",,,,,,,"PENDING COOP",,,,,,,,,,,,,,,,,,,,,,,,,,,,"29.89","58","64","0.00",,,,"81","29.88","OVC:08 9","29.69","10.00","60","000",,"0",,,,,,,,,,,,,,,,,,,,,,,,,,,,,,,,,,,,,"MET10308/29/20 23:52:02 METAR KCQT 300752Z 00000KT 10SM OVC009 18/14 A2989 RMK AO2 SLP119 T01780144 402670172","FM-15","7",,,,,,,,,,,,,,,,,,,,,,,,,,,"2006-02-03"
"72287493134","2020-08-29T23:59:00","SOD  ","6",,,"3.89","mi",,,,,,,"PENDING COOP",,,,,,"58","72","68","29.86","29.67","63","2.1","7","-2.5","0","80","63","260","14","0.00",,,"260","9","HZ",,,,,,,,,,,,,,,,,,,,,,,,,,,,,,,,,,,,,,,,,,,,,,,,,,,,,,,"SOD75624 HR PRECIPITATION (IN): 0.00 SNOW DEPTH (IN):0     24 HR SNOWFALL (IN):0.0  WEATHER(CODE):8  24 HR MAX TEMP (F): 8024 HR MIN TEMP (F): 63AVERAGE STATION PRESSURE:29.670 MINIMUM SEA LEVEL PRESSURE:29.83 TIME OF OCCURRENCE:1823 PEAK WIND SPEED (MPH): 14 PEAK WIND DIR (DEG):260 PEAK WIND TIME (LST):      FASTEST 2MIN SPEED (MPH):  9FASTEST 2MIN DIR (DEG):260 FASTEST 2MIN TIME (LST):     AVERAGE WIND SPEED (MPH): 2.1 24 HR AVG TEMP (F): 72DEPART FROM NORMAL: -2  HEATING DEGREE DAYS:  0 COOLING DEGREE DAYS:  7 LATEST DAY MAX TEMP (0700-1900 LST):80  LATEST NIGHT MIN TEMP(1900-0800 LST):63 HOURLY INCREMENTAL PRECIPITATION VALUES (IN):.00 0.00 0.00 0.00 0.00 0.00 0.00 0.00 0.00 0.00 0.00 0.00 0.00 0.00 0.00 0.00 0.00 0.00 0.00 0.00 0.00 0.00 0.00 0.00","SOD  ","6",,,,,,,,,,,,,,,,,,,,,,,,,"0525","1822","2006-02-03"
"72287493134","2020-08-30T00:29:00","FM-16","7",,,"3.89","mi",,,,,,,"PENDING COOP",,,,,,,,,,,,,,,,,,,,,,,,,,,,"29.88","58","64",,,,,"81",,"SCT:04 9","29.68","9.00","60","280",,"3",,,,,,,,,,,,,,,,,,,,,,,,,,,,,,,,,,,,,"MET08508/30/20 00:29:02 SPECI KCQT 300829Z 28003KT 9SM SCT009 18/14 A2988 RMK AO2 T01780144","FM-16","7",,,,,,,,,,,,,,,,,,,,,,,,,,,"2006-02-03"
"72287493134","2020-08-30T00:52:00","FM-15","7",,,"3.89","mi",,,,,,,"PENDING COOP",,,,,,,,,,,,,,,,,,,,,,,,,,,,"29.88","57","64","0.00",,"+0.02","8","78","29.87","CLR:00","29.68","9.00","60","000",,"0",,,,,,,,,,,,,,,,,,,,,,,,,,,,,,,,,,,,,"MET09508/30/20 00:52:02 METAR KCQT 300852Z 00000KT 9SM CLR 18/14 A2988 RMK AO2 SLP116 T01780139 58006","FM-15","7",,,,,,,,,,,,,,,,,,,,,,,,,,,"2006-02-03"
"72287493134","2020-08-30T01:52:00","FM-15","7",,,"3.89","mi",,,,,,,"PENDING COOP",,,,,,,,,,,,,,,,,,,,,,,,,,,,"29.88","57","63","0.00",,,,"81","29.87","SCT:04 13","29.68","9.00","60","000",,"0",,,,,,,,,,,,,,,,,,,,,,,,,,,,,,,,,,,,,"MET09208/30/20 01:52:02 METAR KCQT 300952Z 00000KT 9SM SCT013 17/14 A2988 RMK AO2 SLP114 T01720139","FM-15","7",,,,,,,,,,,,,,,,,,,,,,,,,,,"2006-02-03"
"72287493134","2020-08-30T01:55:00","FM-16","7",,,"3.89","mi",,,,,,,"PENDING COOP",,,,,,,,,,,,,,,,,,,,,,,,,,,,"29.87","57","63",,,,,"81",,"BKN:07 13","29.67","9.00","60","000",,"0",,,,,,,,,,,,,,,,,,,,,,,,,,,,,,,,,,,,,"MET08508/30/20 01:55:02 SPECI KCQT 300955Z 00000KT 9SM BKN013 17/14 A2987 RMK AO2 T01720139","FM-16","7",,,,,,,,,,,,,,,,,,,,,,,,,,,"2006-02-03"
"72287493134","2020-08-30T02:52:00","FM-15","7",,,"3.89","mi",,,,,,,"PENDING COOP",,,,,,,,,,,,,,,,,,,,,,,,,,,,"29.86","57","64","0.00",,,,"78","29.85","OVC:08 11","29.66","10.00","60","000",,"0",,,,,,,,,,,,,,,,,,,,,,,,,,,,,,,,,,,,,"MET09308/30/20 02:52:02 METAR KCQT 301052Z 00000KT 10SM OVC011 18/14 A2986 RMK AO2 SLP108 T01780139","FM-15","7",,,,,,,,,,,,,,,,,,,,,,,,,,,"2006-02-03"
"72287493134","2020-08-30T03:52:00","FM-15","7",,,"3.89","mi",,,,,,,"PENDING COOP",,,,,,,,,,,,,,,,,,,,,,,,,,,,"29.87","57","65","0.00",,"+0.01","5","76","29.86","OVC:08 11","29.67","9.00","60","000",,"0",,,,,,,,,,,,,,,,,,,,,,,,,,,,,,,,,,,,,"MET11008/30/20 03:52:02 METAR KCQT 301152Z 00000KT 9SM OVC011 18/14 A2987 RMK AO2 SLP111 T01830139 10183 20172 55005","FM-15","7",,,,,,,,,,,,,,,,,,,,,,,,,,,"2006-02-03"
"72287493134","2020-08-30T04:52:00","FM-15","7",,,"3.89","mi",,,,,,,"PENDING COOP",,,,,,,,,,,,,,,,,,,,,,,,,,,,"29.87","58","66","0.00",,,,"75","29.86","OVC:08 13","29.67","8.00","61","000",,"0",,,,,,,,,,,,,,,,,,,,,,,,,,,,,,,,,,,,,"MET21908/30/20 04:52:02 METAR KCQT 301252Z 00000KT 8SM OVC013 19/14 A2987 RMK AO2 SLP113 T01890144 RTX                                                                                          14 A2987 RMK AO2 SLP113 T01890144","FM-15","7",,,,,,,,,,,,,,,,,,,,,,,,,,,"2006-02-03"
"72287493134","2020-08-30T05:52:00","FM-15","7",,,"3.89","mi",,,,,,,"PENDING COOP",,,,,,,,,,,,,,,,,,,,,,,,,,,,"29.87","58","66","0.00",,,,"75","29.87","OVC:08 13","29.67","7.00","61","000",,"0",,,,,,,,,,,,,,,,,,,,,,,,,,,,,,,,,,,,,"MET09208/30/20 05:52:02 METAR KCQT 301352Z 00000KT 7SM OVC013 19/14 A2987 RMK AO2 SLP114 T01890144","FM-15","7",,,,,,,,,,,,,,,,,,,,,,,,,,,"2006-02-03"
"72287493134","2020-08-30T06:52:00","FM-15","7",,,"3.89","mi",,,,,,,"PENDING COOP",,,,,,,,,,,,,,,,,,,,,,,,,,,,"29.88","58","66","0.00",,"-0.01","3","75","29.87","OVC:08 14","29.68","7.00","61","000",,"0",,,,,,,,,,,,,,,,,,,,,,,,,,,,,,,,,,,,,"MET09808/30/20 06:52:02 METAR KCQT 301452Z 00000KT 7SM OVC014 19/14 A2988 RMK AO2 SLP116 T01890144 53004","FM-15","7",,,,,,,,,,,,,,,,,,,,,,,,,,,"2006-02-03"
"72287493134","2020-08-30T07:48:00","FM-16","7",,,"3.89","mi",,,,,,,"PENDING COOP",,,,,,,,,,,,,,,,,,,,,,,,,,,,"29.89","58","67",,"HZ:7 |FU |HZ",,,"73",,"OVC:08 15","29.69","6.00","62","000",,"0",,,,,,,,,,,,,,,,,,,,,,,,,,,,,,,,,,,,,"MET08808/30/20 07:48:02 SPECI KCQT 301548Z 00000KT 6SM HZ OVC015 19/14 A2989 RMK AO2 T01940144","FM-16","7",,,,,,,,,,,,,,,,,,,,,,,,,,,"2006-02-03"
"72287493134","2020-08-30T07:52:00","FM-15","7",,,"3.89","mi",,,,,,,"PENDING COOP",,,,,,,,,,,,,,,,,,,,,,,,,,,,"29.88","58","67","0.00","HZ:7 |FU |HZ",,,"73","29.88","OVC:08 15","29.68","6.00","62","000",,"0",,,,,,,,,,,,,,,,,,,,,,,,,,,,,,,,,,,,,"MET09508/30/20 07:52:02 METAR KCQT 301552Z 00000KT 6SM HZ OVC015 19/14 A2988 RMK AO2 SLP118 T01940144","FM-15","7",,,,,,,,,,,,,,,,,,,,,,,,,,,"2006-02-03"
"72287493134","2020-08-30T08:52:00","FM-15","7",,,"3.89","mi",,,,,,,"PENDING COOP",,,,,,,,,,,,,,,,,,,,,,,,,,,,"29.89","59","70","0.00","HZ:7 |FU |HZ",,,"68","29.88","OVC:08 18","29.69","6.00","63","000",,"0",,,,,,,,,,,,,,,,,,,,,,,,,,,,,,,,,,,,,"MET09508/30/20 08:52:02 METAR KCQT 301652Z 00000KT 6SM HZ OVC018 21/15 A2989 RMK AO2 SLP119 T02110150","FM-15","7",,,,,,,,,,,,,,,,,,,,,,,,,,,"2006-02-03"
"72287493134","2020-08-30T09:24:00","FM-16","7",,,"3.89","mi",,,,,,,"PENDING COOP",,,,,,,,,,,,,,,,,,,,,,,,,,,,"29.88","59","74",,,,,"60",,"SCT:04 19","29.68","7.00","65","000",,"0",,,,,,,,,,,,,,,,,,,,,,,,,,,,,,,,,,,,,"MET08508/30/20 09:24:02 SPECI KCQT 301724Z 00000KT 7SM SCT019 23/15 A2988 RMK AO2 T02330150","FM-16","7",,,,,,,,,,,,,,,,,,,,,,,,,,,"2006-02-03"
"72287493134","2020-08-30T09:52:00","FM-15","7",,,"3.89","mi",,,,,,,"PENDING COOP",,,,,,,,,,,,,,,,,,,,,,,,,,,,"29.88","59","74","0.00",,"-0.00","0","60","29.87","CLR:00","29.68","7.00","65","VRB",,"3",,,,,,,,,,,,,,,,,,,,,,,,,,,,,,,,,,,,,"MET10708/30/20 09:52:02 METAR KCQT 301752Z VRB03KT 7SM CLR 23/15 A2988 RMK AO2 SLP115 T02330150 10233 20183 50000","FM-15","7",,,,,,,,,,,,,,,,,,,,,,,,,,,"2006-02-03"
"72287493134","2020-08-30T10:52:00","FM-15","7",,,"3.89","mi",,,,,,,"PENDING COOP",,,,,,,,,,,,,,,,,,,,,,,,,,,,"29.86","59","78","0.00",,,,"52","29.85","CLR:00","29.66","7.00","66","000",,"0",,,,,,,,,,,,,,,,,,,,,,,,,,,,,,,,,,,,,"MET08908/30/20 10:52:02 METAR KCQT 301852Z 00000KT 7SM CLR 26/15 A2986 RMK AO2 SLP109 T02560150","FM-15","7",,,,,,,,,,,,,,,,,,,,,,,,,,,"2006-02-03"
"72287493134","2020-08-30T11:52:00","FM-15","6",,,"3.89","mi",,,,,,,"PENDING COOP",,,,,,,,,,,,,,,,,,,,,,,,,,,,"29.84","59","77","0.00",,,,"54","29.84","CLR:00","29.64","9.00","66",,,,,,,,,,,,,,,,,,,,,,,,,,,,,,,,,,,,,,,,"MET08908/30/20 11:52:02 METAR KCQT 301952Z      KT 9SM CLR 25/15 A2984 RMK AO2 SLP104 T02500150","FM-15","6",,,,,,,,,,,,,,,,,,,,,,,,,,,"2006-02-03"
"72287493134","2020-08-30T12:52:00","FM-15","7",,,"3.89","mi",,,,,,,"PENDING COOP",,,,,,,,,,,,,,,,,,,,,,,,,,,,"29.84","58","75","0.00",,"+0.04","6","55","29.83","CLR:00","29.64","8.00","65","260",,"5",,,,,,,,,,,,,,,,,,,,,,,,,,,,,,,,,,,,,"MET09508/30/20 12:52:02 METAR KCQT 302052Z 26004KT 8SM CLR 24/14 A2984 RMK AO2 SLP100 T02390144 56015","FM-15","7",,,,,,,,,,,,,,,,,,,,,,,,,,,"2006-02-03"
"72287493134","2020-08-30T13:52:00","FM-15","6",,,"3.89","mi",,,,,,,"PENDING COOP",,,,,,,,,,,,,,,,,,,,,,,,,,,,"29.82","58","76","0.00",,,,"54","29.81","CLR:00","29.62","10.00","65",,,,,,,,,,,,,,,,,,,,,,,,,,,,,,,,,,,,,,,,"MET09008/30/20 13:52:02 METAR KCQT 302152Z      KT 10SM CLR 24/14 A2982 RMK AO2 SLP094 T02440144","FM-15","6",,,,,,,,,,,,,,,,,,,,,,,,,,,"2006-02-03"
"72287493134","2020-08-30T14:52:00","FM-15","7",,,"3.89","mi",,,,,,,"PENDING COOP",,,,,,,,,,,,,,,,,,,,,,,,,,,,"29.80","58","75","0.00",,,,"55","29.79","CLR:00","29.60","10.00","65","VRB",,"3",,,,,,,,,,,,,,,,,,,,,,,,,,,,,,,,,,,,,"MET09008/30/20 14:52:02 METAR KCQT 302252Z VRB03KT 10SM CLR 24/14 A2980 RMK AO2 SLP089 T02390144","FM-15","7",,,,,,,,,,,,,,,,,,,,,,,,,,,"2006-02-03"
"72287493134","2020-08-30T15:52:00","FM-15","7",,,"3.89","mi",,,,,,,"PENDING COOP",,,,,,,,,,,,,,,,,,,,,,,,,,,,"29.79","58","74","0.00",,"+0.05","6","57","29.78","CLR:00","29.59","10.00","64","250",,"7",,,,,,,,,,,,,,,,,,,,,,,,,,,,,,,,,,,,,"MET10808/30/20 15:52:02 METAR KCQT 302352Z 25006KT 10SM CLR 23/14 A2979 RMK AO2 SLP085 T02330144 10261 20233 56016","FM-15","7",,,,,,,,,,,,,,,,,,,,,,,,,,,"2006-02-03"
"72287493134","2020-08-30T16:52:00","FM-15","7",,,"3.89","mi",,,,,,,"PENDING COOP",,,,,,,,,,,,,,,,,,,,,,,,,,,,"29.79","58","73","0.00",,,,"59","29.78","CLR:00","29.59","10.00","64","250",,"5",,,,,,,,,,,,,,,,,,,,,,,,,,,,,,,,,,,,,"MET09008/30/20 16:52:03 METAR KCQT 310052Z 25004KT 10SM CLR 23/14 A2979 RMK AO2 SLP084 T02280144","FM-15","7",,,,,,,,,,,,,,,,,,,,,,,,,,,"2006-02-03"
"72287493134","2020-08-30T17:52:00","FM-15","7",,,"3.89","mi",,,,,,,"PENDING COOP",,,,,,,,,,,,,,,,,,,,,,,,,,,,"29.78","58","70","0.00",,,,"66","29.78","CLR:00","29.58","10.00","63","VRB",,"3",,,,,,,,,,,,,,,,,,,,,,,,,,,,,,,,,,,,,"MET09008/30/20 17:52:03 METAR KCQT 310152Z VRB03KT 10SM CLR 21/14 A2978 RMK AO2 SLP084 T02110144","FM-15","7",,,,,,,,,,,,,,,,,,,,,,,,,,,"2006-02-03"
"72287493134","2020-08-30T18:52:00","FM-15","7",,,"3.89","mi",,,,,,,"PENDING COOP",,,,,,,,,,,,,,,,,,,,,,,,,,,,"29.80","58","68","0.00",,"-0.01","3","70","29.79","CLR:00","29.60","10.00","62","280",,"5",,,,,,,,,,,,,,,,,,,,,,,,,,,,,,,,,,,,,"MET09608/30/20 18:52:03 METAR KCQT 310252Z 28004KT 10SM CLR 20/14 A2980 RMK AO2 SLP089 T02000144 53003","FM-15","7",,,,,,,,,,,,,,,,,,,,,,,,,,,"2006-02-03"
"72287493134","2020-08-30T19:52:00","FM-15","7",,,"3.89","mi",,,,,,,"PENDING COOP",,,,,,,,,,,,,,,,,,,,,,,,,,,,"29.83","58","67","0.00",,,,"73","29.82","CLR:00","29.63","10.00","62","VRB",,"5",,,,,,,,,,,,,,,,,,,,,,,,,,,,,,,,,,,,,"MET09008/30/20 19:52:03 METAR KCQT 310352Z VRB04KT 10SM CLR 19/14 A2983 RMK AO2 SLP099 T01940144","FM-15","7",,,,,,,,,,,,,,,,,,,,,,,,,,,"2006-02-03"
"72287493134","2020-08-30T20:52:00","FM-15","7",,,"3.89","mi",,,,,,,"PENDING COOP",,,,,,,,,,,,,,,,,,,,,,,,,,,,"29.84","59","66","0.00",,,,"78","29.84","CLR:00","29.64","9.00","62","270",,"3",,,,,,,,,,,,,,,,,,,,,,,,,,,,,,,,,,,,,"MET08908/30/20 20:52:03 METAR KCQT 310452Z 27003KT 9SM CLR 19/15 A2984 RMK AO2 SLP105 T01890150","FM-15","7",,,,,,,,,,,,,,,,,,,,,,,,,,,"2006-02-03"
"72287493134","2020-08-30T21:52:00","FM-15","7",,,"3.89","mi",,,,,,,"PENDING COOP",,,,,,,,,,,,,,,,,,,,,,,,,,,,"29.85","59","65","0.00",,"-0.05","1","81","29.85","CLR:00","29.65","7.00","61","VRB",,"3",,,,,,,,,,,,,,,,,,,,,,,,,,,,,,,,,,,,,"MET10708/30/20 21:52:03 METAR KCQT 310552Z VRB03KT 7SM CLR 18/15 A2985 RMK AO2 SLP107 T01830150 10233 20183 51018","FM-15","7",,,,,,,,,,,,,,,,,,,,,,,,,,,"2006-02-03"
"72287493134","2020-08-30T22:21:00","FM-16","7",,,"3.89","mi",,,,,,,"PENDING COOP",,,,,,,,,,,,,,,,,,,,,,,,,,,,"29.86","59","65",,"HZ:7 |FU |HZ",,,"81",,"BKN:07 11","29.66","6.00","61","000",,"0",,,,,,,,,,,,,,,,,,,,,,,,,,,,,,,,,,,,,"MET08808/30/20 22:21:03 SPECI KCQT 310621Z 00000KT 6SM HZ BKN011 18/15 A2986 RMK AO2 T01830150","FM-16","7",,,,,,,,,,,,,,,,,,,,,,,,,,,"2006-02-03"
"72287493134","2020-08-30T22:52:00","FM-15","7",,,"3.89","mi",,,,,,,"PENDING COOP",,,,,,,,,,,,,,,,,,,,,,,,,,,,"29.86","59","65","0.00",,,,"81","29.85","OVC:08 10","29.66","8.00","61","000",,"0",,,,,,,,,,,,,,,,,,,,,,,,,,,,,,,,,,,,,"MET09208/30/20 22:52:03 METAR KCQT 310652Z 00000KT 8SM OVC010 18/15 A2986 RMK AO2 SLP110 T01830150","FM-15","7",,,,,,,,,,,,,,,,,,,,,,,,,,,"2006-02-03"
"72287493134","2020-08-30T23:52:00","FM-15","7",,,"3.89","mi",,,,,,,"PENDING COOP",,,,,,,,,,,,,,,,,,,,,,,,,,,,"29.86","59","65","0.00",,,,"81","29.85","OVC:08 11","29.66","9.00","61","000",,"0",,,,,,,,,,,,,,,,,,,,,,,,,,,,,,,,,,,,,"MET10208/30/20 23:52:03 METAR KCQT 310752Z 00000KT 9SM OVC011 18/15 A2986 RMK AO2 SLP110 T01830150 402610172","FM-15","7",,,,,,,,,,,,,,,,,,,,,,,,,,,"2006-02-03"
"72287493134","2020-08-30T23:59:00","SOD  ","6",,,"3.89","mi",,,,,,,"PENDING COOP",,,,,,"58","71","69","29.84","29.65","63","1.9","6","-3.5","0","79","63","270","14","0.00",,,"260","9","HZ",,,,,,,,,,,,,,,,,,,,,,,,,,,,,,,,,,,,,,,,,,,,,,,,,,,,,,,"SOD75624 HR PRECIPITATION (IN): 0.00 SNOW DEPTH (IN):0     24 HR SNOWFALL (IN):0.0  WEATHER(CODE):8  24 HR MAX TEMP (F): 7924 HR MIN TEMP (F): 63AVERAGE STATION PRESSURE:29.645 MINIMUM SEA LEVEL PRESSURE:29.77 TIME OF OCCURRENCE:1734 PEAK WIND SPEED (MPH): 14 PEAK WIND DIR (DEG):270 PEAK WIND TIME (LST):      FASTEST 2MIN SPEED (MPH):  9FASTEST 2MIN DIR (DEG):260 FASTEST 2MIN TIME (LST):     AVERAGE WIND SPEED (MPH): 1.9 24 HR AVG TEMP (F): 71DEPART FROM NORMAL: -3  HEATING DEGREE DAYS:  0 COOLING DEGREE DAYS:  6 LATEST DAY MAX TEMP (0700-1900 LST):79  LATEST NIGHT MIN TEMP(1900-0800 LST):63 HOURLY INCREMENTAL PRECIPITATION VALUES (IN):.00 0.00 0.00 0.00 0.00 0.00 0.00 0.00 0.00 0.00 0.00 0.00 0.00 0.00 0.00 0.00 0.00 0.00 0.00 0.00 0.00 0.00 0.00 0.00","SOD  ","6",,,,,,,,,,,,,,,,,,,,,,,,,"0526","1820","2006-02-03"
"72287493134","2020-08-31T00:52:00","FM-15","7",,,"3.89","mi",,,,,,,"PENDING COOP",,,,,,,,,,,,,,,,,,,,,,,,,,,,"29.86","59","65","0.00",,"-0.00","0","81","29.85","OVC:08 11","29.66","8.00","61","000",,"0",,,,,,,,,,,,,,,,,,,,,,,,,,,,,,,,,,,,,"MET09808/31/20 00:52:02 METAR KCQT 310852Z 00000KT 8SM OVC011 18/15 A2986 RMK AO2 SLP108 T01830150 50001","FM-15","7",,,,,,,,,,,,,,,,,,,,,,,,,,,"2006-02-03"
"72287493134","2020-08-31T01:52:00","FM-15","7",,,"3.89","mi",,,,,,,"PENDING COOP",,,,,,,,,,,,,,,,,,,,,,,,,,,,"29.85","58","65","0.00",,,,"78","29.84","OVC:08 11","29.65","7.00","61","000",,"0",,,,,,,,,,,,,,,,,,,,,,,,,,,,,,,,,,,,,"MET09208/31/20 01:52:02 METAR KCQT 310952Z 00000KT 7SM OVC011 18/14 A2985 RMK AO2 SLP106 T01830144","FM-15","7",,,,,,,,,,,,,,,,,,,,,,,,,,,"2006-02-03"
"72287493134","2020-08-31T02:52:00","FM-15","7",,,"3.89","mi",,,,,,,"PENDING COOP",,,,,,,,,,,,,,,,,,,,,,,,,,,,"29.85","58","66","0.00",,,,"75","29.84","OVC:08 13","29.65","8.00","61","000",,"0",,,,,,,,,,,,,,,,,,,,,,,,,,,,,,,,,,,,,"MET09208/31/20 02:52:02 METAR KCQT 311052Z 00000KT 8SM OVC013 19/14 A2985 RMK AO2 SLP104 T01890144","FM-15","7",,,,,,,,,,,,,,,,,,,,,,,,,,,"2006-02-03"
"72287493134","2020-08-31T03:52:00","FM-15","7",,,"3.89","mi",,,,,,,"PENDING COOP",,,,,,,,,,,,,,,,,,,,,,,,,,,,"29.85","58","65","0.00",,"+0.01","6","78","29.84","OVC:08 12","29.65","9.00","61","000",,"0",,,,,,,,,,,,,,,,,,,,,,,,,,,,,,,,,,,,,"MET11008/31/20 03:52:02 METAR KCQT 311152Z 00000KT 9SM OVC012 18/14 A2985 RMK AO2 SLP104 T01830144 10189 20178 56004","FM-15","7",,,,,,,,,,,,,,,,,,,,,,,,,,,"2006-02-03"
"72287493134","2020-08-31T04:52:00","FM-15","7",,,"3.89","mi",,,,,,,"PENDING COOP",,,,,,,,,,,,,,,,,,,,,,,,,,,,"29.85","58","65","0.00",,,,"78","29.84","OVC:08 13","29.65","8.00","61","000",,"0",,,,,,,,,,,,,,,,,,,,,,,,,,,,,,,,,,,,,"MET09208/31/20 04:52:02 METAR KCQT 311252Z 00000KT 8SM OVC013 18/14 A2985 RMK AO2 SLP105 T01830144","FM-15","7",,,,,,,,,,,,,,,,,,,,,,,,,,,"2006-02-03"
"72287493134","2020-08-31T05:52:00","FM-15","7",,,"3.89","mi",,,,,,,"PENDING COOP",,,,,,,,,,,,,,,,,,,,,,,,,,,,"29.86","58","66","0.00",,,,"75","29.85","OVC:08 14","29.66","7.00","61","000",,"0",,,,,,,,,,,,,,,,,,,,,,,,,,,,,,,,,,,,,"MET09208/31/20 05:52:02 METAR KCQT 311352Z 00000KT 7SM OVC014 19/14 A2986 RMK AO2 SLP109 T01890144","FM-15","7",,,,,,,,,,,,,,,,,,,,,,,,,,,"2006-02-03"
"72287493134","2020-08-31T06:52:00","FM-15","7",,,"3.89","mi",,,,,,,"PENDING COOP",,,,,,,,,,,,,,,,,,,,,,,,,,,,"29.87","58","66","0.00",,"-0.02","3","75","29.86","OVC:08 14","29.67","7.00","61","000",,"0",,,,,,,,,,,,,,,,,,,,,,,,,,,,,,,,,,,,,"MET09808/31/20 06:52:02 METAR KCQT 311452Z 00000KT 7SM OVC014 19/14 A2987 RMK AO2 SLP112 T01890144 53007","FM-15","7",,,,,,,,,,,,,,,,,,,,,,,,,,,"2006-02-03"
"72287493134","2020-08-31T07:13:00","FM-16","7",,,"3.89","mi",,,,,,,"PENDING COOP",,,,,,,,,,,,,,,,,,,,,,,,,,,,"29.87","58","66",,,,,"75",,"OVC:08 15","29.67","7.00","61","000",,"0",,,,,,,,,,,,,,,,,,,,,,,,,,,,,,,,,,,,,"MET08508/31/20 07:13:02 SPECI KCQT 311513Z 00000KT 7SM OVC015 19/14 A2987 RMK AO2 T01890144","FM-16","7",,,,,,,,,,,,,,,,,,,,,,,,,,,"2006-02-03"
"72287493134","2020-08-31T07:52:00","FM-15","7",,,"3.89","mi",,,,,,,"PENDING COOP",,,,,,,,,,,,,,,,,,,,,,,,,,,,"29.87","58","67","0.00",,,,"73","29.87","OVC:08 15","29.67","7.00","62","000",,"0",,,,,,,,,,,,,,,,,,,,,,,,,,,,,,,,,,,,,"MET09208/31/20 07:52:02 METAR KCQT 311552Z 00000KT 7SM OVC015 19/14 A2987 RMK AO2 SLP114 T01940144","FM-15","7",,,,,,,,,,,,,,,,,,,,,,,,,,,"2006-02-03"
"72287493134","2020-08-31T08:52:00","FM-15","7",,,"3.89","mi",,,,,,,"PENDING COOP",,,,,,,,,,,,,,,,,,,,,,,,,,,,"29.87","58","70","0.00",,,,"66","29.87","OVC:08 17","29.67","7.00","63","000",,"0",,,,,,,,,,,,,,,,,,,,,,,,,,,,,,,,,,,,,"MET09208/31/20 08:52:02 METAR KCQT 311652Z 00000KT 7SM OVC017 21/14 A2987 RMK AO2 SLP114 T02110144","FM-15","7",,,,,,,,,,,,,,,,,,,,,,,,,,,"2006-02-03"
"72287493134","2020-08-31T09:13:00","FM-16","7",,,"3.89","mi",,,,,,,"PENDING COOP",,,,,,,,,,,,,,,,,,,,,,,,,,,,"29.87","59","71",,,,,"66",,"SCT:04 18","29.67","8.00","64","000",,"0",,,,,,,,,,,,,,,,,,,,,,,,,,,,,,,,,,,,,"MET08508/31/20 09:13:02 SPECI KCQT 311713Z 00000KT 8SM SCT018 22/15 A2987 RMK AO2 T02170150","FM-16","7",,,,,,,,,,,,,,,,,,,,,,,,,,,"2006-02-03"
"72287493134","2020-08-31T09:52:00","FM-15","7",,,"3.89","mi",,,,,,,"PENDING COOP",,,,,,,,,,,,,,,,,,,,,,,,,,,,"29.86","59","74","0.00",,"+0.00","8","60","29.85","CLR:00","29.66","8.00","65","000",,"0",,,,,,,,,,,,,,,,,,,,,,,,,,,,,,,,,,,,,"MET10708/31/20 09:52:02 METAR KCQT 311752Z 00000KT 8SM CLR 23/15 A2986 RMK AO2 SLP110 T02330150 10239 20183 58001","FM-15","7",,,,,,,,,,,,,,,,,,,,,,,,,,,"2006-02-03"
"72287493134","2020-08-31T10:52:00","FM-15","6",,,"3.89","mi",,,,,,,"PENDING COOP",,,,,,,,,,,,,,,,,,,,,,,,,,,,"29.86","59","76","0.00",,,,"56","29.85","CLR:00","29.66","9.00","66",,,,,,,,,,,,,,,,,,,,,,,,,,,,,,,,,,,,,,,,"MET08908/31/20 10:52:02 METAR KCQT 311852Z      KT 9SM CLR 24/15 A2986 RMK AO2 SLP108 T02440150","FM-15","6",,,,,,,,,,,,,,,,,,,,,,,,,,,"2006-02-03"
"72287493134","2020-08-31T11:52:00","FM-15","7",,,"3.89","mi",,,,,,,"PENDING COOP",,,,,,,,,,,,,,,,,,,,,,,,,,,,"29.86","58","75","0.00",,,,"55","29.85","CLR:00","29.66","10.00","65","VRB",,"5",,,,,,,,,,,,,,,,,,,,,,,,,,,,,,,,,,,,,"MET09008/31/20 11:52:02 METAR KCQT 311952Z VRB04KT 10SM CLR 24/14 A2986 RMK AO2 SLP108 T02390144","FM-15","7",,,,,,,,,,,,,,,,,,,,,,,,,,,"2006-02-03"
"72287493134","2020-08-31T12:52:00","FM-15","7",,,"3.89","mi",,,,,,,"PENDING COOP",,,,,,,,,,,,,,,,,,,,,,,,,,,,"29.84","58","76","0.00",,"+0.02","8","54","29.83","CLR:00","29.64","10.00","65","000",,"0",,,,,,,,,,,,,,,,,,,,,,,,,,,,,,,,,,,,,"MET09608/31/20 12:52:02 METAR KCQT 312052Z 00000KT 10SM CLR 24/14 A2984 RMK AO2 SLP102 T02440144 58008","FM-15","7",,,,,,,,,,,,,,,,,,,,,,,,,,,"2006-02-03"
"72287493134","2020-08-31T13:52:00","FM-15","7",,,"3.89","mi",,,,,,,"PENDING COOP",,,,,,,,,,,,,,,,,,,,,,,,,,,,"29.83","58","76","0.00",,,,"54","29.82","CLR:00","29.63","10.00","65","250",,"5",,,,,,,,,,,,,,,,,,,,,,,,,,,,,,,,,,,,,"MET09008/31/20 13:52:02 METAR KCQT 312152Z 25004KT 10SM CLR 24/14 A2983 RMK AO2 SLP098 T02440144","FM-15","7",,,,,,,,,,,,,,,,,,,,,,,,,,,"2006-02-03"
"72287493134","2020-08-31T14:52:00","FM-15","7",,,"3.89","mi",,,,,,,"PENDING COOP",,,,,,,,,,,,,,,,,,,,,,,,,,,,"29.82","58","75","0.00",,,,"55","29.81","CLR:00","29.62","10.00","65","250",,"5",,,,,,,,,,,,,,,,,,,,,,,,,,,,,,,,,,,,,"MET09008/31/20 14:52:02 METAR KCQT 312252Z 25004KT 10SM CLR 24/14 A2982 RMK AO2 SLP094 T02390144","FM-15","7",,,,,,,,,,,,,,,,,,,,,,,,,,,"2006-02-03"
"72287493134","2020-08-31T15:52:00","FM-15","7",,,"3.89","mi",,,,,,,"PENDING COOP",,,,,,,,,,,,,,,,,,,,,,,,,,,,"29.81","58","74","0.00",,"+0.02","6","57","29.80","CLR:00","29.61","10.00","64","250",,"6",,,,,,,,,,,,,,,,,,,,,,,,,,,,,,,,,,,,,"MET10808/31/20 15:52:02 METAR KCQT 312352Z 25005KT 10SM CLR 23/14 A2981 RMK AO2 SLP093 T02330144 10250 20233 56008","FM-15","7",,,,,,,,,,,,,,,,,,,,,,,,,,,"2006-02-03"
"72287493134","2020-08-31T16:52:00","FM-15","7",,,"3.89","mi",,,,,,,"PENDING COOP",,,,,,,,,,,,,,,,,,,,,,,,,,,,"29.81","58","73","0.00",,,,"59","29.80","CLR:00","29.61","10.00","64","250",,"6",,,,,,,,,,,,,,,,,,,,,,,,,,,,,,,,,,,,,"MET09008/31/20 16:52:03 METAR KCQT 010052Z 25005KT 10SM CLR 23/14 A2981 RMK AO2 SLP092 T02280144","FM-15","7",,,,,,,,,,,,,,,,,,,,,,,,,,,"2006-02-03"
"72287493134","2020-08-31T17:52:00","FM-15","7",,,"3.89","mi",,,,,,,"PENDING COOP",,,,,,,,,,,,,,,,,,,,,,,,,,,,"29.82","58","70","0.00",,,,"66","29.81","CLR:00","29.62","10.00","63","250",,"5",,,,,,,,,,,,,,,,,,,,,,,,,,,,,,,,,,,,,"MET09008/31/20 17:52:03 METAR KCQT 010152Z 25004KT 10SM CLR 21/14 A2982 RMK AO2 SLP095 T02110144","FM-15","7",,,,,,,,,,,,,,,,,,,,,,,,,,,"2006-02-03"
"72287493134","2020-08-31T18:52:00","FM-15","7",,,"3.89","mi",,,,,,,"PENDING COOP",,,,,,,,,,,,,,,,,,,,,,,,,,,,"29.83","58","67","0.00",,"-0.02","3","73","29.83","CLR:00","29.63","10.00","62","250",,"3",,,,,,,,,,,,,,,,,,,,,,,,,,,,,,,,,,,,,"MET09808/31/20 18:52:03 METAR KCQT 010252Z 25003KT 10SM CLR 19/14 A2983 RMK AO2 SLP100 T01940144 53006 $","FM-15","7",,,,,,,,,,,,,,,,,,,,,,,,,,,"2006-02-03"
"72287493134","2020-08-31T19:52:00","FM-15","7",,,"3.89","mi",,,,,,,"PENDING COOP",,,,,,,,,,,,,,,,,,,,,,,,,,,,"29.86","58","67","0.00",,,,"73","29.85","CLR:00","29.66","10.00","62","260",,"3",,,,,,,,,,,,,,,,,,,,,,,,,,,,,,,,,,,,,"MET09208/31/20 19:52:03 METAR KCQT 010352Z 26003KT 10SM CLR 19/14 A2986 RMK AO2 SLP109 T01940144 $","FM-15","7",,,,,,,,,,,,,,,,,,,,,,,,,,,"2006-02-03"
"72287493134","2020-08-31T20:52:00","FM-15","7",,,"3.89","mi",,,,,,,"PENDING COOP",,,,,,,,,,,,,,,,,,,,,,,,,,,,"29.87","58","67","0.00",,,,"73","29.86","FEW:02 12","29.67","10.00","62","000",,"0",,,,,,,,,,,,,,,,,,,,,,,,,,,,,,,,,,,,,"MET09508/31/20 20:52:03 METAR KCQT 010452Z 00000KT 10SM FEW012 19/14 A2987 RMK AO2 SLP112 T01940144 $","FM-15","7",,,,,,,,,,,,,,,,,,,,,,,,,,,"2006-02-03"
"72287493134","2020-08-31T21:14:00","FM-16","7",,,"3.89","mi",,,,,,,"PENDING COOP",,,,,,,,,,,,,,,,,,,,,,,,,,,,"29.87","59","66",,,,,"78",,"BKN:07 12","29.67","10.00","62","000",,"0",,,,,,,,,,,,,,,,,,,,,,,,,,,,,,,,,,,,,"MET08808/31/20 21:14:03 SPECI KCQT 010514Z 00000KT 10SM BKN012 19/15 A2987 RMK AO2 T01890150 $","FM-16","7",,,,,,,,,,,,,,,,,,,,,,,,,,,"2006-02-03"
"72287493134","2020-08-31T21:52:00","FM-15","7",,,"3.89","mi",,,,,,,"PENDING COOP",,,,,,,,,,,,,,,,,,,,,,,,,,,,"29.88","58","66","0.00",,"-0.05","1","75","29.87","BKN:07 12","29.68","10.00","61","270",,"3",,,,,,,,,,,,,,,,,,,,,,,,,,,,,,,,,,,,,"MET11308/31/20 21:52:03 METAR KCQT 010552Z 27003KT 10SM BKN012 19/14 A2988 RMK AO2 SLP115 T01890144 10233 20189 51016 $","FM-15","7",,,,,,,,,,,,,,,,,,,,,,,,,,,"2006-02-03"
"72287493134","2020-08-31T22:52:00","FM-15","7",,,"3.89","mi",,,,,,,"PENDING COOP",,,,,,,,,,,,,,,,,,,,,,,,,,,,"29.89","59","66","0.00",,,,"78","29.88","OVC:08 12","29.69","10.00","62","000",,"0",,,,,,,,,,,,,,,,,,,,,,,,,,,,,,,,,,,,,"MET09508/31/20 22:52:03 METAR KCQT 010652Z 00000KT 10SM OVC012 19/15 A2989 RMK AO2 SLP120 T01890150 $","FM-15","7",,,,,,,,,,,,,,,,,,,,,,,,,,,"2006-02-03"
"72287493134","2020-08-31T23:52:00","FM-15","7",,,"3.89","mi",,,,,,,"PENDING COOP",,,,,,,,,,,,,,,,,,,,,,,,,,,,"29.90","58","66","0.00",,,,"75","29.89","OVC:08 13","29.70","10.00","61","000",,"0",,,,,,,,,,,,,,,,,,,,,,,,,,,,,,,,,,,,,"MET10508/31/20 23:52:03 METAR KCQT 010752Z 00000KT 10SM OVC013 19/14 A2990 RMK AO2 SLP122 T01890144 402500178 $","FM-15","7",,,,,,,,,,,,,,,,,,,,,,,,,,,"2006-02-03"
"72287493134","2020-08-31T23:59:00","SOD  ","6",,,"3.89","mi",,,,,,,"PENDING COOP",,,,,,"58","71","67","29.84","29.65","63","1.8","6","-3.4","0","77","64","270","15","0.00",,,"270","9",,,,,,,,,,,,,,,,,,,,,,,,,,,,,,,,,,,,,,,,,,,,,,,,,,,,,,,,"SOD75624 HR PRECIPITATION (IN): 0.00 SNOW DEPTH (IN):0     24 HR SNOWFALL (IN):0.0  WEATHER(CODE):8  24 HR MAX TEMP (F): 7724 HR MIN TEMP (F): 64AVERAGE STATION PRESSURE:29.645 MINIMUM SEA LEVEL PRESSURE:29.80 TIME OF OCCURRENCE:1715 PEAK WIND SPEED (MPH): 15 PEAK WIND DIR (DEG):270 PEAK WIND TIME (LST):      FASTEST 2MIN SPEED (MPH):  9FASTEST 2MIN DIR (DEG):270 FASTEST 2MIN TIME (LST):     AVERAGE WIND SPEED (MPH): 1.8 24 HR AVG TEMP (F): 71DEPART FROM NORMAL: -3  HEATING DEGREE DAYS:  0 COOLING DEGREE DAYS:  6 LATEST DAY MAX TEMP (0700-1900 LST):77  LATEST NIGHT MIN TEMP(1900-0800 LST):64 HOURLY INCREMENTAL PRECIPITATION VALUES (IN):.00 0.00 0.00 0.00 0.00 0.00 0.00 0.00 0.00 0.00 0.00 0.00 0.00 0.00 0.00 0.00 0.00 0.00 0.00 0.00 0.00 0.00 0.00 0.00","SOD  ","6",,,,,,,,,,,,,,,,,,,,,,,,,"0527","1819","2006-02-03"
"72287493134","2020-08-31T23:59:00","SOM  ","6","1.6",,"3.89","mi",,,,,,,"PENDING COOP","1098","362","0",,,,,,,,,,,,,,,,,,,,,,,"0","0",,,,,,,,,,,,,,,,,,"0","0","0","10","0","0","2.4","75","0","1.8","3.0","-0.04",,"0.00",,,,,,"30.00","22","1852","86.2","76.7","29.67","20","1610","67.1","29.85","29.66","0.00",,,"287","-7777","SOM779PCP MTOT:0.00 PCP GT 24HRS:0.00 DAYS W/PCP >=.01:0  DAYS W/PCP >=.10:0  DAYS W/ PCP >=.50:0 DAYS W/PCP >=1.00:0 MSDP AMTS W/DATE-TIME TAGS:MIN:5 0.00    /     MIN:10 0.00    /     MIN:15 0.00    /     MIN:20 0.00    /     MIN:30 0.00    /     MIN:45 0.00    /     MIN:60 0.00    /     MIN:80 0.00    /     MIN:100 0.00    /     MIN:120 0.00    /     MIN:150 0.00    /     MIN:180 0.00    /     AVG DLY MIN:67.1  AVG DLY MAX:86.2  AVG MLY TMP:76.7  MIN TMP:60 DATE(S):12 MAX TMP:98  DATE(S):15 DAYS MAX <=32:0 DAYS MAX >=90:10 DAYS MIN <=32:0  DAYS MIN  <=0:0  AVG STP:29.660 LWST SLP:29.67 DATE/TIME:201610 HGST SLP:29.99 DATE/TIME:080859 HDD MTH TOT:0 DEP NORM:-2553 SEASON(JUL 1-JUN 30):0 DEP NORM:-25536 CDD MTH TOT:370 DEP NORM:-2553 SEASON(JAN 1-DEC 31):1139 DEP NORM:-25536","SOM  ","6",,,,,,,,,,,,,,,,,,,,,,,,,,,"2006-02-03"
